{"type":"FeatureCollection","features":[{"id":"0","type":"Feature","properties":{"state":"ASSAM","state_lgd":"18","district":"KOKRAJHAR","district_lgd":"300"},"geometry":{"type":"Polygon","coordinates":[[[90.33795,26.8463],[90.34891,26.80093],[90.35467,26.76532],[90.36623,26.74901],[90.3692,26.7336],[90.37237,26.72797],[90.37536,26.72429],[90.3773,26.71802],[90.37767,26.71137],[90.37706,26.70596],[90.37404,26.70054],[90.37629,26.69592],[90.37369,26.69485],[90.37211,26.69365],[90.37188,26.69082],[90.37069,26.69006],[90.37008,26.68761],[90.36821,26.68655],[90.36852,26.68555],[90.37146,26.68361],[90.371,26.68037],[90.3696,26.67924],[90.36909,26.67759],[90.3673,26.67692],[90.36653,26.6757],[90.36679,26.67482],[90.36958,26.67318],[90.36978,26.67218],[90.36599,26.66957],[90.36522,26.66748],[90.3661,26.66563],[90.36576,26.66448],[90.36491,26.66426],[90.36371,26.66511],[90.36116,26.66517],[90.36047,26.66355],[90.36112,26.6625],[90.35994,26.66149],[90.3565,26.65972],[90.35613,26.6602],[90.35689,26.66124],[90.35584,26.66174],[90.35293,26.66011],[90.35478,26.65763],[90.35526,26.65282],[90.35469,26.6518],[90.35295,26.65248],[90.3516,26.65206],[90.35063,26.65107],[90.35088,26.64995],[90.35208,26.64859],[90.35589,26.64764],[90.35892,26.64492],[90.36081,26.64394],[90.36109,26.64313],[90.36006,26.64095],[90.36054,26.63858],[90.36076,26.63817],[90.36262,26.63801],[90.36452,26.63704],[90.36504,26.63336],[90.36188,26.62768],[90.36259,26.62328],[90.35947,26.62023],[90.35795,26.61541],[90.35892,26.6103],[90.35684,26.60708],[90.35632,26.60309],[90.35766,26.59888],[90.36135,26.59543],[90.36446,26.59373],[90.36533,26.59261],[90.36546,26.58571],[90.36434,26.58399],[90.35899,26.57876],[90.35579,26.57626],[90.35585,26.56804],[90.3554,26.5654],[90.35381,26.56309],[90.35286,26.55984],[90.35304,26.55883],[90.35408,26.55635],[90.35532,26.5558],[90.36042,26.5583],[90.36276,26.55862],[90.36445,26.55793],[90.36455,26.55641],[90.36348,26.55454],[90.36001,26.55349],[90.35926,26.55286],[90.35888,26.55114],[90.35943,26.54995],[90.36698,26.54391],[90.36814,26.54364],[90.37123,26.54423],[90.37394,26.54417],[90.37683,26.54287],[90.37806,26.54119],[90.38011,26.5362],[90.383,26.53473],[90.38608,26.53401],[90.38662,26.53341],[90.38697,26.53019],[90.38814,26.52705],[90.3881,26.52546],[90.38714,26.52446],[90.38419,26.52437],[90.38265,26.52367],[90.38207,26.5226],[90.3822,26.52119],[90.38382,26.51995],[90.38495,26.51975],[90.38929,26.52031],[90.39177,26.51985],[90.39314,26.51878],[90.39524,26.51563],[90.39875,26.51294],[90.39885,26.51174],[90.39752,26.50702],[90.39761,26.50017],[90.40037,26.49911],[90.40101,26.49724],[90.40011,26.49544],[90.39784,26.49316],[90.39388,26.49414],[90.3917,26.4935],[90.39012,26.49227],[90.38656,26.48554],[90.38725,26.4838],[90.38999,26.4806],[90.3902,26.47965],[90.38954,26.47745],[90.4027,26.47621],[90.40538,26.47555],[90.4047,26.47418],[90.40266,26.47211],[90.4035,26.46441],[90.40216,26.45469],[90.39998,26.44656],[90.40205,26.44398],[90.40457,26.44206],[90.40034,26.44227],[90.39877,26.4416],[90.39722,26.44024],[90.39673,26.43788],[90.39772,26.43452],[90.39997,26.43397],[90.40574,26.43782],[90.40698,26.43775],[90.40686,26.43583],[90.40419,26.43179],[90.40357,26.42875],[90.40488,26.42769],[90.4083,26.42837],[90.41116,26.43012],[90.41377,26.4308],[90.41526,26.43067],[90.41557,26.42906],[90.41222,26.42502],[90.41042,26.4221],[90.40924,26.41892],[90.40794,26.41843],[90.40533,26.4142],[90.40521,26.41314],[90.40793,26.41094],[90.409,26.40966],[90.40932,26.4083],[90.40745,26.40736],[90.40446,26.40755],[90.40354,26.40668],[90.40446,26.40463],[90.40782,26.40351],[90.41602,26.40805],[90.41689,26.40774],[90.4177,26.40506],[90.41758,26.40084],[90.41571,26.3922],[90.41639,26.3907],[90.41838,26.39182],[90.42092,26.39468],[90.42409,26.39642],[90.42571,26.39605],[90.42806,26.38586],[90.42788,26.38312],[90.42558,26.38262],[90.42005,26.38418],[90.41919,26.38287],[90.42083,26.37959],[90.42423,26.3786],[90.4257,26.3787],[90.42904,26.3813],[90.43207,26.38121],[90.43278,26.37978],[90.43285,26.37707],[90.43359,26.37659],[90.43353,26.37547],[90.43223,26.37339],[90.42979,26.37156],[90.42662,26.36997],[90.42638,26.36741],[90.42846,26.36656],[90.43273,26.36692],[90.43676,26.36657],[90.43725,26.36485],[90.43273,26.3635],[90.42712,26.36315],[90.42284,26.36424],[90.41893,26.36289],[90.40196,26.36387],[90.39989,26.3635],[90.39514,26.35935],[90.39404,26.35459],[90.39599,26.34751],[90.40418,26.3331],[90.40394,26.32663],[90.4049,26.32078],[90.40405,26.31602],[90.3933,26.31296],[90.38376,26.31161],[90.37923,26.30929],[90.37935,26.30257],[90.37641,26.29928],[90.3747,26.29086],[90.3758,26.28683],[90.38129,26.27804],[90.38288,26.2723],[90.38117,26.26864],[90.37434,26.26632],[90.37182,26.26705],[90.36957,26.26613],[90.36826,26.26633],[90.3675,26.26601],[90.36725,26.26474],[90.36635,26.26439],[90.36165,26.26452],[90.3602,26.26363],[90.35998,26.26236],[90.35813,26.25995],[90.35641,26.25846],[90.35538,26.25821],[90.35483,26.25855],[90.35527,26.25874],[90.35521,26.26028],[90.35642,26.26319],[90.35645,26.26604],[90.35605,26.26773],[90.35362,26.26979],[90.35448,26.27001],[90.35662,26.26936],[90.35708,26.26625],[90.35741,26.26549],[90.35819,26.26536],[90.35956,26.26671],[90.35984,26.26863],[90.36228,26.27089],[90.36278,26.2731],[90.36179,26.27469],[90.35983,26.27546],[90.3566,26.27937],[90.35591,26.2818],[90.35345,26.28556],[90.35207,26.28597],[90.35185,26.28713],[90.35043,26.28496],[90.34516,26.27198],[90.34399,26.27071],[90.34202,26.27088],[90.33847,26.27254],[90.3276,26.27019],[90.32606,26.27157],[90.32595,26.27476],[90.32715,26.27715],[90.32573,26.27655],[90.32483,26.27665],[90.32349,26.27866],[90.32069,26.27881],[90.31807,26.26783],[90.30955,26.26169],[90.30736,26.26265],[90.3034,26.25748],[90.30403,26.25273],[90.30504,26.24992],[90.30886,26.24469],[90.304,26.24302],[90.29885,26.24201],[90.29734,26.24075],[90.29382,26.23949],[90.28752,26.23814],[90.28408,26.23665],[90.28526,26.24576],[90.28795,26.2521],[90.28388,26.25244],[90.27557,26.25218],[90.27259,26.25259],[90.27383,26.25887],[90.27359,26.26065],[90.25925,26.26354],[90.25145,26.2644],[90.25215,26.27014],[90.25861,26.27295],[90.27228,26.26725],[90.27194,26.27205],[90.2737,26.27696],[90.27959,26.28776],[90.281,26.29218],[90.2814,26.29475],[90.28043,26.29738],[90.27807,26.29923],[90.27596,26.29966],[90.27377,26.30107],[90.27254,26.30247],[90.27236,26.30458],[90.27351,26.30614],[90.27124,26.30911],[90.26748,26.31066],[90.26457,26.31295],[90.26262,26.32022],[90.26063,26.32477],[90.26723,26.33055],[90.25955,26.33441],[90.25564,26.33543],[90.25487,26.33434],[90.25283,26.3277],[90.25158,26.32566],[90.24966,26.32413],[90.24568,26.32786],[90.24376,26.32864],[90.24253,26.32847],[90.23974,26.32508],[90.23783,26.32485],[90.23536,26.32558],[90.23301,26.32753],[90.23283,26.32943],[90.23159,26.33216],[90.23001,26.33366],[90.22729,26.33416],[90.22574,26.33366],[90.22364,26.33182],[90.22129,26.3287],[90.21962,26.32748],[90.21845,26.3272],[90.21641,26.32896],[90.2161,26.33063],[90.21666,26.33242],[90.21957,26.33648],[90.22427,26.34133],[90.22791,26.34872],[90.22622,26.35124],[90.21812,26.34785],[90.21652,26.34826],[90.21539,26.34928],[90.21488,26.35102],[90.21683,26.35273],[90.22167,26.35255],[90.2267,26.35442],[90.22963,26.35478],[90.23291,26.35806],[90.2346,26.36486],[90.23449,26.36657],[90.23233,26.36987],[90.22809,26.37277],[90.22677,26.37494],[90.22575,26.37785],[90.22713,26.38294],[90.2265,26.38593],[90.20532,26.37451],[90.20543,26.37174],[90.20907,26.36711],[90.20872,26.36309],[90.2062,26.36102],[90.19922,26.35783],[90.19415,26.35476],[90.19001,26.3495],[90.18874,26.34616],[90.18772,26.34566],[90.18414,26.34683],[90.18228,26.34663],[90.17827,26.34393],[90.17407,26.34182],[90.17272,26.34173],[90.17133,26.34223],[90.16988,26.34371],[90.16873,26.3479],[90.16502,26.34857],[90.16217,26.34823],[90.16135,26.34767],[90.16049,26.34856],[90.15822,26.34886],[90.15856,26.34968],[90.15758,26.35079],[90.15614,26.34999],[90.15683,26.35126],[90.15649,26.35188],[90.15491,26.35125],[90.1546,26.35243],[90.1514,26.35262],[90.1424,26.35069],[90.12999,26.34694],[90.12604,26.34495],[90.11689,26.33901],[90.11752,26.32658],[90.11629,26.32328],[90.11653,26.32085],[90.11757,26.31916],[90.1183,26.31649],[90.11675,26.31514],[90.10917,26.31369],[90.10787,26.31219],[90.11231,26.30987],[90.12,26.30779],[90.12192,26.30521],[90.12446,26.30345],[90.12575,26.30091],[90.12518,26.29839],[90.12011,26.29576],[90.11916,26.29414],[90.11954,26.29226],[90.12293,26.28701],[90.12348,26.28513],[90.12612,26.28282],[90.12855,26.28266],[90.12974,26.28357],[90.12879,26.28707],[90.12897,26.28926],[90.13081,26.29296],[90.13408,26.2951],[90.13788,26.29494],[90.14098,26.29285],[90.14307,26.28999],[90.14329,26.28726],[90.14056,26.27579],[90.13996,26.27423],[90.1379,26.27284],[90.13369,26.27189],[90.13046,26.27028],[90.1295,26.26919],[90.12802,26.2659],[90.12657,26.26478],[90.12313,26.26501],[90.12219,26.26566],[90.12051,26.26577],[90.11957,26.26496],[90.12005,26.26366],[90.1197,26.25945],[90.1175,26.25822],[90.11536,26.25836],[90.11421,26.25957],[90.11431,26.26079],[90.11366,26.26235],[90.11101,26.26511],[90.10944,26.26522],[90.10342,26.26752],[90.10082,26.26769],[90.09849,26.26681],[90.09771,26.26559],[90.09741,26.26198],[90.09792,26.26048],[90.09998,26.25844],[90.10146,26.25784],[90.10396,26.25085],[90.10704,26.25005],[90.10868,26.24863],[90.11105,26.24874],[90.11348,26.24981],[90.12103,26.24879],[90.12052,26.23882],[90.12175,26.23633],[90.12469,26.23528],[90.13082,26.23418],[90.13409,26.2322],[90.1356,26.22952],[90.13485,26.22008],[90.13627,26.21549],[90.13817,26.21502],[90.14159,26.21512],[90.14606,26.21981],[90.14734,26.22001],[90.14862,26.21829],[90.1488,26.2165],[90.1506,26.21617],[90.15201,26.21653],[90.15259,26.21469],[90.15203,26.20895],[90.14664,26.20597],[90.13981,26.20112],[90.13644,26.20091],[90.13048,26.1978],[90.12664,26.19696],[90.12664,26.19635],[90.12559,26.19573],[90.12178,26.19917],[90.12048,26.19925],[90.11246,26.19656],[90.11284,26.19152],[90.10502,26.18673],[90.10131,26.18496],[90.09912,26.18702],[90.09791,26.19093],[90.09707,26.19084],[90.09374,26.18784],[90.09118,26.18659],[90.08721,26.18619],[90.08486,26.18223],[90.08356,26.18124],[90.08089,26.18045],[90.07648,26.17635],[90.07398,26.17499],[90.07268,26.17271],[90.07077,26.17103],[90.06966,26.16935],[90.06923,26.17014],[90.06945,26.17424],[90.06821,26.17508],[90.06377,26.17262],[90.05861,26.16709],[90.05253,26.15554],[90.04483,26.15261],[90.04128,26.15064],[90.04022,26.14943],[90.03741,26.14804],[90.03333,26.14425],[90.02982,26.13897],[90.02498,26.12675],[90.02166,26.12673],[90.01991,26.12716],[89.99999,26.12619],[89.99735,26.12738],[89.99657,26.12863],[89.9974,26.13062],[89.99684,26.13272],[89.99379,26.13488],[89.98664,26.13592],[89.98628,26.13558],[89.98014,26.13543],[89.97901,26.13159],[89.97793,26.12979],[89.97265,26.12768],[89.96697,26.12704],[89.9616,26.12752],[89.958,26.12903],[89.95483,26.1278],[89.95248,26.12909],[89.95029,26.12911],[89.94244,26.13135],[89.94137,26.1313],[89.94005,26.12953],[89.93732,26.12106],[89.93592,26.11844],[89.93453,26.11747],[89.91981,26.11418],[89.91015,26.11394],[89.90766,26.11472],[89.90397,26.11671],[89.9027,26.11825],[89.90265,26.11898],[89.904,26.11926],[89.90773,26.11618],[89.91096,26.11459],[89.91452,26.11497],[89.91663,26.11566],[89.91873,26.11767],[89.91869,26.119],[89.91722,26.12226],[89.91507,26.12551],[89.91299,26.12764],[89.90565,26.1333],[89.90318,26.13383],[89.90101,26.13321],[89.89934,26.13519],[89.89215,26.13597],[89.88288,26.13796],[89.88227,26.13831],[89.88196,26.1405],[89.87983,26.14264],[89.87973,26.14426],[89.87778,26.14529],[89.87565,26.14559],[89.87186,26.14716],[89.86839,26.15134],[89.86808,26.15639],[89.87134,26.1627],[89.87203,26.16952],[89.87125,26.17562],[89.86822,26.1808],[89.8696,26.18207],[89.87066,26.1842],[89.87394,26.18729],[89.87472,26.18936],[89.87456,26.19129],[89.87285,26.19145],[89.87081,26.19076],[89.86487,26.18586],[89.86355,26.18544],[89.86066,26.18658],[89.85896,26.18914],[89.86051,26.19347],[89.86141,26.19446],[89.86531,26.19515],[89.87008,26.19676],[89.87109,26.19764],[89.87244,26.20047],[89.87228,26.20516],[89.87144,26.20767],[89.86424,26.2127],[89.86204,26.2157],[89.86101,26.21898],[89.86146,26.22352],[89.86329,26.22484],[89.86727,26.22635],[89.86853,26.22743],[89.87064,26.23103],[89.87075,26.2342],[89.87005,26.23555],[89.8681,26.23729],[89.86295,26.23837],[89.85907,26.23794],[89.85827,26.23866],[89.85922,26.23966],[89.86031,26.23994],[89.86711,26.23958],[89.86815,26.24319],[89.86943,26.2445],[89.87449,26.24764],[89.86899,26.25237],[89.86642,26.25639],[89.86598,26.25793],[89.86619,26.25841],[89.86819,26.25819],[89.86968,26.25874],[89.87059,26.26021],[89.87068,26.26141],[89.86859,26.26605],[89.86841,26.27171],[89.8697,26.27521],[89.87091,26.27689],[89.87427,26.27953],[89.87614,26.2818],[89.87613,26.28456],[89.87705,26.2864],[89.87905,26.2885],[89.88427,26.29854],[89.88382,26.30268],[89.88289,26.30557],[89.87935,26.30715],[89.88187,26.30828],[89.88274,26.30972],[89.88414,26.30986],[89.88557,26.31074],[89.88631,26.31176],[89.88588,26.31334],[89.88671,26.31432],[89.88982,26.31428],[89.89026,26.3139],[89.88982,26.31241],[89.89126,26.31284],[89.89295,26.31512],[89.89144,26.31735],[89.89687,26.32349],[89.90072,26.32513],[89.90201,26.32526],[89.90312,26.3265],[89.90396,26.32645],[89.90488,26.32538],[89.90507,26.33088],[89.90426,26.33193],[89.90408,26.33347],[89.90444,26.33638],[89.90365,26.3377],[89.90217,26.33872],[89.89201,26.34215],[89.88901,26.34234],[89.88622,26.34318],[89.88007,26.34673],[89.87561,26.34806],[89.87117,26.34799],[89.8687,26.34954],[89.86997,26.35106],[89.87484,26.35381],[89.87582,26.35541],[89.8753,26.35958],[89.87584,26.36167],[89.87507,26.36276],[89.87125,26.36446],[89.86589,26.3623],[89.86513,26.36256],[89.86379,26.36434],[89.8623,26.36711],[89.86001,26.36903],[89.85901,26.36909],[89.85435,26.36769],[89.85046,26.36779],[89.8485,26.36892],[89.84451,26.37239],[89.84268,26.37721],[89.84339,26.37703],[89.84479,26.37804],[89.84471,26.38065],[89.84647,26.38401],[89.84729,26.38437],[89.85213,26.38446],[89.85379,26.38324],[89.85506,26.38139],[89.85803,26.38223],[89.85941,26.3835],[89.8575,26.3858],[89.85595,26.39019],[89.85676,26.39351],[89.8578,26.39468],[89.85766,26.39541],[89.85654,26.39653],[89.85502,26.39684],[89.85402,26.3992],[89.85258,26.39974],[89.85158,26.40194],[89.8482,26.40337],[89.84781,26.39894],[89.84638,26.39589],[89.84226,26.39195],[89.83814,26.39017],[89.8343,26.39049],[89.83069,26.39275],[89.83076,26.39607],[89.83033,26.39645],[89.83135,26.39834],[89.83292,26.39971],[89.83263,26.4021],[89.83348,26.40513],[89.83375,26.40857],[89.83584,26.41139],[89.84559,26.41081],[89.84904,26.4118],[89.85147,26.41199],[89.85411,26.41167],[89.8555,26.41072],[89.85802,26.41133],[89.8575,26.41407],[89.8565,26.41493],[89.85504,26.41535],[89.85043,26.41982],[89.84991,26.42211],[89.85278,26.42213],[89.85625,26.42383],[89.85836,26.42738],[89.8586,26.42895],[89.85638,26.4317],[89.85992,26.43521],[89.85909,26.43775],[89.85972,26.43918],[89.86219,26.44178],[89.86349,26.44211],[89.86522,26.44612],[89.86703,26.44645],[89.87191,26.44965],[89.87324,26.45132],[89.87139,26.45583],[89.87394,26.46179],[89.87312,26.4645],[89.86979,26.46779],[89.86746,26.46732],[89.86605,26.46831],[89.86542,26.47311],[89.86381,26.47614],[89.86294,26.48024],[89.86349,26.48277],[89.85763,26.48446],[89.85518,26.48851],[89.85557,26.49244],[89.85735,26.49438],[89.85985,26.49842],[89.85653,26.50062],[89.85728,26.50258],[89.85676,26.5066],[89.85858,26.51043],[89.85878,26.51261],[89.8578,26.51378],[89.85604,26.51478],[89.85649,26.5169],[89.8561,26.51843],[89.85662,26.52073],[89.86028,26.52443],[89.86294,26.53003],[89.86586,26.53228],[89.86586,26.53511],[89.86442,26.53981],[89.86318,26.54164],[89.86398,26.54421],[89.86899,26.55387],[89.86808,26.55701],[89.8671,26.56824],[89.86736,26.56948],[89.86449,26.57324],[89.86599,26.57677],[89.87116,26.57907],[89.87292,26.5783],[89.8826,26.58339],[89.88188,26.58498],[89.87901,26.5871],[89.87567,26.58869],[89.87397,26.59039],[89.87377,26.59134],[89.87554,26.5981],[89.87822,26.60304],[89.87953,26.6093],[89.87842,26.61553],[89.87672,26.6163],[89.87031,26.61495],[89.86415,26.61573],[89.86314,26.61634],[89.85825,26.62338],[89.85838,26.62762],[89.85916,26.62956],[89.86073,26.631],[89.86713,26.63495],[89.87164,26.64262],[89.87524,26.64457],[89.87693,26.64851],[89.87537,26.65009],[89.87373,26.65292],[89.87046,26.65533],[89.87013,26.65783],[89.87078,26.66065],[89.87419,26.66672],[89.87346,26.67142],[89.87235,26.67248],[89.87379,26.67648],[89.87477,26.68227],[89.87373,26.68556],[89.86385,26.69933],[89.86334,26.70081],[89.86467,26.70274],[89.86552,26.70551],[89.86207,26.71645],[89.86253,26.72418],[89.86451,26.72708],[89.86449,26.73002],[89.86415,26.73098],[89.85895,26.73492],[89.86292,26.73707],[89.89733,26.72434],[89.96706,26.72347],[90.00824,26.73215],[90.04957,26.73037],[90.07464,26.73601],[90.13988,26.75362],[90.19452,26.77327],[90.18767,26.80681],[90.20077,26.83529],[90.2305,26.85891],[90.24878,26.85904],[90.28329,26.85283],[90.3003,26.84822],[90.33751,26.86943],[90.33795,26.8463]]]}},{"id":"1","type":"Feature","properties":{"state":"ASSAM","state_lgd":"18","district":"CHIRANG","district_lgd":"320"},"geometry":{"type":"Polygon","coordinates":[[[90.64641,26.77683],[90.64788,26.77688],[90.67598,26.78409],[90.69326,26.77064],[90.71728,26.76827],[90.74236,26.77483],[90.81643,26.77598],[90.86855,26.78009],[90.9565,26.78777],[90.9569,26.78187],[90.95425,26.78041],[90.94071,26.77561],[90.94034,26.77061],[90.93813,26.76497],[90.93911,26.76338],[90.9395,26.76107],[90.93847,26.75695],[90.93628,26.75428],[90.93203,26.75141],[90.92806,26.74439],[90.92677,26.74289],[90.92267,26.74091],[90.92049,26.73537],[90.91699,26.73167],[90.9148,26.72847],[90.91337,26.72266],[90.91335,26.71953],[90.91627,26.71146],[90.91198,26.70442],[90.90759,26.69506],[90.90205,26.6924],[90.89954,26.68985],[90.89891,26.68834],[90.89872,26.68553],[90.89951,26.68338],[90.90148,26.68047],[90.89796,26.67511],[90.89553,26.67259],[90.89579,26.67024],[90.89505,26.6665],[90.89535,26.6637],[90.89665,26.66409],[90.89934,26.6637],[90.90279,26.65613],[90.90258,26.65313],[90.90047,26.64736],[90.90177,26.64396],[90.90101,26.63979],[90.90101,26.63494],[90.90004,26.633],[90.89735,26.62922],[90.89456,26.62698],[90.8887,26.62371],[90.88064,26.62051],[90.87572,26.61734],[90.87455,26.61473],[90.87363,26.60898],[90.87027,26.60288],[90.86801,26.59978],[90.85818,26.59886],[90.85649,26.59828],[90.85339,26.59268],[90.85407,26.59171],[90.85418,26.5903],[90.85051,26.583],[90.85315,26.58242],[90.85077,26.57959],[90.84767,26.57717],[90.84739,26.57286],[90.8469,26.57175],[90.8441,26.57109],[90.83509,26.57123],[90.83321,26.5719],[90.83237,26.57307],[90.83105,26.57374],[90.82536,26.57546],[90.8237,26.57372],[90.82165,26.57001],[90.8186,26.569],[90.8175,26.56726],[90.81751,26.56501],[90.81805,26.56375],[90.82116,26.56127],[90.82679,26.55882],[90.82831,26.55465],[90.82838,26.54309],[90.82924,26.54232],[90.83119,26.54206],[90.83191,26.53871],[90.83382,26.53844],[90.8379,26.53675],[90.84192,26.53749],[90.84507,26.5345],[90.84756,26.53371],[90.84893,26.53502],[90.85019,26.53553],[90.85329,26.5351],[90.8551,26.53241],[90.85201,26.52968],[90.85376,26.52927],[90.85384,26.52861],[90.8517,26.52702],[90.84705,26.53086],[90.84328,26.53214],[90.83734,26.52377],[90.83651,26.52345],[90.82827,26.52233],[90.81467,26.52202],[90.80889,26.52118],[90.80108,26.52237],[90.79721,26.5215],[90.78823,26.51754],[90.78688,26.5181],[90.78769,26.52428],[90.78707,26.52751],[90.78522,26.52924],[90.77935,26.53066],[90.77604,26.53093],[90.77476,26.53064],[90.77172,26.52165],[90.76801,26.51999],[90.76195,26.51954],[90.76054,26.51892],[90.75817,26.51602],[90.75758,26.51462],[90.7578,26.51213],[90.76091,26.50748],[90.76423,26.50622],[90.7727,26.50794],[90.77552,26.50796],[90.77614,26.50779],[90.7774,26.50483],[90.76837,26.48938],[90.76837,26.48768],[90.76606,26.48544],[90.76163,26.48321],[90.75699,26.4837],[90.75234,26.48744],[90.74987,26.48867],[90.74372,26.48854],[90.73472,26.48591],[90.73101,26.4829],[90.7309,26.48034],[90.73185,26.48031],[90.73264,26.47772],[90.731,26.47183],[90.74472,26.46562],[90.74373,26.46256],[90.74405,26.46039],[90.74262,26.45477],[90.74167,26.45481],[90.73872,26.44657],[90.73936,26.4451],[90.74158,26.4448],[90.7396,26.44302],[90.73567,26.44184],[90.73237,26.44442],[90.72817,26.44633],[90.72127,26.4464],[90.71626,26.44555],[90.7101,26.4516],[90.71384,26.45458],[90.71614,26.45755],[90.71612,26.46118],[90.71364,26.46778],[90.71321,26.47054],[90.71409,26.47393],[90.71698,26.47921],[90.71514,26.48102],[90.71313,26.48204],[90.70559,26.48312],[90.70157,26.48331],[90.6901,26.48142],[90.68704,26.48135],[90.68562,26.4818],[90.67968,26.48647],[90.67818,26.48944],[90.68005,26.49262],[90.68247,26.49906],[90.66856,26.49979],[90.66613,26.50379],[90.65588,26.505],[90.64442,26.50005],[90.62888,26.49661],[90.62403,26.4939],[90.62077,26.49359],[90.61989,26.49452],[90.61998,26.49563],[90.62241,26.4985],[90.62202,26.50005],[90.62224,26.50329],[90.62303,26.50448],[90.62354,26.50777],[90.62256,26.5087],[90.61825,26.51063],[90.61099,26.51526],[90.60279,26.51571],[90.6011,26.51635],[90.59975,26.5162],[90.59842,26.51461],[90.59805,26.51091],[90.59725,26.51036],[90.59604,26.51085],[90.59557,26.51209],[90.59448,26.51258],[90.5912,26.51287],[90.58954,26.5125],[90.58888,26.5116],[90.59039,26.50446],[90.59719,26.50223],[90.60429,26.49815],[90.60305,26.49735],[90.60228,26.4974],[90.60287,26.49586],[90.60181,26.4914],[90.60091,26.49059],[90.59964,26.49068],[90.59699,26.49345],[90.59609,26.49328],[90.59103,26.48983],[90.58988,26.48984],[90.58881,26.49168],[90.58731,26.49277],[90.58495,26.492],[90.58123,26.49628],[90.5752,26.49893],[90.5729,26.49847],[90.57095,26.49678],[90.56623,26.49815],[90.56253,26.49843],[90.54735,26.49781],[90.54033,26.50166],[90.53637,26.50271],[90.53521,26.5021],[90.53061,26.50338],[90.52964,26.50438],[90.52404,26.50759],[90.52091,26.50838],[90.51957,26.50924],[90.51774,26.50818],[90.51421,26.50259],[90.51008,26.50051],[90.50967,26.49906],[90.5117,26.49728],[90.50933,26.48795],[90.50289,26.47176],[90.50309,26.46864],[90.50432,26.46772],[90.50094,26.46439],[90.49818,26.45946],[90.50568,26.45546],[90.50913,26.45172],[90.50973,26.4489],[90.50801,26.44707],[90.50348,26.42965],[90.5041,26.42625],[90.49704,26.43],[90.49605,26.42488],[90.49327,26.41966],[90.48761,26.41774],[90.48521,26.41792],[90.48087,26.42059],[90.48018,26.4152],[90.47823,26.40933],[90.47843,26.40829],[90.48037,26.40659],[90.48128,26.40197],[90.48012,26.3985],[90.48076,26.39532],[90.47854,26.39115],[90.48,26.39071],[90.48074,26.3897],[90.47905,26.38759],[90.47639,26.38582],[90.47545,26.38629],[90.47389,26.38949],[90.4736,26.39248],[90.47415,26.3939],[90.47216,26.3952],[90.47101,26.39507],[90.47002,26.39583],[90.46793,26.3991],[90.46784,26.40037],[90.46877,26.40115],[90.47012,26.40365],[90.47177,26.40428],[90.4718,26.40588],[90.46832,26.40662],[90.46002,26.41071],[90.46027,26.41368],[90.45938,26.41919],[90.46004,26.42109],[90.46204,26.42339],[90.46321,26.42571],[90.46317,26.43094],[90.45619,26.43267],[90.4571,26.43892],[90.45849,26.44398],[90.45952,26.44711],[90.46144,26.45072],[90.46241,26.45198],[90.46396,26.45282],[90.47383,26.45373],[90.47653,26.45462],[90.47714,26.45679],[90.4766,26.461],[90.47706,26.46262],[90.46487,26.46528],[90.46317,26.46468],[90.46283,26.46226],[90.46066,26.45794],[90.45976,26.453],[90.45079,26.45342],[90.44713,26.45276],[90.44601,26.45434],[90.43835,26.45929],[90.43716,26.46105],[90.43183,26.45294],[90.43392,26.4492],[90.43466,26.44592],[90.43461,26.44229],[90.43813,26.44134],[90.44233,26.44136],[90.44444,26.4401],[90.4451,26.43901],[90.44456,26.43667],[90.44503,26.43373],[90.4434,26.4323],[90.44249,26.43054],[90.44285,26.4289],[90.44582,26.42902],[90.44722,26.42695],[90.44703,26.42525],[90.44454,26.4241],[90.44044,26.4243],[90.44094,26.42229],[90.44294,26.421],[90.44472,26.4206],[90.44561,26.4181],[90.44367,26.41762],[90.44117,26.4181],[90.43851,26.41697],[90.43338,26.41336],[90.431,26.41659],[90.42921,26.41663],[90.42701,26.41546],[90.42608,26.41555],[90.42593,26.41691],[90.42668,26.41968],[90.42999,26.42537],[90.43011,26.42713],[90.42927,26.42822],[90.42776,26.42834],[90.42785,26.43041],[90.43159,26.43499],[90.42289,26.43732],[90.42102,26.43746],[90.41761,26.4369],[90.41971,26.44871],[90.41877,26.44873],[90.41552,26.44744],[90.4121,26.44423],[90.40859,26.44272],[90.40457,26.44206],[90.40205,26.44398],[90.39998,26.44656],[90.40216,26.45469],[90.4035,26.46441],[90.40266,26.47211],[90.4047,26.47418],[90.40538,26.47555],[90.4027,26.47621],[90.38954,26.47745],[90.3902,26.47965],[90.38999,26.4806],[90.38725,26.4838],[90.38656,26.48554],[90.39012,26.49227],[90.3917,26.4935],[90.39388,26.49414],[90.39784,26.49316],[90.40011,26.49544],[90.40101,26.49724],[90.40037,26.49911],[90.39761,26.50017],[90.39752,26.50702],[90.39885,26.51174],[90.39875,26.51294],[90.39524,26.51563],[90.39314,26.51878],[90.39177,26.51985],[90.38929,26.52031],[90.38495,26.51975],[90.38382,26.51995],[90.3822,26.52119],[90.38207,26.5226],[90.38265,26.52367],[90.38419,26.52437],[90.38714,26.52446],[90.3881,26.52546],[90.38814,26.52705],[90.38697,26.53019],[90.38662,26.53341],[90.38608,26.53401],[90.383,26.53473],[90.38011,26.5362],[90.37806,26.54119],[90.37683,26.54287],[90.37394,26.54417],[90.37123,26.54423],[90.36814,26.54364],[90.36698,26.54391],[90.35943,26.54995],[90.35888,26.55114],[90.35926,26.55286],[90.36001,26.55349],[90.36348,26.55454],[90.36455,26.55641],[90.36445,26.55793],[90.36276,26.55862],[90.36042,26.5583],[90.35532,26.5558],[90.35408,26.55635],[90.35304,26.55883],[90.35286,26.55984],[90.35381,26.56309],[90.3554,26.5654],[90.35585,26.56804],[90.35579,26.57626],[90.35899,26.57876],[90.36434,26.58399],[90.36546,26.58571],[90.36533,26.59261],[90.36446,26.59373],[90.36135,26.59543],[90.35766,26.59888],[90.35632,26.60309],[90.35684,26.60708],[90.35892,26.6103],[90.35795,26.61541],[90.35947,26.62023],[90.36259,26.62328],[90.36188,26.62768],[90.36504,26.63336],[90.36452,26.63704],[90.36262,26.63801],[90.36076,26.63817],[90.36054,26.63858],[90.36006,26.64095],[90.36109,26.64313],[90.36081,26.64394],[90.35892,26.64492],[90.35589,26.64764],[90.35208,26.64859],[90.35088,26.64995],[90.35063,26.65107],[90.3516,26.65206],[90.35295,26.65248],[90.35469,26.6518],[90.35526,26.65282],[90.35478,26.65763],[90.35293,26.66011],[90.35584,26.66174],[90.35689,26.66124],[90.35613,26.6602],[90.3565,26.65972],[90.35994,26.66149],[90.36112,26.6625],[90.36047,26.66355],[90.36116,26.66517],[90.36371,26.66511],[90.36491,26.66426],[90.36576,26.66448],[90.3661,26.66563],[90.36522,26.66748],[90.36599,26.66957],[90.36978,26.67218],[90.36958,26.67318],[90.36679,26.67482],[90.36653,26.6757],[90.3673,26.67692],[90.36909,26.67759],[90.3696,26.67924],[90.371,26.68037],[90.37146,26.68361],[90.36852,26.68555],[90.36821,26.68655],[90.37008,26.68761],[90.37069,26.69006],[90.37188,26.69082],[90.37211,26.69365],[90.37369,26.69485],[90.37629,26.69592],[90.37404,26.70054],[90.37706,26.70596],[90.37767,26.71137],[90.3773,26.71802],[90.37536,26.72429],[90.37237,26.72797],[90.3692,26.7336],[90.36623,26.74901],[90.35467,26.76532],[90.34891,26.80093],[90.33797,26.84538],[90.33751,26.86943],[90.34779,26.87529],[90.35027,26.88913],[90.35663,26.90066],[90.41748,26.90453],[90.54661,26.81664],[90.58455,26.80374],[90.63444,26.79381],[90.64641,26.77683]]]}},{"id":"2","type":"Feature","properties":{"state":"ASSAM","state_lgd":"18","district":"UDALGURI","district_lgd":"326"},"geometry":{"type":"Polygon","coordinates":[[[92.3472,26.89809],[92.34629,26.89038],[92.34425,26.88744],[92.3437,26.88456],[92.34263,26.88265],[92.34317,26.87993],[92.34284,26.87576],[92.34402,26.8731],[92.34269,26.87138],[92.34296,26.86908],[92.34413,26.86742],[92.34274,26.86464],[92.34507,26.86203],[92.3437,26.85831],[92.34113,26.85664],[92.34286,26.85184],[92.33985,26.85105],[92.33939,26.85019],[92.34022,26.84776],[92.33978,26.84694],[92.33835,26.84602],[92.33547,26.8458],[92.33288,26.84205],[92.33349,26.83934],[92.33319,26.83542],[92.33134,26.83287],[92.33147,26.83127],[92.33273,26.82974],[92.33574,26.82868],[92.33426,26.82505],[92.33474,26.82423],[92.33596,26.82364],[92.33623,26.82254],[92.334,26.8209],[92.33133,26.82048],[92.33087,26.81993],[92.33118,26.81889],[92.33369,26.81646],[92.33408,26.81525],[92.33157,26.81497],[92.32802,26.81303],[92.32783,26.81237],[92.33012,26.8105],[92.33304,26.81169],[92.33417,26.81136],[92.33489,26.8104],[92.33456,26.80829],[92.32924,26.80649],[92.32764,26.80452],[92.32751,26.80309],[92.32847,26.80168],[92.33099,26.80038],[92.33139,26.79691],[92.3345,26.79369],[92.33433,26.79267],[92.33152,26.7909],[92.33185,26.78971],[92.33394,26.78837],[92.33808,26.7877],[92.33882,26.78686],[92.33893,26.78621],[92.33819,26.78522],[92.33533,26.78396],[92.3342,26.78284],[92.33436,26.78091],[92.33601,26.77801],[92.33473,26.77501],[92.33599,26.77393],[92.33921,26.77279],[92.34026,26.77128],[92.33943,26.77036],[92.33741,26.77012],[92.33564,26.77042],[92.33138,26.7722],[92.32979,26.77224],[92.32864,26.77169],[92.32855,26.77026],[92.33053,26.76776],[92.33166,26.76488],[92.33286,26.76492],[92.335,26.76681],[92.33583,26.76673],[92.33639,26.76589],[92.33491,26.76294],[92.33288,26.76037],[92.32838,26.75791],[92.32799,26.75652],[92.32978,26.75364],[92.32986,26.75249],[92.32912,26.7509],[92.3278,26.75052],[92.33322,26.7457],[92.33316,26.74436],[92.33084,26.74166],[92.33017,26.73961],[92.33054,26.7381],[92.33401,26.73337],[92.33455,26.72973],[92.33393,26.72394],[92.3372,26.71809],[92.33782,26.71195],[92.33519,26.70897],[92.33671,26.70941],[92.33847,26.70885],[92.3398,26.70894],[92.34094,26.70787],[92.34467,26.70732],[92.34596,26.7062],[92.34609,26.70508],[92.34548,26.70314],[92.34405,26.7018],[92.34167,26.70156],[92.33951,26.70228],[92.33697,26.70019],[92.33577,26.69986],[92.33589,26.69754],[92.33496,26.69358],[92.33774,26.69222],[92.33992,26.69265],[92.34033,26.69149],[92.33881,26.69036],[92.33686,26.68976],[92.33561,26.68866],[92.33488,26.68687],[92.33469,26.68475],[92.33797,26.68223],[92.33782,26.6814],[92.33628,26.67968],[92.3368,26.67482],[92.33436,26.67283],[92.33492,26.67084],[92.33298,26.66324],[92.35035,26.66466],[92.35134,26.66836],[92.3511,26.67309],[92.3505,26.67344],[92.35057,26.67443],[92.35172,26.67765],[92.35196,26.68256],[92.35436,26.68628],[92.35449,26.68732],[92.353,26.6886],[92.34768,26.69057],[92.34615,26.69207],[92.34599,26.69328],[92.34715,26.69397],[92.34981,26.69186],[92.35078,26.69158],[92.35127,26.69257],[92.35061,26.6947],[92.35279,26.69673],[92.35226,26.69908],[92.36558,26.69869],[92.3659,26.69607],[92.3668,26.69404],[92.36692,26.68429],[92.36808,26.67545],[92.36612,26.66518],[92.36453,26.66124],[92.36634,26.65679],[92.36497,26.65455],[92.36417,26.65159],[92.36458,26.64366],[92.36812,26.64661],[92.37037,26.64784],[92.37731,26.64896],[92.37787,26.64841],[92.3802,26.6478],[92.3815,26.64328],[92.38985,26.64916],[92.39065,26.6442],[92.39164,26.6423],[92.39371,26.64196],[92.40187,26.64253],[92.40337,26.6363],[92.40321,26.63551],[92.39689,26.62752],[92.39187,26.62789],[92.38123,26.62974],[92.37731,26.62985],[92.37734,26.6141],[92.35894,26.61231],[92.35945,26.61099],[92.35902,26.61014],[92.35989,26.6092],[92.36007,26.60749],[92.35928,26.60629],[92.35705,26.60527],[92.35698,26.60363],[92.35604,26.60132],[92.35622,26.6004],[92.35796,26.59879],[92.35897,26.59654],[92.3627,26.59465],[92.36631,26.59408],[92.36762,26.5932],[92.36736,26.5918],[92.36571,26.58972],[92.36468,26.58407],[92.36401,26.58326],[92.36017,26.58256],[92.36152,26.58422],[92.36113,26.58612],[92.35869,26.588],[92.35756,26.58818],[92.35417,26.58691],[92.34823,26.5823],[92.34607,26.58126],[92.34331,26.58142],[92.33613,26.58378],[92.33068,26.58654],[92.32691,26.58712],[92.32491,26.58928],[92.32405,26.59166],[92.32411,26.59405],[92.32493,26.59657],[92.32686,26.5972],[92.33447,26.59771],[92.338,26.59748],[92.34029,26.59675],[92.34255,26.59678],[92.34513,26.59749],[92.34578,26.59825],[92.34536,26.59982],[92.34426,26.60134],[92.34251,26.60231],[92.33961,26.60231],[92.33797,26.60341],[92.33698,26.60489],[92.33444,26.6057],[92.33329,26.60682],[92.33312,26.6097],[92.33665,26.61792],[92.33632,26.62248],[92.33431,26.62404],[92.33237,26.6239],[92.32964,26.6222],[92.32801,26.61974],[92.3282,26.61716],[92.33046,26.61371],[92.32971,26.61215],[92.32736,26.61173],[92.32479,26.61268],[92.32293,26.61395],[92.32219,26.61387],[92.32153,26.61242],[92.32254,26.60891],[92.32132,26.6076],[92.31892,26.60658],[92.31777,26.60656],[92.31339,26.60762],[92.30988,26.61025],[92.3081,26.61235],[92.30769,26.61356],[92.30865,26.61552],[92.31239,26.61686],[92.31544,26.61958],[92.316,26.62193],[92.31576,26.62455],[92.31475,26.62526],[92.31343,26.62523],[92.30501,26.62372],[92.30188,26.62291],[92.29917,26.62143],[92.29738,26.62132],[92.29567,26.6225],[92.29536,26.62338],[92.29596,26.62728],[92.29537,26.62997],[92.29631,26.63444],[92.29383,26.64475],[92.29108,26.65145],[92.28891,26.65468],[92.28728,26.65577],[92.27785,26.65747],[92.27728,26.65803],[92.27696,26.6538],[92.27605,26.65097],[92.27526,26.65003],[92.27258,26.64956],[92.27368,26.64837],[92.27413,26.6469],[92.27469,26.63402],[92.27201,26.62735],[92.27226,26.62635],[92.26656,26.62716],[92.26703,26.62422],[92.26645,26.62283],[92.26687,26.62169],[92.26829,26.62042],[92.26856,26.61934],[92.27122,26.6157],[92.26183,26.61394],[92.24898,26.61062],[92.24946,26.60949],[92.24925,26.6084],[92.24818,26.60688],[92.24368,26.60368],[92.24406,26.60183],[92.24462,26.60128],[92.24963,26.60093],[92.24763,26.59627],[92.24722,26.59363],[92.24589,26.59179],[92.24547,26.58998],[92.2466,26.58719],[92.25004,26.58602],[92.25037,26.57988],[92.25411,26.57431],[92.25649,26.57215],[92.25791,26.57181],[92.26323,26.57279],[92.26615,26.57106],[92.25969,26.56713],[92.25918,26.56443],[92.25801,26.56269],[92.25587,26.56111],[92.25476,26.56093],[92.25159,26.56162],[92.24896,26.56331],[92.24538,26.56332],[92.24442,26.56268],[92.24435,26.56023],[92.24332,26.55883],[92.23199,26.54917],[92.22676,26.55298],[92.22618,26.55403],[92.22761,26.55853],[92.22808,26.5649],[92.23529,26.5687],[92.23119,26.57211],[92.22795,26.57691],[92.22904,26.5825],[92.22822,26.58936],[92.2283,26.5912],[92.22918,26.59237],[92.2285,26.59431],[92.22892,26.59502],[92.23006,26.59543],[92.2343,26.59592],[92.23602,26.59742],[92.23197,26.60514],[92.23033,26.61027],[92.2256,26.61032],[92.22695,26.61552],[92.22682,26.61781],[92.22567,26.62207],[92.2228,26.62593],[92.22249,26.62746],[92.21952,26.63338],[92.2192,26.63569],[92.2087,26.63499],[92.20325,26.63396],[92.19982,26.63543],[92.19512,26.63543],[92.19487,26.63861],[92.19588,26.63971],[92.19693,26.64004],[92.20348,26.63926],[92.2065,26.64116],[92.20667,26.64464],[92.20351,26.65181],[92.20221,26.65226],[92.20128,26.65207],[92.19967,26.65056],[92.19895,26.64729],[92.19836,26.64643],[92.19738,26.64623],[92.19675,26.64655],[92.19619,26.64805],[92.19375,26.65116],[92.19127,26.65222],[92.19037,26.65179],[92.1897,26.65065],[92.18943,26.64881],[92.18824,26.64649],[92.18735,26.64565],[92.18574,26.64527],[92.18314,26.64638],[92.17829,26.65194],[92.17803,26.65353],[92.18174,26.65529],[92.18275,26.6563],[92.18438,26.66],[92.18408,26.66276],[92.18457,26.66467],[92.18233,26.66822],[92.18264,26.67073],[92.17113,26.66806],[92.16015,26.66652],[92.1482,26.65977],[92.1296,26.65614],[92.11995,26.65311],[92.11958,26.65201],[92.12049,26.65119],[92.12376,26.65056],[92.12518,26.64961],[92.12545,26.64748],[92.12289,26.64417],[92.11088,26.64226],[92.10892,26.64297],[92.10533,26.64759],[92.10408,26.64817],[92.10257,26.64753],[92.09908,26.64792],[92.08853,26.64787],[92.07407,26.64739],[92.075,26.64681],[92.07354,26.64657],[92.07374,26.64573],[92.0723,26.64462],[92.07152,26.64287],[92.07425,26.64113],[92.07267,26.63969],[92.07114,26.63986],[92.07062,26.63947],[92.07305,26.63731],[92.07168,26.6363],[92.07294,26.63522],[92.0731,26.63254],[92.07185,26.63126],[92.07236,26.62979],[92.07188,26.62912],[92.07199,26.62811],[92.07116,26.62724],[92.07173,26.62499],[92.06225,26.62434],[92.05765,26.62346],[92.05495,26.62386],[92.05351,26.62359],[92.05247,26.62449],[92.04777,26.62492],[92.04788,26.62208],[92.04703,26.62099],[92.04362,26.62034],[92.03857,26.62089],[92.041,26.61271],[92.03993,26.60955],[92.02609,26.60979],[92.02643,26.60764],[92.02717,26.60674],[92.02795,26.60729],[92.02891,26.60672],[92.02874,26.60554],[92.03023,26.60553],[92.03114,26.60629],[92.03147,26.60517],[92.0334,26.60528],[92.03306,26.60385],[92.03327,26.60324],[92.03388,26.60338],[92.0336,26.60233],[92.03488,26.60247],[92.03477,26.60146],[92.03587,26.60089],[92.03554,26.59886],[92.03452,26.59846],[92.03216,26.59601],[92.0328,26.59537],[92.03189,26.59443],[92.03299,26.59405],[92.03294,26.59373],[92.03197,26.59297],[92.03065,26.59271],[92.03005,26.59184],[92.02925,26.5922],[92.02684,26.59149],[92.02693,26.59072],[92.02587,26.59013],[92.02583,26.58966],[92.02286,26.58867],[92.01576,26.58903],[92.01064,26.59041],[92.00875,26.58821],[92.00775,26.58548],[92.00809,26.58377],[92.00905,26.58311],[92.01095,26.58394],[92.01281,26.58376],[92.01189,26.58189],[92.012,26.58082],[92.013,26.57985],[92.01421,26.58066],[92.01472,26.58043],[92.01446,26.5782],[92.01556,26.57681],[92.01541,26.57574],[92.01336,26.57654],[92.01074,26.57416],[92.0033,26.57188],[92.00555,26.57027],[92.00522,26.56652],[92.00557,26.56595],[92.0072,26.56536],[92.00771,26.56443],[92.00692,26.56115],[92.00716,26.56002],[92.008,26.55911],[92.01,26.55824],[92.01073,26.55554],[92.01601,26.55507],[92.01713,26.5548],[92.01821,26.55386],[92.02193,26.55484],[92.02738,26.55447],[92.02652,26.55378],[92.027,26.55273],[92.02703,26.54825],[92.02806,26.54732],[92.02758,26.54625],[92.02778,26.54467],[92.03246,26.5479],[92.03136,26.55039],[92.0432,26.55094],[92.04263,26.54876],[92.04871,26.54882],[92.05181,26.54755],[92.05284,26.54569],[92.0546,26.54533],[92.05583,26.54451],[92.05817,26.54729],[92.05964,26.55136],[92.05964,26.56119],[92.06379,26.57517],[92.06195,26.57605],[92.06381,26.58776],[92.07367,26.58845],[92.08083,26.58976],[92.08373,26.58547],[92.08684,26.57794],[92.08801,26.57635],[92.08934,26.57636],[92.09041,26.57535],[92.09451,26.5772],[92.10265,26.57983],[92.1025,26.57879],[92.10294,26.57811],[92.10222,26.57754],[92.10344,26.57614],[92.10367,26.57475],[92.1051,26.57491],[92.10659,26.57314],[92.1083,26.57339],[92.10848,26.57231],[92.10941,26.57193],[92.10959,26.56945],[92.1084,26.56668],[92.10474,26.56329],[92.1033,26.56293],[92.10216,26.56174],[92.10239,26.56045],[92.10429,26.55897],[92.10501,26.55778],[92.10647,26.55829],[92.10699,26.55746],[92.10838,26.55721],[92.1089,26.55659],[92.10941,26.55499],[92.10817,26.55245],[92.10684,26.55188],[92.10517,26.55182],[92.10328,26.55237],[92.09935,26.5553],[92.09718,26.55469],[92.09403,26.55453],[92.09319,26.55406],[92.09281,26.55274],[92.09565,26.54983],[92.09262,26.54798],[92.08739,26.54356],[92.08308,26.54276],[92.07537,26.54354],[92.0737,26.54451],[92.07147,26.54689],[92.07142,26.54585],[92.06978,26.54551],[92.07049,26.52586],[92.06951,26.52505],[92.0701,26.51451],[92.06981,26.51045],[92.05799,26.50949],[92.05917,26.506],[92.0574,26.50049],[92.06264,26.50034],[92.06239,26.49809],[92.06104,26.4961],[92.06003,26.49264],[92.05999,26.48853],[92.05446,26.48932],[92.05473,26.48578],[92.05105,26.4814],[92.05274,26.47896],[92.05186,26.4758],[92.05013,26.47648],[92.04882,26.47785],[92.04341,26.48094],[92.04273,26.48154],[92.04314,26.48388],[92.04284,26.48477],[92.03974,26.48612],[92.03943,26.49472],[92.04472,26.49481],[92.04491,26.49552],[92.04401,26.49586],[92.04154,26.50037],[92.04218,26.51039],[92.03648,26.50939],[92.0348,26.50853],[92.03108,26.50763],[92.02644,26.50688],[92.02558,26.50736],[92.02522,26.50914],[92.02572,26.51102],[92.02691,26.51115],[92.02898,26.50971],[92.03015,26.51064],[92.03473,26.52237],[92.03427,26.52337],[92.03321,26.52361],[92.03058,26.52185],[92.02954,26.52182],[92.02927,26.52338],[92.03069,26.52537],[92.03069,26.52615],[92.02944,26.52685],[92.02766,26.52685],[92.02581,26.5263],[92.02392,26.52473],[92.02373,26.5238],[92.02441,26.5221],[92.02412,26.5212],[92.02321,26.52078],[92.02172,26.52101],[92.02072,26.52227],[92.01996,26.52682],[92.0201,26.52801],[92.0222,26.53016],[92.0285,26.53092],[92.02952,26.5426],[92.02592,26.54125],[92.0206,26.54234],[92.01331,26.54182],[92.00859,26.54469],[92.00781,26.54391],[92.00488,26.54391],[92.00415,26.54305],[92.00488,26.54246],[92.00835,26.54249],[92.01039,26.54204],[92.0114,26.54099],[92.01186,26.53892],[92.01444,26.53693],[92.00832,26.53612],[92.00629,26.53498],[92.00442,26.53595],[92.00129,26.53633],[91.99591,26.54036],[91.99481,26.54212],[91.9948,26.5451],[91.99154,26.55549],[91.98887,26.55484],[91.98608,26.55505],[91.98657,26.55078],[91.98335,26.55221],[91.98135,26.55687],[91.97815,26.55349],[91.9762,26.55271],[91.9738,26.5566],[91.97281,26.55589],[91.97139,26.55649],[91.96598,26.55578],[91.96622,26.55389],[91.96575,26.55259],[91.96009,26.55215],[91.9605,26.54784],[91.96078,26.54738],[91.96208,26.5471],[91.96184,26.54595],[91.96447,26.54424],[91.96733,26.5439],[91.96775,26.5431],[91.96817,26.54132],[91.96631,26.54026],[91.9626,26.54047],[91.96209,26.54151],[91.9608,26.54207],[91.95518,26.54195],[91.95298,26.54284],[91.95149,26.54462],[91.94088,26.54288],[91.93307,26.53982],[91.92845,26.53718],[91.9289,26.53908],[91.92631,26.53982],[91.92564,26.54154],[91.92603,26.54262],[91.92803,26.54434],[91.92806,26.54506],[91.92691,26.54582],[91.92511,26.54506],[91.92473,26.54533],[91.92525,26.54688],[91.92512,26.54905],[91.92588,26.54968],[91.92537,26.55119],[91.92645,26.5578],[91.92321,26.55749],[91.92318,26.56804],[91.91041,26.56797],[91.90697,26.56849],[91.90348,26.56969],[91.89789,26.57003],[91.89372,26.56222],[91.89388,26.55609],[91.89478,26.55352],[91.89143,26.55332],[91.89038,26.55007],[91.88793,26.54994],[91.88706,26.54936],[91.88819,26.54611],[91.8874,26.5446],[91.88567,26.54291],[91.88569,26.54148],[91.88626,26.54054],[91.88597,26.53882],[91.88104,26.53813],[91.88024,26.53424],[91.87738,26.53433],[91.87116,26.53223],[91.86896,26.53305],[91.86737,26.53437],[91.86591,26.53789],[91.86441,26.538],[91.86403,26.53847],[91.86241,26.53865],[91.86093,26.5394],[91.8571,26.5393],[91.85526,26.53876],[91.85508,26.54589],[91.85465,26.54844],[91.85412,26.54902],[91.85665,26.54933],[91.85678,26.55032],[91.85615,26.55153],[91.85673,26.55266],[91.85533,26.55442],[91.85303,26.55596],[91.85126,26.5583],[91.85036,26.56262],[91.84957,26.56355],[91.8515,26.56633],[91.84858,26.56674],[91.84792,26.56732],[91.8485,26.56829],[91.85112,26.56831],[91.85062,26.57085],[91.85006,26.5713],[91.85113,26.57344],[91.84899,26.57475],[91.84195,26.57418],[91.839,26.57498],[91.83695,26.57767],[91.83868,26.58113],[91.83856,26.58661],[91.83041,26.58645],[91.83014,26.58338],[91.82951,26.58302],[91.82791,26.58318],[91.82709,26.58251],[91.82756,26.57962],[91.82676,26.57882],[91.82525,26.57866],[91.82407,26.5778],[91.82204,26.57248],[91.82306,26.57189],[91.82928,26.57201],[91.83255,26.57163],[91.83153,26.566],[91.83097,26.56501],[91.83175,26.56095],[91.83116,26.55856],[91.83024,26.5587],[91.82981,26.56091],[91.82357,26.56177],[91.81973,26.56081],[91.8191,26.56021],[91.81414,26.55979],[91.81412,26.55741],[91.81239,26.55814],[91.81214,26.55385],[91.81335,26.55147],[91.81344,26.54728],[91.81407,26.54421],[91.81096,26.54435],[91.81321,26.54004],[91.81709,26.54287],[91.82533,26.54671],[91.82721,26.54686],[91.82874,26.54536],[91.82898,26.54209],[91.82838,26.53727],[91.83054,26.53011],[91.83247,26.52591],[91.83416,26.52413],[91.8344,26.51567],[91.82791,26.51547],[91.82297,26.51396],[91.81936,26.5122],[91.82029,26.50701],[91.81953,26.5062],[91.81837,26.50583],[91.80881,26.50623],[91.80548,26.507],[91.80087,26.50622],[91.80133,26.50946],[91.80096,26.51324],[91.79825,26.51155],[91.79699,26.51275],[91.79549,26.51285],[91.78975,26.51077],[91.78926,26.51132],[91.7897,26.51218],[91.78931,26.51244],[91.78314,26.51239],[91.78052,26.51185],[91.7803,26.51222],[91.77958,26.51208],[91.77939,26.51317],[91.7778,26.51274],[91.77855,26.51478],[91.7799,26.51563],[91.78364,26.51665],[91.78462,26.51734],[91.78525,26.51898],[91.78212,26.52065],[91.77683,26.52139],[91.77575,26.52282],[91.77624,26.52422],[91.77758,26.52495],[91.77989,26.52411],[91.78207,26.52449],[91.78331,26.52529],[91.7842,26.52748],[91.78435,26.52934],[91.78379,26.52977],[91.77917,26.52852],[91.77818,26.52687],[91.77688,26.52652],[91.7755,26.52875],[91.77635,26.52981],[91.77698,26.52989],[91.77949,26.53363],[91.78041,26.53374],[91.78044,26.53455],[91.78253,26.5346],[91.78415,26.53382],[91.78533,26.53565],[91.78338,26.53667],[91.78299,26.53772],[91.78228,26.53765],[91.78214,26.53876],[91.78108,26.53839],[91.78069,26.54074],[91.77833,26.5435],[91.77815,26.54582],[91.78024,26.54762],[91.78022,26.54935],[91.7792,26.55031],[91.77527,26.5502],[91.77353,26.55105],[91.77253,26.55216],[91.77201,26.55379],[91.77319,26.55759],[91.7727,26.55901],[91.77143,26.55923],[91.76883,26.56158],[91.76718,26.56199],[91.76405,26.56577],[91.76383,26.56675],[91.76448,26.56924],[91.76603,26.57132],[91.76648,26.5734],[91.76477,26.57295],[91.76421,26.57379],[91.76247,26.57452],[91.75955,26.57766],[91.75742,26.57775],[91.75684,26.57724],[91.75498,26.57695],[91.75193,26.57764],[91.75132,26.57853],[91.74982,26.57926],[91.74893,26.58126],[91.74977,26.582],[91.74975,26.58287],[91.75237,26.58413],[91.75323,26.5841],[91.75382,26.58458],[91.75554,26.58408],[91.75709,26.58465],[91.75781,26.5843],[91.75776,26.58526],[91.76003,26.58554],[91.75994,26.58642],[91.76106,26.58736],[91.76134,26.58932],[91.76245,26.59111],[91.76255,26.59368],[91.76106,26.59491],[91.75996,26.5951],[91.75674,26.59338],[91.75643,26.59258],[91.75716,26.59216],[91.75627,26.59184],[91.75357,26.58789],[91.75267,26.58726],[91.75106,26.58761],[91.75037,26.58695],[91.74993,26.58759],[91.74532,26.58987],[91.74432,26.59176],[91.74449,26.59241],[91.74375,26.59311],[91.7444,26.59464],[91.74504,26.59466],[91.74511,26.59629],[91.74701,26.59831],[91.74761,26.5982],[91.74772,26.59878],[91.74986,26.59971],[91.75095,26.60078],[91.75089,26.60261],[91.75156,26.60499],[91.75078,26.60576],[91.75005,26.60581],[91.74928,26.60681],[91.74734,26.60542],[91.74725,26.60472],[91.74535,26.60349],[91.74444,26.60339],[91.74355,26.60245],[91.74104,26.60147],[91.73816,26.60266],[91.73716,26.605],[91.73768,26.60666],[91.73964,26.6077],[91.74177,26.60796],[91.74431,26.61234],[91.74396,26.61317],[91.74184,26.6128],[91.74031,26.61358],[91.73997,26.61569],[91.74035,26.61653],[91.73946,26.61759],[91.74314,26.61985],[91.7436,26.62461],[91.74596,26.62593],[91.74636,26.62692],[91.74482,26.6288],[91.73904,26.62727],[91.737,26.62763],[91.73613,26.62855],[91.73438,26.62893],[91.73307,26.63025],[91.73408,26.63182],[91.73585,26.63251],[91.73868,26.63223],[91.73971,26.63282],[91.74121,26.63128],[91.74326,26.63123],[91.74519,26.63203],[91.74764,26.63211],[91.74914,26.63385],[91.75025,26.63624],[91.74975,26.63734],[91.74755,26.63821],[91.74689,26.64015],[91.74645,26.63965],[91.74659,26.63835],[91.74409,26.6368],[91.74208,26.63659],[91.74043,26.63773],[91.73893,26.6381],[91.73884,26.64049],[91.74063,26.64058],[91.74119,26.64183],[91.74426,26.64433],[91.74608,26.64434],[91.74834,26.64521],[91.74884,26.6457],[91.7488,26.64663],[91.74689,26.6496],[91.7419,26.64817],[91.73964,26.64814],[91.73918,26.6492],[91.74113,26.64912],[91.74174,26.64955],[91.74157,26.65],[91.7402,26.65021],[91.74048,26.65091],[91.74167,26.65157],[91.74037,26.65266],[91.74012,26.65395],[91.73821,26.65501],[91.73365,26.65566],[91.73277,26.65644],[91.73335,26.65819],[91.73527,26.65978],[91.735,26.66033],[91.73383,26.66015],[91.73311,26.66083],[91.73356,26.66132],[91.73318,26.66209],[91.73445,26.66292],[91.73412,26.66383],[91.7356,26.67015],[91.7371,26.67103],[91.73753,26.67029],[91.74148,26.66985],[91.7432,26.67216],[91.74265,26.67284],[91.74038,26.67348],[91.74085,26.67403],[91.74207,26.67352],[91.74259,26.67396],[91.7407,26.67542],[91.74054,26.67612],[91.7421,26.67541],[91.74264,26.67578],[91.74361,26.6824],[91.74532,26.68649],[91.74546,26.688],[91.74409,26.68983],[91.73892,26.69181],[91.73772,26.69331],[91.73781,26.69593],[91.74085,26.69806],[91.74246,26.70076],[91.73887,26.70508],[91.73903,26.70685],[91.73597,26.71136],[91.73508,26.71355],[91.73308,26.71489],[91.73403,26.71667],[91.73387,26.72211],[91.73514,26.7251],[91.73504,26.72725],[91.73353,26.72959],[91.73318,26.73126],[91.73161,26.73121],[91.73087,26.73174],[91.73151,26.73451],[91.73108,26.73544],[91.72851,26.73755],[91.72734,26.7398],[91.72562,26.74128],[91.72525,26.74261],[91.72315,26.74482],[91.72229,26.74723],[91.72254,26.74909],[91.7222,26.74976],[91.72102,26.75052],[91.71691,26.75586],[91.71476,26.76415],[91.71358,26.77114],[91.71251,26.7741],[91.71308,26.78565],[91.70684,26.80391],[91.70454,26.81293],[91.72062,26.81174],[91.78388,26.84421],[91.82415,26.86404],[91.85911,26.91334],[91.88494,26.91667],[91.89174,26.91906],[91.9436,26.89499],[91.96421,26.88253],[91.97047,26.87066],[91.9835,26.85819],[92.01713,26.85001],[92.05672,26.84739],[92.0782,26.85554],[92.10265,26.86717],[92.10192,26.88106],[92.11438,26.89358],[92.12002,26.88898],[92.13882,26.88938],[92.16986,26.89165],[92.1948,26.88996],[92.23802,26.90579],[92.25519,26.90961],[92.27518,26.90196],[92.27609,26.902],[92.30296,26.90714],[92.30266,26.92264],[92.3231,26.92753],[92.36319,26.93454],[92.3648,26.93212],[92.36194,26.93017],[92.35758,26.92588],[92.35292,26.915],[92.3496,26.91185],[92.34934,26.90776],[92.3472,26.89809]]]}},{"id":"3","type":"Feature","properties":{"state":"ASSAM","state_lgd":"18","district":"BAKSA","district_lgd":"324"},"geometry":{"type":"Polygon","coordinates":[[[91.44364,26.77398],[91.44369,26.7729],[91.44215,26.77076],[91.44254,26.76831],[91.45365,26.75233],[91.45705,26.7499],[91.45498,26.74531],[91.45529,26.7437],[91.45634,26.74214],[91.45613,26.7381],[91.4573,26.73332],[91.45795,26.73102],[91.45952,26.72831],[91.46008,26.72561],[91.46379,26.72184],[91.4698,26.71982],[91.47308,26.71695],[91.47463,26.71528],[91.47784,26.70997],[91.47998,26.70857],[91.48199,26.70267],[91.48319,26.70144],[91.48759,26.69988],[91.48915,26.69797],[91.48995,26.69621],[91.49119,26.68997],[91.49081,26.68709],[91.4924,26.67917],[91.49497,26.67316],[91.49718,26.66996],[91.49731,26.66933],[91.49609,26.66779],[91.49655,26.6664],[91.4982,26.66466],[91.50038,26.66373],[91.50074,26.6626],[91.50152,26.65716],[91.50067,26.65158],[91.50189,26.64807],[91.50075,26.64656],[91.50211,26.64372],[91.5031,26.6429],[91.50564,26.64247],[91.50607,26.64168],[91.50939,26.62995],[91.50921,26.6284],[91.5085,26.62742],[91.50704,26.62704],[91.50275,26.62722],[91.49585,26.62669],[91.49389,26.62673],[91.49248,26.62821],[91.49119,26.62795],[91.49229,26.62184],[91.49382,26.61795],[91.49337,26.61716],[91.48844,26.61468],[91.48783,26.61348],[91.48978,26.60906],[91.48924,26.60763],[91.48955,26.60648],[91.49152,26.60398],[91.49315,26.60632],[91.49723,26.60287],[91.49889,26.60212],[91.50224,26.60164],[91.50278,26.60083],[91.50237,26.59969],[91.49938,26.59734],[91.49894,26.59548],[91.49942,26.59434],[91.50043,26.59357],[91.50341,26.5938],[91.50415,26.59347],[91.50415,26.59053],[91.50585,26.58643],[91.50571,26.58572],[91.50521,26.58568],[91.50468,26.58832],[91.50298,26.58997],[91.50196,26.59022],[91.50011,26.58973],[91.49878,26.58862],[91.49875,26.58706],[91.50176,26.58338],[91.50214,26.57948],[91.5026,26.57865],[91.50466,26.57753],[91.50393,26.57634],[91.50184,26.57573],[91.50022,26.57405],[91.5006,26.57255],[91.51367,26.56629],[91.51668,26.56816],[91.51925,26.56579],[91.52225,26.56574],[91.5237,26.56309],[91.52565,26.563],[91.5283,26.56398],[91.52958,26.56347],[91.53003,26.55916],[91.52584,26.55555],[91.52495,26.5542],[91.52522,26.55134],[91.52767,26.54841],[91.52703,26.54605],[91.52557,26.5447],[91.52149,26.54437],[91.5172,26.54247],[91.51279,26.54184],[91.51109,26.5406],[91.51097,26.5395],[91.51192,26.5372],[91.51495,26.53579],[91.51454,26.53405],[91.50738,26.53281],[91.4943,26.53386],[91.49453,26.54791],[91.49263,26.55339],[91.4916,26.55442],[91.49125,26.56114],[91.48817,26.56327],[91.47868,26.56801],[91.47672,26.57014],[91.47399,26.57123],[91.47266,26.56951],[91.47115,26.5688],[91.47151,26.56729],[91.47062,26.5647],[91.46919,26.56477],[91.46891,26.5629],[91.46759,26.56261],[91.44648,26.56262],[91.43429,26.56343],[91.43144,26.56002],[91.43111,26.5563],[91.42976,26.55592],[91.42894,26.55452],[91.42795,26.55543],[91.42735,26.55523],[91.42591,26.55332],[91.42697,26.5519],[91.43002,26.55243],[91.43134,26.55168],[91.43189,26.55091],[91.42935,26.55006],[91.42882,26.54934],[91.42916,26.54928],[91.44282,26.54866],[91.45564,26.54869],[91.45776,26.54788],[91.45884,26.54662],[91.45871,26.54235],[91.43013,26.53503],[91.42818,26.53549],[91.4166,26.53298],[91.41253,26.5325],[91.4053,26.53054],[91.39026,26.52798],[91.38669,26.52653],[91.37687,26.52635],[91.37175,26.52534],[91.36152,26.52504],[91.35265,26.524],[91.35388,26.51779],[91.35406,26.51184],[91.35455,26.51111],[91.35531,26.51082],[91.36322,26.51129],[91.36279,26.51068],[91.36182,26.50131],[91.36141,26.50096],[91.35731,26.50124],[91.35617,26.50006],[91.35402,26.50045],[91.35226,26.50356],[91.35235,26.50547],[91.35501,26.5105],[91.35353,26.50977],[91.34918,26.5099],[91.34774,26.50782],[91.34385,26.5082],[91.34314,26.5061],[91.34365,26.50501],[91.34177,26.50005],[91.30179,26.50004],[91.30161,26.50145],[91.29651,26.50204],[91.29192,26.50315],[91.28414,26.50264],[91.28424,26.50333],[91.2886,26.5084],[91.29013,26.511],[91.28934,26.51538],[91.31142,26.51691],[91.31038,26.52104],[91.30816,26.52149],[91.30784,26.52232],[91.30618,26.52264],[91.30599,26.52303],[91.30629,26.52408],[91.3069,26.52438],[91.31118,26.52489],[91.31076,26.52865],[91.30984,26.5298],[91.30715,26.53007],[91.30641,26.53228],[91.30426,26.53459],[91.30511,26.5358],[91.30493,26.5364],[91.30333,26.53659],[91.30273,26.53717],[91.29822,26.54313],[91.29677,26.54626],[91.29463,26.54699],[91.27743,26.54128],[91.27523,26.54121],[91.27435,26.53804],[91.27307,26.53771],[91.27255,26.53453],[91.26622,26.53499],[91.26419,26.52675],[91.26327,26.5263],[91.26262,26.52508],[91.26265,26.52447],[91.26356,26.5238],[91.26367,26.52157],[91.26235,26.5216],[91.25897,26.52039],[91.25787,26.52125],[91.25557,26.52133],[91.25466,26.52279],[91.24952,26.52314],[91.24941,26.52377],[91.24859,26.5242],[91.24419,26.52381],[91.24414,26.52555],[91.2472,26.52707],[91.24859,26.5291],[91.24791,26.53136],[91.24876,26.53425],[91.24773,26.5356],[91.24787,26.53843],[91.24869,26.53861],[91.24978,26.53733],[91.2511,26.53765],[91.25289,26.53884],[91.25316,26.53994],[91.2546,26.54044],[91.25551,26.54218],[91.25708,26.54152],[91.2573,26.5391],[91.25892,26.53942],[91.25912,26.53991],[91.25825,26.54109],[91.25799,26.5431],[91.26081,26.54318],[91.26217,26.54554],[91.26573,26.54461],[91.26614,26.54525],[91.26571,26.54833],[91.2664,26.54925],[91.26784,26.54907],[91.26972,26.54737],[91.27065,26.54773],[91.27072,26.54902],[91.26754,26.55104],[91.26724,26.55216],[91.26769,26.55286],[91.26881,26.55294],[91.27092,26.55045],[91.27142,26.55047],[91.27216,26.55185],[91.27323,26.55226],[91.27446,26.55452],[91.27639,26.55482],[91.27567,26.55608],[91.2758,26.5568],[91.28011,26.55755],[91.2828,26.55894],[91.28232,26.56017],[91.28418,26.56132],[91.28419,26.56191],[91.28329,26.56277],[91.28446,26.56442],[91.28723,26.56569],[91.28989,26.56385],[91.28999,26.56439],[91.2893,26.56578],[91.28914,26.5677],[91.27635,26.56926],[91.27548,26.56625],[91.26576,26.56701],[91.26362,26.56727],[91.26358,26.56796],[91.26019,26.56915],[91.25836,26.5706],[91.2576,26.57223],[91.25851,26.57699],[91.26136,26.57674],[91.26218,26.57574],[91.26728,26.57495],[91.26902,26.58428],[91.25754,26.58496],[91.25161,26.5859],[91.25073,26.57832],[91.24652,26.57885],[91.24404,26.57564],[91.24351,26.57651],[91.23829,26.57764],[91.23931,26.57889],[91.2372,26.58187],[91.23873,26.58252],[91.23735,26.58356],[91.23874,26.58579],[91.23879,26.58636],[91.23747,26.58651],[91.23739,26.58721],[91.23817,26.58938],[91.2385,26.59348],[91.23792,26.59543],[91.2348,26.5973],[91.23538,26.60014],[91.2349,26.60212],[91.23547,26.60377],[91.23438,26.60845],[91.23986,26.61034],[91.24038,26.60878],[91.24589,26.60784],[91.24753,26.60781],[91.24832,26.60821],[91.24996,26.61393],[91.25006,26.61707],[91.23758,26.61555],[91.23456,26.61562],[91.23649,26.61724],[91.23422,26.6172],[91.23107,26.6151],[91.22998,26.61597],[91.2297,26.61703],[91.23226,26.62032],[91.23221,26.62176],[91.231,26.62399],[91.22952,26.62391],[91.22841,26.62464],[91.22223,26.62232],[91.22142,26.62173],[91.22133,26.62068],[91.2199,26.61991],[91.21949,26.62168],[91.21872,26.62144],[91.21723,26.62248],[91.2168,26.62242],[91.21634,26.62087],[91.21551,26.62032],[91.21326,26.62173],[91.21077,26.62234],[91.19855,26.62342],[91.19952,26.60998],[91.19935,26.60432],[91.1927,26.60404],[91.18765,26.60427],[91.18521,26.60482],[91.18179,26.6081],[91.18283,26.61606],[91.18753,26.62241],[91.17748,26.62198],[91.17733,26.62328],[91.18059,26.62449],[91.18428,26.62477],[91.18584,26.62538],[91.18702,26.62627],[91.18691,26.62828],[91.18402,26.62877],[91.17792,26.62882],[91.17441,26.62793],[91.16925,26.62804],[91.16555,26.6298],[91.16256,26.63056],[91.16199,26.63849],[91.15212,26.63932],[91.15113,26.64241],[91.15141,26.64349],[91.15221,26.64457],[91.15363,26.6448],[91.15379,26.64624],[91.15642,26.64586],[91.15663,26.64658],[91.15593,26.64767],[91.15669,26.64869],[91.15567,26.64998],[91.15698,26.65134],[91.15829,26.65023],[91.15868,26.65078],[91.15843,26.65194],[91.15742,26.65367],[91.14883,26.66023],[91.1458,26.66353],[91.1414,26.66188],[91.14022,26.65101],[91.13152,26.65059],[91.13031,26.65078],[91.13097,26.65128],[91.13252,26.65133],[91.13276,26.65204],[91.13036,26.65191],[91.12985,26.65239],[91.13091,26.6542],[91.1313,26.65735],[91.12939,26.65688],[91.12888,26.65929],[91.12972,26.65983],[91.13186,26.6593],[91.1325,26.65986],[91.12789,26.66121],[91.11682,26.66192],[91.11535,26.66266],[91.11402,26.66157],[91.11318,26.66235],[91.11124,26.66242],[91.11036,26.66317],[91.10903,26.66248],[91.10673,26.66269],[91.10548,26.66392],[91.10494,26.66385],[91.10425,26.66248],[91.10374,26.66236],[91.10328,26.66272],[91.10346,26.66404],[91.10294,26.66498],[91.10117,26.66502],[91.09835,26.66653],[91.09775,26.6618],[91.09571,26.65501],[91.09626,26.65353],[91.09598,26.65276],[91.09903,26.65234],[91.11167,26.65227],[91.11347,26.65189],[91.1135,26.64663],[91.11333,26.63804],[91.10024,26.63794],[91.0978,26.6388],[91.09698,26.64023],[91.09575,26.6396],[91.09789,26.63377],[91.09854,26.6294],[91.10219,26.6316],[91.1058,26.63284],[91.11295,26.63209],[91.11707,26.63253],[91.11705,26.62565],[91.11799,26.61992],[91.12229,26.61835],[91.12365,26.61655],[91.12305,26.61319],[91.12355,26.6122],[91.13932,26.61204],[91.14226,26.61148],[91.14276,26.61016],[91.14032,26.60714],[91.13974,26.60575],[91.14191,26.60389],[91.1441,26.60286],[91.14433,26.60226],[91.13875,26.59918],[91.13467,26.59816],[91.13183,26.59801],[91.12947,26.59888],[91.1292,26.5996],[91.13,26.60322],[91.12983,26.60511],[91.12909,26.60619],[91.12616,26.60441],[91.12638,26.60238],[91.12442,26.60061],[91.12437,26.6],[91.12477,26.59905],[91.12635,26.59767],[91.12636,26.59395],[91.1251,26.59281],[91.12409,26.59293],[91.12272,26.59399],[91.11869,26.59251],[91.118,26.59155],[91.11767,26.5888],[91.11506,26.58609],[91.11407,26.58434],[91.11397,26.58374],[91.11453,26.58357],[91.12254,26.58306],[91.12146,26.5792],[91.12002,26.5773],[91.12014,26.57557],[91.11921,26.57458],[91.11903,26.57313],[91.11777,26.57234],[91.11357,26.57151],[91.11056,26.57171],[91.10641,26.56931],[91.1054,26.56789],[91.10543,26.56664],[91.10628,26.56597],[91.10727,26.56606],[91.10857,26.567],[91.10967,26.56688],[91.10988,26.56598],[91.10901,26.56396],[91.11056,26.56156],[91.10545,26.56157],[91.09663,26.56276],[91.09508,26.5625],[91.09224,26.56179],[91.08342,26.5582],[91.08149,26.55664],[91.08092,26.55502],[91.08056,26.54746],[91.08229,26.53381],[91.07405,26.53382],[91.07299,26.52137],[91.07217,26.51853],[91.07263,26.51657],[91.05971,26.51649],[91.05929,26.51752],[91.05545,26.52193],[91.05472,26.5237],[91.0551,26.52572],[91.05721,26.52799],[91.05496,26.52949],[91.05274,26.52976],[91.04905,26.52972],[91.03923,26.52859],[91.02856,26.53106],[91.02197,26.53136],[91.00759,26.5309],[91.00683,26.53181],[91.00603,26.53193],[91.00253,26.53129],[91.0013,26.53043],[90.99983,26.52876],[90.99988,26.52672],[90.99929,26.5252],[90.99818,26.52436],[90.99337,26.52519],[90.99104,26.52403],[90.9906,26.52324],[90.99061,26.52008],[90.99122,26.51794],[90.99201,26.51762],[90.99662,26.51798],[90.99724,26.51747],[90.99792,26.51501],[90.99749,26.51365],[90.99537,26.51128],[90.99443,26.50766],[90.99417,26.50489],[90.99591,26.50236],[90.99518,26.50076],[90.99511,26.49868],[90.99419,26.49722],[90.99291,26.49866],[90.99105,26.49962],[90.98929,26.49909],[90.98844,26.49952],[90.9876,26.49931],[90.98447,26.4958],[90.98438,26.4953],[90.98518,26.49459],[90.98469,26.49298],[90.98394,26.49217],[90.98263,26.49179],[90.98506,26.49057],[91.00072,26.4899],[90.99925,26.48611],[91.00012,26.48286],[91.00005,26.48045],[90.99825,26.4781],[90.99725,26.47551],[90.99681,26.47285],[90.99722,26.47027],[91.00136,26.46765],[91.00147,26.46678],[91.00245,26.46717],[91.00274,26.46527],[91.00329,26.46523],[91.0041,26.46615],[91.00442,26.46596],[91.00462,26.46454],[91.00701,26.46197],[91.00658,26.4598],[91.00807,26.45774],[91.00889,26.45766],[91.00967,26.45921],[91.01145,26.45908],[91.01174,26.45816],[91.01018,26.45751],[91.01035,26.45655],[91.01233,26.45582],[91.01392,26.45593],[91.01556,26.45409],[91.0162,26.45469],[91.0166,26.45439],[91.0174,26.45217],[91.01604,26.4514],[91.0162,26.4489],[91.01569,26.44864],[91.01415,26.44904],[91.0142,26.4461],[91.01378,26.44548],[91.01461,26.44463],[91.01625,26.44567],[91.0173,26.44381],[91.01554,26.44231],[91.01638,26.44093],[91.01548,26.44017],[91.01331,26.43956],[91.01352,26.43859],[91.01172,26.43849],[91.00953,26.43904],[91.0103,26.43743],[91.01012,26.43706],[91.00884,26.43717],[91.00898,26.43579],[91.0098,26.43582],[91.01058,26.4351],[91.00954,26.43467],[91.00968,26.43361],[91.00704,26.43347],[91.00728,26.43439],[91.00636,26.43472],[91.0058,26.43344],[91.00515,26.4332],[91.00475,26.43568],[91.00416,26.43611],[91.00289,26.43526],[91.00261,26.43374],[91.00096,26.43386],[90.99897,26.43541],[90.99745,26.43756],[90.9934,26.43903],[90.99325,26.43386],[90.99251,26.43331],[90.99082,26.4338],[90.98981,26.43349],[90.98948,26.43041],[90.98857,26.42896],[90.98354,26.42665],[90.98048,26.42678],[90.97896,26.42642],[90.97563,26.42761],[90.97551,26.42932],[90.98023,26.43406],[90.97988,26.43781],[90.9809,26.43975],[90.98339,26.44108],[90.98365,26.4425],[90.9831,26.44427],[90.98191,26.44511],[90.97966,26.44518],[90.97914,26.44483],[90.97997,26.44113],[90.97815,26.43943],[90.97665,26.43935],[90.97156,26.44238],[90.97036,26.44268],[90.96945,26.44471],[90.96967,26.44553],[90.97099,26.44673],[90.9733,26.44682],[90.97543,26.44744],[90.97691,26.44843],[90.97926,26.45519],[90.97813,26.45575],[90.97679,26.45499],[90.97431,26.45458],[90.97388,26.45374],[90.97297,26.45351],[90.97214,26.45381],[90.97161,26.45579],[90.97087,26.45665],[90.96994,26.45676],[90.96734,26.45551],[90.96691,26.44743],[90.9682,26.4429],[90.96736,26.44228],[90.96566,26.44209],[90.96325,26.43924],[90.95939,26.43768],[90.9562,26.43981],[90.95589,26.4409],[90.9568,26.44303],[90.95924,26.44522],[90.95836,26.44759],[90.959,26.44977],[90.95981,26.45102],[90.96415,26.45378],[90.9643,26.45456],[90.96363,26.45556],[90.96385,26.45666],[90.96634,26.45835],[90.96638,26.45953],[90.96442,26.46033],[90.96301,26.45991],[90.96176,26.45881],[90.95924,26.45869],[90.95845,26.45746],[90.95902,26.45566],[90.95809,26.4549],[90.95687,26.45494],[90.95061,26.45803],[90.9496,26.45765],[90.94893,26.456],[90.94776,26.45542],[90.94664,26.45686],[90.94793,26.45908],[90.95223,26.45972],[90.95445,26.45853],[90.95622,26.45864],[90.95817,26.46036],[90.95877,26.46186],[90.96018,26.46266],[90.96018,26.46366],[90.95815,26.46583],[90.95775,26.46882],[90.95606,26.47049],[90.95224,26.47112],[90.94462,26.46837],[90.94185,26.46865],[90.93966,26.46983],[90.93871,26.47367],[90.93694,26.47573],[90.94119,26.47481],[90.94298,26.47483],[90.94561,26.47399],[90.9463,26.4744],[90.94754,26.47734],[90.95094,26.47729],[90.95189,26.478],[90.95287,26.48137],[90.95192,26.48231],[90.95063,26.4827],[90.94951,26.48496],[90.94843,26.48541],[90.94788,26.48638],[90.95028,26.486],[90.95144,26.48522],[90.95189,26.48723],[90.95067,26.49016],[90.95105,26.49146],[90.96032,26.49143],[90.9623,26.49243],[90.96267,26.49333],[90.96718,26.49273],[90.96933,26.49184],[90.96972,26.49836],[90.97626,26.49919],[90.977,26.5],[90.97735,26.5012],[90.97675,26.50945],[90.9768,26.51781],[90.97605,26.52015],[90.97561,26.52571],[90.97687,26.5296],[90.97674,26.53969],[90.9772,26.541],[90.98176,26.54084],[90.98133,26.55446],[90.98595,26.55474],[90.98482,26.56406],[90.98531,26.57518],[90.98775,26.57479],[90.99445,26.57176],[90.99582,26.5718],[90.99464,26.57848],[90.99501,26.58039],[90.99681,26.5813],[90.99629,26.59011],[90.99457,26.59453],[90.99441,26.59885],[90.99482,26.60078],[90.99089,26.60096],[90.99017,26.59448],[90.98908,26.59052],[90.96871,26.59044],[90.96952,26.58781],[90.9709,26.58551],[90.97519,26.5848],[90.97544,26.58443],[90.97595,26.57711],[90.96403,26.57825],[90.9627,26.57644],[90.96244,26.57549],[90.96379,26.5746],[90.96817,26.57589],[90.96882,26.57521],[90.96745,26.5737],[90.96645,26.57041],[90.96619,26.56739],[90.96289,26.56375],[90.96382,26.55995],[90.9636,26.55833],[90.96188,26.5576],[90.9595,26.55755],[90.95705,26.55658],[90.95567,26.55526],[90.95553,26.55093],[90.95283,26.54621],[90.95191,26.54569],[90.94553,26.54778],[90.94272,26.54727],[90.94091,26.5464],[90.93676,26.54235],[90.93692,26.54049],[90.93839,26.53918],[90.9416,26.53796],[90.94354,26.53839],[90.94615,26.54027],[90.94805,26.53943],[90.94821,26.53757],[90.94944,26.53449],[90.95095,26.53268],[90.95295,26.53204],[90.95619,26.5321],[90.95775,26.53085],[90.95914,26.52545],[90.95858,26.52449],[90.95491,26.52219],[90.95405,26.51954],[90.95466,26.51836],[90.95563,26.5168],[90.95791,26.51664],[90.964,26.51764],[90.96574,26.51673],[90.96574,26.51581],[90.96466,26.51524],[90.961,26.515],[90.95897,26.51244],[90.95725,26.51185],[90.95097,26.51293],[90.94787,26.51265],[90.94346,26.51559],[90.94143,26.51587],[90.9397,26.51507],[90.93926,26.51309],[90.93602,26.51292],[90.93254,26.51344],[90.93099,26.51605],[90.92185,26.51541],[90.92037,26.5148],[90.9184,26.51479],[90.91721,26.51588],[90.92016,26.51857],[90.91988,26.52172],[90.91581,26.52307],[90.91534,26.52495],[90.91605,26.5278],[90.91918,26.53527],[90.919,26.53799],[90.91971,26.54391],[90.92705,26.54417],[90.93667,26.54597],[90.93937,26.54829],[90.93905,26.55041],[90.93373,26.55528],[90.93201,26.55483],[90.92664,26.55497],[90.92369,26.55612],[90.92199,26.55805],[90.92031,26.56235],[90.92108,26.56359],[90.9211,26.56716],[90.92304,26.57128],[90.92419,26.57153],[90.92511,26.57249],[90.92544,26.57574],[90.91832,26.57762],[90.91179,26.57865],[90.91088,26.57712],[90.90931,26.57625],[90.90805,26.57612],[90.902,26.57252],[90.90104,26.57072],[90.90185,26.56889],[90.8981,26.56343],[90.89621,26.55715],[90.89505,26.55507],[90.89114,26.55226],[90.88933,26.55325],[90.88301,26.55446],[90.87839,26.55676],[90.87727,26.55813],[90.87707,26.56099],[90.87457,26.5712],[90.87133,26.57305],[90.87135,26.57419],[90.87252,26.57595],[90.86964,26.57672],[90.86949,26.57791],[90.87015,26.58011],[90.87255,26.5824],[90.87544,26.58358],[90.88009,26.58311],[90.88056,26.58423],[90.88459,26.58722],[90.88653,26.58997],[90.88627,26.59092],[90.88423,26.59292],[90.88419,26.5938],[90.88559,26.59453],[90.89043,26.59534],[90.89728,26.5976],[90.89961,26.59773],[90.90066,26.59851],[90.90096,26.59956],[90.90026,26.60045],[90.89846,26.60066],[90.8964,26.60213],[90.89567,26.60368],[90.89634,26.60659],[90.89623,26.61137],[90.89566,26.61201],[90.89587,26.62039],[90.89456,26.62698],[90.89735,26.62922],[90.90101,26.63494],[90.90101,26.63979],[90.90177,26.64396],[90.90047,26.64736],[90.90258,26.65313],[90.90279,26.65613],[90.89934,26.6637],[90.8951,26.66393],[90.89505,26.66693],[90.89579,26.67024],[90.89553,26.67259],[90.89796,26.67511],[90.90148,26.68047],[90.89951,26.68338],[90.89872,26.68553],[90.89891,26.68834],[90.89954,26.68985],[90.90205,26.6924],[90.90759,26.69506],[90.91198,26.70442],[90.91627,26.71146],[90.91335,26.71953],[90.91337,26.72266],[90.9148,26.72847],[90.91699,26.73167],[90.92049,26.73537],[90.92267,26.74091],[90.92677,26.74289],[90.92806,26.74439],[90.93203,26.75141],[90.93628,26.75428],[90.93847,26.75695],[90.9395,26.76107],[90.93911,26.76338],[90.93813,26.76497],[90.94034,26.77061],[90.94071,26.77561],[90.95571,26.78099],[90.95692,26.78162],[90.95928,26.78448],[90.99187,26.79064],[91.05406,26.78099],[91.09756,26.82199],[91.14585,26.81087],[91.19213,26.81342],[91.23689,26.812],[91.27709,26.80031],[91.29663,26.78697],[91.33725,26.78086],[91.37601,26.79523],[91.39263,26.81801],[91.40678,26.83836],[91.40802,26.83608],[91.40823,26.83416],[91.411,26.82932],[91.41326,26.8211],[91.41398,26.81966],[91.41762,26.81559],[91.42068,26.80763],[91.42428,26.80311],[91.42757,26.80038],[91.43815,26.7882],[91.43996,26.78268],[91.44195,26.77997],[91.4419,26.77653],[91.44364,26.77398]]]}},{"id":"4","type":"Feature","properties":{"state":"ASSAM","state_lgd":"18","district":"DHUBRI","district_lgd":"301"},"geometry":{"type":"Polygon","coordinates":[[[90.22963,26.35478],[90.22167,26.35255],[90.21683,26.35273],[90.21488,26.35102],[90.21539,26.34928],[90.21652,26.34826],[90.21812,26.34785],[90.22622,26.35124],[90.22791,26.34872],[90.22427,26.34133],[90.21957,26.33648],[90.21666,26.33242],[90.2161,26.33063],[90.21641,26.32896],[90.21845,26.3272],[90.21962,26.32748],[90.22129,26.3287],[90.22364,26.33182],[90.22574,26.33366],[90.22729,26.33416],[90.23001,26.33366],[90.23159,26.33216],[90.23283,26.32943],[90.23301,26.32753],[90.23536,26.32558],[90.23783,26.32485],[90.23974,26.32508],[90.24253,26.32847],[90.24376,26.32864],[90.24568,26.32786],[90.24966,26.32413],[90.25158,26.32566],[90.25283,26.3277],[90.25487,26.33434],[90.25564,26.33543],[90.25955,26.33441],[90.26723,26.33055],[90.26063,26.32477],[90.26262,26.32022],[90.26457,26.31295],[90.26748,26.31066],[90.27124,26.30911],[90.27351,26.30614],[90.27236,26.30458],[90.27254,26.30247],[90.27377,26.30107],[90.27596,26.29966],[90.27807,26.29923],[90.28043,26.29738],[90.2814,26.29475],[90.281,26.29218],[90.27959,26.28776],[90.2737,26.27696],[90.27194,26.27205],[90.27228,26.26725],[90.25861,26.27295],[90.25215,26.27014],[90.25145,26.2644],[90.25925,26.26354],[90.27359,26.26065],[90.27383,26.25887],[90.27259,26.25259],[90.27557,26.25218],[90.28388,26.25244],[90.28795,26.2521],[90.28526,26.24576],[90.28408,26.23665],[90.28752,26.23814],[90.29382,26.23949],[90.29734,26.24075],[90.29885,26.24201],[90.304,26.24302],[90.30886,26.24469],[90.30504,26.24992],[90.30403,26.25273],[90.3034,26.25748],[90.30736,26.26265],[90.30955,26.26169],[90.31807,26.26783],[90.32069,26.27881],[90.32349,26.27866],[90.32483,26.27665],[90.32573,26.27655],[90.32715,26.27715],[90.32595,26.27476],[90.32606,26.27157],[90.3276,26.27019],[90.33847,26.27254],[90.34202,26.27088],[90.34399,26.27071],[90.34516,26.27198],[90.35043,26.28496],[90.35185,26.28713],[90.35207,26.28597],[90.35345,26.28556],[90.35591,26.2818],[90.3566,26.27937],[90.35983,26.27546],[90.36179,26.27469],[90.36278,26.2731],[90.36228,26.27089],[90.35984,26.26863],[90.35956,26.26671],[90.35819,26.26536],[90.35741,26.26549],[90.35708,26.26625],[90.35662,26.26936],[90.35448,26.27001],[90.35362,26.26979],[90.35605,26.26773],[90.35645,26.26604],[90.35642,26.26319],[90.35521,26.26028],[90.35527,26.25874],[90.35483,26.25855],[90.35538,26.25821],[90.35641,26.25846],[90.35813,26.25995],[90.35998,26.26236],[90.3602,26.26363],[90.36165,26.26452],[90.36635,26.26439],[90.36725,26.26474],[90.3675,26.26601],[90.36826,26.26633],[90.36957,26.26613],[90.37182,26.26705],[90.37434,26.26632],[90.38117,26.26864],[90.38288,26.2723],[90.38129,26.27804],[90.3758,26.28683],[90.3747,26.29086],[90.37641,26.29928],[90.37935,26.30257],[90.37923,26.30929],[90.38376,26.31161],[90.3933,26.31296],[90.40405,26.31602],[90.4049,26.32078],[90.40394,26.32663],[90.40418,26.3331],[90.39599,26.34751],[90.39404,26.35459],[90.39514,26.35935],[90.39989,26.3635],[90.40196,26.36387],[90.41893,26.36289],[90.42284,26.36424],[90.42477,26.36375],[90.42588,26.36105],[90.42777,26.35842],[90.43097,26.35603],[90.43251,26.35388],[90.43056,26.34805],[90.43064,26.34697],[90.43289,26.34347],[90.43462,26.3424],[90.43786,26.34286],[90.43875,26.34381],[90.43804,26.35458],[90.43514,26.35811],[90.43522,26.35927],[90.43571,26.35967],[90.44334,26.36016],[90.44226,26.35297],[90.44542,26.35453],[90.44615,26.35398],[90.44242,26.34807],[90.44227,26.34734],[90.44448,26.34589],[90.44638,26.34635],[90.44715,26.34699],[90.45281,26.35723],[90.45441,26.35802],[90.45695,26.35708],[90.4576,26.35609],[90.45758,26.35504],[90.45458,26.35106],[90.45413,26.34942],[90.45791,26.34644],[90.45692,26.34337],[90.45416,26.34134],[90.45388,26.33984],[90.46021,26.33053],[90.46279,26.32884],[90.46481,26.32933],[90.47027,26.33427],[90.47207,26.33458],[90.47303,26.33412],[90.47395,26.33261],[90.47401,26.33083],[90.47268,26.32959],[90.46714,26.32738],[90.46618,26.32636],[90.46591,26.32524],[90.46897,26.31983],[90.47849,26.3094],[90.47911,26.30826],[90.47972,26.30449],[90.47897,26.3021],[90.4835,26.29666],[90.48363,26.29491],[90.48224,26.29326],[90.47876,26.29138],[90.47641,26.28767],[90.4727,26.28862],[90.4679,26.28752],[90.46497,26.28989],[90.46412,26.28946],[90.46364,26.28872],[90.46378,26.28631],[90.46967,26.28106],[90.47056,26.27881],[90.46967,26.27733],[90.46769,26.27641],[90.46101,26.27592],[90.45907,26.27641],[90.45774,26.2792],[90.45699,26.28403],[90.4559,26.2852],[90.45512,26.2848],[90.45562,26.27631],[90.4577,26.27269],[90.46165,26.27173],[90.46881,26.27327],[90.47168,26.27332],[90.47304,26.27213],[90.4732,26.26983],[90.47191,26.26847],[90.46888,26.267],[90.46547,26.26617],[90.4591,26.26578],[90.45774,26.26584],[90.45645,26.26648],[90.4543,26.2711],[90.4528,26.27233],[90.45107,26.27187],[90.44633,26.26908],[90.44545,26.26816],[90.44445,26.26528],[90.445,26.26162],[90.44619,26.25985],[90.45144,26.25615],[90.45198,26.25491],[90.45108,26.25],[90.44921,26.24831],[90.44731,26.24801],[90.44629,26.24847],[90.44329,26.2505],[90.44132,26.25247],[90.43993,26.25457],[90.43768,26.26067],[90.43683,26.26153],[90.43485,26.26193],[90.43363,26.26162],[90.43216,26.26085],[90.43121,26.25967],[90.43056,26.25841],[90.43097,26.25551],[90.43607,26.25067],[90.4372,26.24772],[90.44177,26.24493],[90.44175,26.24195],[90.44115,26.2417],[90.43177,26.24367],[90.4271,26.24379],[90.42299,26.24142],[90.41546,26.23496],[90.4092,26.23106],[90.40276,26.22303],[90.39848,26.22034],[90.394,26.2206],[90.38796,26.22572],[90.38615,26.22572],[90.38218,26.22464],[90.37767,26.22241],[90.37689,26.22145],[90.3765,26.21984],[90.37673,26.21121],[90.37892,26.20323],[90.37731,26.20027],[90.37569,26.18289],[90.375,26.18126],[90.37274,26.17843],[90.37107,26.17763],[90.36663,26.17691],[90.3207,26.18626],[90.29652,26.18355],[90.25699,26.173],[90.2499,26.15042],[90.24794,26.14041],[90.23899,26.13673],[90.2318,26.13514],[90.21467,26.12724],[90.19543,26.12726],[90.19157,26.12465],[90.18915,26.1217],[90.18765,26.11385],[90.18608,26.11072],[90.18392,26.10841],[90.18098,26.10647],[90.17366,26.10305],[90.17285,26.10012],[90.17285,26.09735],[90.17369,26.09398],[90.17343,26.0902],[90.1722,26.08684],[90.16944,26.08258],[90.16874,26.07748],[90.17484,26.07239],[90.17898,26.0675],[90.183,26.06199],[90.18426,26.05783],[90.18462,26.05162],[90.18364,26.05003],[90.18031,26.04802],[90.17122,26.04527],[90.17068,26.04404],[90.17155,26.04343],[90.17443,26.04386],[90.17714,26.04119],[90.17754,26.03789],[90.18043,26.03355],[90.18456,26.03309],[90.18754,26.03192],[90.19127,26.03136],[90.19628,26.02782],[90.19728,26.02592],[90.19732,26.02415],[90.19474,26.02001],[90.19064,26.0155],[90.18518,26.01118],[90.18346,26.00885],[90.18622,26.00601],[90.18708,26.00433],[90.18751,26.00139],[90.1795,26.00038],[90.17914,25.9992],[90.17949,25.99712],[90.17877,25.99676],[90.17628,25.99692],[90.17407,25.99452],[90.1737,25.99173],[90.17514,25.98907],[90.17076,25.99066],[90.16517,25.98691],[90.1604,25.98824],[90.15749,25.98775],[90.15574,25.98606],[90.15221,25.9847],[90.15097,25.98114],[90.14933,25.98031],[90.14845,25.98023],[90.14294,25.98223],[90.14176,25.98225],[90.1404,25.98121],[90.14031,25.98],[90.14165,25.97711],[90.14016,25.97378],[90.13815,25.97368],[90.13631,25.97517],[90.13398,25.97508],[90.13301,25.97417],[90.1289,25.96727],[90.12726,25.96867],[90.12451,25.96935],[90.12083,25.96953],[90.11856,25.96816],[90.1174,25.96672],[90.1174,25.9648],[90.11607,25.96341],[90.11587,25.96259],[90.11764,25.96091],[90.11939,25.95818],[90.11598,25.95702],[90.11525,25.95575],[90.11315,25.95457],[90.11169,25.95165],[90.10772,25.94997],[90.10657,25.94693],[90.10454,25.94492],[90.10646,25.94268],[90.10401,25.94214],[90.10081,25.9438],[90.10143,25.94047],[90.09829,25.93777],[90.09721,25.93759],[90.0934,25.93861],[90.0924,25.93839],[90.09404,25.92849],[90.09304,25.92829],[90.09211,25.92898],[90.09075,25.92868],[90.08763,25.92564],[90.08555,25.92532],[90.08643,25.91971],[90.08199,25.91827],[90.08006,25.91739],[90.07754,25.91543],[90.07638,25.91521],[90.07512,25.91538],[90.07287,25.91853],[90.07045,25.91855],[90.06987,25.91814],[90.0699,25.91706],[90.06688,25.91343],[90.06363,25.91407],[90.06025,25.91388],[90.0605,25.91283],[90.0627,25.91123],[90.06203,25.91036],[90.0593,25.90946],[90.05793,25.90738],[90.05544,25.90639],[90.05529,25.90553],[90.0565,25.90351],[90.055,25.90091],[90.05394,25.90036],[90.0508,25.90068],[90.04766,25.90034],[90.04713,25.89991],[90.04697,25.89775],[90.04622,25.89639],[90.04529,25.8958],[90.04297,25.8956],[90.04107,25.89439],[90.04121,25.89388],[90.04299,25.89313],[90.04328,25.89217],[90.04268,25.89036],[90.043,25.88864],[90.04137,25.88791],[90.03678,25.89121],[90.03391,25.89226],[90.03364,25.89254],[90.03463,25.89409],[90.03364,25.89497],[90.02776,25.89541],[90.02637,25.89604],[90.02295,25.89624],[90.02099,25.89681],[90.01808,25.89941],[90.01663,25.90272],[90.01632,25.90541],[90.01556,25.90598],[90.01308,25.90599],[90.01226,25.90654],[90.01135,25.90861],[90.01079,25.91247],[90.0109,25.91982],[90.01135,25.92317],[90.01217,25.92437],[90.00964,25.92471],[90.005,25.92381],[90.00135,25.92398],[89.9981,25.92972],[89.99491,25.93217],[89.99342,25.93045],[89.98749,25.92938],[89.99034,25.92453],[89.99712,25.9182],[89.99704,25.9084],[89.98944,25.90217],[89.9877,25.90007],[89.98659,25.89711],[89.98498,25.8949],[89.98152,25.89391],[89.97819,25.89182],[89.97163,25.88899],[89.96804,25.88602],[89.96025,25.88171],[89.95789,25.87936],[89.9553,25.87554],[89.95594,25.87169],[89.95375,25.867],[89.95206,25.8618],[89.95364,25.86028],[89.95912,25.84893],[89.96175,25.84681],[89.9615,25.84335],[89.96214,25.83945],[89.9577,25.83676],[89.95565,25.83467],[89.95407,25.83198],[89.953,25.82732],[89.95009,25.82714],[89.94885,25.82643],[89.94823,25.82477],[89.94916,25.8233],[89.94861,25.82049],[89.94474,25.81767],[89.94192,25.8163],[89.93502,25.81581],[89.93003,25.81454],[89.92811,25.81597],[89.91266,25.80568],[89.90905,25.80496],[89.90674,25.80376],[89.90432,25.80179],[89.90328,25.79996],[89.904,25.7972],[89.90387,25.79583],[89.89843,25.79327],[89.89633,25.79196],[89.89599,25.79073],[89.88955,25.78705],[89.88586,25.78259],[89.88219,25.78278],[89.87215,25.78441],[89.86584,25.78726],[89.86348,25.78891],[89.86241,25.78903],[89.86135,25.7882],[89.85923,25.78785],[89.8531,25.79045],[89.84802,25.79163],[89.84531,25.79186],[89.83253,25.78958],[89.83127,25.79107],[89.83057,25.79465],[89.82949,25.79642],[89.82928,25.79833],[89.82997,25.80063],[89.82636,25.81047],[89.82588,25.81112],[89.8238,25.81147],[89.8207,25.8135],[89.81654,25.8143],[89.81764,25.81806],[89.82579,25.8287],[89.82723,25.83294],[89.83064,25.83562],[89.83528,25.84073],[89.83489,25.84769],[89.83384,25.85406],[89.83413,25.85587],[89.83545,25.85783],[89.83568,25.85996],[89.83409,25.86741],[89.83257,25.87061],[89.83848,25.87576],[89.84153,25.88091],[89.84616,25.88583],[89.8488,25.88784],[89.84822,25.88992],[89.84829,25.89208],[89.85111,25.89436],[89.85162,25.8958],[89.85683,25.8997],[89.85817,25.90151],[89.86078,25.90733],[89.86178,25.90684],[89.86232,25.90736],[89.87428,25.91955],[89.87818,25.92423],[89.87838,25.92565],[89.87727,25.92568],[89.87811,25.92777],[89.88267,25.93797],[89.88708,25.9452],[89.87619,25.94683],[89.87268,25.94612],[89.86884,25.94439],[89.86711,25.94459],[89.85961,25.94334],[89.8526,25.94335],[89.84858,25.94288],[89.84503,25.94003],[89.84274,25.94003],[89.83915,25.94108],[89.84235,25.94431],[89.82977,25.94569],[89.82539,25.9455],[89.82502,25.94867],[89.82568,25.95153],[89.82837,25.95428],[89.8306,25.95517],[89.83264,25.95478],[89.84043,25.9513],[89.84624,25.95036],[89.84934,25.94911],[89.84602,25.95198],[89.8445,25.95476],[89.84719,25.95671],[89.84298,25.96409],[89.83854,25.96585],[89.83856,25.96785],[89.84108,25.96828],[89.84154,25.97042],[89.843,25.97085],[89.84898,25.97097],[89.85479,25.96873],[89.85623,25.96877],[89.86003,25.96955],[89.86383,25.97168],[89.86684,25.97203],[89.87181,25.97404],[89.87333,25.97588],[89.87248,25.97766],[89.87101,25.97895],[89.87103,25.9807],[89.8702,25.98144],[89.86926,25.98149],[89.86859,25.97969],[89.86728,25.97978],[89.8664,25.98067],[89.86708,25.98258],[89.86576,25.98337],[89.86415,25.98365],[89.86143,25.98549],[89.85864,25.98638],[89.85717,25.98761],[89.85674,25.98747],[89.85627,25.98831],[89.85146,25.9893],[89.85042,25.98996],[89.84728,25.99677],[89.8477,26.00067],[89.84409,26.00619],[89.84165,26.00824],[89.83936,26.00915],[89.83715,26.01186],[89.83584,26.0126],[89.83424,26.01238],[89.83292,26.01077],[89.83114,26.00985],[89.83169,26.00723],[89.83093,26.00183],[89.83334,25.99554],[89.83368,25.99263],[89.83322,25.99063],[89.83663,25.98657],[89.83668,25.98497],[89.83594,25.98242],[89.82845,25.98372],[89.82424,25.98495],[89.82027,25.98764],[89.81703,25.99214],[89.81487,25.99787],[89.8173,25.99619],[89.8186,25.99586],[89.81955,25.99612],[89.82043,25.99756],[89.82064,25.99955],[89.8191,26.00298],[89.81919,26.00411],[89.82047,26.00767],[89.822,26.0076],[89.82204,26.00993],[89.82144,26.01049],[89.82127,26.01196],[89.8197,26.01359],[89.81899,26.01562],[89.81754,26.01704],[89.81622,26.01698],[89.81536,26.02021],[89.81676,26.02282],[89.81932,26.02582],[89.815,26.02995],[89.81388,26.03178],[89.81313,26.03608],[89.81141,26.04083],[89.80975,26.0426],[89.80742,26.044],[89.80563,26.04448],[89.80504,26.04341],[89.8046,26.04018],[89.80374,26.03953],[89.8023,26.03226],[89.79772,26.02452],[89.79624,26.02304],[89.79503,26.02319],[89.79419,26.02226],[89.7954,26.02181],[89.79159,26.01815],[89.78996,26.01783],[89.78804,26.01921],[89.78746,26.02038],[89.78782,26.02139],[89.78869,26.02074],[89.78858,26.02106],[89.79156,26.02087],[89.79399,26.02266],[89.79328,26.02577],[89.79371,26.02813],[89.79633,26.02917],[89.7978,26.03074],[89.79752,26.03103],[89.7993,26.03518],[89.8023,26.03824],[89.80163,26.03952],[89.80183,26.04025],[89.79799,26.04184],[89.79364,26.04233],[89.79234,26.04058],[89.79305,26.03594],[89.79199,26.03477],[89.79064,26.03429],[89.78831,26.03501],[89.78768,26.03602],[89.7877,26.03738],[89.78948,26.03962],[89.78765,26.04037],[89.78398,26.0408],[89.77989,26.04042],[89.77883,26.03765],[89.77657,26.03493],[89.77365,26.03764],[89.77474,26.03998],[89.7792,26.04439],[89.78047,26.04504],[89.7828,26.04519],[89.78469,26.04705],[89.7846,26.04758],[89.78653,26.04757],[89.78868,26.04871],[89.78876,26.0496],[89.78731,26.05093],[89.78475,26.05138],[89.7847,26.05383],[89.78427,26.05416],[89.78485,26.05428],[89.7847,26.05588],[89.78518,26.05594],[89.78535,26.05686],[89.78803,26.05704],[89.78817,26.05675],[89.79449,26.05782],[89.79593,26.05817],[89.79602,26.05967],[89.79762,26.05948],[89.79823,26.05891],[89.79881,26.05958],[89.79802,26.0626],[89.79739,26.06251],[89.7973,26.06312],[89.79865,26.0639],[89.79853,26.06507],[89.79706,26.06428],[89.79557,26.06458],[89.79613,26.06583],[89.79815,26.06572],[89.7967,26.07084],[89.79495,26.07288],[89.7966,26.07631],[89.79566,26.07635],[89.79476,26.07701],[89.79141,26.07496],[89.79014,26.07539],[89.79108,26.0782],[89.79502,26.0833],[89.79485,26.08751],[89.79394,26.08873],[89.79202,26.08936],[89.79063,26.08929],[89.78823,26.08813],[89.78514,26.08334],[89.78219,26.08312],[89.78132,26.08344],[89.78176,26.08485],[89.78169,26.08832],[89.78307,26.09145],[89.7831,26.09357],[89.78379,26.09475],[89.78602,26.09633],[89.78534,26.0981],[89.78437,26.0987],[89.78179,26.09823],[89.78162,26.09943],[89.78338,26.1012],[89.78584,26.10136],[89.78528,26.10376],[89.78316,26.10598],[89.77865,26.10813],[89.77728,26.10754],[89.77632,26.10579],[89.77309,26.10565],[89.76995,26.10453],[89.76832,26.10791],[89.76504,26.10954],[89.76374,26.10987],[89.76162,26.10951],[89.75981,26.10906],[89.75787,26.10786],[89.75696,26.10826],[89.75617,26.10936],[89.75527,26.1122],[89.75543,26.11371],[89.75787,26.11528],[89.76086,26.11856],[89.76525,26.12478],[89.76649,26.12754],[89.76657,26.13048],[89.76314,26.13704],[89.76103,26.13807],[89.75403,26.1394],[89.75444,26.14288],[89.75328,26.14842],[89.74766,26.15737],[89.74529,26.15882],[89.74305,26.15932],[89.73928,26.15841],[89.73892,26.15907],[89.73833,26.15906],[89.73749,26.15821],[89.73516,26.15869],[89.73462,26.15768],[89.73204,26.15827],[89.72909,26.15801],[89.72493,26.15719],[89.72255,26.15596],[89.72229,26.15646],[89.72177,26.15611],[89.72049,26.1563],[89.72063,26.15906],[89.71928,26.16482],[89.71945,26.16646],[89.72184,26.16747],[89.72761,26.16735],[89.72886,26.16794],[89.72883,26.17003],[89.72748,26.17196],[89.72814,26.17351],[89.7289,26.17411],[89.73012,26.17428],[89.73233,26.17297],[89.73523,26.17249],[89.73655,26.17279],[89.73501,26.17372],[89.73293,26.17753],[89.73089,26.17797],[89.72235,26.17771],[89.71691,26.17441],[89.7142,26.17334],[89.71365,26.17266],[89.71122,26.1726],[89.71089,26.17221],[89.70924,26.17281],[89.70855,26.17465],[89.70354,26.17805],[89.70328,26.18299],[89.70102,26.18764],[89.6986,26.19118],[89.69916,26.19133],[89.70244,26.18913],[89.7061,26.18773],[89.70921,26.18715],[89.71307,26.18772],[89.71911,26.19229],[89.72037,26.1956],[89.71919,26.19945],[89.71781,26.20135],[89.71544,26.20245],[89.7116,26.20297],[89.71358,26.20445],[89.71916,26.20662],[89.72721,26.20596],[89.72721,26.2065],[89.72874,26.20673],[89.73092,26.20839],[89.73323,26.21199],[89.73263,26.21506],[89.73171,26.21616],[89.7257,26.21818],[89.71914,26.21471],[89.71536,26.21394],[89.71287,26.21246],[89.70888,26.21204],[89.7075,26.21228],[89.70499,26.21314],[89.70211,26.2152],[89.70092,26.21628],[89.70039,26.21845],[89.70119,26.21994],[89.70374,26.21889],[89.70447,26.21719],[89.70803,26.21704],[89.71004,26.21784],[89.71201,26.21919],[89.71364,26.22212],[89.71364,26.22935],[89.7141,26.23025],[89.71701,26.23155],[89.72054,26.2317],[89.72097,26.23257],[89.72499,26.23262],[89.72707,26.23316],[89.73196,26.23708],[89.73216,26.23783],[89.73183,26.23988],[89.72629,26.24287],[89.7192,26.24566],[89.71788,26.24515],[89.71648,26.24753],[89.71693,26.24989],[89.71819,26.25259],[89.71845,26.25585],[89.71838,26.25643],[89.71708,26.25737],[89.71554,26.25835],[89.71443,26.25825],[89.70971,26.25662],[89.70583,26.25621],[89.70387,26.25677],[89.70262,26.25786],[89.70242,26.26106],[89.70454,26.26389],[89.70504,26.26822],[89.70585,26.27043],[89.70879,26.27104],[89.71162,26.27077],[89.71155,26.27126],[89.71471,26.26994],[89.71446,26.26572],[89.7129,26.26404],[89.71258,26.26191],[89.71468,26.25994],[89.71991,26.25757],[89.72202,26.25746],[89.73153,26.25859],[89.734,26.25941],[89.73557,26.26149],[89.73428,26.26703],[89.73692,26.26809],[89.73854,26.26994],[89.73853,26.27142],[89.735,26.27767],[89.72971,26.28357],[89.72683,26.28498],[89.72413,26.28764],[89.71783,26.29582],[89.71981,26.30732],[89.72171,26.30902],[89.72371,26.30928],[89.72585,26.30722],[89.72139,26.29951],[89.72328,26.29665],[89.72632,26.29471],[89.72942,26.29366],[89.73691,26.29261],[89.74241,26.29474],[89.74453,26.2962],[89.74484,26.29689],[89.74648,26.29413],[89.74596,26.29394],[89.74635,26.29325],[89.74677,26.29355],[89.7471,26.29175],[89.7478,26.29126],[89.75286,26.28911],[89.75459,26.28882],[89.75476,26.28823],[89.75688,26.28852],[89.75715,26.28798],[89.75812,26.28779],[89.75796,26.28906],[89.7598,26.2897],[89.76089,26.2921],[89.7585,26.29612],[89.75784,26.29813],[89.75442,26.30164],[89.75398,26.30272],[89.75409,26.30482],[89.75281,26.30932],[89.75152,26.32086],[89.75355,26.32256],[89.75559,26.32304],[89.75743,26.32185],[89.75881,26.31871],[89.76043,26.31656],[89.76283,26.31598],[89.76408,26.31623],[89.76606,26.31737],[89.76909,26.32129],[89.76953,26.32414],[89.77911,26.32645],[89.78131,26.32768],[89.78281,26.32918],[89.78378,26.33099],[89.78378,26.33518],[89.78158,26.34112],[89.78347,26.35103],[89.78772,26.35466],[89.79306,26.35822],[89.8009,26.36048],[89.80595,26.36295],[89.8083,26.36467],[89.81119,26.36825],[89.81421,26.37049],[89.81731,26.37066],[89.8207,26.36981],[89.82084,26.3712],[89.8224,26.3714],[89.82223,26.36941],[89.82141,26.36741],[89.81958,26.36524],[89.81579,26.36349],[89.8138,26.36103],[89.8131,26.35806],[89.81329,26.35657],[89.81546,26.35393],[89.81597,26.35233],[89.81873,26.35194],[89.82053,26.35103],[89.82277,26.35086],[89.82543,26.3533],[89.82606,26.35447],[89.82232,26.35917],[89.82248,26.36263],[89.82326,26.36362],[89.8246,26.36433],[89.8261,26.36442],[89.82693,26.36546],[89.82805,26.36584],[89.8299,26.37022],[89.82756,26.37322],[89.8282,26.37411],[89.82811,26.37485],[89.82628,26.37693],[89.82837,26.38047],[89.83317,26.38347],[89.8359,26.38311],[89.83714,26.38044],[89.83966,26.3779],[89.84268,26.37721],[89.84451,26.37239],[89.8485,26.36892],[89.85046,26.36779],[89.85435,26.36769],[89.85901,26.36909],[89.86001,26.36903],[89.8623,26.36711],[89.86288,26.36558],[89.86513,26.36256],[89.86698,26.36247],[89.86917,26.36386],[89.87125,26.36446],[89.87507,26.36276],[89.87584,26.36167],[89.8753,26.35958],[89.87582,26.35541],[89.87484,26.35381],[89.86997,26.35106],[89.8687,26.34954],[89.87117,26.34799],[89.87561,26.34806],[89.88007,26.34673],[89.88622,26.34318],[89.88901,26.34234],[89.89201,26.34215],[89.90217,26.33872],[89.90365,26.3377],[89.90444,26.33638],[89.90426,26.33193],[89.90507,26.33088],[89.90488,26.32538],[89.90396,26.32645],[89.90312,26.3265],[89.90201,26.32526],[89.90072,26.32513],[89.89687,26.32349],[89.89144,26.31735],[89.89295,26.31512],[89.89126,26.31284],[89.88982,26.31241],[89.89026,26.3139],[89.88982,26.31428],[89.88671,26.31432],[89.88588,26.31334],[89.88631,26.31176],[89.88557,26.31074],[89.88414,26.30986],[89.88274,26.30972],[89.88187,26.30828],[89.87935,26.30715],[89.88289,26.30557],[89.88382,26.30268],[89.88427,26.29854],[89.87905,26.2885],[89.87705,26.2864],[89.87613,26.28456],[89.87614,26.2818],[89.87427,26.27953],[89.87091,26.27689],[89.8697,26.27521],[89.86841,26.27171],[89.86859,26.26605],[89.87068,26.26141],[89.87059,26.26021],[89.86968,26.25874],[89.86819,26.25819],[89.86619,26.25841],[89.86598,26.25793],[89.86642,26.25639],[89.86899,26.25237],[89.87449,26.24764],[89.86943,26.2445],[89.86815,26.24319],[89.86711,26.23958],[89.86031,26.23994],[89.85922,26.23966],[89.85827,26.23866],[89.85907,26.23794],[89.86295,26.23837],[89.8681,26.23729],[89.87005,26.23555],[89.87075,26.2342],[89.87064,26.23103],[89.86853,26.22743],[89.86727,26.22635],[89.86329,26.22484],[89.86146,26.22352],[89.86101,26.21898],[89.86204,26.2157],[89.86424,26.2127],[89.87144,26.20767],[89.87257,26.20231],[89.87215,26.19953],[89.87063,26.19719],[89.86748,26.19576],[89.86141,26.19446],[89.86051,26.19347],[89.85896,26.18914],[89.86066,26.18658],[89.86355,26.18544],[89.86487,26.18586],[89.87129,26.19101],[89.87401,26.19156],[89.87472,26.19101],[89.87466,26.189],[89.87394,26.18729],[89.87066,26.1842],[89.8696,26.18207],[89.86822,26.1808],[89.86893,26.179],[89.87092,26.17649],[89.87182,26.17357],[89.87203,26.16952],[89.87134,26.1627],[89.86798,26.15591],[89.86839,26.15134],[89.87109,26.14789],[89.87299,26.14663],[89.87956,26.14441],[89.87983,26.14264],[89.88196,26.1405],[89.88227,26.13831],[89.88288,26.13796],[89.89215,26.13597],[89.89912,26.13524],[89.90101,26.13321],[89.90318,26.13383],[89.90565,26.1333],[89.90717,26.13247],[89.91507,26.12551],[89.91722,26.12226],[89.91869,26.119],[89.91873,26.11767],[89.91663,26.11566],[89.91452,26.11497],[89.91096,26.11459],[89.90773,26.11618],[89.904,26.11926],[89.90288,26.11918],[89.9027,26.11825],[89.90397,26.11671],[89.90766,26.11472],[89.91015,26.11394],[89.91981,26.11418],[89.93134,26.11653],[89.93545,26.11802],[89.93732,26.12106],[89.94005,26.12953],[89.9409,26.13098],[89.94169,26.13136],[89.95029,26.12911],[89.95248,26.12909],[89.95483,26.1278],[89.958,26.12903],[89.9616,26.12752],[89.96697,26.12704],[89.97265,26.12768],[89.97793,26.12979],[89.97901,26.13159],[89.98014,26.13543],[89.98889,26.13581],[89.99379,26.13488],[89.99684,26.13272],[89.9974,26.13062],[89.99657,26.12863],[89.99735,26.12738],[89.99999,26.12619],[90.01991,26.12716],[90.02166,26.12673],[90.02498,26.12675],[90.02982,26.13897],[90.03333,26.14425],[90.03741,26.14804],[90.04022,26.14943],[90.04128,26.15064],[90.04483,26.15261],[90.05253,26.15554],[90.05861,26.16709],[90.06377,26.17262],[90.06821,26.17508],[90.06945,26.17424],[90.06923,26.17014],[90.06966,26.16935],[90.07077,26.17103],[90.07268,26.17271],[90.07398,26.17499],[90.07648,26.17635],[90.08089,26.18045],[90.08356,26.18124],[90.08486,26.18223],[90.08721,26.18619],[90.09118,26.18659],[90.09374,26.18784],[90.09707,26.19084],[90.09791,26.19093],[90.09912,26.18702],[90.10131,26.18496],[90.10502,26.18673],[90.11284,26.19152],[90.11246,26.19656],[90.12048,26.19925],[90.12178,26.19917],[90.12559,26.19573],[90.12664,26.19635],[90.12664,26.19696],[90.13048,26.1978],[90.13644,26.20091],[90.13981,26.20112],[90.14664,26.20597],[90.15203,26.20895],[90.15259,26.21469],[90.15201,26.21653],[90.1506,26.21617],[90.1488,26.2165],[90.14862,26.21829],[90.14734,26.22001],[90.14606,26.21981],[90.14159,26.21512],[90.13817,26.21502],[90.13627,26.21549],[90.13485,26.22008],[90.1356,26.22952],[90.13409,26.2322],[90.13082,26.23418],[90.12469,26.23528],[90.12175,26.23633],[90.12052,26.23882],[90.12103,26.24879],[90.11348,26.24981],[90.11105,26.24874],[90.10868,26.24863],[90.10704,26.25005],[90.10396,26.25085],[90.10146,26.25784],[90.09998,26.25844],[90.09792,26.26048],[90.09741,26.26198],[90.09771,26.26559],[90.09849,26.26681],[90.10082,26.26769],[90.10342,26.26752],[90.10944,26.26522],[90.11101,26.26511],[90.11366,26.26235],[90.11431,26.26079],[90.11421,26.25957],[90.11536,26.25836],[90.1175,26.25822],[90.1197,26.25945],[90.12005,26.26366],[90.11957,26.26496],[90.12051,26.26577],[90.12219,26.26566],[90.12313,26.26501],[90.12657,26.26478],[90.12802,26.2659],[90.1295,26.26919],[90.13046,26.27028],[90.13369,26.27189],[90.1379,26.27284],[90.13996,26.27423],[90.14056,26.27579],[90.14329,26.28726],[90.14307,26.28999],[90.14098,26.29285],[90.13788,26.29494],[90.13408,26.2951],[90.13081,26.29296],[90.12897,26.28926],[90.12879,26.28707],[90.12974,26.28357],[90.12855,26.28266],[90.12612,26.28282],[90.12348,26.28513],[90.12293,26.28701],[90.11954,26.29226],[90.11916,26.29414],[90.12011,26.29576],[90.12518,26.29839],[90.12575,26.30091],[90.12446,26.30345],[90.12192,26.30521],[90.12,26.30779],[90.11231,26.30987],[90.10787,26.31219],[90.10917,26.31369],[90.11675,26.31514],[90.1183,26.31649],[90.11757,26.31916],[90.11653,26.32085],[90.11629,26.32328],[90.11752,26.32658],[90.11689,26.33901],[90.12604,26.34495],[90.12999,26.34694],[90.1424,26.35069],[90.1514,26.35262],[90.1546,26.35243],[90.15491,26.35125],[90.15649,26.35188],[90.15683,26.35126],[90.15614,26.34999],[90.15758,26.35079],[90.15856,26.34968],[90.15822,26.34886],[90.16049,26.34856],[90.16135,26.34767],[90.16217,26.34823],[90.16502,26.34857],[90.16873,26.3479],[90.16988,26.34371],[90.17133,26.34223],[90.17272,26.34173],[90.17407,26.34182],[90.17827,26.34393],[90.18228,26.34663],[90.18414,26.34683],[90.18772,26.34566],[90.18874,26.34616],[90.19001,26.3495],[90.19415,26.35476],[90.19922,26.35783],[90.2062,26.36102],[90.20872,26.36309],[90.20907,26.36711],[90.20543,26.37174],[90.20532,26.37451],[90.2265,26.38593],[90.22713,26.38294],[90.22575,26.37785],[90.22677,26.37494],[90.22809,26.37277],[90.23233,26.36987],[90.23449,26.36657],[90.2346,26.36486],[90.23291,26.35806],[90.23202,26.35683],[90.22963,26.35478]],[[89.8196,26.31835],[89.82143,26.31921],[89.82165,26.32072],[89.82451,26.32622],[89.82432,26.32763],[89.82063,26.3329],[89.81916,26.3389],[89.81338,26.3447],[89.80726,26.34849],[89.80489,26.34971],[89.79984,26.34923],[89.79896,26.34858],[89.79618,26.34252],[89.79542,26.34173],[89.79269,26.3411],[89.79272,26.34038],[89.79468,26.34012],[89.7983,26.3377],[89.79911,26.33536],[89.7984,26.33264],[89.7987,26.33033],[89.80073,26.32856],[89.80648,26.32618],[89.81168,26.32153],[89.81843,26.31843],[89.8196,26.31835]]]}},{"id":"5","type":"Feature","properties":{"state":"ASSAM","state_lgd":"18","district":"DARANG","district_lgd":"325"},"geometry":{"type":"Polygon","coordinates":[[[92.18435,26.64556],[92.18574,26.64527],[92.18735,26.64565],[92.18824,26.64649],[92.18943,26.64881],[92.1897,26.65065],[92.19037,26.65179],[92.19127,26.65222],[92.19375,26.65116],[92.19619,26.64805],[92.19675,26.64655],[92.19738,26.64623],[92.19836,26.64643],[92.19895,26.64729],[92.19967,26.65056],[92.20128,26.65207],[92.20295,26.65211],[92.20399,26.65104],[92.20545,26.64669],[92.20667,26.64464],[92.2065,26.64116],[92.20348,26.63926],[92.19693,26.64004],[92.19588,26.63971],[92.19487,26.63861],[92.19512,26.63543],[92.19982,26.63543],[92.20325,26.63396],[92.2087,26.63499],[92.2192,26.63569],[92.21952,26.63338],[92.22249,26.62746],[92.2228,26.62593],[92.22567,26.62207],[92.22682,26.61781],[92.22695,26.61552],[92.2256,26.61032],[92.23033,26.61027],[92.23197,26.60514],[92.23602,26.59742],[92.2343,26.59592],[92.23006,26.59543],[92.22892,26.59502],[92.2285,26.59431],[92.22918,26.59237],[92.2283,26.5912],[92.22822,26.58936],[92.22904,26.5825],[92.22795,26.57691],[92.23119,26.57211],[92.23529,26.5687],[92.22808,26.5649],[92.22761,26.55853],[92.22618,26.55403],[92.22676,26.55298],[92.23199,26.54917],[92.24332,26.55883],[92.24435,26.56023],[92.24442,26.56268],[92.24538,26.56332],[92.24896,26.56331],[92.25159,26.56162],[92.25476,26.56093],[92.25587,26.56111],[92.25801,26.56269],[92.25918,26.56443],[92.25969,26.56713],[92.26615,26.57106],[92.26323,26.57279],[92.25791,26.57181],[92.25649,26.57215],[92.25411,26.57431],[92.25037,26.57988],[92.25004,26.58602],[92.2466,26.58719],[92.24547,26.58998],[92.24589,26.59179],[92.24722,26.59363],[92.24763,26.59627],[92.24963,26.60093],[92.24462,26.60128],[92.24406,26.60183],[92.24368,26.60368],[92.24818,26.60688],[92.24925,26.6084],[92.24946,26.60949],[92.24898,26.61062],[92.26183,26.61394],[92.27122,26.6157],[92.26856,26.61934],[92.26829,26.62042],[92.26687,26.62169],[92.26645,26.62283],[92.26703,26.62422],[92.26656,26.62716],[92.27226,26.62635],[92.27201,26.62735],[92.27429,26.63249],[92.27469,26.63402],[92.27446,26.64378],[92.27368,26.64837],[92.27258,26.64956],[92.27526,26.65003],[92.27605,26.65097],[92.27696,26.6538],[92.27728,26.65803],[92.27785,26.65747],[92.28728,26.65577],[92.28891,26.65468],[92.29108,26.65145],[92.29383,26.64475],[92.29631,26.63444],[92.29537,26.62997],[92.29596,26.62728],[92.29536,26.62338],[92.29567,26.6225],[92.29738,26.62132],[92.29917,26.62143],[92.30188,26.62291],[92.30501,26.62372],[92.31343,26.62523],[92.31475,26.62526],[92.31576,26.62455],[92.316,26.62193],[92.31544,26.61958],[92.31239,26.61686],[92.30865,26.61552],[92.30782,26.61448],[92.3081,26.61235],[92.31152,26.6088],[92.3154,26.60689],[92.31892,26.60658],[92.32132,26.6076],[92.32254,26.60891],[92.32153,26.61242],[92.32219,26.61387],[92.32293,26.61395],[92.32479,26.61268],[92.32736,26.61173],[92.32971,26.61215],[92.33046,26.61371],[92.3282,26.61716],[92.32801,26.61974],[92.32964,26.6222],[92.33237,26.6239],[92.33431,26.62404],[92.33632,26.62248],[92.33665,26.61792],[92.33312,26.6097],[92.33329,26.60682],[92.33444,26.6057],[92.33698,26.60489],[92.33797,26.60341],[92.33961,26.60231],[92.34251,26.60231],[92.34426,26.60134],[92.34536,26.59982],[92.34578,26.59825],[92.34513,26.59749],[92.34255,26.59678],[92.34029,26.59675],[92.338,26.59748],[92.33447,26.59771],[92.32686,26.5972],[92.32493,26.59657],[92.32411,26.59405],[92.32405,26.59166],[92.32491,26.58928],[92.32691,26.58712],[92.33068,26.58654],[92.33613,26.58378],[92.34331,26.58142],[92.34607,26.58126],[92.34823,26.5823],[92.35417,26.58691],[92.35756,26.58818],[92.36032,26.587],[92.36113,26.58612],[92.36152,26.58422],[92.35954,26.58193],[92.35347,26.5777],[92.35257,26.57601],[92.35174,26.56982],[92.35761,26.56836],[92.36394,26.56752],[92.36569,26.56607],[92.36572,26.56501],[92.36061,26.56001],[92.36047,26.55847],[92.36207,26.55786],[92.36576,26.56019],[92.36719,26.55895],[92.36671,26.55519],[92.36801,26.55334],[92.36822,26.55066],[92.36946,26.54896],[92.37468,26.54524],[92.37572,26.54288],[92.37566,26.54065],[92.37631,26.53896],[92.37928,26.53308],[92.38161,26.5296],[92.38213,26.52768],[92.38021,26.52891],[92.3783,26.52921],[92.37539,26.52848],[92.36856,26.53242],[92.36557,26.53275],[92.36248,26.53192],[92.35858,26.53471],[92.35574,26.53524],[92.3538,26.53094],[92.34897,26.52666],[92.34538,26.52478],[92.33294,26.51628],[92.33419,26.51495],[92.3393,26.51267],[92.34155,26.51059],[92.34414,26.50469],[92.34132,26.50164],[92.33347,26.4971],[92.32792,26.49492],[92.32296,26.49122],[92.31697,26.48872],[92.31168,26.48568],[92.30799,26.48263],[92.30066,26.47497],[92.29944,26.47358],[92.29892,26.47212],[92.29661,26.46994],[92.29469,26.46646],[92.28718,26.45889],[92.28115,26.45425],[92.27699,26.45221],[92.27521,26.45179],[92.27498,26.45113],[92.26579,26.45096],[92.25569,26.45184],[92.25078,26.44968],[92.25,26.44851],[92.24459,26.44615],[92.24165,26.4436],[92.23842,26.43952],[92.23755,26.43783],[92.23634,26.43124],[92.23412,26.42762],[92.23181,26.42615],[92.22329,26.41874],[92.21862,26.41572],[92.21617,26.41477],[92.21248,26.41429],[92.20791,26.41443],[92.20551,26.41534],[92.19998,26.42128],[92.18186,26.42449],[92.1756,26.42324],[92.16752,26.41834],[92.16195,26.41601],[92.1544,26.41094],[92.1429,26.40137],[92.13965,26.39601],[92.13339,26.38842],[92.13259,26.38572],[92.12288,26.37069],[92.11605,26.36366],[92.10962,26.3587],[92.1075,26.35762],[92.10395,26.35453],[92.10342,26.3531],[92.10375,26.34706],[92.10275,26.34442],[92.09981,26.34103],[92.0977,26.33995],[92.0941,26.33897],[92.08632,26.34054],[92.08415,26.33898],[92.07916,26.33074],[92.07872,26.32707],[92.07515,26.31723],[92.07156,26.31362],[92.06924,26.3129],[92.0682,26.31188],[92.06142,26.31047],[92.05765,26.29753],[92.05497,26.29487],[92.05261,26.29099],[92.05009,26.28498],[92.04707,26.2819],[92.04783,26.27875],[92.04378,26.27758],[92.04217,26.27615],[92.04006,26.27309],[92.03873,26.27247],[92.03713,26.2728],[92.03565,26.27156],[92.03219,26.27034],[92.028,26.27036],[92.02427,26.27111],[92.01711,26.27654],[92.0149,26.28074],[92.01538,26.28315],[92.01268,26.27978],[92.01041,26.27795],[92.0085,26.27724],[92.00657,26.27746],[92.0004,26.27307],[91.99691,26.2713],[91.99205,26.26973],[91.98948,26.26968],[91.98648,26.27045],[91.98542,26.27146],[91.98567,26.27281],[91.98504,26.27394],[91.98332,26.2751],[91.98021,26.27547],[91.97055,26.26703],[91.95415,26.25479],[91.95239,26.25399],[91.95096,26.25395],[91.9453,26.25102],[91.94339,26.24908],[91.93384,26.24322],[91.92928,26.24231],[91.92641,26.24414],[91.92468,26.24749],[91.91903,26.24643],[91.91824,26.24444],[91.91558,26.24348],[91.91227,26.2403],[91.91055,26.23497],[91.90853,26.23102],[91.90206,26.22662],[91.89981,26.22713],[91.88605,26.22181],[91.88579,26.22151],[91.88653,26.22006],[91.88592,26.21887],[91.8844,26.21791],[91.87988,26.21672],[91.87515,26.21666],[91.87261,26.2171],[91.87013,26.21946],[91.87092,26.22108],[91.86968,26.22109],[91.86661,26.22028],[91.85913,26.21713],[91.84884,26.21651],[91.8399,26.21528],[91.83088,26.21255],[91.82857,26.21086],[91.82575,26.20973],[91.82437,26.20978],[91.82237,26.20807],[91.82075,26.20761],[91.81753,26.20746],[91.81593,26.20913],[91.81168,26.20751],[91.80739,26.20802],[91.80527,26.20694],[91.80074,26.20581],[91.79737,26.20566],[91.79541,26.20633],[91.79186,26.20588],[91.78463,26.20218],[91.77092,26.19848],[91.76925,26.19869],[91.76832,26.20038],[91.74673,26.20994],[91.74537,26.21163],[91.74501,26.21369],[91.74527,26.2191],[91.74671,26.22179],[91.76421,26.23263],[91.76504,26.2348],[91.76309,26.23905],[91.76389,26.24001],[91.76565,26.24103],[91.77348,26.24266],[91.77433,26.24238],[91.77479,26.24072],[91.77582,26.24049],[91.77726,26.24269],[91.78074,26.24369],[91.78193,26.24483],[91.78448,26.25134],[91.78539,26.25432],[91.7846,26.25622],[91.78457,26.2577],[91.78623,26.26276],[91.78635,26.26484],[91.79026,26.26779],[91.79053,26.2726],[91.78778,26.27442],[91.78585,26.2791],[91.78571,26.28101],[91.78655,26.28446],[91.78452,26.2876],[91.78604,26.29038],[91.78605,26.29222],[91.78218,26.29623],[91.78327,26.30129],[91.78484,26.30247],[91.78541,26.30363],[91.7847,26.30433],[91.78212,26.30387],[91.78184,26.30544],[91.7825,26.30583],[91.7861,26.30595],[91.78739,26.30651],[91.78838,26.30797],[91.78863,26.31067],[91.78941,26.31188],[91.79044,26.31196],[91.79246,26.31117],[91.79311,26.31144],[91.79238,26.31399],[91.79306,26.31715],[91.79168,26.3188],[91.79153,26.31976],[91.79178,26.32072],[91.79334,26.32157],[91.79472,26.32158],[91.79575,26.32093],[91.79599,26.31974],[91.79546,26.31677],[91.79742,26.31326],[91.79866,26.31366],[91.79964,26.31534],[91.80355,26.3178],[91.80408,26.31719],[91.80411,26.31519],[91.80514,26.31353],[91.80635,26.31309],[91.80993,26.31338],[91.81343,26.31106],[91.81412,26.31115],[91.81556,26.31345],[91.81679,26.31689],[91.81571,26.31761],[91.81211,26.31796],[91.80885,26.31926],[91.80834,26.32046],[91.80848,26.32254],[91.80953,26.32441],[91.81146,26.32624],[91.81499,26.32773],[91.81625,26.32749],[91.81775,26.32502],[91.81886,26.32503],[91.81898,26.32845],[91.82162,26.33164],[91.82125,26.33335],[91.81854,26.33801],[91.81697,26.3429],[91.81708,26.34375],[91.81951,26.34648],[91.81697,26.34837],[91.81615,26.34997],[91.81656,26.35077],[91.81995,26.35212],[91.82159,26.35438],[91.82138,26.35709],[91.81949,26.36027],[91.82054,26.36179],[91.82262,26.36311],[91.82295,26.36407],[91.82265,26.36452],[91.82047,26.36452],[91.82017,26.36513],[91.82069,26.36741],[91.82227,26.3691],[91.82065,26.37419],[91.81818,26.37927],[91.81523,26.38078],[91.81364,26.38099],[91.81166,26.38287],[91.8101,26.38362],[91.80741,26.38258],[91.8051,26.38245],[91.80294,26.38374],[91.8028,26.38648],[91.80415,26.38823],[91.80426,26.38934],[91.80067,26.39138],[91.797,26.3921],[91.79634,26.39299],[91.79645,26.39385],[91.79814,26.39524],[91.79862,26.39637],[91.79783,26.39844],[91.79792,26.40069],[91.79463,26.40275],[91.79489,26.4043],[91.79596,26.40497],[91.79635,26.406],[91.7958,26.4079],[91.79457,26.40943],[91.79298,26.40949],[91.78912,26.40783],[91.78479,26.40804],[91.78261,26.40915],[91.78086,26.41148],[91.78001,26.41389],[91.78259,26.41581],[91.78294,26.41774],[91.78247,26.41816],[91.77908,26.41849],[91.77732,26.41968],[91.77908,26.42386],[91.77871,26.42743],[91.77722,26.42775],[91.77468,26.42532],[91.77373,26.42663],[91.77415,26.42845],[91.7736,26.42885],[91.77324,26.43055],[91.77087,26.43289],[91.77192,26.43325],[91.77236,26.43479],[91.77213,26.44095],[91.77104,26.44466],[91.77214,26.44723],[91.77124,26.44843],[91.77041,26.45111],[91.76738,26.45363],[91.76785,26.45496],[91.76476,26.4586],[91.76452,26.45999],[91.76504,26.46126],[91.76574,26.46153],[91.76552,26.46264],[91.7661,26.463],[91.76551,26.46758],[91.76621,26.46835],[91.76697,26.46866],[91.76784,26.4675],[91.77054,26.46639],[91.77315,26.46976],[91.77732,26.47006],[91.77786,26.47398],[91.77739,26.47521],[91.77931,26.47716],[91.77916,26.4797],[91.78785,26.47539],[91.78921,26.47576],[91.79654,26.47532],[91.79911,26.47726],[91.7998,26.47711],[91.79978,26.48449],[91.80152,26.48582],[91.80176,26.48962],[91.79909,26.49177],[91.7941,26.49244],[91.78729,26.49231],[91.78458,26.49345],[91.78396,26.49428],[91.78244,26.49471],[91.78121,26.49564],[91.78076,26.49703],[91.78189,26.49822],[91.7834,26.49825],[91.78613,26.49748],[91.78725,26.49804],[91.78389,26.50177],[91.78303,26.50417],[91.78355,26.50636],[91.78214,26.51003],[91.78124,26.51016],[91.78052,26.51185],[91.78314,26.51239],[91.78931,26.51244],[91.7897,26.51218],[91.7893,26.5112],[91.78991,26.51078],[91.79549,26.51285],[91.79699,26.51275],[91.79825,26.51155],[91.80096,26.51324],[91.80133,26.50946],[91.80087,26.50622],[91.80548,26.507],[91.80881,26.50623],[91.81837,26.50583],[91.81953,26.5062],[91.82029,26.50701],[91.81936,26.5122],[91.82297,26.51396],[91.82791,26.51547],[91.8344,26.51567],[91.83416,26.52413],[91.83247,26.52591],[91.83054,26.53011],[91.82838,26.53727],[91.82898,26.54209],[91.82874,26.54536],[91.82721,26.54686],[91.82533,26.54671],[91.81709,26.54287],[91.81321,26.54004],[91.81096,26.54435],[91.81407,26.54421],[91.81344,26.54728],[91.81335,26.55147],[91.81214,26.55385],[91.81239,26.55814],[91.81412,26.55741],[91.81414,26.55979],[91.8191,26.56021],[91.81973,26.56081],[91.82357,26.56177],[91.82981,26.56091],[91.83024,26.5587],[91.83116,26.55856],[91.83175,26.56095],[91.83097,26.56501],[91.83153,26.566],[91.83255,26.57163],[91.82928,26.57201],[91.82306,26.57189],[91.82204,26.57248],[91.82407,26.5778],[91.82525,26.57866],[91.82676,26.57882],[91.82756,26.57962],[91.82709,26.58251],[91.82791,26.58318],[91.82951,26.58302],[91.83014,26.58338],[91.83041,26.58645],[91.83856,26.58661],[91.83868,26.58113],[91.83695,26.57767],[91.83941,26.57461],[91.84195,26.57418],[91.84867,26.57479],[91.85112,26.57348],[91.85006,26.5713],[91.85062,26.57085],[91.85112,26.56831],[91.8485,26.56829],[91.84792,26.56732],[91.84858,26.56674],[91.8515,26.56633],[91.84957,26.56355],[91.85036,26.56262],[91.85126,26.5583],[91.85303,26.55596],[91.85533,26.55442],[91.85673,26.55266],[91.85615,26.55153],[91.85678,26.55032],[91.85665,26.54933],[91.85412,26.54902],[91.85465,26.54844],[91.85508,26.54589],[91.85526,26.53876],[91.8571,26.5393],[91.86093,26.5394],[91.86241,26.53865],[91.86403,26.53847],[91.86441,26.538],[91.86591,26.53789],[91.86737,26.53437],[91.86896,26.53305],[91.87116,26.53223],[91.87738,26.53433],[91.88024,26.53424],[91.88104,26.53813],[91.88597,26.53882],[91.88626,26.54054],[91.88569,26.54148],[91.88567,26.54291],[91.8874,26.5446],[91.88819,26.54611],[91.88706,26.54936],[91.88793,26.54994],[91.89038,26.55007],[91.89143,26.55332],[91.89478,26.55352],[91.89388,26.55609],[91.89372,26.56222],[91.89789,26.57003],[91.90348,26.56969],[91.90697,26.56849],[91.91041,26.56797],[91.92318,26.56804],[91.92321,26.55749],[91.92645,26.5578],[91.92537,26.55119],[91.92588,26.54968],[91.92512,26.54905],[91.92525,26.54688],[91.92473,26.54533],[91.92511,26.54506],[91.92691,26.54582],[91.92806,26.54506],[91.92803,26.54434],[91.92603,26.54262],[91.92564,26.54154],[91.92631,26.53982],[91.9289,26.53908],[91.92845,26.53718],[91.93307,26.53982],[91.94088,26.54288],[91.95149,26.54462],[91.95298,26.54284],[91.95518,26.54195],[91.9608,26.54207],[91.96209,26.54151],[91.9626,26.54047],[91.96631,26.54026],[91.96817,26.54132],[91.96775,26.5431],[91.96733,26.5439],[91.96447,26.54424],[91.96184,26.54595],[91.96208,26.5471],[91.96078,26.54738],[91.9605,26.54784],[91.96009,26.55215],[91.96575,26.55259],[91.96622,26.55389],[91.96598,26.55578],[91.97139,26.55649],[91.97281,26.55589],[91.9738,26.5566],[91.9762,26.55271],[91.97815,26.55349],[91.98135,26.55687],[91.98335,26.55221],[91.98657,26.55078],[91.98608,26.55505],[91.98887,26.55484],[91.99154,26.55549],[91.9948,26.5451],[91.99481,26.54212],[91.99591,26.54036],[92.00129,26.53633],[92.00442,26.53595],[92.00629,26.53498],[92.00832,26.53612],[92.01444,26.53693],[92.01186,26.53892],[92.0114,26.54099],[92.01039,26.54204],[92.00835,26.54249],[92.00488,26.54246],[92.00415,26.54305],[92.00488,26.54391],[92.00781,26.54391],[92.00859,26.54469],[92.01331,26.54182],[92.0206,26.54234],[92.02592,26.54125],[92.02952,26.5426],[92.0285,26.53092],[92.0222,26.53016],[92.0201,26.52801],[92.01996,26.52682],[92.02072,26.52227],[92.02172,26.52101],[92.02321,26.52078],[92.02412,26.5212],[92.02441,26.5221],[92.02373,26.5238],[92.02392,26.52473],[92.02581,26.5263],[92.02766,26.52685],[92.02944,26.52685],[92.03069,26.52615],[92.03069,26.52537],[92.02927,26.52338],[92.02954,26.52182],[92.03058,26.52185],[92.03321,26.52361],[92.03427,26.52337],[92.03473,26.52237],[92.03015,26.51064],[92.02898,26.50971],[92.02691,26.51115],[92.02572,26.51102],[92.02522,26.50914],[92.02558,26.50736],[92.02644,26.50688],[92.03108,26.50763],[92.0348,26.50853],[92.03648,26.50939],[92.04218,26.51039],[92.04154,26.50037],[92.04401,26.49586],[92.04491,26.49552],[92.04472,26.49481],[92.03943,26.49472],[92.03974,26.48612],[92.04284,26.48477],[92.04314,26.48388],[92.04273,26.48154],[92.04341,26.48094],[92.04882,26.47785],[92.05013,26.47648],[92.05186,26.4758],[92.05274,26.47896],[92.05105,26.4814],[92.05473,26.48578],[92.05446,26.48932],[92.05999,26.48853],[92.06003,26.49264],[92.06104,26.4961],[92.06239,26.49809],[92.06264,26.50034],[92.0574,26.50049],[92.05917,26.506],[92.05799,26.50949],[92.06981,26.51045],[92.0701,26.51451],[92.06951,26.52505],[92.07049,26.52586],[92.06978,26.54551],[92.07142,26.54585],[92.07147,26.54689],[92.0737,26.54451],[92.07537,26.54354],[92.08308,26.54276],[92.08739,26.54356],[92.09262,26.54798],[92.09565,26.54983],[92.09281,26.55274],[92.09319,26.55406],[92.09403,26.55453],[92.09718,26.55469],[92.09935,26.5553],[92.10328,26.55237],[92.10517,26.55182],[92.10684,26.55188],[92.10817,26.55245],[92.10941,26.55499],[92.1089,26.55659],[92.10838,26.55721],[92.10699,26.55746],[92.10647,26.55829],[92.10501,26.55778],[92.10429,26.55897],[92.10239,26.56045],[92.10216,26.56174],[92.1033,26.56293],[92.10474,26.56329],[92.1084,26.56668],[92.10959,26.56945],[92.10941,26.57193],[92.10848,26.57231],[92.1083,26.57339],[92.10659,26.57314],[92.1051,26.57491],[92.10367,26.57475],[92.10344,26.57614],[92.10222,26.57754],[92.10294,26.57811],[92.1025,26.57879],[92.10265,26.57983],[92.09451,26.5772],[92.09041,26.57535],[92.08934,26.57636],[92.08801,26.57635],[92.08684,26.57794],[92.08373,26.58547],[92.08083,26.58976],[92.07367,26.58845],[92.06381,26.58776],[92.06195,26.57605],[92.06379,26.57517],[92.05964,26.56119],[92.05964,26.55136],[92.05817,26.54729],[92.05583,26.54451],[92.0546,26.54533],[92.05284,26.54569],[92.05181,26.54755],[92.04871,26.54882],[92.04263,26.54876],[92.0432,26.55094],[92.03136,26.55039],[92.03246,26.5479],[92.02778,26.54467],[92.02758,26.54625],[92.02806,26.54732],[92.02703,26.54825],[92.027,26.55273],[92.02652,26.55378],[92.02738,26.55447],[92.02193,26.55484],[92.01821,26.55386],[92.01713,26.5548],[92.01601,26.55507],[92.01073,26.55554],[92.01,26.55824],[92.008,26.55911],[92.00716,26.56002],[92.00692,26.56115],[92.00771,26.56443],[92.0072,26.56536],[92.00557,26.56595],[92.00522,26.56652],[92.00555,26.57027],[92.0033,26.57188],[92.01074,26.57416],[92.01336,26.57654],[92.01541,26.57574],[92.01556,26.57681],[92.01446,26.5782],[92.01472,26.58043],[92.01421,26.58066],[92.013,26.57985],[92.012,26.58082],[92.01189,26.58189],[92.01281,26.58376],[92.01095,26.58394],[92.00905,26.58311],[92.00809,26.58377],[92.00775,26.58548],[92.00875,26.58821],[92.01064,26.59041],[92.01576,26.58903],[92.02286,26.58867],[92.02583,26.58966],[92.02587,26.59013],[92.02693,26.59072],[92.02684,26.59149],[92.02925,26.5922],[92.03005,26.59184],[92.03065,26.59271],[92.03197,26.59297],[92.03294,26.59373],[92.03299,26.59405],[92.03189,26.59443],[92.0328,26.59537],[92.03216,26.59601],[92.03452,26.59846],[92.03554,26.59886],[92.03587,26.60089],[92.03477,26.60146],[92.03488,26.60247],[92.0336,26.60233],[92.03388,26.60338],[92.03327,26.60324],[92.03306,26.60385],[92.0334,26.60528],[92.03147,26.60517],[92.03114,26.60629],[92.03023,26.60553],[92.02874,26.60554],[92.02891,26.60672],[92.02795,26.60729],[92.02717,26.60674],[92.02643,26.60764],[92.02609,26.60979],[92.03993,26.60955],[92.041,26.61271],[92.03857,26.62089],[92.04362,26.62034],[92.04703,26.62099],[92.04788,26.62208],[92.04777,26.62492],[92.05247,26.62449],[92.05351,26.62359],[92.05495,26.62386],[92.05765,26.62346],[92.06225,26.62434],[92.07173,26.62499],[92.07116,26.62724],[92.07199,26.62811],[92.07188,26.62912],[92.07236,26.62979],[92.07185,26.63126],[92.0731,26.63254],[92.07294,26.63522],[92.07168,26.6363],[92.07305,26.63731],[92.07062,26.63947],[92.07114,26.63986],[92.07267,26.63969],[92.07425,26.64113],[92.07152,26.64287],[92.0723,26.64462],[92.07374,26.64573],[92.07354,26.64657],[92.075,26.64681],[92.07407,26.64739],[92.08853,26.64787],[92.09908,26.64792],[92.10257,26.64753],[92.10408,26.64817],[92.10533,26.64759],[92.10892,26.64297],[92.11088,26.64226],[92.12289,26.64417],[92.12545,26.64748],[92.12518,26.64961],[92.12376,26.65056],[92.12049,26.65119],[92.11958,26.65201],[92.11995,26.65311],[92.1296,26.65614],[92.1482,26.65977],[92.16015,26.66652],[92.17113,26.66806],[92.18264,26.67073],[92.18233,26.66822],[92.18457,26.66467],[92.18408,26.66276],[92.18438,26.66],[92.18275,26.6563],[92.18174,26.65529],[92.17891,26.65423],[92.17782,26.65295],[92.18244,26.64708],[92.18435,26.64556]]]}},{"id":"6","type":"Feature","properties":{"state":"ASSAM","state_lgd":"18","district":"KARBI ANGLONG","district_lgd":"314"},"geometry":{"type":"Polygon","coordinates":[[[93.70181,26.60727],[93.71165,26.60586],[93.71423,26.60493],[93.71488,26.60441],[93.71501,26.60319],[93.71629,26.60388],[93.71716,26.60362],[93.72764,26.59618],[93.73028,26.59501],[93.73156,26.59564],[93.73185,26.59454],[93.73322,26.59389],[93.7352,26.59386],[93.73558,26.59232],[93.73512,26.59113],[93.73599,26.58973],[93.73707,26.58921],[93.73757,26.58809],[93.7366,26.58701],[93.73871,26.58447],[93.7401,26.58365],[93.74075,26.58351],[93.74226,26.58436],[93.74407,26.58359],[93.74491,26.58403],[93.74569,26.58379],[93.74659,26.58503],[93.74718,26.58517],[93.7492,26.58415],[93.74978,26.58472],[93.74967,26.58539],[93.75048,26.58585],[93.75173,26.58565],[93.75226,26.58503],[93.75228,26.58357],[93.75105,26.58126],[93.7518,26.57867],[93.75139,26.57751],[93.74826,26.57687],[93.74522,26.57207],[93.74305,26.56994],[93.74093,26.56891],[93.73994,26.56705],[93.74001,26.56573],[93.74127,26.56316],[93.74084,26.56048],[93.7414,26.55941],[93.74126,26.55783],[93.73943,26.55729],[93.73777,26.55983],[93.73696,26.55994],[93.73673,26.55774],[93.73553,26.55567],[93.73664,26.5525],[93.73658,26.5514],[93.73318,26.5498],[93.73482,26.54867],[93.73833,26.54812],[93.73966,26.54695],[93.73965,26.54609],[93.73864,26.54484],[93.73897,26.53991],[93.73856,26.53911],[93.73757,26.53859],[93.73507,26.53994],[93.73285,26.53995],[93.73174,26.53886],[93.73155,26.53794],[93.73414,26.53502],[93.73679,26.53343],[93.73758,26.53388],[93.73945,26.53661],[93.74123,26.53779],[93.742,26.53771],[93.74203,26.53711],[93.74008,26.53564],[93.73984,26.53439],[93.74031,26.53353],[93.74304,26.53182],[93.74186,26.52893],[93.74348,26.52758],[93.74637,26.52779],[93.75102,26.52932],[93.75451,26.52959],[93.75595,26.52909],[93.75514,26.52722],[93.7551,26.52554],[93.75614,26.52428],[93.758,26.52335],[93.75826,26.52248],[93.75689,26.52088],[93.75206,26.52104],[93.75095,26.51984],[93.75125,26.51835],[93.75251,26.51724],[93.75555,26.51698],[93.75741,26.51574],[93.75759,26.51379],[93.75508,26.51092],[93.75519,26.50928],[93.75579,26.50882],[93.7605,26.50802],[93.76216,26.50716],[93.76354,26.50562],[93.76324,26.50165],[93.76965,26.49775],[93.76941,26.49455],[93.77125,26.49164],[93.77205,26.48867],[93.77512,26.48604],[93.77526,26.48269],[93.77594,26.48216],[93.77748,26.48226],[93.77812,26.48188],[93.77788,26.47866],[93.77892,26.47585],[93.77707,26.47377],[93.77548,26.47343],[93.77123,26.47673],[93.77035,26.47583],[93.77066,26.47396],[93.77637,26.46866],[93.77673,26.46693],[93.7778,26.46606],[93.78099,26.46533],[93.78351,26.46349],[93.78442,26.46347],[93.78552,26.46469],[93.78626,26.46254],[93.78571,26.45761],[93.78676,26.45607],[93.78651,26.45424],[93.78507,26.45378],[93.78508,26.45254],[93.78651,26.45011],[93.79053,26.44631],[93.79187,26.44326],[93.79439,26.44025],[93.78305,26.43876],[93.78359,26.43356],[93.78943,26.4339],[93.78987,26.43149],[93.79202,26.43194],[93.79387,26.42859],[93.79182,26.4271],[93.78885,26.42577],[93.78124,26.425],[93.78143,26.42205],[93.77975,26.42042],[93.78128,26.41866],[93.77989,26.41746],[93.78139,26.41564],[93.78059,26.415],[93.78133,26.41483],[93.78158,26.41262],[93.783,26.41124],[93.78308,26.40971],[93.78552,26.40974],[93.78809,26.40826],[93.79907,26.40887],[93.79476,26.40381],[93.79249,26.40393],[93.78998,26.39985],[93.79067,26.39803],[93.78931,26.39629],[93.78622,26.39606],[93.78106,26.38967],[93.78062,26.38687],[93.77682,26.38559],[93.7745,26.3868],[93.77333,26.3869],[93.77479,26.38403],[93.77661,26.38277],[93.78035,26.38238],[93.78098,26.38154],[93.78171,26.3815],[93.78201,26.38065],[93.78306,26.38082],[93.78549,26.37891],[93.78675,26.37947],[93.78786,26.37836],[93.7883,26.3766],[93.7904,26.37675],[93.79261,26.37566],[93.79395,26.37595],[93.79545,26.37863],[93.79549,26.37994],[93.79455,26.38172],[93.79633,26.38362],[93.79585,26.38472],[93.79622,26.38667],[93.79904,26.38802],[93.80002,26.39069],[93.80078,26.39145],[93.80167,26.39161],[93.80342,26.39065],[93.80393,26.39083],[93.80446,26.39419],[93.80611,26.39609],[93.80695,26.39616],[93.80943,26.39481],[93.81025,26.39598],[93.81024,26.39689],[93.81113,26.39778],[93.8125,26.39826],[93.81521,26.3981],[93.81655,26.39874],[93.81787,26.40096],[93.82245,26.40564],[93.82258,26.41032],[93.82352,26.41208],[93.82615,26.41368],[93.826,26.41549],[93.82671,26.41785],[93.82899,26.41586],[93.83123,26.4157],[93.83219,26.41466],[93.83417,26.41384],[93.83625,26.4105],[93.8467,26.40712],[93.84771,26.40522],[93.84982,26.40314],[93.85223,26.40167],[93.85481,26.40138],[93.85874,26.39859],[93.86313,26.39396],[93.86557,26.38898],[93.86866,26.38857],[93.87046,26.39031],[93.87196,26.39053],[93.87445,26.39214],[93.8773,26.3926],[93.87875,26.3941],[93.88017,26.39408],[93.88385,26.39209],[93.88058,26.38791],[93.88078,26.38695],[93.88154,26.3866],[93.8838,26.38701],[93.88476,26.38608],[93.88497,26.38502],[93.88306,26.38133],[93.8837,26.38083],[93.88479,26.38092],[93.88732,26.38183],[93.88859,26.38122],[93.88846,26.38039],[93.88567,26.3784],[93.88399,26.37592],[93.8811,26.37404],[93.8811,26.37261],[93.88262,26.37138],[93.88841,26.37122],[93.89133,26.373],[93.8929,26.37325],[93.89414,26.37193],[93.89369,26.37117],[93.89031,26.36939],[93.88919,26.36528],[93.88714,26.36375],[93.88371,26.36272],[93.88308,26.36205],[93.88313,26.35921],[93.88401,26.35921],[93.88599,26.36023],[93.88688,26.3601],[93.88772,26.35939],[93.88858,26.3568],[93.88751,26.35594],[93.88482,26.3561],[93.88353,26.35562],[93.88287,26.35461],[93.88287,26.35286],[93.88429,26.35181],[93.88784,26.35094],[93.88906,26.34973],[93.88952,26.34743],[93.88908,26.34631],[93.88746,26.3456],[93.8834,26.3469],[93.88223,26.34663],[93.88137,26.34568],[93.88137,26.34444],[93.88261,26.34112],[93.88351,26.34062],[93.8863,26.34093],[93.88736,26.34033],[93.88685,26.33654],[93.88741,26.3346],[93.88607,26.33195],[93.88652,26.32829],[93.88771,26.32822],[93.88934,26.32969],[93.89167,26.3309],[93.89357,26.33053],[93.89474,26.32911],[93.89466,26.32779],[93.89385,26.32635],[93.89268,26.32583],[93.89052,26.32631],[93.88854,26.32612],[93.88705,26.32514],[93.88647,26.32379],[93.8874,26.32178],[93.8909,26.32109],[93.89273,26.3201],[93.89354,26.31866],[93.89379,26.31557],[93.89285,26.31475],[93.89125,26.31514],[93.88996,26.31665],[93.88879,26.31985],[93.88796,26.32029],[93.8859,26.32058],[93.88363,26.31933],[93.88327,26.3186],[93.88381,26.3175],[93.88693,26.31583],[93.88733,26.31432],[93.88657,26.31243],[93.88502,26.31066],[93.88406,26.31053],[93.88152,26.31261],[93.87965,26.3132],[93.87597,26.31236],[93.87484,26.31154],[93.8738,26.30985],[93.87499,26.30813],[93.87707,26.30742],[93.88127,26.30848],[93.88419,26.3082],[93.88508,26.30752],[93.88561,26.30521],[93.88505,26.30263],[93.88421,26.30228],[93.88092,26.30247],[93.87889,26.3004],[93.87737,26.29973],[93.87612,26.29978],[93.87334,26.30113],[93.87133,26.30083],[93.86989,26.29995],[93.86969,26.2993],[93.87199,26.29791],[93.87232,26.29649],[93.87174,26.29567],[93.86946,26.29535],[93.86852,26.29452],[93.86875,26.29377],[93.87012,26.293],[93.87196,26.29101],[93.87653,26.288],[93.87681,26.28684],[93.87384,26.28608],[93.87281,26.28472],[93.87235,26.28264],[93.87263,26.28164],[93.8745,26.27894],[93.87641,26.2778],[93.88049,26.27632],[93.88115,26.27554],[93.88107,26.27372],[93.88059,26.27287],[93.8799,26.27291],[93.8779,26.27454],[93.87562,26.27557],[93.87184,26.27612],[93.8708,26.27564],[93.87095,26.27506],[93.87341,26.27342],[93.87361,26.27239],[93.87331,26.27159],[93.86903,26.26919],[93.86845,26.26816],[93.86842,26.26633],[93.86893,26.26585],[93.87235,26.26603],[93.87481,26.26401],[93.87455,26.26339],[93.87225,26.26216],[93.87096,26.25939],[93.86811,26.25953],[93.86531,26.25816],[93.86445,26.25507],[93.86724,26.25252],[93.86716,26.25115],[93.86625,26.25071],[93.86501,26.2511],[93.86318,26.25263],[93.86186,26.25309],[93.86044,26.25252],[93.861,26.2508],[93.86513,26.24844],[93.86543,26.24773],[93.86479,26.24593],[93.86345,26.24514],[93.86158,26.2448],[93.85493,26.24717],[93.85125,26.24519],[93.84773,26.2414],[93.84898,26.23985],[93.85013,26.23922],[93.85136,26.23919],[93.85184,26.24005],[93.8511,26.24274],[93.85152,26.24381],[93.85339,26.24546],[93.85531,26.24555],[93.85652,26.24508],[93.86073,26.24175],[93.85903,26.2393],[93.85999,26.23671],[93.86172,26.23601],[93.86424,26.23589],[93.86462,26.2354],[93.8642,26.23472],[93.86059,26.23312],[93.85627,26.22884],[93.85551,26.22642],[93.8568,26.22388],[93.85716,26.2218],[93.85153,26.21574],[93.85016,26.21529],[93.84863,26.21556],[93.84548,26.21816],[93.84419,26.21869],[93.84157,26.21843],[93.84048,26.21787],[93.84463,26.21438],[93.84471,26.21338],[93.84411,26.21229],[93.84108,26.20988],[93.83664,26.20988],[93.83384,26.2072],[93.8348,26.2047],[93.83357,26.20133],[93.83415,26.20046],[93.83567,26.20081],[93.8371,26.20388],[93.83821,26.20477],[93.83972,26.20518],[93.84119,26.20495],[93.84056,26.20309],[93.83835,26.19991],[93.83798,26.19459],[93.83708,26.19466],[93.83216,26.19866],[93.83076,26.1981],[93.82909,26.19642],[93.82939,26.19459],[93.83282,26.19176],[93.83387,26.18986],[93.83312,26.18907],[93.82927,26.18873],[93.82773,26.18756],[93.82753,26.18634],[93.82954,26.18365],[93.83331,26.18081],[93.83475,26.17841],[93.83515,26.17602],[93.83374,26.1747],[93.83251,26.17509],[93.83132,26.17891],[93.83043,26.18003],[93.8292,26.18064],[93.82729,26.18063],[93.82634,26.17942],[93.82815,26.17632],[93.82785,26.17392],[93.82682,26.17316],[93.82227,26.17307],[93.82159,26.1726],[93.82221,26.17138],[93.82461,26.16976],[93.82643,26.16644],[93.82647,26.16202],[93.83065,26.15818],[93.83139,26.15416],[93.8301,26.15153],[93.83052,26.14997],[93.82695,26.14794],[93.82542,26.14421],[93.82606,26.14298],[93.82927,26.14075],[93.83068,26.13917],[93.83118,26.13691],[93.83031,26.13533],[93.82945,26.13542],[93.82547,26.13778],[93.82239,26.13896],[93.82056,26.13873],[93.81836,26.13706],[93.81814,26.13455],[93.81937,26.13258],[93.82568,26.13072],[93.82772,26.1288],[93.82804,26.12783],[93.82744,26.12668],[93.82619,26.12618],[93.81913,26.12478],[93.81726,26.12271],[93.81706,26.12069],[93.81762,26.11912],[93.82196,26.11428],[93.82107,26.11131],[93.82012,26.11007],[93.81877,26.1097],[93.81742,26.10998],[93.81385,26.11236],[93.81209,26.11233],[93.81119,26.1115],[93.81218,26.10948],[93.81203,26.10866],[93.80978,26.10551],[93.80648,26.10258],[93.80665,26.1008],[93.80733,26.0998],[93.80982,26.09926],[93.81016,26.09537],[93.81095,26.09425],[93.81395,26.09205],[93.81418,26.09087],[93.81357,26.09032],[93.81107,26.09089],[93.80929,26.09161],[93.80632,26.09398],[93.80492,26.09366],[93.80404,26.09237],[93.80365,26.08893],[93.80426,26.08871],[93.80635,26.08997],[93.80726,26.09003],[93.80946,26.08794],[93.81003,26.08661],[93.80898,26.08634],[93.80569,26.08749],[93.80448,26.08695],[93.80328,26.08549],[93.80338,26.0843],[93.80525,26.08288],[93.80552,26.08213],[93.80525,26.0773],[93.80664,26.07475],[93.80589,26.07142],[93.80466,26.07165],[93.80192,26.07564],[93.80043,26.07609],[93.79802,26.07489],[93.79718,26.07364],[93.79665,26.07127],[93.79699,26.07022],[93.79768,26.06981],[93.80115,26.07076],[93.8025,26.0708],[93.80365,26.07021],[93.80498,26.0672],[93.80534,26.06465],[93.80443,26.06425],[93.80201,26.06611],[93.80114,26.06609],[93.79959,26.06315],[93.79633,26.06247],[93.79466,26.06133],[93.79459,26.05871],[93.79804,26.05427],[93.798,26.05325],[93.79734,26.0525],[93.79326,26.05226],[93.79217,26.05266],[93.79179,26.05489],[93.79051,26.0566],[93.78855,26.05615],[93.7871,26.05443],[93.78779,26.05317],[93.79079,26.05251],[93.79123,26.05174],[93.79107,26.04828],[93.79209,26.04606],[93.79529,26.044],[93.79504,26.0417],[93.79355,26.04072],[93.78967,26.0409],[93.78594,26.04032],[93.78118,26.04055],[93.78011,26.0397],[93.78043,26.03892],[93.78244,26.03801],[93.78433,26.03367],[93.78715,26.03122],[93.78945,26.03147],[93.7917,26.034],[93.79822,26.03266],[93.79966,26.03137],[93.79976,26.03021],[93.79933,26.02972],[93.79649,26.0281],[93.79578,26.02828],[93.79368,26.03093],[93.79336,26.02815],[93.79237,26.02656],[93.79137,26.02587],[93.78682,26.02461],[93.78603,26.02385],[93.78553,26.02228],[93.78619,26.02],[93.78781,26.01901],[93.79136,26.01837],[93.7931,26.0165],[93.79328,26.01528],[93.78985,26.01265],[93.78916,26.01279],[93.78727,26.01485],[93.78619,26.01462],[93.78119,26.00798],[93.78196,26.00662],[93.78541,26.00662],[93.78612,26.00752],[93.78659,26.00997],[93.78806,26.00953],[93.78818,26.00676],[93.79018,26.00507],[93.7915,26.0013],[93.79464,25.99852],[93.7956,25.9987],[93.79571,26.0009],[93.79865,26.00338],[93.79987,26.00365],[93.80191,26.00188],[93.80432,25.99867],[93.80439,25.99794],[93.80384,25.99758],[93.80277,25.99788],[93.80095,26.00021],[93.79945,26.00078],[93.79897,26.00003],[93.79948,25.99943],[93.79803,25.99808],[93.79762,25.9968],[93.80049,25.9957],[93.8008,25.9949],[93.80014,25.99464],[93.79841,25.99513],[93.79586,25.99454],[93.79477,25.99371],[93.79464,25.99273],[93.79619,25.99029],[93.79537,25.98842],[93.7957,25.98741],[93.79971,25.98402],[93.80085,25.98427],[93.80171,25.98653],[93.8028,25.98666],[93.80447,25.9807],[93.80361,25.97954],[93.80263,25.97936],[93.80072,25.98145],[93.79983,25.9816],[93.79919,25.97971],[93.79809,25.97879],[93.79535,25.97974],[93.7935,25.97948],[93.79311,25.9816],[93.79138,25.98156],[93.79044,25.98101],[93.79024,25.98033],[93.79121,25.97734],[93.79002,25.9763],[93.78692,25.9774],[93.78573,25.98188],[93.78493,25.98271],[93.78075,25.98157],[93.78018,25.98088],[93.78014,25.97912],[93.77843,25.97839],[93.77912,25.97364],[93.77802,25.97004],[93.77659,25.96876],[93.77543,25.96981],[93.77358,25.97048],[93.77279,25.97018],[93.77226,25.96838],[93.77142,25.96799],[93.76727,25.96995],[93.76545,25.96975],[93.76455,25.96888],[93.7648,25.96837],[93.76741,25.96805],[93.76814,25.96742],[93.76965,25.96397],[93.77005,25.95989],[93.76968,25.95886],[93.76889,25.9587],[93.76442,25.96008],[93.76355,25.95937],[93.76823,25.95359],[93.76827,25.95155],[93.76755,25.95051],[93.76419,25.95085],[93.76399,25.95144],[93.76491,25.95414],[93.7632,25.95431],[93.76211,25.95126],[93.7615,25.95117],[93.75952,25.95264],[93.75865,25.95262],[93.75783,25.95187],[93.75903,25.94711],[93.75846,25.94551],[93.75607,25.94529],[93.75293,25.94667],[93.75197,25.94506],[93.75233,25.94185],[93.74991,25.94076],[93.74918,25.94092],[93.74714,25.94318],[93.74538,25.94278],[93.74518,25.94076],[93.7462,25.9387],[93.74763,25.9384],[93.74919,25.93709],[93.75147,25.9364],[93.75235,25.93542],[93.75241,25.9339],[93.75131,25.93281],[93.74984,25.93254],[93.74962,25.93436],[93.74892,25.93489],[93.74764,25.93492],[93.74568,25.93433],[93.74286,25.93222],[93.73953,25.93179],[93.73919,25.93138],[93.73953,25.92982],[93.73856,25.92868],[93.73655,25.92767],[93.73725,25.9268],[93.73826,25.92653],[93.73864,25.92532],[93.73703,25.92515],[93.73615,25.92276],[93.73528,25.92287],[93.73497,25.92365],[93.73432,25.92322],[93.73397,25.92389],[93.73356,25.92296],[93.72987,25.92236],[93.72821,25.92058],[93.726,25.92092],[93.72073,25.9197],[93.71869,25.91985],[93.71555,25.91862],[93.71362,25.91681],[93.71112,25.91709],[93.70843,25.91884],[93.70663,25.91883],[93.70495,25.91651],[93.70545,25.91492],[93.70088,25.91066],[93.69913,25.91133],[93.69398,25.91172],[93.69127,25.90985],[93.69007,25.90766],[93.68773,25.90758],[93.68642,25.90533],[93.68488,25.90471],[93.68477,25.9037],[93.68347,25.90338],[93.68153,25.90439],[93.70208,25.85154],[93.71432,25.84451],[93.71307,25.84397],[93.71183,25.84414],[93.70892,25.84619],[93.70781,25.84781],[93.70328,25.8451],[93.70215,25.84334],[93.70088,25.84327],[93.69968,25.84463],[93.69965,25.84551],[93.70168,25.84842],[93.70113,25.84957],[93.70013,25.84909],[93.70006,25.84741],[93.69923,25.84657],[93.69597,25.84826],[93.69469,25.84799],[93.69333,25.84572],[93.69143,25.84385],[93.68973,25.8457],[93.6883,25.84595],[93.68609,25.84507],[93.68565,25.84367],[93.68951,25.84218],[93.69022,25.84069],[93.68543,25.8403],[93.68056,25.83835],[93.67996,25.83776],[93.67944,25.83562],[93.68068,25.83343],[93.67915,25.83199],[93.67863,25.82841],[93.67763,25.82779],[93.67262,25.82764],[93.67182,25.8268],[93.67205,25.82472],[93.67116,25.82405],[93.66829,25.82612],[93.66764,25.82596],[93.66708,25.82484],[93.6686,25.82269],[93.66829,25.82183],[93.66496,25.82318],[93.66262,25.82282],[93.66054,25.82161],[93.65837,25.82301],[93.65481,25.82364],[93.65359,25.8232],[93.65285,25.82047],[93.6516,25.81986],[93.65029,25.82005],[93.64614,25.82238],[93.64651,25.81973],[93.64431,25.8187],[93.64347,25.81577],[93.63916,25.81622],[93.63816,25.81563],[93.63795,25.81425],[93.63919,25.81137],[93.6386,25.80979],[93.63685,25.81004],[93.63382,25.81195],[93.6331,25.81138],[93.63457,25.81028],[93.63495,25.80927],[93.6317,25.80664],[93.63305,25.80419],[93.63289,25.80276],[93.62951,25.80156],[93.62626,25.80301],[93.6247,25.80256],[93.62503,25.80136],[93.62776,25.79888],[93.62774,25.79802],[93.62669,25.79715],[93.62453,25.79801],[93.62374,25.79798],[93.6234,25.7973],[93.62561,25.79391],[93.62683,25.79104],[93.62675,25.78961],[93.62473,25.78778],[93.6232,25.78733],[93.62252,25.78497],[93.6185,25.7837],[93.61877,25.78156],[93.6201,25.78023],[93.61838,25.77855],[93.61742,25.77599],[93.61613,25.77574],[93.61272,25.77656],[93.61123,25.77411],[93.61029,25.77375],[93.60698,25.77521],[93.60504,25.7749],[93.60394,25.7733],[93.60254,25.76838],[93.60324,25.76608],[93.60265,25.76508],[93.60137,25.76484],[93.60056,25.76516],[93.59997,25.76808],[93.59851,25.7688],[93.59741,25.76816],[93.59394,25.76368],[93.59167,25.76253],[93.59025,25.76297],[93.5901,25.76519],[93.58951,25.76605],[93.58811,25.76654],[93.58592,25.76615],[93.58431,25.76473],[93.58355,25.76236],[93.58234,25.76055],[93.5826,25.75985],[93.58512,25.75874],[93.58548,25.75798],[93.58017,25.75653],[93.57775,25.75449],[93.57726,25.75481],[93.57734,25.75645],[93.57683,25.75687],[93.57442,25.75641],[93.57147,25.75879],[93.56794,25.75843],[93.56755,25.75734],[93.56827,25.75681],[93.57116,25.75698],[93.57243,25.75644],[93.57324,25.75538],[93.57322,25.75412],[93.57251,25.75347],[93.57029,25.75276],[93.56948,25.75296],[93.56833,25.75499],[93.56735,25.75526],[93.56633,25.75475],[93.56707,25.74882],[93.56634,25.74764],[93.56361,25.74575],[93.56146,25.73883],[93.56071,25.73851],[93.55843,25.73931],[93.55367,25.73934],[93.5533,25.73816],[93.55538,25.735],[93.55535,25.7343],[93.55323,25.73337],[93.55167,25.73407],[93.55041,25.73405],[93.54949,25.7304],[93.54413,25.73264],[93.5427,25.73245],[93.54177,25.73124],[93.54235,25.72668],[93.53999,25.72408],[93.5419,25.72311],[93.54284,25.72187],[93.54242,25.7159],[93.54673,25.7137],[93.54735,25.71253],[93.54096,25.70459],[93.54026,25.70309],[93.54054,25.69945],[93.53907,25.69951],[93.5369,25.70155],[93.53401,25.70023],[93.53226,25.69894],[93.53089,25.69707],[93.5307,25.69306],[93.52984,25.69227],[93.52808,25.69186],[93.52486,25.69193],[93.52268,25.69278],[93.5222,25.69414],[93.52319,25.69561],[93.52329,25.69707],[93.52291,25.69779],[93.52195,25.69779],[93.52113,25.69481],[93.51918,25.69163],[93.51649,25.68987],[93.51528,25.68736],[93.51203,25.68537],[93.5121,25.68434],[93.5127,25.68372],[93.51609,25.6829],[93.5175,25.68106],[93.51746,25.68008],[93.51382,25.67797],[93.51267,25.67608],[93.51102,25.67471],[93.51028,25.6723],[93.50676,25.67265],[93.50898,25.66891],[93.50669,25.66834],[93.50494,25.66706],[93.5058,25.66408],[93.5,25.661],[93.49875,25.65749],[93.497,25.65512],[93.49114,25.65357],[93.48916,25.65466],[93.48773,25.65448],[93.48777,25.65139],[93.4867,25.65039],[93.48609,25.64888],[93.48534,25.64897],[93.48372,25.65059],[93.48193,25.65155],[93.48162,25.65109],[93.48236,25.64935],[93.48294,25.64546],[93.48224,25.64468],[93.48138,25.64447],[93.47815,25.6473],[93.47675,25.64777],[93.4758,25.64726],[93.47383,25.64401],[93.47274,25.64412],[93.47149,25.6454],[93.4688,25.64433],[93.46935,25.64351],[93.47231,25.64326],[93.47204,25.64239],[93.46953,25.64265],[93.46417,25.64462],[93.46349,25.64425],[93.46296,25.64261],[93.46046,25.64062],[93.45817,25.64136],[93.45731,25.64114],[93.45567,25.63925],[93.45573,25.63869],[93.45706,25.63753],[93.45946,25.63738],[93.4606,25.63678],[93.46143,25.63338],[93.4609,25.63231],[93.45509,25.63385],[93.45377,25.63591],[93.44959,25.63953],[93.44895,25.63911],[93.44948,25.63561],[93.44666,25.6346],[93.44618,25.63613],[93.44523,25.63699],[93.44569,25.63893],[93.44437,25.63961],[93.44216,25.63817],[93.44162,25.63468],[93.43973,25.63567],[93.43736,25.63481],[93.43726,25.63166],[93.43457,25.63119],[93.43366,25.62943],[93.43178,25.62981],[93.43043,25.62947],[93.42981,25.63083],[93.42834,25.63111],[93.42804,25.6326],[93.42653,25.63195],[93.42482,25.63006],[93.42545,25.62877],[93.42439,25.62703],[93.42455,25.62547],[93.42375,25.62512],[93.42148,25.62585],[93.41997,25.6247],[93.41995,25.62384],[93.42226,25.62043],[93.42161,25.61824],[93.41835,25.61764],[93.41667,25.61938],[93.41373,25.62099],[93.41436,25.61805],[93.41333,25.61747],[93.41158,25.61745],[93.41048,25.61654],[93.41013,25.61548],[93.41101,25.61359],[93.40963,25.61324],[93.40885,25.61433],[93.40783,25.61441],[93.40687,25.61367],[93.40626,25.6114],[93.40152,25.61109],[93.40132,25.61044],[93.40187,25.60947],[93.4013,25.60776],[93.40216,25.6069],[93.40127,25.60577],[93.40224,25.60495],[93.40212,25.60397],[93.40287,25.60216],[93.40105,25.60117],[93.40054,25.5998],[93.39947,25.59907],[93.39878,25.59603],[93.39791,25.59568],[93.39695,25.59703],[93.39626,25.59646],[93.39604,25.59502],[93.3947,25.59445],[93.39399,25.59467],[93.39403,25.59607],[93.39243,25.5959],[93.39219,25.59419],[93.39045,25.5938],[93.38966,25.59312],[93.38929,25.5911],[93.38669,25.59293],[93.3856,25.59277],[93.38566,25.5914],[93.38695,25.58997],[93.38555,25.58866],[93.38575,25.58705],[93.38474,25.58711],[93.38341,25.58792],[93.38307,25.58772],[93.38321,25.58519],[93.38217,25.58473],[93.38206,25.58396],[93.37943,25.58389],[93.37835,25.5826],[93.3784,25.58187],[93.37911,25.58152],[93.38159,25.58197],[93.37965,25.57898],[93.37983,25.57658],[93.3743,25.57709],[93.37566,25.57408],[93.37539,25.57308],[93.37331,25.57268],[93.36951,25.57042],[93.36554,25.56518],[93.36448,25.56524],[93.36352,25.56639],[93.36245,25.566],[93.36174,25.56515],[93.36159,25.56387],[93.36229,25.56254],[93.36406,25.5612],[93.36341,25.56055],[93.36114,25.55976],[93.36054,25.55789],[93.35847,25.55726],[93.35872,25.55463],[93.35734,25.5545],[93.35701,25.55583],[93.35644,25.55619],[93.35525,25.55536],[93.35461,25.55552],[93.35244,25.55762],[93.35269,25.55911],[93.35216,25.55999],[93.34584,25.55911],[93.34328,25.56004],[93.33991,25.5584],[93.33798,25.55687],[93.33575,25.55398],[93.33599,25.55345],[93.33704,25.55311],[93.3367,25.55229],[93.33357,25.54996],[93.33261,25.54838],[93.32949,25.54863],[93.32697,25.54696],[93.32745,25.54493],[93.33015,25.54348],[93.3303,25.54252],[93.32745,25.53968],[93.32451,25.53894],[93.32378,25.53764],[93.32268,25.537],[93.32268,25.53547],[93.32182,25.53313],[93.32038,25.53386],[93.31793,25.5324],[93.31457,25.53225],[93.31314,25.53139],[93.31124,25.53157],[93.30831,25.5309],[93.30517,25.53165],[93.30402,25.53059],[93.30148,25.53042],[93.29878,25.53276],[93.29979,25.53519],[93.29944,25.5379],[93.29786,25.54001],[93.29603,25.54144],[93.29425,25.54427],[93.29248,25.54443],[93.28986,25.5438],[93.28859,25.54095],[93.28659,25.53955],[93.28283,25.5382],[93.28096,25.53801],[93.2797,25.53676],[93.27776,25.53591],[93.27708,25.53356],[93.276,25.53232],[93.27233,25.53127],[93.27023,25.53134],[93.26822,25.53274],[93.26281,25.54057],[93.26417,25.54242],[93.26351,25.54474],[93.26131,25.54662],[93.2601,25.54844],[93.25843,25.54889],[93.25673,25.54836],[93.25391,25.54872],[93.25135,25.54783],[93.24836,25.54916],[93.24318,25.54721],[93.23779,25.546],[93.23462,25.54641],[93.23168,25.54584],[93.22987,25.54642],[93.22911,25.54624],[93.22857,25.5468],[93.22728,25.54612],[93.2269,25.54736],[93.22457,25.54723],[93.22397,25.54814],[93.2226,25.54888],[93.2201,25.5487],[93.21979,25.54765],[93.21906,25.54761],[93.2176,25.54858],[93.21614,25.54758],[93.21539,25.54757],[93.21374,25.54957],[93.21058,25.54661],[93.21139,25.54364],[93.211,25.543],[93.21021,25.54294],[93.20765,25.54423],[93.20735,25.5456],[93.20645,25.54623],[93.20824,25.5489],[93.20587,25.54966],[93.20613,25.55105],[93.20515,25.55237],[93.20537,25.55367],[93.20405,25.55423],[93.2039,25.55542],[93.20276,25.55577],[93.2015,25.55472],[93.19991,25.55455],[93.19834,25.55557],[93.1989,25.55827],[93.19737,25.55881],[93.19726,25.55925],[93.19982,25.55941],[93.20021,25.5599],[93.19876,25.56153],[93.19997,25.56212],[93.19869,25.56428],[93.19721,25.56487],[93.19262,25.56537],[93.19332,25.56687],[93.19178,25.56831],[93.19075,25.57051],[93.18926,25.57042],[93.1897,25.57202],[93.19199,25.57476],[93.18896,25.57463],[93.18813,25.57695],[93.18667,25.57634],[93.18776,25.57949],[93.18776,25.58164],[93.18715,25.58172],[93.18563,25.58063],[93.18305,25.58191],[93.18287,25.5824],[93.18461,25.58315],[93.18481,25.5839],[93.17931,25.58733],[93.17763,25.58993],[93.17761,25.59132],[93.1766,25.59283],[93.17669,25.59319],[93.17787,25.59322],[93.18038,25.59247],[93.18129,25.59298],[93.18072,25.59474],[93.17842,25.59571],[93.17998,25.59774],[93.18013,25.59862],[93.17819,25.60066],[93.17756,25.60303],[93.17576,25.60414],[93.17734,25.60685],[93.17698,25.60959],[93.17801,25.61108],[93.17694,25.6129],[93.178,25.61432],[93.1798,25.61419],[93.17986,25.61609],[93.18085,25.61715],[93.17982,25.61808],[93.17951,25.6195],[93.18242,25.61932],[93.18458,25.62254],[93.18658,25.62163],[93.1886,25.62207],[93.19003,25.62481],[93.18912,25.62782],[93.19194,25.62958],[93.19237,25.63066],[93.19196,25.63215],[93.18768,25.63183],[93.18737,25.63453],[93.1853,25.6347],[93.18453,25.63756],[93.18301,25.63783],[93.18189,25.63862],[93.1816,25.64108],[93.18117,25.64082],[93.18118,25.63876],[93.18054,25.63846],[93.17857,25.63975],[93.17989,25.64096],[93.17945,25.64216],[93.17722,25.64161],[93.1775,25.64342],[93.17688,25.645],[93.17808,25.64747],[93.17558,25.64896],[93.17504,25.65181],[93.1732,25.65197],[93.17175,25.65336],[93.17239,25.65633],[93.17058,25.66202],[93.16889,25.66188],[93.16782,25.663],[93.16584,25.66373],[93.16447,25.66257],[93.16247,25.66299],[93.16078,25.66269],[93.15825,25.66643],[93.15768,25.66639],[93.15678,25.66501],[93.1545,25.66567],[93.15365,25.66301],[93.15282,25.66239],[93.15023,25.66322],[93.1497,25.66481],[93.14876,25.66567],[93.14675,25.66533],[93.1453,25.66473],[93.1436,25.66104],[93.14244,25.66099],[93.14185,25.66208],[93.14195,25.66542],[93.14133,25.66723],[93.13974,25.66847],[93.13711,25.66912],[93.13597,25.67014],[93.13684,25.67178],[93.13645,25.67335],[93.13771,25.67517],[93.13527,25.67629],[93.1338,25.67774],[93.13296,25.68108],[93.13406,25.6827],[93.1323,25.68427],[93.13177,25.68613],[93.13458,25.68801],[93.13469,25.68873],[93.13361,25.69005],[93.13642,25.69211],[93.1352,25.69393],[93.13608,25.6986],[93.13423,25.70589],[93.13664,25.70662],[93.13638,25.70962],[93.13721,25.71089],[93.14063,25.71234],[93.13973,25.7155],[93.14106,25.71688],[93.14345,25.71745],[93.14265,25.71857],[93.14838,25.72071],[93.15314,25.72053],[93.15853,25.72373],[93.17051,25.71837],[93.18242,25.72896],[93.22653,25.72746],[93.23106,25.75881],[93.23,25.76038],[93.22745,25.76201],[93.22855,25.76347],[93.22712,25.76552],[93.22871,25.76596],[93.22978,25.7654],[93.23131,25.76543],[93.23293,25.76612],[93.23396,25.76752],[93.23609,25.76872],[93.23962,25.77347],[93.24229,25.77484],[93.24383,25.77648],[93.24715,25.78352],[93.2478,25.78818],[93.24682,25.78887],[93.24729,25.7909],[93.24562,25.7926],[93.24606,25.7941],[93.24515,25.7952],[93.24642,25.79569],[93.24786,25.79767],[93.2476,25.79826],[93.24611,25.79901],[93.24592,25.79969],[93.24677,25.80947],[93.2405,25.8073],[93.23995,25.80944],[93.2438,25.81558],[93.24478,25.81893],[93.24495,25.82464],[93.24419,25.82961],[93.24352,25.83156],[93.24133,25.83404],[93.24118,25.83749],[93.23981,25.83863],[93.23942,25.83992],[93.23795,25.8411],[93.23795,25.84369],[93.24086,25.84619],[93.23923,25.85111],[93.23541,25.85124],[93.2317,25.85229],[93.23069,25.85358],[93.22721,25.85567],[93.22203,25.85994],[93.22149,25.86227],[93.22075,25.86243],[93.20699,25.88056],[93.19866,25.89413],[93.1969,25.89806],[93.1945,25.89904],[93.19133,25.89857],[93.18918,25.89965],[93.18807,25.89969],[93.18303,25.90336],[93.18268,25.90491],[93.18355,25.90666],[93.18311,25.90847],[93.18343,25.91421],[93.18245,25.91701],[93.18207,25.92003],[93.1802,25.92037],[93.17935,25.92143],[93.17951,25.924],[93.17876,25.9268],[93.17942,25.92873],[93.17882,25.92925],[93.17899,25.92998],[93.17811,25.9303],[93.1782,25.93131],[93.17759,25.93238],[93.1767,25.93267],[93.1767,25.93315],[93.17788,25.93364],[93.17797,25.93412],[93.17674,25.93652],[93.17651,25.93834],[93.17555,25.93896],[93.17509,25.94048],[93.1765,25.94305],[93.17526,25.94425],[93.17402,25.94415],[93.17298,25.94461],[93.17186,25.9471],[93.17353,25.95252],[93.17273,25.95343],[93.16752,25.95646],[93.16546,25.95648],[93.16381,25.95758],[93.16138,25.95757],[93.16056,25.95846],[93.16032,25.96002],[93.1586,25.96167],[93.15934,25.96457],[93.15727,25.96752],[93.15933,25.97102],[93.15915,25.97235],[93.15766,25.97491],[93.15862,25.97742],[93.15699,25.97846],[93.15722,25.97974],[93.15635,25.98244],[93.15405,25.98555],[93.15547,25.98911],[93.15757,25.99215],[93.15825,25.99538],[93.15699,25.99595],[93.15441,25.995],[93.15327,25.99504],[93.15188,25.99637],[93.14981,25.99711],[93.14934,25.99884],[93.14838,26.00005],[93.14821,26.00223],[93.14504,26.00416],[93.14442,26.00714],[93.14181,26.00855],[93.14094,26.00979],[93.14076,26.01181],[93.14008,26.0129],[93.14048,26.0147],[93.13776,26.01856],[93.1365,26.01954],[93.13488,26.01986],[93.1327,26.02149],[93.13109,26.02176],[93.12872,26.02143],[93.12761,26.02203],[93.12655,26.0219],[93.12662,26.02323],[93.12742,26.02398],[93.12749,26.02472],[93.12533,26.02614],[93.1272,26.03111],[93.12515,26.03196],[93.12318,26.0319],[93.11719,26.03452],[93.1151,26.03422],[93.11304,26.0346],[93.11002,26.03698],[93.10853,26.03676],[93.10637,26.03491],[93.10549,26.03527],[93.10475,26.03491],[93.10398,26.03563],[93.1013,26.03468],[93.10003,26.03518],[93.09643,26.03321],[93.09473,26.03408],[93.0934,26.03313],[93.10842,26.07823],[93.10719,26.07843],[93.10573,26.07733],[93.10473,26.07585],[93.10407,26.07345],[93.10208,26.07462],[93.10104,26.07677],[93.10007,26.07696],[93.09754,26.0755],[93.09589,26.07704],[93.0944,26.07709],[93.09259,26.07485],[93.08838,26.07443],[93.08852,26.0753],[93.09074,26.07613],[93.0905,26.07819],[93.08982,26.07858],[93.08914,26.0784],[93.08632,26.07674],[93.08537,26.07568],[93.08482,26.07572],[93.08448,26.07649],[93.08506,26.07843],[93.08439,26.08031],[93.08502,26.08305],[93.08442,26.08309],[93.081,26.0811],[93.08238,26.07903],[93.08216,26.07838],[93.08156,26.07838],[93.07593,26.08045],[93.07585,26.08103],[93.07683,26.08205],[93.07529,26.08489],[93.07427,26.08517],[93.07375,26.0836],[93.07319,26.08334],[93.07244,26.08537],[93.07167,26.08484],[93.07214,26.08083],[93.07121,26.08103],[93.06897,26.08273],[93.06803,26.08258],[93.0675,26.08037],[93.06889,26.07861],[93.06858,26.07803],[93.06786,26.07815],[93.06626,26.07962],[93.06611,26.08187],[93.06535,26.08257],[93.06394,26.08227],[93.06156,26.08256],[93.05949,26.07972],[93.05903,26.08064],[93.05929,26.08525],[93.05866,26.08598],[93.05699,26.085],[93.05635,26.0852],[93.05659,26.08726],[93.05587,26.08826],[93.0551,26.08792],[93.05432,26.08614],[93.05202,26.08577],[93.05082,26.08456],[93.05005,26.08495],[93.04969,26.08724],[93.04714,26.08814],[93.04629,26.08784],[93.0453,26.08617],[93.04054,26.08698],[93.03995,26.08748],[93.03853,26.09027],[93.03722,26.09139],[93.03817,26.09307],[93.03846,26.09646],[93.03673,26.09839],[93.03734,26.10067],[93.03506,26.10207],[93.03684,26.10568],[93.03656,26.10786],[93.03589,26.10859],[93.03469,26.10837],[93.0331,26.10582],[93.03056,26.10764],[93.02906,26.10697],[93.02549,26.1073],[93.02164,26.11042],[93.02213,26.11263],[93.0218,26.11306],[93.01894,26.11258],[93.01775,26.11317],[93.01609,26.11268],[93.015,26.11457],[93.01324,26.11271],[93.01264,26.11264],[93.00891,26.1145],[93.00708,26.1149],[93.00647,26.11692],[93.00583,26.11731],[93.00234,26.11753],[92.99925,26.11996],[92.99876,26.12149],[92.99787,26.12234],[92.99678,26.12246],[92.99548,26.12193],[92.99159,26.12406],[92.9872,26.12479],[92.98236,26.12649],[92.9786,26.12723],[92.97761,26.12928],[92.97686,26.12955],[92.97567,26.12913],[92.97363,26.13076],[92.97288,26.13049],[92.97244,26.12875],[92.97191,26.12834],[92.96904,26.12971],[92.96648,26.12913],[92.96524,26.13068],[92.96354,26.13129],[92.96414,26.13248],[92.96315,26.13408],[92.96082,26.13336],[92.95938,26.13764],[92.95773,26.13764],[92.9575,26.13893],[92.95589,26.13939],[92.9546,26.14076],[92.95393,26.14063],[92.95251,26.13868],[92.95123,26.13958],[92.94901,26.13907],[92.94646,26.13962],[92.94598,26.13908],[92.94601,26.13767],[92.94496,26.13803],[92.9428,26.13714],[92.93928,26.13744],[92.93873,26.13887],[92.935,26.13665],[92.93403,26.13663],[92.93366,26.13715],[92.9339,26.13869],[92.93198,26.13851],[92.93121,26.1393],[92.93127,26.14004],[92.9329,26.13997],[92.93142,26.14318],[92.9307,26.14414],[92.92897,26.14512],[92.93001,26.14609],[92.93241,26.14521],[92.93257,26.14602],[92.93127,26.14717],[92.9314,26.14797],[92.93349,26.14775],[92.9349,26.14809],[92.93537,26.1487],[92.93092,26.14931],[92.93124,26.15129],[92.93219,26.1515],[92.93475,26.15043],[92.93605,26.15035],[92.93734,26.15195],[92.9396,26.15203],[92.94232,26.15366],[92.9421,26.15496],[92.94299,26.15642],[92.94375,26.15524],[92.94434,26.15631],[92.94616,26.15718],[92.94654,26.15848],[92.9486,26.16092],[92.94846,26.1615],[92.94705,26.16221],[92.94696,26.16285],[92.94815,26.16372],[92.94953,26.16279],[92.95041,26.16549],[92.95251,26.16575],[92.95263,26.16848],[92.95414,26.16969],[92.95388,26.17184],[92.95602,26.17434],[92.95515,26.17573],[92.9549,26.17928],[92.95281,26.18487],[92.95326,26.18787],[92.95265,26.19024],[92.95198,26.19075],[92.94775,26.1911],[92.94748,26.19204],[92.94654,26.19268],[92.94632,26.19389],[92.94535,26.19419],[92.94481,26.19571],[92.94287,26.19786],[92.94387,26.19999],[92.93941,26.20257],[92.92932,26.20047],[92.92623,26.20267],[92.92173,26.20251],[92.91357,26.20325],[92.90744,26.20207],[92.89752,26.2043],[92.89001,26.20438],[92.88145,26.20798],[92.88081,26.20625],[92.8733,26.20622],[92.8724,26.20547],[92.86883,26.20513],[92.85897,26.20163],[92.8488,26.20134],[92.84699,26.2022],[92.84374,26.2049],[92.83435,26.20439],[92.82981,26.20519],[92.82722,26.20407],[92.82458,26.20464],[92.82293,26.20563],[92.81897,26.20582],[92.8175,26.20521],[92.81528,26.20525],[92.8144,26.20443],[92.81298,26.20487],[92.80854,26.20458],[92.8075,26.20406],[92.80326,26.20342],[92.80235,26.20204],[92.80125,26.20184],[92.7955,26.20394],[92.79399,26.20505],[92.79422,26.20633],[92.79546,26.20744],[92.79431,26.20964],[92.79353,26.21372],[92.7936,26.21951],[92.79762,26.21926],[92.80397,26.21647],[92.80714,26.21585],[92.80921,26.21594],[92.81513,26.21405],[92.8172,26.21498],[92.82704,26.22511],[92.82475,26.22986],[92.82286,26.23041],[92.82013,26.23039],[92.81504,26.23286],[92.81469,26.23534],[92.81628,26.23712],[92.81631,26.2385],[92.81392,26.23914],[92.81338,26.23972],[92.81278,26.24517],[92.81406,26.24761],[92.81381,26.24955],[92.81543,26.25317],[92.81547,26.25469],[92.81723,26.25492],[92.81745,26.25641],[92.81618,26.25714],[92.81713,26.25835],[92.81739,26.26075],[92.81701,26.26119],[92.81434,26.26175],[92.81387,26.26255],[92.81467,26.26313],[92.81942,26.2637],[92.81994,26.26452],[92.81854,26.26477],[92.81839,26.26551],[92.82155,26.2663],[92.82123,26.26731],[92.81942,26.2673],[92.81847,26.26787],[92.81837,26.26932],[92.8188,26.27003],[92.82246,26.27165],[92.82523,26.27172],[92.82641,26.27355],[92.83005,26.27384],[92.83155,26.27819],[92.83315,26.27992],[92.83687,26.28289],[92.84017,26.28317],[92.84157,26.28383],[92.83994,26.28783],[92.84007,26.28879],[92.84121,26.28906],[92.84336,26.28827],[92.8447,26.29079],[92.84455,26.29146],[92.84353,26.29163],[92.84272,26.29316],[92.84164,26.29276],[92.84113,26.29321],[92.84154,26.29551],[92.84121,26.29763],[92.84268,26.30049],[92.84238,26.30219],[92.84399,26.30511],[92.84726,26.30594],[92.84975,26.30327],[92.85098,26.30271],[92.8508,26.30447],[92.85126,26.30491],[92.85263,26.30486],[92.85564,26.30253],[92.85555,26.30169],[92.85347,26.30206],[92.84876,26.29998],[92.84902,26.29915],[92.851,26.29888],[92.85304,26.29792],[92.85284,26.29613],[92.85429,26.29371],[92.85497,26.29381],[92.85545,26.29536],[92.85754,26.2957],[92.86061,26.29517],[92.86095,26.29352],[92.86198,26.29288],[92.86629,26.29388],[92.87233,26.29028],[92.87454,26.28775],[92.87971,26.28373],[92.88358,26.28739],[92.88866,26.28681],[92.89055,26.28722],[92.89225,26.28845],[92.89334,26.29041],[92.89316,26.29397],[92.89432,26.30484],[92.89592,26.30636],[92.89728,26.30679],[92.89858,26.30899],[92.90367,26.3122],[92.90571,26.31302],[92.90663,26.31404],[92.9086,26.31437],[92.90894,26.31505],[92.91044,26.31559],[92.91128,26.31696],[92.91356,26.31754],[92.91634,26.3177],[92.91795,26.31707],[92.91725,26.31568],[92.91749,26.31337],[92.91944,26.31253],[92.92138,26.31318],[92.92418,26.31469],[92.92459,26.31539],[92.92802,26.31698],[92.92849,26.31914],[92.93015,26.31841],[92.93097,26.32003],[92.93485,26.32262],[92.93687,26.32292],[92.93768,26.32378],[92.93884,26.32414],[92.94067,26.3263],[92.9431,26.32721],[92.94303,26.32889],[92.94539,26.33181],[92.94533,26.33298],[92.94597,26.33374],[92.94609,26.33495],[92.94507,26.34057],[92.94073,26.34406],[92.93985,26.34771],[92.94096,26.35185],[92.93955,26.35313],[92.93867,26.3531],[92.93843,26.35199],[92.93596,26.35172],[92.93443,26.35277],[92.93258,26.35079],[92.932,26.3508],[92.93008,26.35222],[92.92809,26.35283],[92.92811,26.35411],[92.92772,26.35427],[92.92033,26.35568],[92.91645,26.354],[92.90976,26.3521],[92.90917,26.35301],[92.9109,26.35485],[92.9106,26.35562],[92.90869,26.35645],[92.90869,26.35752],[92.91188,26.35911],[92.91208,26.36066],[92.91283,26.36158],[92.91518,26.36204],[92.91633,26.36299],[92.91673,26.36348],[92.91621,26.36483],[92.91653,26.3657],[92.9212,26.3686],[92.92082,26.3695],[92.91918,26.36968],[92.91678,26.37097],[92.91706,26.37342],[92.9232,26.37754],[92.92556,26.37799],[92.92577,26.37899],[92.92372,26.37889],[92.92227,26.37933],[92.92181,26.38176],[92.92108,26.38237],[92.91886,26.38081],[92.91968,26.37974],[92.91659,26.37668],[92.91616,26.3771],[92.9171,26.37892],[92.91685,26.37946],[92.91069,26.37852],[92.90956,26.37762],[92.90896,26.37767],[92.90633,26.37907],[92.90542,26.38017],[92.90372,26.38054],[92.90428,26.38125],[92.90732,26.38102],[92.90812,26.3817],[92.90761,26.38246],[92.90484,26.38333],[92.90432,26.38423],[92.90357,26.38433],[92.90313,26.38549],[92.90193,26.38454],[92.89948,26.38375],[92.89701,26.3796],[92.8966,26.37784],[92.89546,26.37733],[92.89526,26.3757],[92.8933,26.37388],[92.89233,26.37349],[92.88987,26.37418],[92.88994,26.3752],[92.89166,26.37651],[92.89441,26.3814],[92.89307,26.38193],[92.89586,26.38344],[92.89669,26.38467],[92.8987,26.38437],[92.90016,26.3858],[92.90015,26.38667],[92.89884,26.38705],[92.8963,26.38691],[92.89362,26.38502],[92.89163,26.38426],[92.88913,26.38147],[92.88532,26.37947],[92.88246,26.37947],[92.88201,26.38004],[92.88366,26.38387],[92.88656,26.3851],[92.88842,26.38471],[92.88958,26.38507],[92.88905,26.38862],[92.89209,26.38983],[92.89234,26.38913],[92.89171,26.38676],[92.89257,26.38631],[92.89373,26.38696],[92.89429,26.38845],[92.89678,26.39044],[92.8988,26.39439],[92.90033,26.3958],[92.90038,26.3988],[92.90185,26.40143],[92.90485,26.40191],[92.90528,26.40135],[92.90507,26.40007],[92.90684,26.39987],[92.90651,26.39848],[92.90568,26.39749],[92.90581,26.39618],[92.90856,26.39576],[92.90988,26.39882],[92.91068,26.39924],[92.9112,26.39848],[92.91093,26.39469],[92.91264,26.39277],[92.91355,26.3924],[92.91868,26.39303],[92.91941,26.39292],[92.9206,26.39171],[92.92119,26.39219],[92.92003,26.39527],[92.92028,26.39666],[92.92118,26.39687],[92.92276,26.39602],[92.92453,26.39659],[92.92609,26.39647],[92.93813,26.40386],[92.93975,26.40346],[92.94246,26.39994],[92.94554,26.3986],[92.94723,26.39875],[92.94972,26.39765],[92.9509,26.39892],[92.9503,26.40187],[92.95183,26.40505],[92.95524,26.40561],[92.95625,26.40663],[92.95766,26.40694],[92.95835,26.40838],[92.95951,26.40813],[92.9599,26.40671],[92.96315,26.40777],[92.96555,26.40663],[92.96511,26.40955],[92.96454,26.41032],[92.96229,26.41142],[92.96186,26.41313],[92.96439,26.41332],[92.9672,26.41231],[92.96953,26.41239],[92.97248,26.41529],[92.97508,26.41686],[92.97598,26.41918],[92.97851,26.42057],[92.97971,26.42089],[92.98193,26.41747],[92.98259,26.41734],[92.99468,26.42306],[92.99924,26.42316],[93.00407,26.42468],[93.0147,26.42077],[93.01799,26.4203],[93.01928,26.42051],[93.02439,26.4222],[93.02945,26.4272],[93.03105,26.42802],[93.03364,26.42843],[93.03578,26.43042],[93.03771,26.43096],[93.03892,26.43262],[93.03925,26.43458],[93.04362,26.43726],[93.04415,26.43676],[93.04454,26.43461],[93.04582,26.43502],[93.04824,26.4345],[93.04845,26.43359],[93.04974,26.43319],[93.0506,26.43125],[93.05233,26.43008],[93.05424,26.42967],[93.05437,26.42889],[93.05599,26.42827],[93.05582,26.4277],[93.05336,26.42755],[93.05258,26.42559],[93.05318,26.4251],[93.05572,26.42519],[93.05655,26.42447],[93.05619,26.42356],[93.05734,26.42258],[93.05724,26.42181],[93.05473,26.42129],[93.05315,26.42287],[93.05252,26.42282],[93.05043,26.42067],[93.05162,26.42027],[93.05119,26.4193],[93.0505,26.41895],[93.04931,26.4199],[93.04874,26.41961],[93.04959,26.41611],[93.05095,26.41568],[93.0538,26.41882],[93.05536,26.41959],[93.05578,26.41912],[93.05512,26.41777],[93.05656,26.41841],[93.05694,26.41776],[93.05663,26.41664],[93.06116,26.4159],[93.06133,26.41683],[93.0631,26.4169],[93.06245,26.418],[93.06408,26.41954],[93.06626,26.42021],[93.06569,26.42126],[93.06708,26.42317],[93.06776,26.42294],[93.06819,26.41998],[93.06912,26.41875],[93.07084,26.41995],[93.07304,26.41882],[93.07748,26.41918],[93.07744,26.41997],[93.07622,26.42107],[93.07794,26.42498],[93.0785,26.42503],[93.07907,26.42429],[93.08083,26.42482],[93.08131,26.42719],[93.08277,26.42887],[93.08423,26.42931],[93.08463,26.43021],[93.08643,26.43155],[93.08929,26.43171],[93.09165,26.43357],[93.09115,26.43392],[93.09003,26.43314],[93.08925,26.43415],[93.08551,26.43192],[93.08409,26.43367],[93.08361,26.4333],[93.08345,26.43144],[93.08097,26.43071],[93.07947,26.43086],[93.07908,26.42841],[93.07451,26.43004],[93.07178,26.42933],[93.06734,26.43098],[93.06566,26.43332],[93.06788,26.43352],[93.06886,26.43534],[93.07061,26.43508],[93.06988,26.43386],[93.0703,26.43313],[93.06953,26.43205],[93.07015,26.43153],[93.07382,26.43261],[93.07914,26.43515],[93.08206,26.43722],[93.08658,26.43826],[93.08971,26.44018],[93.09166,26.4406],[93.09196,26.44185],[93.09382,26.44334],[93.09501,26.44355],[93.09602,26.4445],[93.09709,26.44373],[93.09726,26.44495],[93.09869,26.44468],[93.09927,26.44581],[93.10011,26.44502],[93.10169,26.4447],[93.10374,26.44352],[93.10331,26.44224],[93.10391,26.44168],[93.10535,26.44145],[93.10555,26.44085],[93.10535,26.44038],[93.10246,26.43892],[93.09991,26.43991],[93.09868,26.43837],[93.09724,26.43783],[93.09537,26.43604],[93.09506,26.43463],[93.09918,26.43716],[93.10027,26.43704],[93.09916,26.43303],[93.10045,26.43363],[93.1012,26.43345],[93.10416,26.4355],[93.10616,26.43768],[93.10759,26.43611],[93.10853,26.43601],[93.10908,26.43661],[93.10926,26.43861],[93.11012,26.43965],[93.11199,26.43941],[93.11432,26.44056],[93.11812,26.44161],[93.11834,26.44209],[93.11681,26.44233],[93.11043,26.44155],[93.11112,26.44247],[93.10943,26.44294],[93.10867,26.44443],[93.11089,26.44607],[93.1111,26.44745],[93.10941,26.44667],[93.10693,26.44723],[93.10556,26.44701],[93.10488,26.44715],[93.10389,26.44887],[93.10823,26.44985],[93.11087,26.45156],[93.11457,26.45527],[93.11662,26.45618],[93.11696,26.45781],[93.1176,26.45835],[93.11889,26.45806],[93.12008,26.45881],[93.12115,26.45872],[93.12197,26.45989],[93.12408,26.45934],[93.12537,26.45986],[93.12517,26.46056],[93.12356,26.46137],[93.12445,26.4635],[93.12533,26.46418],[93.12743,26.46354],[93.12837,26.46416],[93.12703,26.4651],[93.12472,26.4652],[93.12096,26.4642],[93.12056,26.46506],[93.12095,26.46674],[93.12034,26.467],[93.1191,26.46632],[93.11876,26.46663],[93.12017,26.46819],[93.12004,26.4691],[93.11458,26.46772],[93.11437,26.46814],[93.11574,26.46909],[93.11562,26.46963],[93.11474,26.47008],[93.11321,26.46965],[93.11242,26.47027],[93.11065,26.47043],[93.1104,26.47106],[93.1113,26.47201],[93.11475,26.47268],[93.11759,26.47225],[93.11867,26.4735],[93.12128,26.47463],[93.12334,26.47458],[93.12538,26.47521],[93.12686,26.47502],[93.1285,26.47622],[93.13129,26.47715],[93.13246,26.47834],[93.13224,26.48047],[93.13263,26.48144],[93.13625,26.48436],[93.13611,26.48506],[93.13558,26.48519],[93.13064,26.48163],[93.12905,26.48136],[93.1281,26.4803],[93.12738,26.48037],[93.12694,26.48606],[93.12958,26.48648],[93.13293,26.48967],[93.13241,26.48976],[93.12971,26.48781],[93.12824,26.48809],[93.12774,26.48897],[93.12573,26.48808],[93.12472,26.48829],[93.12143,26.4925],[93.12182,26.49335],[93.12504,26.49509],[93.12525,26.49578],[93.12215,26.4948],[93.1193,26.49318],[93.1188,26.49241],[93.12044,26.49203],[93.12088,26.49145],[93.1207,26.48968],[93.12173,26.48762],[93.12171,26.48521],[93.12455,26.48394],[93.12451,26.48309],[93.11958,26.48082],[93.11738,26.48263],[93.1173,26.48527],[93.11387,26.48383],[93.11167,26.48377],[93.11151,26.48235],[93.11044,26.48162],[93.1095,26.47935],[93.10645,26.4789],[93.10663,26.47751],[93.10572,26.47604],[93.10327,26.47423],[93.10059,26.47388],[93.09815,26.47299],[93.0986,26.47219],[93.10171,26.47268],[93.10361,26.47168],[93.10364,26.47114],[93.10245,26.47039],[93.10252,26.46961],[93.10357,26.46931],[93.10547,26.46963],[93.10813,26.46698],[93.10775,26.46657],[93.10654,26.46676],[93.10207,26.46443],[93.10192,26.46369],[93.10318,26.46294],[93.10275,26.46244],[93.10147,26.4626],[93.1031,26.46072],[93.10245,26.46012],[93.10026,26.46111],[93.09996,26.46255],[93.09913,26.4633],[93.09662,26.46348],[93.09497,26.46298],[93.09431,26.46202],[93.09449,26.46099],[93.08928,26.46062],[93.08839,26.46151],[93.08872,26.46264],[93.09151,26.46518],[93.09033,26.46874],[93.08635,26.47068],[93.08013,26.47064],[93.07947,26.47006],[93.07863,26.47096],[93.07751,26.47127],[93.07701,26.47104],[93.07758,26.47022],[93.07716,26.46956],[93.07611,26.46941],[93.07413,26.47089],[93.07324,26.47276],[93.07368,26.47452],[93.07487,26.47571],[93.07383,26.47862],[93.07284,26.47908],[93.06719,26.47771],[93.06448,26.47938],[93.06602,26.4826],[93.07082,26.48538],[93.07869,26.48858],[93.07978,26.48957],[93.08039,26.4917],[93.08169,26.49309],[93.08812,26.49713],[93.09126,26.49852],[93.09118,26.49955],[93.08953,26.50019],[93.08702,26.50023],[93.08664,26.49918],[93.0851,26.4976],[93.0838,26.49698],[93.0826,26.49716],[93.08128,26.49578],[93.07838,26.49421],[93.07313,26.49401],[93.07051,26.49138],[93.07004,26.49424],[93.07024,26.49685],[93.06661,26.50028],[93.06607,26.49981],[93.06641,26.49844],[93.06785,26.49727],[93.0687,26.49586],[93.06852,26.49143],[93.06091,26.49059],[93.06016,26.4911],[93.06041,26.49211],[93.06006,26.49224],[93.05685,26.49022],[93.05539,26.4905],[93.05421,26.48897],[93.04893,26.48886],[93.0472,26.49077],[93.04619,26.48838],[93.04476,26.48666],[93.04239,26.48591],[93.04167,26.4872],[93.04076,26.48734],[93.03812,26.48697],[93.03769,26.48603],[93.03568,26.48627],[93.03479,26.4852],[93.03246,26.48483],[93.03115,26.48399],[93.02952,26.48419],[93.02852,26.48239],[93.0271,26.48163],[93.02656,26.48055],[93.02597,26.48129],[93.02593,26.48257],[93.02447,26.48285],[93.02312,26.48204],[93.02032,26.4814],[93.01734,26.47813],[93.01414,26.47722],[93.01253,26.47788],[93.01188,26.47945],[93.00865,26.48121],[93.00854,26.48492],[93.00775,26.4859],[93.00648,26.49115],[93.00853,26.49529],[93.00971,26.49622],[93.0102,26.49746],[93.01151,26.49787],[93.01246,26.49907],[93.01135,26.50484],[93.01275,26.50749],[93.01622,26.51102],[93.02057,26.51198],[93.02424,26.51374],[93.02513,26.51563],[93.03213,26.51544],[93.03255,26.51608],[93.03222,26.51805],[93.03258,26.51879],[93.03682,26.51827],[93.03923,26.52037],[93.03786,26.52419],[93.03812,26.52555],[93.04219,26.52394],[93.04521,26.52704],[93.04828,26.52596],[93.04661,26.52844],[93.04619,26.53038],[93.04391,26.53046],[93.04317,26.53108],[93.04273,26.53327],[93.04297,26.53507],[93.05992,26.54472],[93.07343,26.54458],[93.07728,26.54313],[93.08205,26.54494],[93.08564,26.54416],[93.08906,26.54465],[93.09499,26.54099],[93.09665,26.54058],[93.1012,26.54283],[93.10193,26.53689],[93.10351,26.53516],[93.10954,26.53063],[93.111,26.53004],[93.11429,26.53032],[93.11695,26.53099],[93.11896,26.53312],[93.11889,26.53452],[93.11702,26.53771],[93.12381,26.53801],[93.13359,26.5446],[93.13434,26.54515],[93.13545,26.54958],[93.13638,26.5503],[93.1369,26.55199],[93.1415,26.55559],[93.1471,26.55587],[93.14827,26.55278],[93.15045,26.54953],[93.15023,26.54667],[93.15085,26.54639],[93.15526,26.5502],[93.15845,26.55048],[93.16536,26.55442],[93.16736,26.55505],[93.17065,26.55849],[93.17603,26.56061],[93.18108,26.56447],[93.18615,26.56627],[93.19129,26.56708],[93.19377,26.5666],[93.19751,26.56419],[93.20075,26.56444],[93.20327,26.56216],[93.20529,26.56334],[93.20926,26.56395],[93.20933,26.56255],[93.2087,26.56184],[93.20929,26.56086],[93.21058,26.56045],[93.21097,26.55986],[93.20921,26.55575],[93.20604,26.5532],[93.20523,26.55164],[93.20409,26.55094],[93.2038,26.54845],[93.20182,26.54639],[93.19999,26.54348],[93.19839,26.543],[93.19289,26.5429],[93.19001,26.54371],[93.18806,26.5419],[93.18368,26.53917],[93.18269,26.53917],[93.18044,26.54036],[93.18006,26.53991],[93.18051,26.5386],[93.17994,26.53656],[93.17796,26.53562],[93.17495,26.53597],[93.17275,26.53305],[93.17395,26.53154],[93.17382,26.53099],[93.1728,26.53062],[93.16933,26.53157],[93.16841,26.53095],[93.16873,26.52958],[93.16839,26.52892],[93.16517,26.52664],[93.1595,26.52604],[93.15948,26.5252],[93.16093,26.52404],[93.16409,26.52359],[93.16522,26.52398],[93.16928,26.52609],[93.17433,26.52785],[93.17797,26.53011],[93.18024,26.53052],[93.18289,26.53292],[93.18519,26.5332],[93.18631,26.53434],[93.19058,26.53579],[93.19529,26.53552],[93.19779,26.53387],[93.19944,26.53348],[93.20013,26.5315],[93.20345,26.52809],[93.20708,26.52045],[93.2071,26.51804],[93.20976,26.5148],[93.20936,26.51317],[93.20741,26.51138],[93.20735,26.51015],[93.20602,26.50755],[93.20538,26.50718],[93.2042,26.50765],[93.20287,26.50919],[93.20098,26.50652],[93.2016,26.50599],[93.20405,26.5061],[93.20431,26.50557],[93.20041,26.50213],[93.2005,26.50144],[93.20113,26.5011],[93.20424,26.5014],[93.20587,26.50261],[93.20729,26.50301],[93.20735,26.50464],[93.20895,26.50571],[93.20949,26.50692],[93.21109,26.50763],[93.21231,26.50887],[93.21493,26.50872],[93.21564,26.50826],[93.21588,26.50733],[93.21671,26.50698],[93.21731,26.50746],[93.21742,26.50941],[93.21493,26.50957],[93.21252,26.51117],[93.21311,26.51342],[93.21592,26.51436],[93.21183,26.51654],[93.21106,26.52012],[93.21192,26.52103],[93.21617,26.52098],[93.21727,26.52264],[93.21659,26.52341],[93.21432,26.52327],[93.21159,26.52403],[93.21197,26.52781],[93.21295,26.52966],[93.21654,26.5302],[93.21813,26.53299],[93.21822,26.53575],[93.21915,26.53634],[93.2226,26.53648],[93.22496,26.53454],[93.22897,26.53378],[93.22982,26.53247],[93.23078,26.53306],[93.23166,26.53553],[93.23331,26.53573],[93.23822,26.53375],[93.24455,26.5325],[93.24468,26.53188],[93.24282,26.52991],[93.24577,26.52777],[93.24606,26.52358],[93.2501,26.52447],[93.25338,26.52217],[93.25491,26.52301],[93.25813,26.52284],[93.26339,26.52114],[93.26532,26.51839],[93.26633,26.51565],[93.26951,26.51565],[93.26978,26.51482],[93.26819,26.51243],[93.26443,26.5106],[93.26336,26.50893],[93.26813,26.51024],[93.27045,26.51044],[93.27243,26.51017],[93.27195,26.50888],[93.27213,26.5085],[93.27305,26.50866],[93.27411,26.51109],[93.27205,26.5125],[93.27161,26.51368],[93.2722,26.5168],[93.27332,26.51769],[93.27544,26.51776],[93.27828,26.51948],[93.27983,26.51904],[93.28171,26.51996],[93.2842,26.5198],[93.28518,26.51571],[93.28306,26.51457],[93.28298,26.51392],[93.28371,26.51302],[93.28624,26.51247],[93.28946,26.51057],[93.28908,26.50696],[93.29026,26.50486],[93.29145,26.50455],[93.29235,26.50495],[93.29133,26.50578],[93.29164,26.50745],[93.29311,26.50839],[93.29446,26.51017],[93.29384,26.5117],[93.29397,26.5128],[93.29369,26.51322],[93.29068,26.51319],[93.2894,26.51458],[93.28878,26.51641],[93.28679,26.51734],[93.28637,26.51832],[93.28803,26.5202],[93.2878,26.52069],[93.28438,26.52183],[93.28327,26.52329],[93.2812,26.52322],[93.28095,26.52518],[93.27895,26.52254],[93.27486,26.52183],[93.2727,26.52358],[93.27083,26.52442],[93.26937,26.52665],[93.26913,26.52787],[93.26391,26.52742],[93.2642,26.52879],[93.26523,26.52938],[93.26831,26.5309],[93.26955,26.53079],[93.27044,26.53203],[93.27252,26.53165],[93.27543,26.53389],[93.27546,26.53634],[93.27201,26.5378],[93.27359,26.54168],[93.2735,26.54523],[93.27262,26.54559],[93.2722,26.54519],[93.26634,26.53549],[93.26461,26.53368],[93.26348,26.53313],[93.26029,26.53293],[93.25652,26.53199],[93.25593,26.53214],[93.255,26.53366],[93.25509,26.53464],[93.25626,26.53516],[93.25842,26.53486],[93.25967,26.53566],[93.26136,26.53565],[93.26247,26.53658],[93.26265,26.53789],[93.25995,26.54079],[93.25825,26.54048],[93.25685,26.5408],[93.25347,26.54303],[93.25205,26.54317],[93.25124,26.54477],[93.25009,26.54477],[93.24778,26.54377],[93.24705,26.54498],[93.24802,26.54686],[93.24993,26.54849],[93.25307,26.54927],[93.2565,26.55075],[93.25646,26.55114],[93.25417,26.5518],[93.24887,26.55085],[93.24675,26.5511],[93.24484,26.55217],[93.23979,26.55162],[93.23691,26.55255],[93.2359,26.55233],[93.23506,26.55286],[93.23499,26.5542],[93.23593,26.55553],[93.2417,26.56161],[93.24673,26.56475],[93.24788,26.56463],[93.24966,26.56534],[93.2501,26.56639],[93.25006,26.56884],[93.25074,26.56977],[93.25159,26.56986],[93.2523,26.56803],[93.25291,26.56788],[93.25758,26.56921],[93.2619,26.5695],[93.26474,26.57098],[93.26762,26.57125],[93.26898,26.57269],[93.2699,26.57297],[93.27685,26.57167],[93.28023,26.56935],[93.28157,26.56912],[93.28292,26.56993],[93.28357,26.57127],[93.28628,26.57166],[93.2885,26.57256],[93.29368,26.57823],[93.29469,26.57873],[93.29606,26.57854],[93.29765,26.57701],[93.29682,26.57566],[93.29494,26.57414],[93.29503,26.5719],[93.29744,26.5739],[93.30105,26.57548],[93.30264,26.57565],[93.30336,26.57629],[93.30611,26.5762],[93.30783,26.57733],[93.31041,26.57648],[93.31128,26.5797],[93.31362,26.58124],[93.31423,26.58246],[93.31762,26.58288],[93.32026,26.58457],[93.32601,26.58498],[93.33134,26.58419],[93.33361,26.58279],[93.33511,26.58086],[93.3363,26.58045],[93.3473,26.58206],[93.35054,26.58061],[93.3553,26.58159],[93.35745,26.58138],[93.3602,26.58025],[93.36421,26.58139],[93.36899,26.58132],[93.37174,26.57946],[93.37435,26.57966],[93.37879,26.57872],[93.38402,26.58018],[93.39246,26.57932],[93.39467,26.57933],[93.39767,26.58022],[93.40275,26.58019],[93.40307,26.58012],[93.40235,26.57796],[93.40379,26.57678],[93.40608,26.57615],[93.40621,26.57503],[93.40407,26.57399],[93.39743,26.57278],[93.39707,26.57254],[93.3974,26.57153],[93.39816,26.57095],[93.40072,26.57061],[93.40167,26.56999],[93.40856,26.57075],[93.40827,26.56942],[93.40868,26.56922],[93.41101,26.57152],[93.41477,26.57269],[93.4171,26.5728],[93.41877,26.5736],[93.42427,26.57413],[93.42827,26.57556],[93.4356,26.57607],[93.43706,26.57639],[93.43774,26.577],[93.44463,26.57871],[93.44655,26.57797],[93.4487,26.58014],[93.45021,26.57984],[93.45296,26.58084],[93.4544,26.58043],[93.45471,26.57895],[93.45408,26.57762],[93.4523,26.57587],[93.4523,26.57526],[93.45684,26.57605],[93.46066,26.58086],[93.46247,26.58437],[93.46468,26.58598],[93.46629,26.58539],[93.46585,26.58351],[93.46629,26.58154],[93.46519,26.58036],[93.4641,26.57698],[93.46308,26.57607],[93.45923,26.57469],[93.45776,26.57311],[93.45531,26.57201],[93.45652,26.56871],[93.45934,26.56937],[93.45987,26.57117],[93.46127,26.57098],[93.46369,26.5694],[93.46425,26.56994],[93.4638,26.57175],[93.46615,26.57223],[93.46697,26.57455],[93.46996,26.57779],[93.47196,26.57895],[93.47269,26.58058],[93.4743,26.582],[93.4773,26.58313],[93.47966,26.58467],[93.4827,26.58502],[93.48545,26.58621],[93.49046,26.58584],[93.4916,26.58712],[93.49136,26.58872],[93.48864,26.59026],[93.4872,26.59014],[93.48609,26.58933],[93.48004,26.5892],[93.47838,26.58867],[93.47308,26.59095],[93.4707,26.59106],[93.4698,26.59164],[93.46922,26.59422],[93.46943,26.59544],[93.47298,26.59575],[93.47302,26.59923],[93.47586,26.60018],[93.47795,26.60321],[93.48501,26.60514],[93.48913,26.60512],[93.49156,26.60636],[93.49399,26.60593],[93.49617,26.60714],[93.49541,26.60917],[93.49546,26.61119],[93.50065,26.60623],[93.50404,26.6063],[93.50949,26.59352],[93.51425,26.59354],[93.51573,26.59391],[93.51786,26.59546],[93.51937,26.5956],[93.52179,26.59521],[93.52368,26.59368],[93.5291,26.59476],[93.53697,26.59785],[93.53959,26.59979],[93.54084,26.60278],[93.54196,26.60356],[93.5459,26.6043],[93.5471,26.60552],[93.54805,26.60554],[93.54974,26.60448],[93.55256,26.60723],[93.55314,26.60937],[93.55263,26.61206],[93.5533,26.61266],[93.5547,26.61223],[93.5557,26.61115],[93.55868,26.61209],[93.5684,26.61021],[93.56882,26.60954],[93.56789,26.60794],[93.56958,26.60864],[93.57049,26.6079],[93.57153,26.60865],[93.57244,26.60662],[93.57472,26.60605],[93.57493,26.60486],[93.5765,26.60527],[93.57966,26.60522],[93.58136,26.60583],[93.58291,26.60468],[93.58603,26.60366],[93.58613,26.60257],[93.58782,26.60186],[93.5885,26.60053],[93.58982,26.59997],[93.59004,26.59846],[93.58346,26.59689],[93.58447,26.59362],[93.58403,26.59142],[93.58478,26.58889],[93.58257,26.58593],[93.58251,26.58374],[93.5832,26.58209],[93.58287,26.58047],[93.58518,26.57852],[93.58929,26.57686],[93.58975,26.57082],[93.59425,26.57105],[93.59546,26.57221],[93.59707,26.57262],[93.60058,26.5747],[93.60321,26.57448],[93.6071,26.5761],[93.60896,26.57759],[93.61094,26.57767],[93.61289,26.57641],[93.61315,26.57291],[93.61015,26.56841],[93.61002,26.56736],[93.61078,26.56682],[93.61274,26.56837],[93.61432,26.56851],[93.61671,26.56603],[93.61728,26.56661],[93.6166,26.5688],[93.61576,26.56934],[93.61394,26.56955],[93.61381,26.56995],[93.61604,26.5718],[93.61773,26.57154],[93.61967,26.57486],[93.62126,26.57615],[93.62113,26.57791],[93.62192,26.57917],[93.62225,26.58225],[93.6231,26.58372],[93.62189,26.59034],[93.62534,26.58853],[93.62507,26.59182],[93.62561,26.59229],[93.62878,26.59279],[93.62994,26.59458],[93.63189,26.59598],[93.63592,26.59752],[93.63691,26.59716],[93.63873,26.59759],[93.64088,26.59647],[93.64124,26.59742],[93.6425,26.5972],[93.64171,26.59936],[93.64196,26.59967],[93.64902,26.60016],[93.65072,26.60166],[93.65251,26.60245],[93.65886,26.60273],[93.65983,26.59997],[93.66146,26.5996],[93.66408,26.60145],[93.66344,26.60352],[93.66511,26.60464],[93.66865,26.60485],[93.66984,26.60453],[93.67219,26.60332],[93.67322,26.60074],[93.67483,26.6002],[93.6767,26.60185],[93.67846,26.60207],[93.67885,26.60475],[93.67981,26.60495],[93.68236,26.60357],[93.68266,26.60516],[93.68336,26.60599],[93.68723,26.60604],[93.69158,26.60736],[93.70181,26.60727]]]}},{"id":"7","type":"Feature","properties":{"state":"ASSAM","state_lgd":"18","district":"DIMA HASAO","district_lgd":"315"},"geometry":{"type":"Polygon","coordinates":[[[93.00669,25.82484],[93.00327,25.81762],[92.99996,25.81257],[92.99823,25.80769],[92.99935,25.80039],[92.99943,25.79384],[93.00194,25.78809],[93.00324,25.78651],[93.00597,25.78649],[93.0116,25.78959],[93.01263,25.79098],[93.01659,25.8001],[93.01863,25.80129],[93.01991,25.80053],[93.02166,25.79671],[93.02507,25.79425],[93.02898,25.7943],[93.033,25.7958],[93.03509,25.79543],[93.0529,25.78464],[93.05334,25.78352],[93.0517,25.78066],[93.05207,25.77871],[93.05385,25.77916],[93.05518,25.78104],[93.05845,25.78101],[93.05915,25.77929],[93.05646,25.77894],[93.05582,25.77733],[93.05611,25.77621],[93.05825,25.77537],[93.05734,25.77299],[93.05764,25.77239],[93.05837,25.77225],[93.06009,25.77309],[93.0624,25.7762],[93.06367,25.77677],[93.06449,25.77603],[93.06595,25.77594],[93.06613,25.77517],[93.06477,25.77509],[93.06449,25.77463],[93.06659,25.77288],[93.06602,25.7712],[93.06776,25.77103],[93.068,25.76776],[93.0687,25.76715],[93.0723,25.76712],[93.07289,25.7692],[93.0736,25.76941],[93.07472,25.76871],[93.07469,25.76645],[93.07526,25.76623],[93.07696,25.76769],[93.08057,25.76861],[93.08082,25.76931],[93.08009,25.77083],[93.08047,25.7711],[93.08137,25.7707],[93.08307,25.76862],[93.0841,25.76901],[93.08569,25.77114],[93.08665,25.76951],[93.08934,25.77165],[93.09112,25.77195],[93.09189,25.77139],[93.09157,25.77078],[93.09028,25.77032],[93.09044,25.7695],[93.09503,25.76983],[93.09629,25.77239],[93.09599,25.77616],[93.09881,25.77707],[93.09881,25.77388],[93.09969,25.77349],[93.10222,25.77402],[93.10496,25.77377],[93.10589,25.77258],[93.10484,25.76982],[93.1092,25.7695],[93.10987,25.76609],[93.11039,25.76552],[93.11353,25.76696],[93.11462,25.76677],[93.1185,25.76072],[93.12133,25.76081],[93.12503,25.76306],[93.12558,25.76284],[93.12587,25.76152],[93.12643,25.76107],[93.12953,25.76097],[93.12953,25.76004],[93.12752,25.7578],[93.12879,25.75539],[93.12578,25.74874],[93.13152,25.74725],[93.13409,25.74585],[93.13782,25.74468],[93.13826,25.74319],[93.14134,25.74139],[93.14194,25.73662],[93.14281,25.73664],[93.14534,25.73885],[93.14636,25.73849],[93.14647,25.73801],[93.1449,25.73679],[93.14802,25.73469],[93.14855,25.73406],[93.1487,25.73246],[93.1468,25.72917],[93.14662,25.72716],[93.14427,25.72506],[93.14346,25.72172],[93.14214,25.71958],[93.1435,25.71759],[93.14106,25.71688],[93.1401,25.71604],[93.13967,25.71461],[93.14063,25.71234],[93.13721,25.71089],[93.13638,25.70962],[93.13689,25.70706],[93.13639,25.70643],[93.13418,25.70567],[93.13608,25.6986],[93.1352,25.69393],[93.13642,25.69211],[93.13361,25.69005],[93.13472,25.68828],[93.13188,25.68636],[93.13174,25.68559],[93.13259,25.68389],[93.13406,25.6827],[93.13296,25.68108],[93.1338,25.67774],[93.13527,25.67629],[93.13771,25.67517],[93.13645,25.67335],[93.13684,25.67178],[93.13597,25.67014],[93.13711,25.66912],[93.13974,25.66847],[93.14133,25.66723],[93.14195,25.66542],[93.14185,25.66208],[93.14287,25.66082],[93.1436,25.66104],[93.1453,25.66473],[93.14675,25.66533],[93.14876,25.66567],[93.1497,25.66481],[93.15023,25.66322],[93.15282,25.66239],[93.15365,25.66301],[93.1545,25.66567],[93.15678,25.66501],[93.15768,25.66639],[93.15825,25.66643],[93.16078,25.66269],[93.16247,25.66299],[93.16447,25.66257],[93.16584,25.66373],[93.16782,25.663],[93.16889,25.66188],[93.17058,25.66202],[93.17239,25.65633],[93.17175,25.65336],[93.1732,25.65197],[93.17504,25.65181],[93.17558,25.64896],[93.17808,25.64747],[93.17688,25.645],[93.1775,25.64342],[93.17722,25.64161],[93.17945,25.64216],[93.17989,25.64096],[93.17857,25.63975],[93.18054,25.63846],[93.18118,25.63876],[93.18117,25.64082],[93.1816,25.64108],[93.18189,25.63862],[93.18301,25.63783],[93.18453,25.63756],[93.1853,25.6347],[93.18737,25.63453],[93.18768,25.63183],[93.19196,25.63215],[93.19237,25.63066],[93.19194,25.62958],[93.18912,25.62782],[93.19003,25.62481],[93.1886,25.62207],[93.18658,25.62163],[93.18458,25.62254],[93.18242,25.61932],[93.17951,25.6195],[93.17982,25.61808],[93.18085,25.61715],[93.17986,25.61609],[93.1798,25.61419],[93.178,25.61432],[93.17694,25.6129],[93.17801,25.61108],[93.17698,25.60959],[93.17734,25.60685],[93.17576,25.60414],[93.17756,25.60303],[93.17819,25.60066],[93.18013,25.59862],[93.17998,25.59774],[93.17842,25.59571],[93.18072,25.59474],[93.18129,25.59298],[93.18038,25.59247],[93.17787,25.59322],[93.17669,25.59319],[93.1766,25.59283],[93.17761,25.59132],[93.17763,25.58993],[93.17931,25.58733],[93.18481,25.5839],[93.18461,25.58315],[93.18287,25.5824],[93.18305,25.58191],[93.18563,25.58063],[93.18715,25.58172],[93.18776,25.58164],[93.18776,25.57949],[93.18667,25.57634],[93.18813,25.57695],[93.18896,25.57463],[93.19199,25.57476],[93.1897,25.57202],[93.18926,25.57042],[93.19075,25.57051],[93.19178,25.56831],[93.19332,25.56687],[93.19262,25.56537],[93.19721,25.56487],[93.19869,25.56428],[93.19997,25.56212],[93.19876,25.56153],[93.20021,25.5599],[93.19982,25.55941],[93.19726,25.55925],[93.19737,25.55881],[93.1989,25.55827],[93.19834,25.55557],[93.20035,25.55455],[93.2015,25.55472],[93.20231,25.55563],[93.2034,25.55573],[93.2039,25.55542],[93.20405,25.55423],[93.20537,25.55367],[93.20515,25.55237],[93.20613,25.55105],[93.20587,25.54966],[93.20824,25.5489],[93.20643,25.54642],[93.20735,25.5456],[93.20765,25.54423],[93.21021,25.54294],[93.2112,25.54316],[93.21058,25.54661],[93.21374,25.54957],[93.21539,25.54757],[93.21614,25.54758],[93.2176,25.54858],[93.21906,25.54761],[93.21979,25.54765],[93.2201,25.5487],[93.2226,25.54888],[93.22397,25.54814],[93.22457,25.54723],[93.2269,25.54736],[93.22728,25.54612],[93.22857,25.5468],[93.22911,25.54624],[93.22987,25.54642],[93.23168,25.54584],[93.23462,25.54641],[93.23779,25.546],[93.24318,25.54721],[93.24836,25.54916],[93.25135,25.54783],[93.25391,25.54872],[93.25673,25.54836],[93.25843,25.54889],[93.2601,25.54844],[93.26131,25.54662],[93.26351,25.54474],[93.26417,25.54242],[93.26281,25.54057],[93.26822,25.53274],[93.27053,25.53127],[93.27233,25.53127],[93.276,25.53232],[93.27708,25.53356],[93.27776,25.53591],[93.2797,25.53676],[93.28096,25.53801],[93.28283,25.5382],[93.28659,25.53955],[93.28859,25.54095],[93.28986,25.5438],[93.29248,25.54443],[93.29425,25.54427],[93.29603,25.54144],[93.29786,25.54001],[93.29944,25.5379],[93.29979,25.53519],[93.29878,25.53276],[93.3001,25.53129],[93.3019,25.53032],[93.30432,25.53071],[93.30517,25.53165],[93.30831,25.5309],[93.31124,25.53157],[93.31314,25.53139],[93.31457,25.53225],[93.31793,25.5324],[93.32038,25.53386],[93.32182,25.53313],[93.32268,25.53547],[93.32268,25.537],[93.32378,25.53764],[93.32451,25.53894],[93.32745,25.53968],[93.3303,25.54252],[93.3309,25.54191],[93.33299,25.54236],[93.33378,25.53959],[93.33639,25.53873],[93.3346,25.5351],[93.33531,25.53422],[93.33669,25.53429],[93.34036,25.53284],[93.34124,25.53373],[93.34037,25.53454],[93.34057,25.53495],[93.34206,25.53508],[93.34508,25.53419],[93.34697,25.53328],[93.34629,25.53107],[93.34833,25.52994],[93.34906,25.53142],[93.35012,25.53225],[93.34997,25.52868],[93.35266,25.5283],[93.35509,25.52478],[93.35543,25.52252],[93.35618,25.52124],[93.35628,25.51688],[93.35769,25.51527],[93.35678,25.5143],[93.35686,25.5137],[93.35791,25.513],[93.36056,25.51292],[93.36158,25.51234],[93.36217,25.51083],[93.3616,25.5093],[93.36265,25.50811],[93.36213,25.50671],[93.364,25.50653],[93.36433,25.50376],[93.36514,25.50332],[93.3683,25.50396],[93.3692,25.50353],[93.36917,25.50299],[93.368,25.50237],[93.36706,25.50096],[93.36734,25.49946],[93.36895,25.49841],[93.37039,25.49889],[93.37154,25.49782],[93.37246,25.49782],[93.37386,25.49864],[93.37461,25.49714],[93.37672,25.49774],[93.3758,25.49586],[93.37755,25.49541],[93.37706,25.49323],[93.37935,25.49291],[93.37985,25.49174],[93.38077,25.4917],[93.38162,25.49099],[93.38436,25.49125],[93.38543,25.49071],[93.3854,25.49004],[93.38372,25.48846],[93.38406,25.48768],[93.38651,25.48763],[93.3845,25.48548],[93.38593,25.48492],[93.38557,25.48394],[93.38587,25.48341],[93.38982,25.48302],[93.39137,25.48245],[93.39101,25.48159],[93.38961,25.48102],[93.38901,25.47865],[93.38681,25.47817],[93.3864,25.47765],[93.38682,25.47699],[93.38916,25.47657],[93.3881,25.47556],[93.38843,25.47475],[93.38918,25.47438],[93.38879,25.47261],[93.38735,25.47252],[93.38583,25.47147],[93.38565,25.47057],[93.38431,25.46932],[93.38521,25.46845],[93.38674,25.46911],[93.38692,25.46872],[93.38586,25.46776],[93.38704,25.46617],[93.38877,25.46597],[93.39036,25.46468],[93.39026,25.46428],[93.38834,25.46416],[93.38818,25.46374],[93.38988,25.46208],[93.39023,25.4604],[93.39167,25.46199],[93.39389,25.45857],[93.39574,25.45984],[93.39629,25.46074],[93.39723,25.46046],[93.40061,25.45658],[93.40033,25.45421],[93.40185,25.45289],[93.40256,25.45083],[93.40434,25.45101],[93.4059,25.44976],[93.40692,25.44998],[93.40872,25.44829],[93.40932,25.44847],[93.40968,25.44967],[93.41041,25.44987],[93.41238,25.4473],[93.4146,25.44636],[93.41555,25.44498],[93.41844,25.44539],[93.41995,25.44496],[93.4217,25.44695],[93.42354,25.44718],[93.42561,25.44832],[93.42863,25.44769],[93.43315,25.44872],[93.43639,25.44818],[93.43855,25.44551],[93.43753,25.44304],[93.43871,25.44228],[93.43952,25.44101],[93.44295,25.44128],[93.44868,25.43778],[93.45029,25.43565],[93.4521,25.4349],[93.45377,25.4351],[93.45611,25.43372],[93.45819,25.43098],[93.45789,25.42743],[93.45833,25.42592],[93.45902,25.42421],[93.46094,25.42237],[93.46232,25.41785],[93.45933,25.40837],[93.45966,25.40323],[93.46138,25.40095],[93.46179,25.39769],[93.4632,25.39559],[93.46528,25.39445],[93.46716,25.39165],[93.47025,25.38972],[93.47324,25.38521],[93.47361,25.37928],[93.47177,25.37589],[93.47253,25.37428],[93.4704,25.37175],[93.47009,25.36961],[93.46777,25.36668],[93.46721,25.36327],[93.4638,25.35964],[93.46231,25.36057],[93.45922,25.36083],[93.45347,25.35656],[93.45158,25.35395],[93.45137,25.35284],[93.45116,25.34941],[93.45188,25.34671],[93.44998,25.34537],[93.45027,25.34309],[93.44843,25.34064],[93.45017,25.33783],[93.45205,25.33596],[93.45651,25.33538],[93.45542,25.33214],[93.45667,25.32986],[93.4536,25.32411],[93.45343,25.32146],[93.46663,25.31182],[93.4705,25.30506],[93.4673,25.30166],[93.46316,25.30147],[93.45909,25.29739],[93.45863,25.29577],[93.45536,25.29347],[93.45436,25.29336],[93.4527,25.29217],[93.45078,25.29223],[93.44905,25.29143],[93.44754,25.29211],[93.44637,25.29124],[93.44532,25.29134],[93.44409,25.28985],[93.44294,25.29021],[93.44229,25.2895],[93.43939,25.28851],[93.43858,25.28782],[93.43726,25.28827],[93.43606,25.28782],[93.43078,25.28295],[93.4287,25.28255],[93.42752,25.28324],[93.4272,25.28195],[93.4264,25.28114],[93.4267,25.27964],[93.42515,25.27988],[93.42411,25.2788],[93.42053,25.27746],[93.42015,25.27543],[93.4194,25.27469],[93.41909,25.27073],[93.41728,25.26871],[93.41655,25.26506],[93.41594,25.26427],[93.40898,25.26246],[93.40668,25.26078],[93.40382,25.26145],[93.40116,25.26062],[93.3972,25.25756],[93.3956,25.25566],[93.39366,25.25474],[93.39259,25.24997],[93.39079,25.24897],[93.38993,25.24666],[93.3877,25.245],[93.3866,25.24278],[93.3855,25.24212],[93.38334,25.24228],[93.38112,25.23963],[93.38096,25.23794],[93.38269,25.23725],[93.38164,25.23431],[93.38426,25.23352],[93.38465,25.23136],[93.38376,25.22933],[93.38127,25.22736],[93.38223,25.22659],[93.38151,25.22391],[93.38178,25.2229],[93.38132,25.22237],[93.3794,25.22222],[93.37854,25.22046],[93.37662,25.22108],[93.37561,25.22014],[93.37671,25.21788],[93.37493,25.21725],[93.37463,25.21557],[93.37338,25.21484],[93.37383,25.21182],[93.37234,25.21193],[93.36894,25.21097],[93.36914,25.20954],[93.37072,25.20789],[93.37006,25.20735],[93.36779,25.20734],[93.3661,25.2061],[93.36629,25.20342],[93.36562,25.19808],[93.36332,25.1961],[93.35938,25.19531],[93.36032,25.19275],[93.35999,25.19185],[93.35768,25.19235],[93.35671,25.19188],[93.35654,25.19117],[93.35769,25.19001],[93.35737,25.1876],[93.35616,25.18896],[93.35412,25.18767],[93.35496,25.18593],[93.35134,25.1832],[93.35094,25.18179],[93.3515,25.17966],[93.35012,25.17992],[93.34981,25.1795],[93.34961,25.17674],[93.34781,25.17461],[93.34587,25.16981],[93.34624,25.16689],[93.34409,25.1628],[93.34401,25.15913],[93.34456,25.15806],[93.34657,25.15708],[93.34521,25.15297],[93.34518,25.15074],[93.34629,25.14746],[93.34625,25.14526],[93.34686,25.14302],[93.34614,25.14058],[93.34751,25.13877],[93.34625,25.13776],[93.34396,25.13829],[93.34238,25.13749],[93.34234,25.13637],[93.34383,25.13495],[93.34398,25.13292],[93.34518,25.13139],[93.34534,25.13034],[93.34499,25.129],[93.34211,25.12763],[93.34172,25.12671],[93.34248,25.12581],[93.34421,25.12529],[93.34526,25.12346],[93.34496,25.12314],[93.34199,25.12376],[93.34118,25.12306],[93.3422,25.11989],[93.34037,25.11796],[93.33933,25.11549],[93.34141,25.11383],[93.33735,25.1124],[93.33675,25.1116],[93.33808,25.1099],[93.33246,25.10073],[93.33354,25.09799],[93.3317,25.09605],[93.33237,25.09352],[93.33155,25.09309],[93.32754,25.0934],[93.32612,25.09281],[93.3246,25.09133],[93.32188,25.09082],[93.31742,25.08599],[93.31492,25.08462],[93.31309,25.08129],[93.31274,25.07935],[93.31053,25.07737],[93.30938,25.075],[93.30611,25.07164],[93.30631,25.06825],[93.30282,25.06436],[93.30259,25.06137],[93.30508,25.05886],[93.30556,25.05743],[93.30423,25.05562],[93.30314,25.05554],[93.30206,25.05646],[93.30079,25.05586],[93.3021,25.05424],[93.30113,25.05195],[93.29996,25.04604],[93.29876,25.0458],[93.29754,25.04658],[93.29941,25.04935],[93.2988,25.05195],[93.29735,25.05078],[93.2948,25.05106],[93.29368,25.04633],[93.29136,25.04864],[93.28897,25.04568],[93.28811,25.04558],[93.28718,25.04701],[93.28346,25.045],[93.28261,25.04581],[93.2827,25.04901],[93.28053,25.04724],[93.27966,25.04722],[93.27939,25.04778],[93.28007,25.051],[93.27731,25.04957],[93.27639,25.05087],[93.27451,25.05094],[93.27285,25.0486],[93.27215,25.04844],[93.27045,25.05077],[93.26806,25.04969],[93.2642,25.04936],[93.26375,25.04891],[93.26237,25.04563],[93.26462,25.04565],[93.26605,25.04384],[93.26398,25.04311],[93.26219,25.04072],[93.25962,25.04121],[93.25878,25.04003],[93.25835,25.03802],[93.26004,25.03577],[93.25989,25.03497],[93.25669,25.03082],[93.25484,25.02999],[93.25379,25.02716],[93.2519,25.02789],[93.25135,25.02714],[93.25117,25.02585],[93.25404,25.02547],[93.25412,25.02469],[93.2525,25.02293],[93.25397,25.02143],[93.25395,25.02058],[93.24988,25.02033],[93.24865,25.01976],[93.24781,25.01811],[93.24459,25.01874],[93.24364,25.0177],[93.24398,25.01592],[93.24668,25.01587],[93.24767,25.0149],[93.24742,25.01414],[93.24472,25.01171],[93.24364,25.00694],[93.24178,25.00393],[93.24216,25.0033],[93.2442,25.00326],[93.24373,24.99954],[93.24439,24.99809],[93.24529,24.9975],[93.24686,24.99738],[93.24888,24.99891],[93.24957,25.00037],[93.24878,25.00299],[93.2505,25.00432],[93.25134,25.00351],[93.25208,25.00112],[93.25259,25.00093],[93.25562,25.00406],[93.25738,25.00474],[93.25987,25.00113],[93.25863,24.99948],[93.25416,25.00023],[93.25277,24.99891],[93.25298,24.99734],[93.25443,24.99746],[93.25678,24.99659],[93.25704,24.99607],[93.2565,24.99477],[93.25434,24.99279],[93.25371,24.98995],[93.25141,24.98601],[93.25152,24.98493],[93.25324,24.9831],[93.25343,24.98207],[93.25039,24.9805],[93.24944,24.97934],[93.24934,24.97704],[93.25182,24.97729],[93.25195,24.97585],[93.24958,24.97331],[93.24942,24.97256],[93.24628,24.97182],[93.24479,24.97033],[93.24374,24.97102],[93.24418,24.97381],[93.2436,24.97519],[93.24105,24.97361],[93.23964,24.97327],[93.2383,24.97421],[93.23709,24.97784],[93.23604,24.97798],[93.23481,24.97597],[93.2336,24.97563],[93.23194,24.97615],[93.2303,24.97754],[93.22938,24.97896],[93.22906,24.98085],[93.23225,24.98183],[93.23269,24.98257],[93.22952,24.98469],[93.22735,24.98734],[93.22631,24.98725],[93.22512,24.98501],[93.22438,24.98452],[93.21942,24.98733],[93.21666,24.98802],[93.21394,24.98812],[93.21318,24.98762],[93.21332,24.98476],[93.21279,24.98361],[93.2033,24.98163],[93.19993,24.98402],[93.19689,24.9882],[93.19707,24.98903],[93.19862,24.9903],[93.19858,24.99139],[93.19255,24.99364],[93.19169,24.99364],[93.18992,24.99223],[93.18792,24.99311],[93.18734,24.99424],[93.18862,24.99688],[93.18842,24.99767],[93.1875,24.99841],[93.18656,24.9981],[93.18487,24.99483],[93.18158,24.99711],[93.1788,24.99697],[93.178,24.99858],[93.17977,25.00073],[93.0687,25.00073],[93.06822,25.00346],[93.06537,25.00459],[93.06375,25.00406],[93.06335,25.00219],[93.06195,25.0024],[93.06124,25.0033],[93.06158,25.00555],[93.06006,25.00823],[93.05852,25.00963],[93.05483,25.0108],[93.05571,25.01296],[93.05562,25.01399],[93.05735,25.01537],[93.05801,25.01695],[93.0605,25.01707],[93.06098,25.01754],[93.05935,25.02034],[93.05916,25.02306],[93.05688,25.0253],[93.05496,25.02514],[93.05465,25.02675],[93.05373,25.02727],[93.05329,25.02935],[93.05063,25.03377],[93.04448,25.03586],[93.03949,25.03579],[93.03666,25.03677],[93.03512,25.04083],[93.03339,25.04197],[93.02938,25.04312],[93.02602,25.04732],[93.02363,25.04968],[93.02161,25.0509],[93.02236,25.05266],[93.02121,25.05492],[93.0204,25.05602],[93.01677,25.05878],[93.01612,25.0605],[93.0143,25.06189],[93.01729,25.06647],[93.0211,25.0756],[93.02204,25.07599],[93.02533,25.07564],[93.03002,25.07803],[93.03188,25.07815],[93.0322,25.07987],[93.0377,25.08221],[93.03906,25.08582],[93.04191,25.0873],[93.04311,25.08857],[93.04423,25.09386],[93.0471,25.09932],[93.04267,25.10207],[93.03599,25.10505],[93.03085,25.10557],[93.02786,25.10358],[93.02451,25.10324],[93.02228,25.10407],[93.01826,25.10047],[93.01759,25.09824],[93.01562,25.09752],[93.01161,25.09688],[93.00318,25.09667],[92.99998,25.09584],[92.99974,25.09513],[92.99912,25.09493],[92.99683,25.09474],[92.9933,25.09563],[92.99058,25.0947],[92.98858,25.09479],[92.98418,25.09377],[92.98286,25.09107],[92.97916,25.08685],[92.97759,25.08577],[92.97333,25.08505],[92.97083,25.08533],[92.96448,25.08697],[92.96187,25.0894],[92.96002,25.09047],[92.95906,25.09014],[92.9549,25.08707],[92.95265,25.08315],[92.9524,25.08163],[92.95501,25.07677],[92.95394,25.07579],[92.95327,25.07421],[92.95317,25.073],[92.95173,25.07047],[92.95184,25.06917],[92.94978,25.06931],[92.94478,25.0685],[92.94274,25.06907],[92.93859,25.07266],[92.93449,25.07528],[92.93224,25.07845],[92.93016,25.07905],[92.92606,25.07901],[92.92192,25.07705],[92.92074,25.07696],[92.91833,25.07831],[92.9172,25.07957],[92.91067,25.07827],[92.90754,25.07873],[92.90268,25.07854],[92.8975,25.07934],[92.89265,25.07465],[92.89076,25.07493],[92.88855,25.07629],[92.88568,25.07516],[92.88466,25.07432],[92.8841,25.07199],[92.88266,25.07022],[92.88215,25.06835],[92.88133,25.0677],[92.87785,25.06714],[92.87621,25.06583],[92.87268,25.06448],[92.87158,25.06625],[92.86917,25.067],[92.86707,25.06695],[92.866,25.06606],[92.86119,25.06396],[92.85693,25.0649],[92.85478,25.06452],[92.85284,25.06372],[92.85038,25.06051],[92.84718,25.05954],[92.8459,25.05828],[92.84267,25.05701],[92.84109,25.05445],[92.83873,25.05431],[92.83582,25.05271],[92.82808,25.05752],[92.82721,25.05854],[92.82731,25.06338],[92.8287,25.06603],[92.82905,25.06888],[92.82854,25.0708],[92.82234,25.07392],[92.81263,25.08142],[92.81042,25.08127],[92.80848,25.08179],[92.80409,25.08444],[92.79615,25.08807],[92.79303,25.08709],[92.78974,25.087],[92.78468,25.08592],[92.78032,25.08685],[92.77796,25.08834],[92.77474,25.09215],[92.77141,25.09793],[92.7648,25.1032],[92.76438,25.11007],[92.7672,25.11418],[92.76709,25.11563],[92.76443,25.11805],[92.7633,25.12071],[92.75771,25.12951],[92.75524,25.13674],[92.75278,25.13902],[92.74688,25.1357],[92.74464,25.13588],[92.7418,25.13676],[92.74072,25.1377],[92.73724,25.13911],[92.73298,25.13953],[92.73115,25.14125],[92.73028,25.1433],[92.72957,25.14314],[92.7282,25.13634],[92.73062,25.13382],[92.7349,25.12599],[92.73414,25.12392],[92.73102,25.12392],[92.72911,25.12316],[92.72387,25.11825],[92.72309,25.11661],[92.72321,25.11349],[92.72254,25.11273],[92.71747,25.11382],[92.71631,25.1143],[92.7152,25.11598],[92.7139,25.11669],[92.71175,25.11704],[92.70685,25.11572],[92.70368,25.11286],[92.70121,25.11134],[92.69957,25.11104],[92.69298,25.11089],[92.69073,25.11157],[92.68756,25.11388],[92.68389,25.11457],[92.6781,25.11326],[92.67426,25.1097],[92.67315,25.10934],[92.66509,25.10914],[92.65992,25.11188],[92.65677,25.11412],[92.65375,25.11361],[92.65305,25.11393],[92.65135,25.11604],[92.64866,25.11764],[92.643,25.11786],[92.63901,25.11707],[92.6371,25.11532],[92.63375,25.11026],[92.63179,25.1091],[92.63016,25.10844],[92.62328,25.10798],[92.62195,25.10331],[92.62157,25.10283],[92.61954,25.10241],[92.61514,25.10261],[92.61285,25.10338],[92.61002,25.1048],[92.60809,25.1068],[92.6026,25.11046],[92.59844,25.11077],[92.59441,25.10768],[92.59184,25.1064],[92.57804,25.10441],[92.57181,25.1016],[92.56358,25.10124],[92.56105,25.10185],[92.55713,25.10386],[92.55548,25.10416],[92.55063,25.10334],[92.54651,25.10401],[92.54553,25.10385],[92.53942,25.09905],[92.53484,25.10811],[92.53069,25.11371],[92.52907,25.11506],[92.52864,25.1184],[92.5231,25.12597],[92.52265,25.13303],[92.52067,25.13648],[92.52128,25.13896],[92.52178,25.13938],[92.52295,25.13927],[92.52343,25.13862],[92.52422,25.13581],[92.5249,25.13519],[92.53419,25.13372],[92.53836,25.13349],[92.54309,25.13107],[92.5489,25.13041],[92.55348,25.12733],[92.55536,25.12695],[92.55686,25.12724],[92.5598,25.13034],[92.5613,25.13044],[92.56483,25.12985],[92.56815,25.12845],[92.56936,25.12864],[92.57262,25.13065],[92.5771,25.13121],[92.57865,25.13093],[92.58251,25.12856],[92.58893,25.12871],[92.59036,25.12811],[92.59282,25.12589],[92.59501,25.1222],[92.60429,25.12344],[92.6089,25.12262],[92.61124,25.1211],[92.61632,25.1158],[92.61923,25.11467],[92.62143,25.11503],[92.62253,25.11588],[92.62577,25.12362],[92.62888,25.12646],[92.62729,25.13095],[92.62831,25.1381],[92.63052,25.13952],[92.63246,25.14222],[92.63552,25.14349],[92.63868,25.14773],[92.64162,25.14892],[92.64421,25.15066],[92.64629,25.15043],[92.64864,25.15151],[92.65209,25.1523],[92.65576,25.15495],[92.65802,25.15884],[92.65831,25.16207],[92.65793,25.16507],[92.6588,25.16867],[92.65843,25.17195],[92.66074,25.17366],[92.66223,25.17582],[92.66348,25.17667],[92.66528,25.17639],[92.66741,25.17404],[92.66796,25.17408],[92.66847,25.1748],[92.66859,25.1767],[92.67171,25.17884],[92.67384,25.18119],[92.67645,25.18277],[92.67989,25.1816],[92.68229,25.17981],[92.68338,25.17954],[92.68711,25.18036],[92.69099,25.17876],[92.6939,25.17924],[92.70114,25.18734],[92.70262,25.18838],[92.70924,25.19007],[92.71222,25.19292],[92.71427,25.19377],[92.71614,25.19578],[92.72473,25.19851],[92.7278,25.19873],[92.73076,25.19956],[92.73349,25.19952],[92.73722,25.20054],[92.73955,25.20232],[92.74085,25.20553],[92.74287,25.20665],[92.7468,25.20651],[92.74975,25.20418],[92.75484,25.20183],[92.76281,25.20159],[92.76747,25.20349],[92.77493,25.19964],[92.77621,25.19961],[92.78192,25.20325],[92.78605,25.20935],[92.79098,25.21035],[92.79503,25.20975],[92.79995,25.2132],[92.80291,25.21617],[92.80152,25.22024],[92.79643,25.22164],[92.79388,25.22382],[92.78911,25.22468],[92.78203,25.23016],[92.78041,25.23043],[92.77384,25.22947],[92.77167,25.22998],[92.77016,25.23733],[92.76682,25.24053],[92.76596,25.24215],[92.76362,25.24399],[92.76189,25.24653],[92.76263,25.24927],[92.76646,25.25214],[92.76986,25.25172],[92.77118,25.25099],[92.77271,25.25097],[92.77497,25.252],[92.77567,25.2533],[92.77572,25.25467],[92.77775,25.25818],[92.77723,25.25971],[92.77411,25.26256],[92.7692,25.26559],[92.76835,25.26661],[92.76831,25.268],[92.76908,25.26863],[92.77556,25.26968],[92.77667,25.27024],[92.77815,25.27237],[92.77994,25.27384],[92.78729,25.27428],[92.79068,25.28068],[92.79223,25.28241],[92.79165,25.28433],[92.78719,25.28972],[92.78674,25.29132],[92.78701,25.29621],[92.78531,25.29817],[92.78323,25.29947],[92.78261,25.3022],[92.78133,25.30432],[92.78113,25.30641],[92.7817,25.30839],[92.78525,25.31188],[92.78656,25.31481],[92.7851,25.31801],[92.78366,25.32442],[92.78356,25.32937],[92.7818,25.33318],[92.78132,25.33367],[92.77754,25.33406],[92.77593,25.33473],[92.77349,25.33713],[92.7699,25.33851],[92.76902,25.33841],[92.76379,25.3339],[92.76219,25.33346],[92.7605,25.33378],[92.75593,25.33864],[92.7546,25.34238],[92.7499,25.3441],[92.74947,25.34528],[92.74995,25.34994],[92.74701,25.3561],[92.74642,25.35833],[92.74442,25.35934],[92.74192,25.35971],[92.73955,25.36131],[92.73879,25.36695],[92.73411,25.36758],[92.73236,25.36892],[92.73326,25.37272],[92.73517,25.37568],[92.73749,25.37776],[92.73802,25.37933],[92.7362,25.37983],[92.73109,25.38],[92.72375,25.37882],[92.7214,25.37758],[92.71978,25.37376],[92.7189,25.3728],[92.71794,25.37263],[92.71622,25.3741],[92.71347,25.37967],[92.70988,25.38451],[92.70784,25.38513],[92.70402,25.38433],[92.70176,25.38448],[92.69828,25.38632],[92.69716,25.38746],[92.69488,25.39438],[92.69283,25.39767],[92.68961,25.39968],[92.68815,25.40208],[92.67778,25.40702],[92.67429,25.41346],[92.67353,25.41402],[92.67193,25.41453],[92.66752,25.41483],[92.66603,25.41287],[92.66353,25.4065],[92.66279,25.40609],[92.66164,25.40635],[92.65641,25.41154],[92.65265,25.41721],[92.6519,25.41924],[92.65117,25.4223],[92.65146,25.42584],[92.65231,25.42923],[92.65442,25.4326],[92.65362,25.43352],[92.65199,25.43285],[92.64708,25.42824],[92.64519,25.42478],[92.64198,25.42223],[92.6415,25.41887],[92.64068,25.41795],[92.63956,25.41757],[92.63863,25.41785],[92.63786,25.41875],[92.63672,25.42141],[92.63629,25.42659],[92.63584,25.42732],[92.63018,25.43154],[92.62741,25.43428],[92.62565,25.43492],[92.6249,25.43366],[92.62525,25.43114],[92.6261,25.42836],[92.62838,25.42388],[92.62764,25.42197],[92.6265,25.42124],[92.62461,25.42092],[92.62284,25.42114],[92.6197,25.42283],[92.61858,25.423],[92.6151,25.42111],[92.61417,25.41867],[92.61126,25.41517],[92.60892,25.4135],[92.60663,25.41323],[92.60533,25.41466],[92.60448,25.41868],[92.6045,25.4209],[92.60653,25.4245],[92.60698,25.42763],[92.60371,25.43286],[92.60307,25.43513],[92.6035,25.44559],[92.60452,25.44788],[92.60356,25.44914],[92.59865,25.44986],[92.59748,25.45064],[92.59869,25.45975],[92.60025,25.4648],[92.59972,25.46611],[92.59685,25.46984],[92.59433,25.47057],[92.59029,25.4699],[92.58526,25.46544],[92.58372,25.46537],[92.58287,25.46628],[92.58224,25.46815],[92.58255,25.47114],[92.5818,25.47191],[92.58017,25.47185],[92.57217,25.46545],[92.56746,25.46321],[92.56616,25.46333],[92.56496,25.46426],[92.56418,25.46619],[92.56416,25.4738],[92.56745,25.47927],[92.56774,25.48136],[92.57122,25.48459],[92.57329,25.48807],[92.57365,25.49048],[92.58119,25.49513],[92.58491,25.49653],[92.59109,25.50115],[92.59223,25.50169],[92.5973,25.50246],[92.5999,25.50635],[92.60552,25.50884],[92.60908,25.51181],[92.61845,25.51506],[92.6202,25.51606],[92.62299,25.51943],[92.62769,25.52197],[92.62885,25.52485],[92.63191,25.52774],[92.63776,25.53024],[92.63957,25.53285],[92.64284,25.53481],[92.64299,25.53841],[92.64206,25.54158],[92.64297,25.54344],[92.64305,25.54842],[92.64585,25.55428],[92.64563,25.55616],[92.64746,25.55746],[92.65095,25.55811],[92.65447,25.5602],[92.65679,25.56085],[92.65748,25.56975],[92.65844,25.57076],[92.66127,25.57196],[92.66126,25.5725],[92.66582,25.57273],[92.66966,25.57377],[92.67459,25.57432],[92.67809,25.57539],[92.68131,25.57581],[92.68268,25.57668],[92.68326,25.57752],[92.68287,25.57927],[92.67889,25.58045],[92.67881,25.58307],[92.6814,25.5871],[92.68433,25.59031],[92.68832,25.59333],[92.69131,25.59474],[92.69417,25.59799],[92.69563,25.59896],[92.69822,25.59972],[92.70314,25.59933],[92.70963,25.59961],[92.71248,25.59904],[92.71402,25.59768],[92.71483,25.59099],[92.71688,25.58924],[92.71909,25.58864],[92.72168,25.58878],[92.72991,25.59191],[92.73832,25.593],[92.74112,25.59431],[92.74497,25.59793],[92.74948,25.59913],[92.75053,25.60275],[92.75046,25.6041],[92.74935,25.6066],[92.74969,25.60897],[92.75162,25.61076],[92.75247,25.61308],[92.75452,25.61522],[92.75616,25.61595],[92.75817,25.6161],[92.76405,25.61439],[92.76795,25.61708],[92.76872,25.6182],[92.76824,25.61982],[92.76208,25.62185],[92.75854,25.62564],[92.75802,25.62742],[92.75837,25.62873],[92.76105,25.631],[92.7647,25.63156],[92.76625,25.63236],[92.7689,25.63653],[92.77158,25.63967],[92.77567,25.64099],[92.77812,25.6445],[92.77951,25.64568],[92.78241,25.64594],[92.78316,25.64649],[92.78702,25.6533],[92.7895,25.65968],[92.78935,25.66097],[92.78677,25.66334],[92.78251,25.66537],[92.7753,25.67117],[92.77425,25.67268],[92.77461,25.67434],[92.77641,25.67799],[92.77825,25.67998],[92.78503,25.68201],[92.78791,25.68426],[92.79945,25.69044],[92.80049,25.69188],[92.80134,25.698],[92.80594,25.70054],[92.81061,25.70063],[92.81376,25.70235],[92.81474,25.70913],[92.81772,25.71125],[92.82056,25.71584],[92.82162,25.71855],[92.82157,25.72307],[92.82216,25.72556],[92.82168,25.73285],[92.82053,25.74],[92.82095,25.74145],[92.82383,25.74126],[92.82594,25.7421],[92.82942,25.74238],[92.83914,25.74821],[92.84311,25.75115],[92.85319,25.75244],[92.86809,25.75338],[92.87414,25.75428],[92.88361,25.75659],[92.89993,25.76327],[92.91245,25.76755],[92.92208,25.77197],[92.92432,25.77326],[92.92636,25.77545],[92.92789,25.78065],[92.92819,25.78389],[92.92754,25.78683],[92.92783,25.79203],[92.92969,25.79612],[92.93249,25.79952],[92.93244,25.80203],[92.92846,25.8066],[92.92917,25.80699],[92.93302,25.80654],[92.94282,25.80302],[92.94403,25.80322],[92.94598,25.80505],[92.94722,25.80789],[92.94841,25.80858],[92.9559,25.8085],[92.96182,25.8169],[92.96416,25.81807],[92.96548,25.818],[92.96666,25.81735],[92.96736,25.8164],[92.96704,25.81499],[92.95997,25.80975],[92.957,25.80598],[92.95634,25.8046],[92.9564,25.80347],[92.95896,25.79853],[92.9607,25.79696],[92.9697,25.79124],[92.96972,25.7898],[92.96741,25.78349],[92.96736,25.7819],[92.96851,25.78174],[92.97037,25.78252],[92.97425,25.7851],[92.97707,25.78741],[92.97919,25.78998],[92.98037,25.79052],[92.98135,25.79021],[92.98198,25.78914],[92.97949,25.782],[92.97962,25.78117],[92.97985,25.78068],[92.98208,25.77999],[92.98404,25.78056],[92.98567,25.78238],[92.98738,25.79176],[92.98753,25.80091],[92.9869,25.80301],[92.98606,25.80388],[92.9836,25.80429],[92.98256,25.80506],[92.98125,25.80682],[92.98088,25.8087],[92.98539,25.81275],[92.98806,25.8189],[92.98855,25.82108],[92.99097,25.82314],[92.99543,25.82516],[92.99695,25.82553],[93.0,25.82529],[93.00555,25.82676],[93.00667,25.82627],[93.00669,25.82484]]]}},{"id":"8","type":"Feature","properties":{"state":"ASSAM","state_lgd":"18","district":"CACHAR","district_lgd":"316"},"geometry":{"type":"Polygon","coordinates":[[[92.73298,25.13953],[92.73724,25.13911],[92.743,25.13627],[92.7455,25.13576],[92.74688,25.1357],[92.75278,25.13902],[92.75397,25.13818],[92.75622,25.13473],[92.75771,25.12951],[92.7633,25.12071],[92.76443,25.11805],[92.76709,25.11563],[92.7672,25.11418],[92.76438,25.11007],[92.7648,25.1032],[92.77141,25.09793],[92.77474,25.09215],[92.77796,25.08834],[92.78032,25.08685],[92.78468,25.08592],[92.78974,25.087],[92.79303,25.08709],[92.79615,25.08807],[92.80409,25.08444],[92.80848,25.08179],[92.81042,25.08127],[92.81263,25.08142],[92.82234,25.07392],[92.82854,25.0708],[92.82905,25.06888],[92.8287,25.06603],[92.82731,25.06338],[92.82721,25.05854],[92.82808,25.05752],[92.83582,25.05271],[92.83873,25.05431],[92.84109,25.05445],[92.84267,25.05701],[92.8459,25.05828],[92.84718,25.05954],[92.85038,25.06051],[92.85284,25.06372],[92.85478,25.06452],[92.85693,25.0649],[92.86119,25.06396],[92.866,25.06606],[92.86707,25.06695],[92.86917,25.067],[92.87158,25.06625],[92.87268,25.06448],[92.87621,25.06583],[92.87785,25.06714],[92.88133,25.0677],[92.88215,25.06835],[92.88266,25.07022],[92.8841,25.07199],[92.88466,25.07432],[92.88568,25.07516],[92.88855,25.07629],[92.89076,25.07493],[92.89265,25.07465],[92.8975,25.07934],[92.90268,25.07854],[92.90754,25.07873],[92.91067,25.07827],[92.9172,25.07957],[92.91833,25.07831],[92.92074,25.07696],[92.92192,25.07705],[92.92606,25.07901],[92.93016,25.07905],[92.93224,25.07845],[92.93449,25.07528],[92.93859,25.07266],[92.94274,25.06907],[92.94478,25.0685],[92.94978,25.06931],[92.95184,25.06917],[92.95173,25.07047],[92.95317,25.073],[92.95327,25.07421],[92.95394,25.07579],[92.95501,25.07677],[92.9524,25.08163],[92.95265,25.08315],[92.9549,25.08707],[92.95906,25.09014],[92.96002,25.09047],[92.96187,25.0894],[92.96448,25.08697],[92.97083,25.08533],[92.97333,25.08505],[92.97759,25.08577],[92.97916,25.08685],[92.98286,25.09107],[92.98418,25.09377],[92.98858,25.09479],[92.99058,25.0947],[92.9933,25.09563],[92.99683,25.09474],[92.99912,25.09493],[92.99974,25.09513],[92.99998,25.09584],[93.00318,25.09667],[93.01161,25.09688],[93.01562,25.09752],[93.01759,25.09824],[93.01826,25.10047],[93.02228,25.10407],[93.02451,25.10324],[93.02786,25.10358],[93.03085,25.10557],[93.03691,25.10481],[93.04267,25.10207],[93.0471,25.09932],[93.04423,25.09386],[93.04311,25.08857],[93.04191,25.0873],[93.03906,25.08582],[93.0377,25.08221],[93.0322,25.07987],[93.03188,25.07815],[93.03002,25.07803],[93.02533,25.07564],[93.02204,25.07599],[93.0211,25.0756],[93.01729,25.06647],[93.0143,25.06189],[93.01612,25.0605],[93.01677,25.05878],[93.0204,25.05602],[93.02121,25.05492],[93.02236,25.05266],[93.02161,25.0509],[93.02363,25.04968],[93.02602,25.04732],[93.02938,25.04312],[93.03339,25.04197],[93.03512,25.04083],[93.03666,25.03677],[93.03949,25.03579],[93.04448,25.03586],[93.05063,25.03377],[93.05329,25.02935],[93.05373,25.02727],[93.05465,25.02675],[93.05496,25.02514],[93.05688,25.0253],[93.05916,25.02306],[93.05935,25.02034],[93.06098,25.01754],[93.0605,25.01707],[93.05801,25.01695],[93.05735,25.01537],[93.05562,25.01399],[93.05571,25.01296],[93.05483,25.0108],[93.05852,25.00963],[93.06006,25.00823],[93.06158,25.00555],[93.06124,25.0033],[93.06195,25.0024],[93.06335,25.00219],[93.06375,25.00406],[93.06537,25.00459],[93.06822,25.00346],[93.0687,25.00073],[93.17977,25.00073],[93.178,24.99858],[93.1788,24.99697],[93.18158,24.99711],[93.18487,24.99483],[93.18656,24.9981],[93.1875,24.99841],[93.18842,24.99767],[93.18862,24.99688],[93.18734,24.99424],[93.18792,24.99311],[93.18992,24.99223],[93.19169,24.99364],[93.19255,24.99364],[93.19858,24.99139],[93.19862,24.9903],[93.19707,24.98903],[93.19689,24.9882],[93.19993,24.98402],[93.2033,24.98163],[93.21279,24.98361],[93.21332,24.98476],[93.21318,24.98762],[93.21394,24.98812],[93.21666,24.98802],[93.21942,24.98733],[93.22438,24.98452],[93.22512,24.98501],[93.22631,24.98725],[93.22735,24.98734],[93.22952,24.98469],[93.23269,24.98257],[93.23252,24.98198],[93.22968,24.9813],[93.22898,24.98053],[93.23,24.97789],[93.23194,24.97615],[93.2345,24.97578],[93.23579,24.97781],[93.23709,24.97784],[93.2383,24.97421],[93.23908,24.97342],[93.23999,24.97323],[93.2436,24.97519],[93.24418,24.97381],[93.24374,24.97102],[93.24439,24.97036],[93.24518,24.97047],[93.24682,24.97206],[93.24942,24.97256],[93.25175,24.97118],[93.25295,24.96945],[93.25386,24.96905],[93.2563,24.97094],[93.25788,24.97133],[93.25896,24.96961],[93.25957,24.96548],[93.26177,24.96298],[93.26032,24.95895],[93.25793,24.95733],[93.25813,24.95452],[93.25618,24.95341],[93.25634,24.95255],[93.25851,24.95054],[93.25809,24.94968],[93.25615,24.94928],[93.25316,24.95122],[93.24844,24.95329],[93.24536,24.95081],[93.24565,24.95007],[93.24913,24.94817],[93.24917,24.94684],[93.24732,24.94512],[93.25097,24.94341],[93.25164,24.94225],[93.25127,24.94064],[93.24762,24.9398],[93.24492,24.94119],[93.24358,24.94075],[93.24166,24.93909],[93.23759,24.93789],[93.23681,24.93716],[93.23713,24.93253],[93.23806,24.93268],[93.24264,24.93611],[93.2436,24.93625],[93.2451,24.93539],[93.24524,24.93383],[93.24471,24.9325],[93.24367,24.93143],[93.2417,24.93059],[93.2411,24.92964],[93.24096,24.92764],[93.23849,24.92568],[93.23934,24.92437],[93.24518,24.92563],[93.24597,24.92525],[93.24872,24.91687],[93.24884,24.91485],[93.24512,24.91106],[93.24406,24.91055],[93.23903,24.91062],[93.23651,24.91227],[93.2352,24.91141],[93.23492,24.91042],[93.2373,24.90762],[93.23778,24.90582],[93.24032,24.90513],[93.2408,24.90336],[93.23849,24.8987],[93.23614,24.89912],[93.23352,24.89877],[93.23201,24.89904],[93.23016,24.89848],[93.22961,24.89782],[93.22942,24.89578],[93.23206,24.89388],[93.23243,24.89286],[93.23212,24.89188],[93.23115,24.89174],[93.22758,24.89293],[93.22602,24.89193],[93.2263,24.89057],[93.22799,24.88834],[93.23079,24.88802],[93.23155,24.88754],[93.23279,24.88466],[93.23203,24.88392],[93.23124,24.88392],[93.22848,24.88526],[93.22774,24.88503],[93.22657,24.88157],[93.22492,24.88018],[93.2241,24.88037],[93.2225,24.88181],[93.22151,24.88152],[93.22127,24.87935],[93.22196,24.87766],[93.22616,24.8737],[93.22644,24.87283],[93.22531,24.87239],[93.22192,24.87376],[93.22036,24.87352],[93.2202,24.87264],[93.22165,24.87072],[93.22145,24.86951],[93.21834,24.86764],[93.2169,24.86535],[93.21538,24.86568],[93.21471,24.86529],[93.21392,24.864],[93.21361,24.86063],[93.21163,24.85885],[93.21003,24.85608],[93.20757,24.85614],[93.20687,24.85576],[93.20589,24.85277],[93.20407,24.85105],[93.20318,24.85084],[93.20239,24.85124],[93.20112,24.85436],[93.19955,24.85515],[93.19741,24.8553],[93.19483,24.85385],[93.19495,24.85323],[93.19812,24.85301],[93.20126,24.84854],[93.20078,24.84464],[93.20155,24.84206],[93.20129,24.84145],[93.2006,24.8413],[93.1965,24.84394],[93.19489,24.84433],[93.19274,24.84341],[93.19203,24.84179],[93.19197,24.83972],[93.19611,24.83669],[93.19679,24.83675],[93.19969,24.83948],[93.20041,24.83926],[93.2006,24.83795],[93.19933,24.83548],[93.19779,24.83416],[93.19671,24.83406],[93.19327,24.83557],[93.19161,24.8344],[93.19165,24.83299],[93.19545,24.83151],[93.19591,24.83091],[93.19189,24.82458],[93.19006,24.81864],[93.19678,24.81243],[93.19697,24.81157],[93.19422,24.80902],[93.19112,24.80395],[93.18223,24.80249],[93.18058,24.80321],[93.17995,24.80307],[93.17935,24.79721],[93.17789,24.79515],[93.17572,24.79373],[93.17469,24.7938],[93.17359,24.796],[93.17357,24.80123],[93.17247,24.80185],[93.17068,24.80185],[93.16109,24.79623],[93.15987,24.79338],[93.15618,24.79133],[93.15424,24.78871],[93.14946,24.78737],[93.14845,24.78798],[93.1485,24.78908],[93.15115,24.79228],[93.15117,24.79468],[93.15051,24.79532],[93.14792,24.79616],[93.14626,24.79744],[93.1434,24.79645],[93.14175,24.79728],[93.1411,24.80126],[93.13906,24.80274],[93.13712,24.80657],[93.13499,24.80759],[93.13471,24.80813],[93.13516,24.80864],[93.13836,24.80896],[93.13857,24.80999],[93.13636,24.81067],[93.13483,24.81058],[93.13398,24.80962],[93.13277,24.80569],[93.13176,24.80521],[93.13039,24.80535],[93.12703,24.80876],[93.12099,24.80748],[93.11886,24.80766],[93.11801,24.80841],[93.1179,24.80925],[93.12194,24.81662],[93.12199,24.81862],[93.12137,24.81922],[93.12019,24.81866],[93.11528,24.81428],[93.11123,24.81326],[93.10943,24.81148],[93.11018,24.80796],[93.11016,24.80516],[93.1114,24.80058],[93.10975,24.79663],[93.10798,24.79487],[93.10839,24.79184],[93.10752,24.79125],[93.10537,24.79171],[93.10481,24.79128],[93.10474,24.79044],[93.10611,24.78844],[93.1043,24.78631],[93.10543,24.78262],[93.10522,24.78111],[93.10439,24.78052],[93.10131,24.78025],[93.10052,24.77942],[93.10028,24.7736],[93.10329,24.76942],[93.10361,24.7672],[93.10238,24.75922],[93.09825,24.75437],[93.10112,24.74958],[93.09833,24.74675],[93.09988,24.74317],[93.10081,24.7426],[93.1016,24.74277],[93.10182,24.74638],[93.10272,24.74685],[93.10449,24.74481],[93.10732,24.74265],[93.10776,24.74144],[93.10635,24.73957],[93.1017,24.73638],[93.0971,24.73195],[93.09622,24.72955],[93.09589,24.72421],[93.09065,24.72508],[93.09037,24.72139],[93.09295,24.72008],[93.09325,24.71891],[93.09079,24.71818],[93.0901,24.71432],[93.08662,24.70953],[93.08528,24.70881],[93.08292,24.70867],[93.07972,24.7107],[93.07803,24.71291],[93.07738,24.71296],[93.07539,24.71093],[93.07355,24.70781],[93.07434,24.70646],[93.07901,24.70455],[93.08184,24.70216],[93.08262,24.70112],[93.08342,24.69813],[93.08898,24.6915],[93.09126,24.68803],[93.09229,24.68548],[93.09173,24.68288],[93.08985,24.67972],[93.09011,24.67717],[93.09094,24.67668],[93.09228,24.67686],[93.09855,24.68011],[93.10191,24.6807],[93.10288,24.68015],[93.10391,24.67785],[93.10415,24.67416],[93.09647,24.66426],[93.0962,24.65535],[93.09537,24.65283],[93.09404,24.65222],[93.08625,24.65273],[93.08456,24.65196],[93.08319,24.64981],[93.08288,24.64859],[93.08327,24.6469],[93.08763,24.63699],[93.08796,24.63468],[93.08728,24.62967],[93.08655,24.62873],[93.08521,24.62817],[93.08081,24.62902],[93.07872,24.62885],[93.07629,24.62659],[93.07568,24.62454],[93.07714,24.62008],[93.08327,24.61576],[93.08409,24.61482],[93.08421,24.6136],[93.0781,24.60922],[93.07394,24.60561],[93.07184,24.60295],[93.07115,24.60064],[93.07195,24.59868],[93.08027,24.59011],[93.08921,24.59238],[93.09359,24.5917],[93.09746,24.59018],[93.10158,24.58759],[93.10427,24.5845],[93.10436,24.58238],[93.10363,24.58133],[93.10184,24.58079],[93.09632,24.58162],[93.09321,24.5815],[93.09234,24.58074],[93.08916,24.57337],[93.08817,24.57242],[93.0844,24.57113],[93.08196,24.57118],[93.07793,24.57432],[93.07574,24.57505],[93.06872,24.57519],[93.06216,24.57624],[93.0596,24.57548],[93.05818,24.57384],[93.05877,24.57188],[93.063,24.56728],[93.06917,24.56188],[93.07096,24.55876],[93.06462,24.54679],[93.06339,24.54656],[93.0617,24.54731],[93.06052,24.55358],[93.05701,24.55441],[93.05576,24.55336],[93.05279,24.54765],[93.04999,24.54421],[93.04916,24.5419],[93.04939,24.53708],[93.04778,24.53225],[93.04719,24.52857],[93.04758,24.52666],[93.05055,24.5232],[93.05013,24.51943],[93.04936,24.51841],[93.04131,24.51557],[93.03874,24.51287],[93.03721,24.50939],[93.04273,24.50635],[93.04277,24.50479],[93.04087,24.50241],[93.0344,24.49763],[93.03256,24.4953],[93.03285,24.49353],[93.03934,24.48756],[93.04357,24.48026],[93.04596,24.47531],[93.04677,24.46751],[93.04588,24.46389],[93.04429,24.46201],[93.03915,24.46222],[93.03745,24.46161],[93.03572,24.45976],[93.03665,24.44727],[93.03643,24.44222],[93.03344,24.43258],[93.03301,24.42811],[93.03356,24.427],[93.03728,24.42362],[93.04265,24.42055],[93.04329,24.41825],[93.04309,24.4165],[93.04164,24.41301],[93.03723,24.41049],[93.03247,24.40856],[93.02465,24.40677],[93.01977,24.4073],[93.01723,24.40807],[93.01495,24.41019],[93.01507,24.41553],[93.01443,24.41669],[93.01304,24.41703],[93.01065,24.41589],[93.00941,24.41388],[93.00885,24.41168],[93.00693,24.41186],[93.00616,24.41113],[93.00575,24.40947],[93.00709,24.4102],[93.00751,24.40961],[93.00645,24.4076],[93.00385,24.40713],[93.00363,24.40547],[93.00183,24.40418],[92.99925,24.40055],[92.99732,24.39953],[92.99237,24.39911],[92.98864,24.40369],[92.98441,24.40518],[92.9848,24.40581],[92.97928,24.40665],[92.97882,24.40767],[92.97725,24.40781],[92.97628,24.40845],[92.97562,24.40767],[92.97448,24.40861],[92.97336,24.40834],[92.973,24.4076],[92.97382,24.40588],[92.97276,24.40564],[92.97117,24.40295],[92.96847,24.40136],[92.9662,24.39701],[92.96127,24.39362],[92.96015,24.3921],[92.9573,24.39224],[92.95586,24.39431],[92.95493,24.39652],[92.95506,24.39779],[92.95327,24.40175],[92.95218,24.40291],[92.95115,24.40316],[92.94759,24.40253],[92.94717,24.40095],[92.94631,24.40092],[92.94544,24.40022],[92.94344,24.40044],[92.94209,24.40136],[92.94078,24.40063],[92.93912,24.40079],[92.93891,24.3994],[92.93668,24.39856],[92.93664,24.3971],[92.93526,24.39581],[92.93446,24.39435],[92.93487,24.3933],[92.93398,24.39245],[92.93077,24.3934],[92.92959,24.39546],[92.92897,24.39517],[92.92887,24.3959],[92.9275,24.39664],[92.92641,24.39575],[92.92548,24.39631],[92.92417,24.39622],[92.92434,24.39806],[92.92035,24.40105],[92.92038,24.40184],[92.92187,24.40197],[92.92197,24.40368],[92.92094,24.40327],[92.91689,24.40653],[92.91465,24.40726],[92.91286,24.40891],[92.90925,24.4103],[92.90928,24.41097],[92.91083,24.4117],[92.91094,24.41214],[92.90932,24.41307],[92.90705,24.41145],[92.90717,24.40916],[92.90628,24.40607],[92.90669,24.40292],[92.90444,24.39964],[92.90285,24.39593],[92.90249,24.39432],[92.9039,24.39237],[92.90286,24.39123],[92.89995,24.39079],[92.89295,24.39284],[92.89181,24.39612],[92.89254,24.39764],[92.89078,24.3985],[92.89143,24.40061],[92.89043,24.40004],[92.88954,24.40014],[92.88936,24.39907],[92.88853,24.3985],[92.88711,24.40033],[92.88366,24.40258],[92.87906,24.39901],[92.87484,24.39654],[92.87332,24.39503],[92.87049,24.39572],[92.86878,24.39481],[92.86569,24.396],[92.86175,24.39873],[92.86092,24.39866],[92.85892,24.39715],[92.85644,24.39379],[92.85243,24.39227],[92.8496,24.38979],[92.84785,24.38629],[92.84622,24.38616],[92.84521,24.37987],[92.84298,24.37779],[92.83983,24.37686],[92.83573,24.37865],[92.83394,24.3765],[92.82986,24.37377],[92.82935,24.37385],[92.8283,24.3754],[92.82616,24.37654],[92.82553,24.37788],[92.82649,24.37959],[92.82659,24.3814],[92.82543,24.38279],[92.82537,24.38462],[92.82312,24.38663],[92.82479,24.39175],[92.82653,24.3933],[92.82914,24.39707],[92.82992,24.40045],[92.82766,24.40228],[92.826,24.40257],[92.82372,24.40205],[92.82226,24.40314],[92.82014,24.40387],[92.81959,24.40506],[92.81873,24.40564],[92.81911,24.40728],[92.81766,24.40818],[92.81827,24.4094],[92.81913,24.40939],[92.81892,24.41021],[92.81486,24.40894],[92.81243,24.40945],[92.81214,24.41164],[92.81085,24.41136],[92.81005,24.41202],[92.81123,24.41232],[92.81159,24.41345],[92.81007,24.41353],[92.80936,24.41275],[92.80878,24.41284],[92.8082,24.4151],[92.80898,24.41586],[92.80777,24.41593],[92.8077,24.41758],[92.80682,24.41901],[92.80549,24.41893],[92.80432,24.41769],[92.80344,24.41815],[92.802,24.41809],[92.79935,24.41929],[92.79927,24.42008],[92.80051,24.41987],[92.80094,24.42055],[92.80177,24.42074],[92.80179,24.4225],[92.80267,24.42452],[92.80263,24.42499],[92.80185,24.42472],[92.80114,24.42552],[92.8018,24.42716],[92.80113,24.42872],[92.80125,24.42981],[92.79989,24.43026],[92.79941,24.4315],[92.79654,24.43323],[92.77191,24.50058],[92.77075,24.50144],[92.76384,24.52098],[92.76298,24.52267],[92.75937,24.51858],[92.75915,24.51989],[92.75731,24.52234],[92.76003,24.53031],[92.76338,24.53404],[92.76574,24.53924],[92.76824,24.54231],[92.76895,24.54444],[92.77369,24.5502],[92.77194,24.55078],[92.77145,24.55176],[92.77354,24.55634],[92.77971,24.56571],[92.7806,24.56837],[92.7802,24.56906],[92.77783,24.56992],[92.77582,24.57143],[92.77479,24.57061],[92.77358,24.57057],[92.77273,24.5689],[92.7722,24.56873],[92.77005,24.57086],[92.76947,24.57094],[92.76684,24.56807],[92.76438,24.56705],[92.76192,24.56827],[92.76178,24.56966],[92.76236,24.57118],[92.76053,24.57281],[92.75896,24.57772],[92.75534,24.57943],[92.75364,24.58083],[92.75136,24.58426],[92.74926,24.58196],[92.74559,24.58264],[92.74354,24.58526],[92.74303,24.58416],[92.74223,24.58452],[92.74152,24.58421],[92.73998,24.58536],[92.74022,24.58604],[92.73929,24.58608],[92.73867,24.58688],[92.73694,24.58725],[92.73588,24.58669],[92.73605,24.58974],[92.73543,24.58967],[92.73535,24.59038],[92.73215,24.5885],[92.73303,24.58708],[92.73246,24.58574],[92.73318,24.5852],[92.73297,24.58238],[92.73118,24.58085],[92.72852,24.57964],[92.7266,24.57719],[92.72297,24.5744],[92.72132,24.56488],[92.71924,24.56254],[92.71843,24.56195],[92.71737,24.56189],[92.71606,24.56307],[92.71645,24.56562],[92.71603,24.56762],[92.71248,24.56886],[92.71026,24.56816],[92.7092,24.56688],[92.70447,24.56682],[92.70285,24.56591],[92.70164,24.56611],[92.70107,24.56691],[92.7007,24.56927],[92.70152,24.5715],[92.69823,24.57221],[92.69504,24.57374],[92.69285,24.57369],[92.68974,24.57517],[92.68506,24.57969],[92.68168,24.58154],[92.68137,24.58296],[92.6801,24.58376],[92.6796,24.58362],[92.67923,24.58479],[92.67872,24.58506],[92.6765,24.58439],[92.67525,24.58454],[92.66959,24.58823],[92.66795,24.59117],[92.66726,24.59432],[92.66998,24.59988],[92.66849,24.60424],[92.66733,24.60552],[92.66727,24.60959],[92.66826,24.60984],[92.67376,24.60893],[92.67531,24.61095],[92.68164,24.61204],[92.68905,24.61256],[92.69185,24.61497],[92.69677,24.61534],[92.69578,24.6188],[92.69103,24.6229],[92.68732,24.62404],[92.68723,24.62548],[92.68467,24.62571],[92.67917,24.62748],[92.66553,24.62766],[92.66515,24.67362],[92.65647,24.6735],[92.65581,24.67854],[92.65313,24.68055],[92.65031,24.6846],[92.65075,24.68794],[92.65033,24.68911],[92.65111,24.69147],[92.6528,24.69276],[92.6543,24.69617],[92.65712,24.70063],[92.65673,24.70423],[92.65721,24.72308],[92.65638,24.72536],[92.65665,24.73013],[92.65477,24.73968],[92.65552,24.74519],[92.65584,24.75361],[92.65758,24.75473],[92.65816,24.75643],[92.66069,24.75822],[92.66183,24.76266],[92.66383,24.7651],[92.6636,24.7715],[92.66537,24.7797],[92.66697,24.78029],[92.6676,24.78632],[92.66916,24.78773],[92.66761,24.78918],[92.66929,24.79214],[92.66904,24.79272],[92.6706,24.79603],[92.673,24.79757],[92.67315,24.7989],[92.67451,24.80067],[92.6756,24.8011],[92.67964,24.80078],[92.68,24.80127],[92.68063,24.80361],[92.68295,24.80803],[92.68144,24.81027],[92.6815,24.81073],[92.68277,24.81052],[92.68294,24.81107],[92.68201,24.81265],[92.68379,24.81438],[92.67826,24.81401],[92.67845,24.81546],[92.67757,24.81641],[92.67711,24.81633],[92.67691,24.81521],[92.67629,24.81545],[92.67547,24.81717],[92.67296,24.81781],[92.67154,24.81782],[92.6694,24.81668],[92.66689,24.81685],[92.66318,24.81432],[92.66157,24.81479],[92.658,24.81713],[92.65349,24.81718],[92.64814,24.81458],[92.64718,24.81457],[92.64597,24.81528],[92.64518,24.81719],[92.64547,24.81936],[92.64267,24.82223],[92.64138,24.82209],[92.63988,24.82046],[92.63834,24.82193],[92.63709,24.82524],[92.6374,24.82656],[92.6391,24.82844],[92.63936,24.83042],[92.63567,24.83],[92.63299,24.83128],[92.63428,24.83569],[92.63554,24.83707],[92.63676,24.83986],[92.6311,24.84637],[92.62952,24.8503],[92.62932,24.85498],[92.63042,24.85585],[92.63407,24.85498],[92.63913,24.85243],[92.64072,24.85105],[92.64393,24.84984],[92.64672,24.85007],[92.64722,24.85131],[92.64628,24.85287],[92.64161,24.8572],[92.63595,24.85952],[92.63459,24.85972],[92.62175,24.85829],[92.61263,24.86083],[92.60748,24.86383],[92.60522,24.86609],[92.60324,24.872],[92.60139,24.87528],[92.59867,24.87833],[92.59731,24.87914],[92.59485,24.87937],[92.59132,24.87754],[92.58536,24.87623],[92.58058,24.87572],[92.58008,24.87546],[92.57981,24.87368],[92.5728,24.87326],[92.56939,24.87343],[92.56381,24.87452],[92.55631,24.87742],[92.55468,24.87639],[92.55184,24.87278],[92.54606,24.86857],[92.54181,24.86657],[92.53534,24.8647],[92.5287,24.86169],[92.52609,24.86111],[92.52474,24.86144],[92.52167,24.86474],[92.51851,24.87413],[92.51509,24.87956],[92.49093,24.87414],[92.49231,24.87577],[92.49227,24.87747],[92.49125,24.87964],[92.49198,24.88249],[92.49116,24.89146],[92.49455,24.89742],[92.49395,24.8979],[92.49666,24.90077],[92.49684,24.90202],[92.49378,24.90399],[92.49289,24.90611],[92.4931,24.90863],[92.49498,24.91333],[92.4946,24.91586],[92.49343,24.91735],[92.48756,24.92062],[92.484,24.92846],[92.48426,24.93409],[92.48786,24.94381],[92.4875,24.94695],[92.48591,24.94768],[92.48361,24.94728],[92.47881,24.94296],[92.47565,24.94177],[92.46431,24.94139],[92.45312,24.93853],[92.4497,24.93859],[92.44902,24.93895],[92.44841,24.94059],[92.44787,24.9437],[92.4483,24.9472],[92.44974,24.94999],[92.45373,24.95365],[92.45679,24.95484],[92.46361,24.95587],[92.46615,24.95707],[92.46843,24.96013],[92.46845,24.96243],[92.46752,24.9637],[92.4635,24.96673],[92.46059,24.96981],[92.45763,24.9706],[92.45532,24.96958],[92.45131,24.96643],[92.44763,24.965],[92.44273,24.9662],[92.44048,24.96627],[92.4237,24.96484],[92.42006,24.96626],[92.4196,24.96853],[92.42169,24.97989],[92.42208,24.98849],[92.42068,24.99027],[92.41635,24.98992],[92.41638,24.99038],[92.41653,24.99181],[92.4227,25.00494],[92.4242,25.00949],[92.42487,25.01331],[92.42439,25.01424],[92.42424,25.01937],[92.42526,25.01944],[92.42592,25.02006],[92.42585,25.02862],[92.42528,25.02956],[92.42925,25.02915],[92.43223,25.03513],[92.43819,25.03465],[92.43906,25.0388],[92.43828,25.04387],[92.44253,25.04524],[92.4443,25.04519],[92.44545,25.04368],[92.44731,25.04333],[92.44907,25.04056],[92.45277,25.04075],[92.45453,25.03975],[92.45806,25.03873],[92.45981,25.03704],[92.46429,25.03744],[92.46298,25.03958],[92.46427,25.04213],[92.46429,25.04362],[92.46388,25.04471],[92.46229,25.04597],[92.46238,25.04813],[92.46051,25.04873],[92.45888,25.04784],[92.45774,25.04645],[92.45705,25.04667],[92.45737,25.05229],[92.45698,25.05407],[92.46023,25.05729],[92.46232,25.0549],[92.46366,25.05494],[92.46433,25.05631],[92.46357,25.05808],[92.46535,25.05867],[92.46615,25.06219],[92.46843,25.06589],[92.47121,25.06658],[92.47203,25.06725],[92.47238,25.07011],[92.47118,25.07194],[92.47202,25.07463],[92.47062,25.0764],[92.47108,25.07698],[92.47273,25.07677],[92.47535,25.07777],[92.47585,25.07885],[92.47563,25.07998],[92.47411,25.08197],[92.47758,25.08255],[92.47691,25.08377],[92.47716,25.08501],[92.47941,25.08661],[92.47731,25.09078],[92.47778,25.09563],[92.47743,25.10019],[92.47953,25.10613],[92.48097,25.10858],[92.48498,25.10866],[92.49102,25.10769],[92.49258,25.10796],[92.49537,25.10934],[92.49696,25.10951],[92.5059,25.10474],[92.50892,25.10422],[92.5149,25.10484],[92.51839,25.10617],[92.51995,25.10594],[92.52111,25.10527],[92.52782,25.104],[92.52922,25.10329],[92.53052,25.10031],[92.53396,25.09898],[92.53807,25.09861],[92.53955,25.09905],[92.54553,25.10385],[92.54651,25.10401],[92.55063,25.10334],[92.55548,25.10416],[92.55713,25.10386],[92.56105,25.10185],[92.56358,25.10124],[92.57181,25.1016],[92.57804,25.10441],[92.59184,25.1064],[92.59441,25.10768],[92.59844,25.11077],[92.6026,25.11046],[92.60809,25.1068],[92.61002,25.1048],[92.61285,25.10338],[92.61514,25.10261],[92.61954,25.10241],[92.62157,25.10283],[92.62195,25.10331],[92.62328,25.10798],[92.63016,25.10844],[92.63179,25.1091],[92.63375,25.11026],[92.6371,25.11532],[92.63901,25.11707],[92.643,25.11786],[92.64866,25.11764],[92.65135,25.11604],[92.65305,25.11393],[92.65375,25.11361],[92.65677,25.11412],[92.65992,25.11188],[92.66509,25.10914],[92.67315,25.10934],[92.67426,25.1097],[92.6781,25.11326],[92.68389,25.11457],[92.68756,25.11388],[92.69073,25.11157],[92.69298,25.11089],[92.69957,25.11104],[92.70121,25.11134],[92.70368,25.11286],[92.70685,25.11572],[92.71175,25.11704],[92.7139,25.11669],[92.7152,25.11598],[92.71631,25.1143],[92.72179,25.11262],[92.72254,25.11273],[92.72321,25.11349],[92.72309,25.11661],[92.72387,25.11825],[92.72911,25.12316],[92.73102,25.12392],[92.73414,25.12392],[92.73493,25.12627],[92.73062,25.13382],[92.7282,25.13634],[92.72957,25.14314],[92.73028,25.1433],[92.73115,25.14125],[92.73298,25.13953]]]}},{"id":"9","type":"Feature","properties":{"state":"ASSAM","state_lgd":"18","district":"SRIBHUMI","district_lgd":"317"},"geometry":{"type":"Polygon","coordinates":[[[92.30349,24.9136],[92.30502,24.91088],[92.30656,24.90923],[92.30727,24.9067],[92.30724,24.90464],[92.3066,24.90316],[92.30695,24.90203],[92.31301,24.89859],[92.3161,24.89519],[92.31798,24.89511],[92.32289,24.89718],[92.32525,24.89723],[92.32675,24.89641],[92.3278,24.89479],[92.32787,24.89143],[92.32868,24.88881],[92.33922,24.87826],[92.33998,24.87794],[92.34204,24.87843],[92.34404,24.88019],[92.34498,24.88371],[92.34501,24.88619],[92.34428,24.88852],[92.34584,24.89124],[92.348,24.89162],[92.34956,24.89009],[92.35436,24.87947],[92.35628,24.87845],[92.3595,24.87892],[92.36132,24.87819],[92.36228,24.87363],[92.3634,24.87191],[92.36618,24.87208],[92.36969,24.8743],[92.37168,24.87491],[92.37326,24.87485],[92.37474,24.87395],[92.37701,24.87056],[92.37748,24.8631],[92.37815,24.86221],[92.38405,24.85834],[92.38455,24.85605],[92.38413,24.85368],[92.38494,24.85227],[92.38904,24.85096],[92.3948,24.85058],[92.4001,24.84865],[92.40159,24.8487],[92.40278,24.8497],[92.40299,24.85575],[92.40447,24.85803],[92.40637,24.85894],[92.40876,24.85908],[92.41466,24.8583],[92.41726,24.85719],[92.4224,24.85387],[92.4254,24.85285],[92.42693,24.85298],[92.43012,24.85465],[92.4374,24.85561],[92.44006,24.8578],[92.44106,24.86051],[92.44145,24.86254],[92.44114,24.86848],[92.44245,24.87053],[92.4448,24.87198],[92.45221,24.87192],[92.45752,24.87303],[92.461,24.87314],[92.46987,24.87015],[92.47614,24.86734],[92.47704,24.87049],[92.47849,24.87202],[92.47999,24.87269],[92.48049,24.87276],[92.48061,24.87219],[92.48792,24.87131],[92.48787,24.87283],[92.48935,24.8732],[92.48957,24.87256],[92.49093,24.87414],[92.51509,24.87956],[92.51851,24.87413],[92.52167,24.86474],[92.52378,24.86226],[92.5254,24.86117],[92.5287,24.86169],[92.53534,24.8647],[92.54181,24.86657],[92.54606,24.86857],[92.55184,24.87278],[92.55468,24.87639],[92.55631,24.87742],[92.56131,24.87531],[92.56726,24.87376],[92.5728,24.87326],[92.57981,24.87368],[92.58086,24.8725],[92.5825,24.87201],[92.58205,24.87075],[92.58258,24.86889],[92.58235,24.86756],[92.58512,24.86577],[92.58623,24.86085],[92.58402,24.85584],[92.58278,24.85115],[92.58297,24.8483],[92.58213,24.8467],[92.5829,24.84509],[92.58261,24.84407],[92.58106,24.84306],[92.57893,24.84034],[92.57761,24.84025],[92.57449,24.83711],[92.57319,24.83669],[92.57208,24.83441],[92.57038,24.83359],[92.56982,24.83197],[92.56758,24.83061],[92.56489,24.82656],[92.56726,24.82508],[92.56642,24.82417],[92.56327,24.82189],[92.56032,24.82083],[92.55866,24.82315],[92.55502,24.81871],[92.55138,24.81189],[92.54968,24.81042],[92.54811,24.81131],[92.54667,24.8101],[92.5462,24.80805],[92.5447,24.80763],[92.54425,24.80479],[92.54606,24.80377],[92.5451,24.80301],[92.54591,24.80071],[92.54209,24.79823],[92.54284,24.79294],[92.54057,24.788],[92.54106,24.78631],[92.54309,24.78387],[92.5444,24.7811],[92.54158,24.77892],[92.54019,24.77689],[92.54149,24.77445],[92.54306,24.77333],[92.54235,24.77151],[92.54529,24.76911],[92.54519,24.76564],[92.54305,24.76269],[92.5419,24.76208],[92.54105,24.76051],[92.5385,24.75958],[92.53598,24.75608],[92.53455,24.75487],[92.53272,24.75514],[92.52745,24.75216],[92.52502,24.75179],[92.5256,24.75003],[92.52494,24.74833],[92.52155,24.74399],[92.52293,24.74151],[92.52138,24.73947],[92.52285,24.73711],[92.52158,24.73484],[92.52271,24.73207],[92.5223,24.72955],[92.52015,24.72793],[92.51781,24.72487],[92.51779,24.7234],[92.51894,24.72338],[92.51845,24.72156],[92.51531,24.71944],[92.51506,24.71824],[92.51159,24.71594],[92.5113,24.71301],[92.50875,24.71142],[92.50769,24.70803],[92.50515,24.70625],[92.50433,24.70336],[92.5048,24.70264],[92.50393,24.70106],[92.50389,24.69917],[92.50323,24.69754],[92.50124,24.69594],[92.4998,24.69308],[92.50008,24.69191],[92.49592,24.68902],[92.49835,24.68761],[92.49796,24.68673],[92.49578,24.68614],[92.49437,24.68498],[92.49371,24.68332],[92.49399,24.68274],[92.49581,24.6828],[92.49391,24.68024],[92.49372,24.67725],[92.4953,24.67659],[92.49474,24.67629],[92.49477,24.67541],[92.49345,24.6746],[92.49378,24.67309],[92.4948,24.672],[92.49702,24.67294],[92.49923,24.67016],[92.49893,24.66847],[92.50169,24.66693],[92.50203,24.66585],[92.50429,24.66565],[92.50642,24.66402],[92.5049,24.65913],[92.50388,24.65869],[92.50364,24.65324],[92.50396,24.65266],[92.50471,24.65254],[92.50587,24.65034],[92.50719,24.65022],[92.50674,24.64948],[92.50432,24.64882],[92.50408,24.64662],[92.50442,24.64554],[92.50401,24.6443],[92.50449,24.64244],[92.50527,24.64163],[92.50458,24.6388],[92.50595,24.6378],[92.50672,24.63586],[92.50473,24.63549],[92.50398,24.6349],[92.504,24.63089],[92.50162,24.63038],[92.50295,24.62892],[92.5037,24.62876],[92.50418,24.62784],[92.50676,24.62894],[92.50781,24.62849],[92.50648,24.62621],[92.50798,24.61844],[92.5074,24.61692],[92.50786,24.61612],[92.50721,24.61375],[92.50742,24.61251],[92.5068,24.61182],[92.50778,24.60789],[92.5094,24.60554],[92.50956,24.6036],[92.5073,24.60255],[92.50544,24.60314],[92.50432,24.6052],[92.50309,24.60491],[92.50345,24.60278],[92.50281,24.60093],[92.50372,24.59996],[92.50347,24.59805],[92.50508,24.59334],[92.50464,24.58962],[92.50494,24.58846],[92.50557,24.58799],[92.509,24.58734],[92.50934,24.58571],[92.51028,24.58436],[92.50861,24.58344],[92.50868,24.58301],[92.51071,24.58142],[92.51252,24.58101],[92.51692,24.5764],[92.51681,24.57494],[92.51727,24.57403],[92.51587,24.57076],[92.51602,24.56831],[92.51426,24.56566],[92.51497,24.56277],[92.51676,24.56053],[92.51677,24.55781],[92.51648,24.55728],[92.51445,24.55664],[92.51397,24.55576],[92.51325,24.54804],[92.5122,24.54712],[92.51173,24.54536],[92.51071,24.54447],[92.50913,24.54152],[92.50931,24.54087],[92.51058,24.54043],[92.51038,24.53876],[92.50903,24.53733],[92.50679,24.53626],[92.50558,24.53481],[92.50733,24.53226],[92.50694,24.52915],[92.50834,24.52879],[92.50996,24.52493],[92.50995,24.52236],[92.50921,24.52061],[92.50732,24.51955],[92.50699,24.51533],[92.50755,24.51222],[92.50695,24.50787],[92.50875,24.50356],[92.50828,24.50071],[92.50891,24.49715],[92.50695,24.49469],[92.50649,24.48929],[92.50723,24.48712],[92.50997,24.48428],[92.51038,24.48274],[92.51003,24.48001],[92.50726,24.47287],[92.50783,24.46726],[92.50665,24.46241],[92.50811,24.46135],[92.50832,24.46069],[92.50621,24.45662],[92.50856,24.45577],[92.50901,24.4547],[92.506,24.45071],[92.50653,24.44755],[92.50622,24.44462],[92.50667,24.44314],[92.5058,24.44094],[92.50668,24.43876],[92.50645,24.43436],[92.50599,24.43275],[92.50311,24.43021],[92.50316,24.4244],[92.5025,24.42093],[92.50276,24.41886],[92.50101,24.41512],[92.50199,24.41077],[92.50108,24.40681],[92.50023,24.40455],[92.49819,24.40274],[92.49798,24.4004],[92.49657,24.39767],[92.4963,24.39602],[92.49371,24.39366],[92.49331,24.39275],[92.49354,24.39083],[92.495,24.38787],[92.49526,24.38526],[92.49303,24.37857],[92.49247,24.37517],[92.49054,24.37347],[92.49123,24.37182],[92.49047,24.37085],[92.49133,24.3697],[92.49053,24.36791],[92.4896,24.36745],[92.4901,24.36578],[92.48883,24.36465],[92.48803,24.36237],[92.48415,24.35696],[92.48285,24.35389],[92.48311,24.35151],[92.48134,24.34102],[92.47971,24.33548],[92.47825,24.33346],[92.47838,24.33165],[92.47677,24.32832],[92.47628,24.32574],[92.46932,24.3141],[92.46949,24.31154],[92.46381,24.30065],[92.45653,24.29174],[92.45591,24.29018],[92.45386,24.28868],[92.45138,24.28821],[92.45109,24.28431],[92.44957,24.28038],[92.44612,24.27613],[92.44284,24.27442],[92.44013,24.27127],[92.43559,24.26287],[92.43349,24.25687],[92.43227,24.25539],[92.40866,24.2545],[92.28958,24.25249],[92.21287,24.24993],[92.24722,24.32425],[92.25631,24.34535],[92.26367,24.36055],[92.26573,24.36602],[92.26649,24.3673],[92.26814,24.36788],[92.26803,24.36947],[92.26876,24.37179],[92.26838,24.37287],[92.26863,24.37465],[92.26781,24.37624],[92.26806,24.37811],[92.27242,24.37856],[92.27289,24.37897],[92.27082,24.38035],[92.27096,24.3826],[92.27015,24.38288],[92.26887,24.38239],[92.26864,24.38406],[92.26945,24.38469],[92.27157,24.38518],[92.27409,24.38832],[92.27202,24.39236],[92.27099,24.39292],[92.26911,24.39254],[92.26914,24.39398],[92.27081,24.39628],[92.26933,24.39847],[92.26861,24.39889],[92.26414,24.39895],[92.26327,24.40178],[92.26237,24.40254],[92.26259,24.40694],[92.26172,24.40869],[92.26201,24.40925],[92.26349,24.40947],[92.26328,24.41119],[92.2619,24.41326],[92.25927,24.4151],[92.25664,24.41792],[92.25632,24.41916],[92.25448,24.42053],[92.25437,24.4223],[92.25544,24.42302],[92.25654,24.42484],[92.25592,24.4263],[92.25646,24.42733],[92.25689,24.43202],[92.25715,24.43252],[92.25871,24.43279],[92.25936,24.43403],[92.25906,24.43806],[92.2594,24.43921],[92.25631,24.44046],[92.25347,24.44031],[92.25311,24.44245],[92.25256,24.44255],[92.25208,24.44198],[92.25025,24.4435],[92.2493,24.44325],[92.2488,24.44388],[92.24812,24.4439],[92.24788,24.44485],[92.24647,24.44533],[92.24382,24.44452],[92.24124,24.44696],[92.23887,24.44763],[92.23795,24.44974],[92.23672,24.44969],[92.23571,24.45092],[92.23561,24.45252],[92.23485,24.45274],[92.23502,24.45377],[92.23639,24.45498],[92.23634,24.45832],[92.23504,24.45866],[92.23384,24.45983],[92.23016,24.46165],[92.22976,24.46283],[92.23089,24.46604],[92.23042,24.46618],[92.2299,24.46791],[92.23006,24.46892],[92.22869,24.47097],[92.22859,24.47237],[92.22916,24.47347],[92.22881,24.47572],[92.2296,24.47591],[92.22943,24.47709],[92.23047,24.47871],[92.23032,24.47946],[92.23191,24.48061],[92.23345,24.48432],[92.23548,24.48392],[92.23662,24.48472],[92.2351,24.48633],[92.23424,24.48823],[92.23258,24.48934],[92.23267,24.48981],[92.22992,24.49284],[92.23051,24.49998],[92.22016,24.50158],[92.21704,24.50321],[92.21431,24.50301],[92.21271,24.50372],[92.21464,24.50555],[92.21918,24.51395],[92.22023,24.5149],[92.22011,24.51631],[92.2238,24.51745],[92.22872,24.52845],[92.23114,24.53121],[92.23221,24.57139],[92.23344,24.57249],[92.23372,24.57467],[92.23461,24.57515],[92.23453,24.5761],[92.23396,24.57634],[92.23455,24.57673],[92.23459,24.57776],[92.23334,24.5778],[92.23302,24.57847],[92.23387,24.58459],[92.23585,24.59233],[92.23571,24.59375],[92.2363,24.59456],[92.23628,24.59563],[92.23551,24.59592],[92.23539,24.59755],[92.23606,24.59905],[92.23701,24.59902],[92.23925,24.60777],[92.24059,24.6081],[92.24095,24.60995],[92.24239,24.61153],[92.24172,24.61309],[92.24235,24.61537],[92.2434,24.61562],[92.24399,24.61652],[92.24381,24.61864],[92.2444,24.62023],[92.24398,24.62122],[92.2434,24.62143],[92.24354,24.6254],[92.24448,24.62926],[92.24636,24.63179],[92.24732,24.63445],[92.24749,24.63684],[92.24829,24.63772],[92.24936,24.64293],[92.24851,24.64443],[92.24984,24.64796],[92.24984,24.64936],[92.24898,24.65011],[92.24708,24.65474],[92.24847,24.65835],[92.24935,24.65863],[92.24997,24.65988],[92.25166,24.65996],[92.2532,24.66353],[92.25328,24.66506],[92.25496,24.66678],[92.25486,24.66794],[92.25712,24.67318],[92.25512,24.67411],[92.25453,24.67496],[92.25493,24.67712],[92.25442,24.67803],[92.2553,24.6782],[92.25512,24.6786],[92.25601,24.6797],[92.25837,24.6795],[92.2584,24.68018],[92.25988,24.68145],[92.25935,24.68232],[92.2578,24.68286],[92.2586,24.68361],[92.25892,24.68619],[92.26084,24.68794],[92.26071,24.68882],[92.26161,24.69012],[92.265,24.6905],[92.26676,24.6942],[92.26786,24.69435],[92.26817,24.69605],[92.26931,24.69746],[92.27024,24.69989],[92.27612,24.70744],[92.27499,24.70808],[92.27622,24.71003],[92.27621,24.71074],[92.27946,24.71413],[92.28084,24.71458],[92.28102,24.71564],[92.28188,24.71618],[92.28339,24.71877],[92.28386,24.71862],[92.28536,24.71984],[92.28517,24.72064],[92.28582,24.72176],[92.28791,24.72344],[92.28848,24.72519],[92.28957,24.72574],[92.29201,24.73024],[92.29246,24.73068],[92.29271,24.73031],[92.29322,24.73133],[92.2942,24.7317],[92.29358,24.73245],[92.29421,24.73239],[92.29477,24.7332],[92.29388,24.73461],[92.29493,24.73492],[92.29603,24.73646],[92.28127,24.74225],[92.28192,24.74338],[92.28044,24.74437],[92.2797,24.74437],[92.27916,24.7453],[92.27918,24.74564],[92.28018,24.74539],[92.28035,24.74579],[92.28045,24.74747],[92.2798,24.74817],[92.28541,24.75464],[92.28694,24.75576],[92.28751,24.75828],[92.28883,24.75851],[92.28886,24.75906],[92.29013,24.75971],[92.29014,24.76066],[92.28574,24.76294],[92.28575,24.76492],[92.28486,24.766],[92.28507,24.76848],[92.28306,24.77081],[92.283,24.77327],[92.2818,24.77532],[92.28295,24.77551],[92.28471,24.77461],[92.28491,24.77652],[92.28642,24.77686],[92.28684,24.77845],[92.28792,24.77919],[92.28771,24.78101],[92.28876,24.78136],[92.28812,24.78196],[92.28892,24.78449],[92.28742,24.78741],[92.28818,24.7873],[92.28854,24.78818],[92.28663,24.78903],[92.28424,24.78897],[92.28108,24.79061],[92.28033,24.79241],[92.27944,24.79324],[92.27993,24.79356],[92.27923,24.79412],[92.27988,24.79556],[92.27889,24.79742],[92.27388,24.79901],[92.27312,24.80019],[92.27362,24.80177],[92.27531,24.80371],[92.27423,24.8065],[92.2762,24.81032],[92.27542,24.81113],[92.27626,24.81204],[92.27385,24.81412],[92.27629,24.81544],[92.27486,24.81873],[92.27404,24.81909],[92.27343,24.82081],[92.27278,24.82132],[92.27305,24.82244],[92.27264,24.82395],[92.27303,24.82461],[92.27265,24.82683],[92.27308,24.82744],[92.26929,24.82983],[92.26056,24.83062],[92.26037,24.83024],[92.253,24.83215],[92.25225,24.8305],[92.25088,24.83055],[92.24908,24.82975],[92.24837,24.8323],[92.25172,24.83421],[92.25024,24.83586],[92.25497,24.83845],[92.2527,24.83827],[92.25127,24.83936],[92.24538,24.83978],[92.24528,24.84028],[92.24251,24.84045],[92.24268,24.84195],[92.24146,24.84202],[92.24169,24.84509],[92.24105,24.84528],[92.24148,24.84984],[92.24078,24.85015],[92.24046,24.85203],[92.23976,24.85261],[92.23981,24.8577],[92.23829,24.85852],[92.23589,24.859],[92.23591,24.86005],[92.23493,24.86139],[92.23585,24.86279],[92.23531,24.86375],[92.23679,24.86522],[92.23821,24.86816],[92.24271,24.86813],[92.24524,24.86695],[92.24627,24.86749],[92.24634,24.86836],[92.24486,24.87125],[92.24555,24.87196],[92.24683,24.87199],[92.24696,24.8743],[92.24648,24.8744],[92.24726,24.87979],[92.24713,24.88489],[92.24809,24.88486],[92.2481,24.88549],[92.24726,24.8857],[92.24723,24.88752],[92.24493,24.88859],[92.24221,24.88885],[92.23944,24.89001],[92.23948,24.89189],[92.23666,24.89195],[92.23566,24.89322],[92.2365,24.89509],[92.23565,24.89635],[92.23611,24.89914],[92.23349,24.89959],[92.23287,24.90015],[92.23561,24.90287],[92.24142,24.90447],[92.24311,24.90549],[92.24514,24.90757],[92.24837,24.90887],[92.25041,24.90886],[92.25912,24.90663],[92.26662,24.90698],[92.27101,24.90505],[92.27404,24.90494],[92.2788,24.90585],[92.2818,24.90581],[92.28337,24.90635],[92.28409,24.90791],[92.28403,24.91],[92.28498,24.91095],[92.29056,24.91385],[92.29669,24.91599],[92.30098,24.91518],[92.30349,24.9136]]]}},{"id":"10","type":"Feature","properties":{"state":"ASSAM","state_lgd":"18","district":"HAILAKANDI","district_lgd":"318"},"geometry":{"type":"Polygon","coordinates":[[[92.60324,24.872],[92.60522,24.86609],[92.60748,24.86383],[92.61263,24.86083],[92.62175,24.85829],[92.63459,24.85972],[92.63595,24.85952],[92.64161,24.8572],[92.64628,24.85287],[92.64722,24.85131],[92.64672,24.85007],[92.64393,24.84984],[92.64072,24.85105],[92.63913,24.85243],[92.63407,24.85498],[92.63042,24.85585],[92.62932,24.85498],[92.62952,24.8503],[92.6311,24.84637],[92.63676,24.83986],[92.63554,24.83707],[92.63428,24.83569],[92.63299,24.83128],[92.63567,24.83],[92.63936,24.83042],[92.6391,24.82844],[92.6374,24.82656],[92.63709,24.82524],[92.63834,24.82193],[92.63988,24.82046],[92.64138,24.82209],[92.64267,24.82223],[92.64547,24.81936],[92.64518,24.81719],[92.64597,24.81528],[92.64718,24.81457],[92.64814,24.81458],[92.65349,24.81718],[92.658,24.81713],[92.66157,24.81479],[92.66318,24.81432],[92.66689,24.81685],[92.6694,24.81668],[92.67154,24.81782],[92.67296,24.81781],[92.67547,24.81717],[92.67629,24.81545],[92.67691,24.81521],[92.67711,24.81633],[92.67757,24.81641],[92.67845,24.81546],[92.67826,24.81401],[92.68379,24.81438],[92.68201,24.81265],[92.68294,24.81107],[92.68277,24.81052],[92.6815,24.81073],[92.68144,24.81027],[92.68295,24.80803],[92.68063,24.80361],[92.68,24.80127],[92.67964,24.80078],[92.6756,24.8011],[92.67451,24.80067],[92.67315,24.7989],[92.673,24.79757],[92.6706,24.79603],[92.66904,24.79272],[92.66929,24.79214],[92.66761,24.78918],[92.66916,24.78773],[92.6676,24.78632],[92.66697,24.78029],[92.66537,24.7797],[92.6636,24.7715],[92.66383,24.7651],[92.66183,24.76266],[92.66069,24.75822],[92.65816,24.75643],[92.65758,24.75473],[92.65584,24.75361],[92.65552,24.74519],[92.65477,24.73968],[92.65665,24.73013],[92.65638,24.72536],[92.65721,24.72308],[92.65673,24.70423],[92.65712,24.70063],[92.6543,24.69617],[92.6528,24.69276],[92.65111,24.69147],[92.65033,24.68911],[92.65075,24.68794],[92.65031,24.6846],[92.65313,24.68055],[92.65581,24.67854],[92.65647,24.6735],[92.66515,24.67362],[92.66553,24.62766],[92.67917,24.62748],[92.68467,24.62571],[92.68723,24.62548],[92.68732,24.62404],[92.69103,24.6229],[92.69578,24.6188],[92.69677,24.61534],[92.69185,24.61497],[92.68905,24.61256],[92.68164,24.61204],[92.67531,24.61095],[92.67376,24.60893],[92.66826,24.60984],[92.66727,24.60959],[92.66733,24.60552],[92.66849,24.60424],[92.66998,24.59988],[92.66726,24.59432],[92.66851,24.58962],[92.66959,24.58823],[92.67525,24.58454],[92.6765,24.58439],[92.67872,24.58506],[92.67923,24.58479],[92.6796,24.58362],[92.6801,24.58376],[92.68137,24.58296],[92.68168,24.58154],[92.68506,24.57969],[92.68934,24.57541],[92.69088,24.57454],[92.69285,24.57369],[92.69504,24.57374],[92.69823,24.57221],[92.70152,24.5715],[92.7007,24.56927],[92.70107,24.56691],[92.70164,24.56611],[92.70285,24.56591],[92.70447,24.56682],[92.7092,24.56688],[92.71026,24.56816],[92.71191,24.56889],[92.71567,24.56794],[92.71645,24.56562],[92.71606,24.56307],[92.71737,24.56189],[92.71843,24.56195],[92.71924,24.56254],[92.72132,24.56488],[92.72297,24.5744],[92.7266,24.57719],[92.72852,24.57964],[92.73118,24.58085],[92.73297,24.58238],[92.73318,24.5852],[92.73246,24.58574],[92.73303,24.58708],[92.73215,24.5885],[92.73535,24.59038],[92.73543,24.58967],[92.73605,24.58974],[92.73588,24.58669],[92.73694,24.58725],[92.73867,24.58688],[92.73929,24.58608],[92.74022,24.58604],[92.73998,24.58536],[92.74152,24.58421],[92.74223,24.58452],[92.74303,24.58416],[92.74354,24.58526],[92.74559,24.58264],[92.74926,24.58196],[92.75136,24.58426],[92.75364,24.58083],[92.75534,24.57943],[92.75896,24.57772],[92.76053,24.57281],[92.76236,24.57118],[92.76178,24.56966],[92.76192,24.56827],[92.76438,24.56705],[92.76684,24.56807],[92.76947,24.57094],[92.77005,24.57086],[92.7722,24.56873],[92.77273,24.5689],[92.77358,24.57057],[92.77479,24.57061],[92.77582,24.57143],[92.77783,24.56992],[92.7802,24.56906],[92.7806,24.56837],[92.77971,24.56571],[92.77354,24.55634],[92.77189,24.55294],[92.77145,24.55176],[92.77194,24.55078],[92.77369,24.5502],[92.76895,24.54444],[92.76824,24.54231],[92.76574,24.53924],[92.76338,24.53404],[92.76065,24.53118],[92.75932,24.5286],[92.75802,24.52414],[92.75726,24.52304],[92.75731,24.52234],[92.75915,24.51989],[92.75937,24.51858],[92.76298,24.52267],[92.76342,24.52114],[92.7628,24.52102],[92.76258,24.52013],[92.76099,24.51843],[92.76119,24.51676],[92.75984,24.51564],[92.75864,24.51331],[92.75765,24.51254],[92.75805,24.51102],[92.75604,24.51126],[92.75613,24.50957],[92.75523,24.50878],[92.75399,24.50867],[92.75332,24.50684],[92.75215,24.50623],[92.75189,24.50401],[92.75422,24.502],[92.74934,24.49498],[92.7503,24.49246],[92.74634,24.4868],[92.74374,24.47829],[92.74033,24.4726],[92.73993,24.46851],[92.73645,24.46295],[92.73146,24.45205],[92.73061,24.44901],[92.7275,24.44642],[92.72612,24.43851],[92.72559,24.43743],[92.7239,24.43623],[92.72171,24.43195],[92.7216,24.43095],[92.72286,24.42914],[92.72286,24.42811],[92.72125,24.42657],[92.72181,24.42547],[92.72158,24.42481],[92.72007,24.4235],[92.71797,24.42015],[92.71811,24.41891],[92.71714,24.41718],[92.71739,24.4156],[92.7168,24.41499],[92.71509,24.41498],[92.71457,24.41316],[92.7129,24.41121],[92.71486,24.41009],[92.71509,24.40954],[92.71367,24.40896],[92.71394,24.40811],[92.71138,24.40722],[92.71186,24.40521],[92.71327,24.40332],[92.71141,24.40093],[92.711,24.39935],[92.70922,24.39735],[92.71005,24.3961],[92.70924,24.39483],[92.70928,24.39337],[92.70647,24.39215],[92.70734,24.38699],[92.70566,24.38438],[92.70472,24.38494],[92.70409,24.38464],[92.70445,24.38259],[92.70322,24.38033],[92.70463,24.37831],[92.70361,24.37545],[92.7019,24.37435],[92.70045,24.375],[92.70007,24.37386],[92.69764,24.3743],[92.6966,24.37301],[92.69702,24.37193],[92.69533,24.36885],[92.69282,24.36847],[92.69274,24.3677],[92.69476,24.36536],[92.69348,24.36535],[92.69398,24.36418],[92.69117,24.36252],[92.69106,24.35945],[92.69151,24.35754],[92.69067,24.35712],[92.68925,24.35524],[92.69001,24.35418],[92.68976,24.3536],[92.6877,24.35204],[92.68376,24.35046],[92.68382,24.34915],[92.68508,24.34796],[92.68484,24.34654],[92.68424,24.34642],[92.68141,24.34776],[92.6791,24.3478],[92.67716,24.35015],[92.67339,24.34964],[92.6716,24.3475],[92.66981,24.34748],[92.66894,24.34609],[92.66793,24.34685],[92.66676,24.34614],[92.6663,24.3463],[92.66562,24.34964],[92.66511,24.3496],[92.66427,24.34606],[92.66316,24.34882],[92.66248,24.34815],[92.66137,24.34816],[92.66016,24.34519],[92.66062,24.34405],[92.65911,24.3446],[92.65768,24.34438],[92.65768,24.34389],[92.65915,24.34283],[92.65911,24.3419],[92.65759,24.34128],[92.65383,24.33662],[92.6527,24.33671],[92.65161,24.33547],[92.65172,24.33105],[92.65093,24.33185],[92.65011,24.3316],[92.64971,24.33068],[92.65019,24.32923],[92.64923,24.3286],[92.6482,24.32878],[92.6468,24.33088],[92.64617,24.33095],[92.64553,24.33036],[92.64611,24.32896],[92.64576,24.32778],[92.64278,24.32836],[92.64142,24.32768],[92.64027,24.32868],[92.63872,24.32842],[92.64009,24.33146],[92.64036,24.33361],[92.63949,24.33356],[92.63722,24.33126],[92.6363,24.33134],[92.63542,24.33356],[92.63674,24.33434],[92.63869,24.33445],[92.63704,24.33497],[92.63569,24.3367],[92.63024,24.33362],[92.62477,24.33408],[92.62375,24.33225],[92.62243,24.33134],[92.62234,24.32811],[92.62352,24.32778],[92.62368,24.32728],[92.62243,24.32672],[92.62313,24.32609],[92.62191,24.32528],[92.62155,24.32371],[92.62159,24.3233],[92.62299,24.32333],[92.62374,24.3228],[92.62361,24.32028],[92.62306,24.31923],[92.62178,24.31886],[92.62167,24.31672],[92.61955,24.31354],[92.61946,24.31128],[92.61875,24.3094],[92.6195,24.30801],[92.6183,24.30745],[92.61919,24.30602],[92.61817,24.30116],[92.61819,24.29818],[92.61622,24.29228],[92.61591,24.28958],[92.61898,24.28817],[92.61971,24.28713],[92.61909,24.28455],[92.61816,24.28406],[92.61835,24.28119],[92.6171,24.28025],[92.61794,24.27894],[92.61721,24.27825],[92.6179,24.27709],[92.6166,24.27507],[92.61599,24.26889],[92.61492,24.26617],[92.61533,24.26457],[92.61441,24.26372],[92.61442,24.26099],[92.61311,24.25865],[92.61416,24.25595],[92.61269,24.25542],[92.6123,24.25347],[92.6084,24.25107],[92.60718,24.24989],[92.60683,24.24867],[92.60605,24.24845],[92.6026,24.24857],[92.60091,24.25015],[92.59571,24.25049],[92.5918,24.24949],[92.59091,24.24872],[92.58903,24.24877],[92.58755,24.24971],[92.58287,24.25047],[92.58042,24.24976],[92.57213,24.25188],[92.56261,24.2512],[92.56005,24.24899],[92.55782,24.24835],[92.55595,24.24681],[92.5528,24.24744],[92.5509,24.24722],[92.54856,24.2397],[92.54705,24.23645],[92.54687,24.23297],[92.54848,24.23186],[92.54675,24.22991],[92.54706,24.22454],[92.54774,24.22313],[92.54681,24.22165],[92.54712,24.22016],[92.54582,24.21882],[92.54592,24.21691],[92.5436,24.21581],[92.5423,24.21344],[92.54228,24.21241],[92.54326,24.2119],[92.54326,24.21147],[92.54096,24.21024],[92.54108,24.20876],[92.54201,24.20752],[92.54153,24.20551],[92.54045,24.20438],[92.54048,24.20358],[92.5393,24.20245],[92.53703,24.20177],[92.53669,24.20126],[92.53695,24.19993],[92.53808,24.19856],[92.53784,24.19677],[92.53464,24.19367],[92.53384,24.19017],[92.53111,24.18511],[92.53421,24.18015],[92.53252,24.17895],[92.53001,24.17865],[92.52893,24.17808],[92.52871,24.17736],[92.53042,24.17702],[92.53017,24.17632],[92.52404,24.17144],[92.52274,24.17285],[92.52003,24.17331],[92.51934,24.1739],[92.51647,24.17728],[92.51604,24.179],[92.51552,24.17886],[92.51346,24.17585],[92.50997,24.17246],[92.51211,24.17048],[92.51468,24.17072],[92.51441,24.16946],[92.51324,24.16902],[92.51152,24.16913],[92.50917,24.17058],[92.50691,24.16988],[92.50741,24.16858],[92.50876,24.16737],[92.51151,24.16633],[92.51141,24.16541],[92.51004,24.1646],[92.50753,24.16706],[92.5055,24.16788],[92.50327,24.16777],[92.50299,24.16723],[92.50347,24.16655],[92.50618,24.16413],[92.50568,24.16331],[92.50335,24.16343],[92.50325,24.16228],[92.50151,24.16039],[92.49808,24.16085],[92.49421,24.16018],[92.49193,24.16085],[92.49039,24.16279],[92.48667,24.16206],[92.48456,24.16324],[92.48392,24.16317],[92.48241,24.16061],[92.48351,24.15888],[92.48342,24.15826],[92.48056,24.1575],[92.47943,24.15661],[92.47979,24.156],[92.48113,24.15637],[92.48184,24.15597],[92.48064,24.15434],[92.4807,24.15003],[92.47984,24.14899],[92.47705,24.1474],[92.48061,24.14541],[92.48036,24.14447],[92.47858,24.14413],[92.47896,24.14232],[92.47747,24.14202],[92.47462,24.14364],[92.47426,24.1424],[92.47273,24.14205],[92.47257,24.1399],[92.4704,24.13954],[92.4686,24.14023],[92.4674,24.13871],[92.46547,24.13839],[92.46585,24.13648],[92.46432,24.13623],[92.46327,24.13721],[92.46412,24.13862],[92.4633,24.13884],[92.46212,24.13735],[92.46101,24.13764],[92.45965,24.13959],[92.45961,24.14111],[92.45683,24.14273],[92.45673,24.14436],[92.45429,24.14498],[92.45317,24.14411],[92.45237,24.1442],[92.45058,24.14714],[92.44953,24.1468],[92.45018,24.14437],[92.44912,24.14397],[92.44855,24.14566],[92.44769,24.14625],[92.44732,24.14841],[92.44568,24.14925],[92.44551,24.15051],[92.4444,24.15166],[92.44423,24.15313],[92.4428,24.15446],[92.44211,24.15451],[92.44046,24.15275],[92.43887,24.15293],[92.43813,24.15254],[92.43642,24.15303],[92.43591,24.15527],[92.4363,24.16182],[92.43584,24.16513],[92.43792,24.16951],[92.43708,24.17065],[92.43662,24.17283],[92.43457,24.1739],[92.43401,24.17513],[92.43434,24.17702],[92.43573,24.17929],[92.4343,24.1806],[92.43379,24.18313],[92.43237,24.18448],[92.42949,24.18649],[92.42155,24.1895],[92.41917,24.19194],[92.41915,24.19384],[92.42132,24.20126],[92.42116,24.20186],[92.4195,24.203],[92.41876,24.20469],[92.41943,24.20977],[92.41858,24.21264],[92.42117,24.21811],[92.42082,24.22041],[92.41971,24.22202],[92.41936,24.22613],[92.42254,24.25499],[92.43041,24.2551],[92.43282,24.25586],[92.43559,24.26287],[92.44013,24.27127],[92.44284,24.27442],[92.44612,24.27613],[92.44957,24.28038],[92.45109,24.28431],[92.45138,24.28821],[92.45386,24.28868],[92.45591,24.29018],[92.45653,24.29174],[92.46381,24.30065],[92.46949,24.31154],[92.46932,24.3141],[92.47122,24.31669],[92.47654,24.32639],[92.47677,24.32832],[92.47854,24.33231],[92.47825,24.33346],[92.47971,24.33548],[92.48134,24.34102],[92.48311,24.35151],[92.48285,24.35389],[92.48415,24.35696],[92.48803,24.36237],[92.48883,24.36465],[92.4901,24.36578],[92.4896,24.36745],[92.49053,24.36791],[92.49133,24.3697],[92.49047,24.37085],[92.49123,24.37182],[92.49054,24.37347],[92.49247,24.37517],[92.49303,24.37857],[92.49526,24.38526],[92.495,24.38787],[92.49354,24.39083],[92.49331,24.39275],[92.49371,24.39366],[92.4963,24.39602],[92.49657,24.39767],[92.49798,24.4004],[92.49819,24.40274],[92.50065,24.40525],[92.50199,24.41077],[92.50097,24.41455],[92.50276,24.41886],[92.5025,24.42093],[92.50316,24.4244],[92.50311,24.43021],[92.50599,24.43275],[92.50645,24.43436],[92.50668,24.43876],[92.5058,24.44094],[92.50667,24.44314],[92.50622,24.44462],[92.50653,24.44755],[92.506,24.45071],[92.50901,24.4547],[92.50856,24.45577],[92.50621,24.45662],[92.50832,24.46069],[92.50811,24.46135],[92.50665,24.46241],[92.50783,24.46726],[92.50717,24.47224],[92.51003,24.48001],[92.51038,24.48274],[92.50997,24.48428],[92.50723,24.48712],[92.50649,24.48929],[92.50695,24.49469],[92.50891,24.49715],[92.50828,24.50071],[92.50875,24.50356],[92.50695,24.50787],[92.50755,24.51222],[92.50699,24.51533],[92.50732,24.51955],[92.50921,24.52061],[92.50995,24.52236],[92.50996,24.52493],[92.50834,24.52879],[92.50694,24.52915],[92.50733,24.53226],[92.50558,24.53481],[92.50679,24.53626],[92.50903,24.53733],[92.51038,24.53876],[92.51058,24.54043],[92.50931,24.54087],[92.50913,24.54152],[92.51071,24.54447],[92.51173,24.54536],[92.5122,24.54712],[92.51325,24.54804],[92.51397,24.55576],[92.51445,24.55664],[92.51648,24.55728],[92.51677,24.55781],[92.51676,24.56053],[92.51497,24.56277],[92.51426,24.56566],[92.51602,24.56831],[92.51587,24.57076],[92.51727,24.57403],[92.51681,24.57494],[92.51692,24.5764],[92.51252,24.58101],[92.51071,24.58142],[92.50868,24.58301],[92.50861,24.58344],[92.51028,24.58436],[92.50934,24.58571],[92.509,24.58734],[92.50557,24.58799],[92.50494,24.58846],[92.50464,24.58962],[92.50508,24.59334],[92.50347,24.59805],[92.50372,24.59996],[92.50281,24.60093],[92.50345,24.60278],[92.50309,24.60491],[92.50432,24.6052],[92.50544,24.60314],[92.5073,24.60255],[92.50956,24.6036],[92.5094,24.60554],[92.50778,24.60789],[92.5068,24.61182],[92.50742,24.61251],[92.50721,24.61375],[92.50786,24.61612],[92.5074,24.61692],[92.50798,24.61844],[92.50648,24.62621],[92.50781,24.62849],[92.50676,24.62894],[92.50418,24.62784],[92.5037,24.62876],[92.50295,24.62892],[92.50162,24.63038],[92.504,24.63089],[92.50398,24.6349],[92.50473,24.63549],[92.50672,24.63586],[92.50595,24.6378],[92.50458,24.6388],[92.50527,24.64163],[92.50449,24.64244],[92.50401,24.6443],[92.50442,24.64554],[92.50408,24.64662],[92.50432,24.64882],[92.50674,24.64948],[92.50719,24.65022],[92.50587,24.65034],[92.50471,24.65254],[92.50396,24.65266],[92.50364,24.65324],[92.50388,24.65869],[92.5049,24.65913],[92.50642,24.66402],[92.50429,24.66565],[92.50203,24.66585],[92.50169,24.66693],[92.49893,24.66847],[92.49923,24.67016],[92.49702,24.67294],[92.4948,24.672],[92.49378,24.67309],[92.49345,24.6746],[92.49477,24.67541],[92.49474,24.67629],[92.4953,24.67659],[92.49372,24.67725],[92.49391,24.68024],[92.49581,24.6828],[92.49399,24.68274],[92.49371,24.68332],[92.49437,24.68498],[92.49578,24.68614],[92.49796,24.68673],[92.49835,24.68761],[92.49592,24.68902],[92.50008,24.69191],[92.4998,24.69308],[92.50124,24.69594],[92.50323,24.69754],[92.50389,24.69917],[92.50393,24.70106],[92.5048,24.70264],[92.50433,24.70336],[92.50515,24.70625],[92.50769,24.70803],[92.50875,24.71142],[92.5113,24.71301],[92.51159,24.71594],[92.51506,24.71824],[92.51531,24.71944],[92.51845,24.72156],[92.51894,24.72338],[92.51779,24.7234],[92.51781,24.72487],[92.52015,24.72793],[92.5223,24.72955],[92.52271,24.73207],[92.52158,24.73484],[92.52285,24.73711],[92.52138,24.73947],[92.52293,24.74151],[92.52155,24.74399],[92.52494,24.74833],[92.5256,24.75003],[92.52502,24.75179],[92.52745,24.75216],[92.53272,24.75514],[92.53455,24.75487],[92.53598,24.75608],[92.5385,24.75958],[92.54105,24.76051],[92.5419,24.76208],[92.54305,24.76269],[92.54519,24.76564],[92.54529,24.76911],[92.54235,24.77151],[92.54306,24.77333],[92.54149,24.77445],[92.54019,24.77689],[92.54158,24.77892],[92.5444,24.7811],[92.54309,24.78387],[92.54106,24.78631],[92.54057,24.788],[92.54284,24.79294],[92.54209,24.79823],[92.54591,24.80071],[92.5451,24.80301],[92.54606,24.80377],[92.54425,24.80479],[92.5447,24.80763],[92.5462,24.80805],[92.54667,24.8101],[92.54811,24.81131],[92.54968,24.81042],[92.55138,24.81189],[92.55502,24.81871],[92.55866,24.82315],[92.56032,24.82083],[92.56327,24.82189],[92.56642,24.82417],[92.56726,24.82508],[92.56489,24.82656],[92.56758,24.83061],[92.56982,24.83197],[92.57038,24.83359],[92.57208,24.83441],[92.57319,24.83669],[92.57449,24.83711],[92.57761,24.84025],[92.57893,24.84034],[92.58106,24.84306],[92.58295,24.84454],[92.58213,24.84617],[92.58297,24.8483],[92.58278,24.85115],[92.58402,24.85584],[92.58629,24.86127],[92.58512,24.86577],[92.58235,24.86756],[92.58258,24.86889],[92.58205,24.87075],[92.5825,24.87201],[92.58086,24.8725],[92.57981,24.87368],[92.58008,24.87546],[92.59132,24.87754],[92.59485,24.87937],[92.59621,24.87944],[92.59867,24.87833],[92.60069,24.87636],[92.60324,24.872]]]}},{"id":"11","type":"Feature","properties":{"state":"ASSAM","state_lgd":"18","district":"WEST KARBI ANAGLONG","district_lgd":"752"},"geometry":{"type":"Polygon","coordinates":[[[92.52281,26.15156],[92.52409,26.15267],[92.52599,26.15315],[92.52668,26.15177],[92.52834,26.1517],[92.52889,26.15088],[92.52713,26.14809],[92.52644,26.14423],[92.52662,26.14061],[92.52264,26.13268],[92.51916,26.11917],[92.51763,26.11602],[92.5179,26.11475],[92.51929,26.1126],[92.51892,26.10451],[92.51966,26.10243],[92.52245,26.10232],[92.52657,26.09855],[92.52915,26.1015],[92.53069,26.1014],[92.5305,26.09942],[92.53167,26.09913],[92.53317,26.0961],[92.53638,26.09646],[92.53704,26.09698],[92.53759,26.09921],[92.53843,26.10029],[92.54304,26.10414],[92.54489,26.10882],[92.54767,26.11074],[92.55242,26.11284],[92.56303,26.11573],[92.57053,26.11668],[92.57245,26.11584],[92.57352,26.11462],[92.57701,26.10776],[92.57717,26.10548],[92.57441,26.09829],[92.57461,26.09485],[92.57664,26.09261],[92.58247,26.08847],[92.59471,26.08179],[92.59568,26.08076],[92.59633,26.0738],[92.59602,26.07093],[92.59403,26.068],[92.58887,26.06262],[92.58419,26.05294],[92.58323,26.04325],[92.57967,26.03549],[92.5795,26.03328],[92.58007,26.03083],[92.58151,26.02935],[92.59073,26.0276],[92.5932,26.0231],[92.59443,26.02361],[92.59379,26.02148],[92.58543,26.0197],[92.57949,26.01709],[92.57099,26.01443],[92.56867,26.01325],[92.56623,26.01072],[92.56616,26.00751],[92.56731,26.00427],[92.56714,26.00191],[92.5631,25.9989],[92.55897,25.99339],[92.55201,25.98233],[92.55097,25.97899],[92.54966,25.97766],[92.54586,25.97156],[92.55132,25.96605],[92.55369,25.9653],[92.5604,25.96504],[92.565,25.96194],[92.56609,25.96166],[92.57501,25.96629],[92.5772,25.96646],[92.58,25.96603],[92.58627,25.96378],[92.58803,25.96377],[92.58923,25.96465],[92.59267,25.97298],[92.5959,25.97802],[92.59682,25.97819],[92.59898,25.97622],[92.60075,25.97586],[92.60205,25.97606],[92.60615,25.97848],[92.60858,25.97844],[92.6112,25.97757],[92.61223,25.97811],[92.61331,25.97959],[92.61533,25.98401],[92.62066,25.98417],[92.62607,25.98728],[92.63106,25.98855],[92.63352,25.99017],[92.63398,25.9909],[92.63402,25.99387],[92.63693,25.99583],[92.63607,25.99787],[92.63629,25.99833],[92.63684,25.99848],[92.63873,25.99758],[92.64378,25.99978],[92.64807,25.99911],[92.65476,25.99969],[92.6561,26.00102],[92.65742,26.00798],[92.65683,26.01027],[92.65466,26.01326],[92.65478,26.0146],[92.65628,26.01695],[92.65597,26.018],[92.65444,26.01894],[92.65447,26.01967],[92.65524,26.02077],[92.65715,26.02079],[92.66218,26.02201],[92.66364,26.02318],[92.66557,26.02383],[92.66499,26.02509],[92.66592,26.02767],[92.66694,26.02845],[92.66905,26.02822],[92.6707,26.02881],[92.6717,26.02575],[92.67272,26.02493],[92.67462,26.02492],[92.67533,26.02567],[92.67613,26.02553],[92.67639,26.02684],[92.67728,26.02596],[92.67819,26.02714],[92.67823,26.02524],[92.67889,26.02424],[92.6807,26.02662],[92.68275,26.0269],[92.68367,26.02771],[92.68544,26.02627],[92.68733,26.02614],[92.68663,26.02448],[92.6887,26.02408],[92.69008,26.02129],[92.6909,26.02118],[92.69158,26.02263],[92.69224,26.02275],[92.69336,26.02089],[92.69399,26.02073],[92.69449,26.02269],[92.69493,26.02281],[92.69661,26.02112],[92.69887,26.01994],[92.6994,26.02013],[92.69962,26.02116],[92.7016,26.02022],[92.70378,26.02187],[92.70488,26.0209],[92.70596,26.02074],[92.70615,26.01947],[92.70806,26.02028],[92.70962,26.01759],[92.71103,26.01776],[92.71077,26.01933],[92.71253,26.01808],[92.71331,26.01806],[92.71349,26.0186],[92.71244,26.01982],[92.71246,26.02171],[92.713,26.02209],[92.71462,26.02201],[92.71484,26.02289],[92.71352,26.0232],[92.71255,26.02593],[92.71159,26.02555],[92.71135,26.02598],[92.7138,26.02697],[92.71419,26.02848],[92.71526,26.02968],[92.71649,26.02977],[92.71515,26.03159],[92.71509,26.0328],[92.71587,26.03405],[92.71575,26.0352],[92.71681,26.03619],[92.71641,26.03647],[92.71332,26.03612],[92.71225,26.03777],[92.71102,26.03675],[92.71006,26.03702],[92.71017,26.0378],[92.7113,26.03834],[92.71049,26.03978],[92.71177,26.03981],[92.71201,26.0402],[92.71142,26.04095],[92.71039,26.04123],[92.70887,26.04524],[92.71215,26.04975],[92.71399,26.05353],[92.71627,26.05466],[92.71735,26.0583],[92.74123,26.06131],[92.74789,26.06163],[92.74796,26.06112],[92.74688,26.06033],[92.74693,26.05935],[92.74845,26.05826],[92.75336,26.05677],[92.75465,26.0547],[92.75496,26.05235],[92.7539,26.04945],[92.74913,26.04536],[92.74587,26.04095],[92.74589,26.03852],[92.74666,26.03796],[92.74858,26.03876],[92.75246,26.03886],[92.75562,26.03786],[92.76006,26.03278],[92.76427,26.03014],[92.76529,26.02843],[92.76524,26.02751],[92.76457,26.02676],[92.75988,26.02335],[92.75797,26.02132],[92.75753,26.01831],[92.75869,26.01463],[92.75995,26.01364],[92.76096,26.01363],[92.7661,26.01691],[92.76865,26.01766],[92.77258,26.01764],[92.77654,26.01637],[92.77961,26.01428],[92.78169,26.01207],[92.78262,26.00993],[92.78232,26.00708],[92.77972,26.00545],[92.77748,26.0053],[92.76981,26.00675],[92.76264,26.00699],[92.75953,26.00557],[92.75709,26.00271],[92.75705,26.00096],[92.75836,25.99966],[92.75992,25.99909],[92.76741,25.99842],[92.77285,26.00031],[92.77532,26.00037],[92.77763,25.99939],[92.77844,25.99836],[92.77913,25.99594],[92.77869,25.99421],[92.77762,25.99378],[92.76756,25.99565],[92.76495,25.99545],[92.76048,25.99289],[92.75909,25.99108],[92.75919,25.98832],[92.76094,25.98726],[92.76229,25.9881],[92.76522,25.99174],[92.76613,25.99203],[92.76819,25.99176],[92.77048,25.98978],[92.77028,25.9883],[92.76318,25.98527],[92.76212,25.98414],[92.76245,25.98188],[92.76764,25.97911],[92.76938,25.97657],[92.76959,25.97515],[92.76835,25.97268],[92.76356,25.96965],[92.76183,25.96705],[92.76147,25.9653],[92.76197,25.96202],[92.76604,25.95674],[92.77406,25.94882],[92.77547,25.94819],[92.77655,25.94814],[92.77844,25.94908],[92.78076,25.95175],[92.78325,25.95571],[92.78992,25.9601],[92.79327,25.96417],[92.79474,25.96473],[92.79804,25.96423],[92.80604,25.95823],[92.80715,25.95648],[92.80738,25.95515],[92.80735,25.95436],[92.80637,25.95332],[92.80551,25.95335],[92.79925,25.95788],[92.79662,25.95831],[92.79414,25.957],[92.79317,25.95523],[92.79313,25.95318],[92.79556,25.94799],[92.79571,25.94469],[92.79467,25.94282],[92.79027,25.93951],[92.78983,25.93862],[92.79103,25.93556],[92.79496,25.93269],[92.79768,25.92977],[92.79842,25.92267],[92.79914,25.92056],[92.80049,25.91864],[92.80198,25.91768],[92.80435,25.91784],[92.80937,25.92226],[92.8123,25.92395],[92.81401,25.92449],[92.81699,25.92434],[92.82173,25.92316],[92.82593,25.91971],[92.82998,25.91495],[92.83359,25.91358],[92.83493,25.91404],[92.8388,25.9178],[92.84255,25.9189],[92.8455,25.92064],[92.85044,25.92524],[92.85243,25.92576],[92.85489,25.92466],[92.85629,25.92186],[92.85622,25.91979],[92.8556,25.91873],[92.85167,25.91537],[92.84761,25.91002],[92.84693,25.90663],[92.84747,25.90423],[92.84883,25.89971],[92.85517,25.89101],[92.85798,25.88424],[92.8596,25.88237],[92.86555,25.87823],[92.86583,25.87695],[92.86485,25.87315],[92.86515,25.87085],[92.86689,25.86896],[92.86946,25.86801],[92.87866,25.86709],[92.88359,25.86885],[92.88593,25.86895],[92.887,25.86846],[92.88769,25.86602],[92.88981,25.8653],[92.90705,25.86676],[92.982,25.87555],[92.99841,25.85017],[93.01316,25.83971],[93.02527,25.81686],[93.02818,25.81298],[93.03218,25.81003],[93.05095,25.79061],[93.05266,25.78968],[93.06697,25.78512],[93.07539,25.78291],[93.07376,25.77919],[93.07029,25.77874],[93.0675,25.77649],[93.06421,25.77729],[93.0624,25.7762],[93.06009,25.77309],[93.05837,25.77225],[93.05764,25.77239],[93.05734,25.77299],[93.05825,25.77537],[93.05611,25.77621],[93.05582,25.77733],[93.05646,25.77894],[93.05915,25.77929],[93.05845,25.78101],[93.05518,25.78104],[93.05385,25.77916],[93.05207,25.77871],[93.0517,25.78066],[93.05334,25.78352],[93.0529,25.78464],[93.03509,25.79543],[93.033,25.7958],[93.02898,25.7943],[93.02507,25.79425],[93.02166,25.79671],[93.01991,25.80053],[93.01863,25.80129],[93.01659,25.8001],[93.01263,25.79098],[93.0116,25.78959],[93.00597,25.78649],[93.00324,25.78651],[93.00194,25.78809],[92.99943,25.79384],[92.99935,25.80039],[92.99823,25.80769],[92.99996,25.81257],[93.00327,25.81762],[93.00669,25.82484],[93.00667,25.82627],[93.00601,25.82673],[93.0,25.82529],[92.99695,25.82553],[92.99543,25.82516],[92.9898,25.8224],[92.98855,25.82108],[92.98601,25.8137],[92.98435,25.81162],[92.98088,25.8087],[92.98125,25.80682],[92.98256,25.80506],[92.9836,25.80429],[92.98606,25.80388],[92.9869,25.80301],[92.98753,25.80091],[92.98767,25.79406],[92.98567,25.78238],[92.98465,25.78089],[92.98326,25.78029],[92.98076,25.78025],[92.97962,25.78117],[92.97949,25.782],[92.98198,25.78914],[92.98135,25.79021],[92.98037,25.79052],[92.97919,25.78998],[92.97707,25.78741],[92.97425,25.7851],[92.97037,25.78252],[92.96851,25.78174],[92.96736,25.7819],[92.96741,25.78349],[92.96972,25.7898],[92.9697,25.79124],[92.9607,25.79696],[92.95896,25.79853],[92.9564,25.80347],[92.95634,25.8046],[92.957,25.80598],[92.95997,25.80975],[92.96704,25.81499],[92.96736,25.8164],[92.96622,25.81772],[92.96416,25.81807],[92.96182,25.8169],[92.9559,25.8085],[92.95361,25.80827],[92.94942,25.80882],[92.9478,25.80828],[92.94698,25.80746],[92.94598,25.80505],[92.94403,25.80322],[92.94282,25.80302],[92.93302,25.80654],[92.92863,25.80678],[92.92873,25.80595],[92.93164,25.80323],[92.93267,25.80083],[92.93231,25.79915],[92.92845,25.7941],[92.92756,25.78947],[92.92754,25.78683],[92.92819,25.78389],[92.92789,25.78065],[92.92636,25.77545],[92.92432,25.77326],[92.91245,25.76755],[92.89993,25.76327],[92.88361,25.75659],[92.87414,25.75428],[92.86809,25.75338],[92.85319,25.75244],[92.84311,25.75115],[92.83914,25.74821],[92.82942,25.74238],[92.82594,25.7421],[92.82383,25.74126],[92.82162,25.74168],[92.82061,25.74115],[92.82216,25.72556],[92.82116,25.71697],[92.81761,25.7111],[92.81474,25.70913],[92.81406,25.70339],[92.81342,25.70194],[92.81061,25.70063],[92.80594,25.70054],[92.8016,25.69818],[92.80093,25.69691],[92.80049,25.69188],[92.79871,25.68979],[92.7885,25.6846],[92.78503,25.68201],[92.77875,25.68026],[92.77641,25.67799],[92.77447,25.67399],[92.77453,25.6721],[92.78158,25.66604],[92.78616,25.66378],[92.78911,25.66128],[92.78957,25.66048],[92.78929,25.65873],[92.78702,25.6533],[92.78316,25.64649],[92.78241,25.64594],[92.77951,25.64568],[92.77812,25.6445],[92.77567,25.64099],[92.77158,25.63967],[92.7689,25.63653],[92.76625,25.63236],[92.7647,25.63156],[92.76105,25.631],[92.75863,25.62918],[92.75802,25.62742],[92.75854,25.62564],[92.76248,25.62154],[92.76817,25.61988],[92.76869,25.61807],[92.76766,25.61685],[92.76405,25.61439],[92.75817,25.6161],[92.75616,25.61595],[92.75436,25.61508],[92.75247,25.61308],[92.75162,25.61076],[92.74969,25.60897],[92.74935,25.6066],[92.75046,25.6041],[92.75053,25.60275],[92.74948,25.59913],[92.74497,25.59793],[92.74112,25.59431],[92.73903,25.59325],[92.72991,25.59191],[92.72259,25.58905],[92.72004,25.58859],[92.71773,25.5889],[92.71531,25.59026],[92.71444,25.59195],[92.71402,25.59768],[92.71297,25.59881],[92.70963,25.59961],[92.70314,25.59933],[92.69822,25.59972],[92.69665,25.59937],[92.69277,25.59678],[92.69131,25.59474],[92.68832,25.59333],[92.68433,25.59031],[92.67992,25.58501],[92.67861,25.58243],[92.67871,25.5808],[92.67921,25.58019],[92.68175,25.57989],[92.68287,25.57927],[92.68326,25.57752],[92.68268,25.57668],[92.68073,25.57568],[92.66504,25.57263],[92.66126,25.5725],[92.65867,25.57345],[92.65831,25.57406],[92.65865,25.57813],[92.65742,25.58133],[92.65598,25.58334],[92.65334,25.59083],[92.65158,25.59193],[92.64922,25.59244],[92.64164,25.58875],[92.64053,25.58714],[92.63572,25.58325],[92.633,25.5797],[92.63002,25.57183],[92.62671,25.56991],[92.623,25.56623],[92.62141,25.5652],[92.61316,25.56322],[92.60891,25.56247],[92.60188,25.56229],[92.60138,25.56126],[92.60155,25.55767],[92.59998,25.55504],[92.598,25.5542],[92.59729,25.5531],[92.59624,25.55293],[92.59482,25.55159],[92.58996,25.5526],[92.5883,25.55233],[92.58504,25.55049],[92.58407,25.55045],[92.58394,25.5531],[92.58236,25.55763],[92.57918,25.55744],[92.57542,25.55851],[92.57368,25.55731],[92.57249,25.55735],[92.57018,25.55975],[92.56767,25.56058],[92.56361,25.56618],[92.56142,25.56793],[92.55788,25.56976],[92.55673,25.57096],[92.55714,25.57492],[92.55622,25.57665],[92.55877,25.58012],[92.55494,25.58457],[92.55432,25.5883],[92.55544,25.59302],[92.55467,25.59533],[92.55624,25.59589],[92.55659,25.59648],[92.55475,25.59749],[92.55332,25.59739],[92.55439,25.59957],[92.55274,25.60064],[92.55217,25.60254],[92.55307,25.60287],[92.55512,25.60149],[92.55548,25.60178],[92.55564,25.61028],[92.55673,25.61141],[92.55565,25.61172],[92.5541,25.61303],[92.55417,25.6148],[92.55266,25.61489],[92.54941,25.6135],[92.54271,25.61292],[92.5424,25.612],[92.53922,25.61158],[92.53816,25.612],[92.53886,25.61358],[92.53585,25.61315],[92.53338,25.61495],[92.53073,25.61445],[92.52736,25.61545],[92.51643,25.61506],[92.51629,25.61655],[92.51507,25.61834],[92.51261,25.61775],[92.51119,25.61618],[92.50948,25.61559],[92.50563,25.61631],[92.50656,25.62026],[92.50609,25.6214],[92.50379,25.62272],[92.50087,25.62266],[92.4972,25.62439],[92.47026,25.67527],[92.46844,25.67539],[92.46706,25.67667],[92.46535,25.67664],[92.4647,25.67852],[92.46307,25.67966],[92.46336,25.68054],[92.46298,25.68128],[92.45894,25.6826],[92.45722,25.68407],[92.45436,25.68523],[92.45301,25.68556],[92.45031,25.68529],[92.4477,25.68771],[92.44343,25.68905],[92.44144,25.69045],[92.43978,25.69374],[92.43804,25.69486],[92.43865,25.69755],[92.43859,25.7011],[92.43795,25.70246],[92.43813,25.70628],[92.44036,25.70824],[92.44399,25.70736],[92.44623,25.7078],[92.4477,25.70901],[92.44751,25.71091],[92.44644,25.71218],[92.44583,25.71434],[92.44602,25.71575],[92.44475,25.71717],[92.44429,25.7197],[92.44225,25.72041],[92.44074,25.72244],[92.43911,25.72275],[92.43294,25.72696],[92.43151,25.72874],[92.43198,25.73114],[92.43118,25.73218],[92.42604,25.73183],[92.42326,25.73091],[92.42205,25.7299],[92.42059,25.73078],[92.41802,25.72972],[92.41286,25.72966],[92.41165,25.73003],[92.40924,25.73271],[92.40912,25.73375],[92.41157,25.73782],[92.41458,25.73996],[92.41432,25.74146],[92.41294,25.74206],[92.41062,25.7417],[92.40718,25.74187],[92.40697,25.74226],[92.40803,25.74349],[92.40662,25.7446],[92.40361,25.74413],[92.40142,25.74228],[92.39766,25.74045],[92.39399,25.7411],[92.38982,25.74352],[92.38784,25.74415],[92.3866,25.74393],[92.38405,25.74203],[92.38178,25.74204],[92.38137,25.74362],[92.38225,25.74715],[92.3858,25.751],[92.38578,25.75296],[92.38462,25.75488],[92.38325,25.75241],[92.38157,25.75167],[92.38152,25.75092],[92.37847,25.74852],[92.37619,25.75002],[92.37376,25.75041],[92.3727,25.74988],[92.37064,25.7474],[92.36894,25.74729],[92.36513,25.74031],[92.36486,25.73817],[92.36427,25.73735],[92.36209,25.7366],[92.36093,25.73665],[92.35436,25.73989],[92.35324,25.73991],[92.35213,25.73727],[92.3477,25.73255],[92.34591,25.72943],[92.33627,25.72613],[92.33361,25.72439],[92.33129,25.72408],[92.32864,25.72498],[92.32432,25.72496],[92.31731,25.72253],[92.31501,25.72313],[92.31341,25.72505],[92.31208,25.72783],[92.31127,25.7281],[92.30621,25.72533],[92.30413,25.72257],[92.30238,25.72127],[92.3015,25.72078],[92.29712,25.72019],[92.29275,25.71662],[92.28843,25.71696],[92.28561,25.71633],[92.28173,25.71684],[92.28005,25.7157],[92.2776,25.71586],[92.2704,25.71108],[92.26451,25.70923],[92.25485,25.7126],[92.25299,25.71252],[92.25114,25.71082],[92.24751,25.71333],[92.24451,25.71172],[92.23908,25.71095],[92.23521,25.70793],[92.23383,25.70783],[92.23264,25.70939],[92.2323,25.71496],[92.23155,25.7162],[92.22974,25.71691],[92.22439,25.716],[92.22099,25.7134],[92.219,25.70845],[92.21648,25.7046],[92.20925,25.69882],[92.20781,25.69561],[92.20206,25.69334],[92.20039,25.69209],[92.19676,25.68665],[92.19137,25.68563],[92.18807,25.68453],[92.18528,25.68194],[92.17951,25.67785],[92.17748,25.67431],[92.17343,25.67414],[92.17128,25.66826],[92.1702,25.66713],[92.16811,25.66637],[92.16596,25.66634],[92.16384,25.66701],[92.1607,25.66884],[92.15615,25.67218],[92.15733,25.6741],[92.1596,25.67624],[92.16053,25.68412],[92.1568,25.68946],[92.15598,25.69167],[92.15684,25.69582],[92.15465,25.69788],[92.15478,25.70621],[92.15241,25.70861],[92.15083,25.70778],[92.14773,25.70946],[92.1462,25.71214],[92.14489,25.71333],[92.14411,25.71714],[92.14808,25.72547],[92.15046,25.7258],[92.15308,25.72483],[92.1544,25.72527],[92.15922,25.73242],[92.15995,25.73461],[92.16161,25.73693],[92.16281,25.74388],[92.16047,25.74541],[92.15832,25.74859],[92.15582,25.75106],[92.15506,25.75387],[92.15573,25.75779],[92.15328,25.75939],[92.15223,25.76342],[92.15054,25.76399],[92.15128,25.76496],[92.15127,25.76672],[92.15044,25.76767],[92.14953,25.7722],[92.1485,25.77237],[92.1483,25.7728],[92.14832,25.77415],[92.14981,25.77433],[92.15195,25.77549],[92.15297,25.77785],[92.15275,25.77884],[92.15172,25.77965],[92.15025,25.77986],[92.15074,25.78118],[92.15161,25.78149],[92.15154,25.78201],[92.1505,25.7819],[92.14964,25.78295],[92.14681,25.78357],[92.14691,25.78471],[92.14783,25.7854],[92.14861,25.78718],[92.14738,25.7876],[92.14817,25.78955],[92.14929,25.79034],[92.1484,25.79119],[92.14937,25.79144],[92.14915,25.79287],[92.15019,25.79404],[92.14999,25.79605],[92.14934,25.79679],[92.15039,25.79766],[92.14852,25.7998],[92.14915,25.8017],[92.1487,25.80594],[92.1503,25.80797],[92.1506,25.80993],[92.15258,25.81178],[92.1511,25.81664],[92.15249,25.81782],[92.15575,25.81889],[92.15695,25.82158],[92.15831,25.82164],[92.16023,25.81979],[92.16128,25.82059],[92.1608,25.82334],[92.16126,25.82491],[92.16223,25.82606],[92.16235,25.82724],[92.16059,25.83039],[92.16145,25.83183],[92.16359,25.83273],[92.16411,25.83356],[92.16222,25.83481],[92.16202,25.83554],[92.16282,25.83612],[92.16623,25.83529],[92.16803,25.83778],[92.16981,25.83886],[92.17115,25.84094],[92.17196,25.84609],[92.17301,25.84718],[92.17238,25.84917],[92.17261,25.8499],[92.1775,25.8515],[92.1784,25.85497],[92.17759,25.8581],[92.17831,25.85824],[92.17958,25.85761],[92.1801,25.85823],[92.17929,25.85966],[92.17928,25.86152],[92.17749,25.86223],[92.17732,25.86708],[92.1762,25.8682],[92.1761,25.87051],[92.17724,25.87275],[92.18363,25.87688],[92.18755,25.8772],[92.19287,25.88265],[92.19556,25.88459],[92.19901,25.88899],[92.20196,25.89031],[92.20437,25.89081],[92.20693,25.8931],[92.20846,25.89184],[92.20993,25.89334],[92.21498,25.8953],[92.21551,25.89625],[92.2152,25.89897],[92.2157,25.89995],[92.21724,25.90091],[92.22003,25.89997],[92.22085,25.90026],[92.22253,25.90327],[92.22281,25.90639],[92.22556,25.90917],[92.2223,25.91081],[92.21727,25.9115],[92.2154,25.91031],[92.21232,25.9098],[92.20972,25.91037],[92.20605,25.90874],[92.20443,25.90914],[92.20228,25.90633],[92.20105,25.90845],[92.19633,25.90982],[92.19404,25.91167],[92.19415,25.91289],[92.19581,25.91456],[92.19633,25.91575],[92.19597,25.91782],[92.19453,25.91846],[92.19319,25.91672],[92.18947,25.91457],[92.18716,25.91635],[92.18608,25.91663],[92.18173,25.91126],[92.17656,25.91042],[92.17757,25.90885],[92.17666,25.90778],[92.17555,25.90737],[92.17335,25.90758],[92.17226,25.90855],[92.16608,25.90986],[92.16242,25.91116],[92.16051,25.91114],[92.15882,25.91056],[92.15448,25.91121],[92.15471,25.91394],[92.15621,25.91391],[92.15682,25.91463],[92.15817,25.9214],[92.15977,25.9227],[92.16044,25.92503],[92.1602,25.92701],[92.16093,25.92815],[92.15997,25.92915],[92.16034,25.93135],[92.15922,25.93322],[92.16015,25.93532],[92.15838,25.93631],[92.15667,25.93637],[92.15497,25.93865],[92.15252,25.93959],[92.15244,25.94432],[92.15273,25.94507],[92.15463,25.94639],[92.1571,25.94919],[92.1573,25.95263],[92.15844,25.95359],[92.16048,25.95417],[92.16405,25.95781],[92.16388,25.95863],[92.16191,25.95943],[92.16152,25.96025],[92.16213,25.96656],[92.16421,25.97028],[92.16508,25.97117],[92.16752,25.97153],[92.16932,25.97338],[92.17285,25.97341],[92.17554,25.97461],[92.17949,25.97844],[92.18057,25.98435],[92.18139,25.98533],[92.18343,25.98532],[92.18468,25.9858],[92.18846,25.98455],[92.19251,25.98691],[92.19855,25.98822],[92.19872,25.98935],[92.19679,25.99019],[92.19631,25.99085],[92.19715,25.99229],[92.19754,25.99456],[92.19812,25.99484],[92.20012,25.99442],[92.20101,25.99516],[92.20275,25.99782],[92.20366,26.00103],[92.20515,26.00061],[92.20765,25.99797],[92.2092,25.99781],[92.20979,25.99852],[92.2104,26.00334],[92.21194,26.00472],[92.21686,26.005],[92.21833,26.00389],[92.21911,26.00389],[92.22032,26.00569],[92.22265,26.0065],[92.2248,26.00599],[92.22576,26.00745],[92.22775,26.00856],[92.22906,26.00856],[92.23021,26.00788],[92.23191,26.00884],[92.23387,26.00912],[92.23504,26.01223],[92.23896,26.01397],[92.24037,26.01585],[92.24234,26.01583],[92.24314,26.01715],[92.24452,26.01819],[92.24451,26.01939],[92.24285,26.02039],[92.24373,26.02152],[92.24604,26.02295],[92.24858,26.02338],[92.24935,26.0248],[92.25329,26.029],[92.25428,26.02927],[92.25681,26.0287],[92.25924,26.03085],[92.26347,26.03313],[92.26477,26.03481],[92.26508,26.0361],[92.26343,26.03849],[92.2611,26.04052],[92.26108,26.04164],[92.26193,26.04253],[92.26901,26.04282],[92.27003,26.04745],[92.2695,26.04952],[92.26814,26.05143],[92.26357,26.05431],[92.26395,26.05736],[92.26456,26.05837],[92.26648,26.05968],[92.26949,26.06057],[92.27026,26.06336],[92.27103,26.06433],[92.27396,26.06465],[92.27639,26.06731],[92.2809,26.0685],[92.28261,26.06972],[92.28378,26.07099],[92.28467,26.07418],[92.2856,26.07501],[92.28676,26.0774],[92.28798,26.07811],[92.29027,26.07812],[92.29389,26.08072],[92.29447,26.08196],[92.29665,26.08238],[92.29732,26.0807],[92.29856,26.07968],[92.29889,26.07739],[92.3008,26.0777],[92.30441,26.08514],[92.30865,26.08305],[92.31227,26.08217],[92.31304,26.0824],[92.31446,26.0848],[92.32239,26.08524],[92.32341,26.08633],[92.32575,26.08353],[92.3296,26.07725],[92.33072,26.07726],[92.33271,26.07794],[92.33428,26.07781],[92.33884,26.07968],[92.34707,26.08354],[92.34801,26.08526],[92.35448,26.0848],[92.35626,26.08876],[92.35962,26.09161],[92.35986,26.08506],[92.36065,26.08485],[92.3627,26.08203],[92.36271,26.08089],[92.36181,26.07943],[92.36245,26.07765],[92.36289,26.07758],[92.36693,26.08173],[92.36998,26.08321],[92.37491,26.08677],[92.3765,26.0889],[92.37953,26.0913],[92.38212,26.0951],[92.38419,26.10037],[92.39193,26.11047],[92.3938,26.11167],[92.39533,26.11357],[92.4037,26.11295],[92.40727,26.11376],[92.41126,26.11178],[92.41313,26.11559],[92.41498,26.11531],[92.41787,26.11127],[92.42221,26.10968],[92.42514,26.10713],[92.4261,26.10547],[92.4264,26.10038],[92.42736,26.0988],[92.43293,26.0977],[92.43534,26.09796],[92.43708,26.0964],[92.44143,26.0956],[92.44402,26.0982],[92.44942,26.10008],[92.45052,26.10642],[92.45388,26.11562],[92.45936,26.11766],[92.46549,26.11725],[92.46815,26.11799],[92.47131,26.12037],[92.47427,26.12517],[92.47885,26.12896],[92.48181,26.1364],[92.48237,26.13915],[92.48435,26.14279],[92.48599,26.14408],[92.48645,26.14508],[92.48664,26.1495],[92.49712,26.14982],[92.50126,26.14892],[92.50342,26.14691],[92.50632,26.14213],[92.50793,26.14121],[92.50939,26.14161],[92.51087,26.14283],[92.51994,26.1514],[92.51972,26.15215],[92.52017,26.15231],[92.51946,26.15288],[92.51985,26.15338],[92.51931,26.15476],[92.52148,26.1554],[92.52228,26.15516],[92.52239,26.15199],[92.52281,26.15156]]]}},{"id":"12","type":"Feature","properties":{"state":"ASSAM","state_lgd":"18","district":"JORHAT","district_lgd":"312"},"geometry":{"type":"Polygon","coordinates":[[[94.40571,26.93305],[94.40664,26.9343],[94.40691,26.93729],[94.41139,26.94007],[94.415,26.94001],[94.41675,26.94269],[94.41784,26.94329],[94.41891,26.94264],[94.41873,26.94068],[94.41963,26.93997],[94.42047,26.94015],[94.42138,26.94172],[94.42201,26.94188],[94.42498,26.93852],[94.42759,26.93701],[94.42832,26.93714],[94.43084,26.93925],[94.43252,26.93966],[94.43397,26.93882],[94.43608,26.93603],[94.43751,26.93534],[94.43894,26.93563],[94.44132,26.93743],[94.44582,26.93721],[94.44963,26.93928],[94.45401,26.93851],[94.45858,26.94199],[94.45948,26.94223],[94.46262,26.94206],[94.46436,26.94123],[94.46881,26.93425],[94.47076,26.93441],[94.47332,26.93591],[94.47422,26.9355],[94.47412,26.93266],[94.47815,26.92867],[94.47964,26.92431],[94.47875,26.91691],[94.48178,26.91327],[94.48106,26.91189],[94.47852,26.91131],[94.47628,26.9099],[94.48064,26.90743],[94.48198,26.90537],[94.47849,26.89683],[94.47732,26.89557],[94.4746,26.89444],[94.47416,26.89261],[94.47457,26.89181],[94.47765,26.88985],[94.47911,26.88835],[94.47988,26.88699],[94.48039,26.8842],[94.48482,26.88426],[94.48839,26.88058],[94.48965,26.88084],[94.49201,26.88241],[94.49294,26.88207],[94.49329,26.87876],[94.49206,26.87469],[94.49421,26.87209],[94.49451,26.86921],[94.49664,26.86736],[94.49643,26.86635],[94.49435,26.86502],[94.49368,26.86367],[94.49516,26.86046],[94.49449,26.86003],[94.49158,26.86024],[94.49008,26.85972],[94.48847,26.85576],[94.48891,26.85422],[94.49135,26.85185],[94.49105,26.84795],[94.49311,26.84549],[94.49196,26.84372],[94.48995,26.84314],[94.48913,26.84246],[94.48993,26.83948],[94.48868,26.83642],[94.48596,26.83299],[94.48572,26.83125],[94.48772,26.82866],[94.49437,26.82704],[94.49773,26.82482],[94.49945,26.82457],[94.50367,26.82616],[94.50343,26.82314],[94.50395,26.82171],[94.5076,26.82003],[94.50967,26.81794],[94.50937,26.81282],[94.51081,26.81215],[94.51375,26.81336],[94.51536,26.81343],[94.51706,26.81234],[94.51666,26.80732],[94.51687,26.8055],[94.51777,26.80461],[94.51709,26.80335],[94.51769,26.802],[94.51911,26.80259],[94.51979,26.8054],[94.52145,26.80697],[94.5222,26.80658],[94.5224,26.80582],[94.52204,26.80423],[94.52247,26.80273],[94.52479,26.80156],[94.52584,26.79989],[94.52482,26.79822],[94.51752,26.79683],[94.5153,26.79508],[94.51556,26.79403],[94.51623,26.79397],[94.51847,26.79509],[94.51932,26.79484],[94.5196,26.79373],[94.51903,26.79185],[94.51938,26.7906],[94.52101,26.79011],[94.52344,26.79023],[94.52431,26.78961],[94.52425,26.78889],[94.52267,26.7872],[94.52147,26.78478],[94.52045,26.78413],[94.51763,26.78383],[94.51681,26.78331],[94.51642,26.78173],[94.51694,26.77974],[94.51642,26.77842],[94.51277,26.77625],[94.5119,26.775],[94.51165,26.77341],[94.5122,26.772],[94.51286,26.77135],[94.51536,26.77075],[94.52251,26.77036],[94.5232,26.76954],[94.52276,26.76913],[94.51859,26.7677],[94.51789,26.76699],[94.51785,26.76493],[94.51981,26.76479],[94.52142,26.76642],[94.52239,26.76648],[94.5261,26.76482],[94.52688,26.76406],[94.52699,26.76206],[94.52817,26.7607],[94.52874,26.75809],[94.53149,26.75571],[94.53457,26.75458],[94.53661,26.75511],[94.53636,26.75649],[94.53528,26.75756],[94.53604,26.76026],[94.53663,26.76071],[94.53805,26.76047],[94.53957,26.75733],[94.54044,26.75651],[94.54469,26.75559],[94.54582,26.75473],[94.54805,26.75067],[94.54988,26.74849],[94.55097,26.74876],[94.55204,26.75019],[94.55263,26.75316],[94.55651,26.7567],[94.55862,26.75669],[94.56064,26.75308],[94.56393,26.75051],[94.57275,26.75222],[94.57339,26.75124],[94.5721,26.74974],[94.57053,26.74547],[94.5709,26.74293],[94.57193,26.74195],[94.57772,26.73948],[94.57959,26.73823],[94.58049,26.73705],[94.5798,26.73492],[94.58005,26.7344],[94.58311,26.73475],[94.58476,26.73332],[94.58418,26.73221],[94.57994,26.73151],[94.5798,26.73072],[94.58038,26.72969],[94.58259,26.72772],[94.58461,26.7246],[94.59088,26.72524],[94.59238,26.72503],[94.59211,26.72473],[94.59292,26.72325],[94.59119,26.72211],[94.59095,26.72147],[94.59158,26.72002],[94.59416,26.71908],[94.59653,26.71998],[94.59838,26.71855],[94.60153,26.71911],[94.60241,26.71653],[94.60109,26.71455],[94.60176,26.71356],[94.60327,26.71276],[94.60305,26.71158],[94.60207,26.71178],[94.60064,26.7142],[94.59936,26.71418],[94.59869,26.71586],[94.5976,26.7167],[94.59587,26.7167],[94.59355,26.71517],[94.59252,26.70496],[94.59444,26.70226],[94.59387,26.70117],[94.59153,26.70016],[94.59388,26.6972],[94.59219,26.69729],[94.58986,26.69662],[94.58538,26.69829],[94.58246,26.69739],[94.5813,26.69799],[94.57946,26.70035],[94.57732,26.70066],[94.57209,26.69457],[94.56788,26.69292],[94.5664,26.69007],[94.56713,26.68922],[94.56747,26.68748],[94.56829,26.68716],[94.56976,26.68773],[94.57157,26.68664],[94.56904,26.68611],[94.5671,26.68353],[94.56442,26.6846],[94.56273,26.68437],[94.56165,26.6856],[94.55939,26.68643],[94.56243,26.69553],[94.56231,26.69883],[94.56098,26.70056],[94.56235,26.70507],[94.55503,26.70507],[94.5503,26.70172],[94.54858,26.7034],[94.54791,26.70632],[94.54519,26.70523],[94.53926,26.70618],[94.53694,26.70488],[94.53504,26.70221],[94.5336,26.70131],[94.52654,26.69895],[94.52496,26.69743],[94.52421,26.69576],[94.5237,26.69563],[94.52243,26.69718],[94.52205,26.6987],[94.5207,26.69921],[94.52016,26.69809],[94.52081,26.69416],[94.51945,26.69331],[94.51938,26.68874],[94.5177,26.68732],[94.51854,26.6851],[94.51758,26.68193],[94.517,26.68151],[94.5152,26.68173],[94.51329,26.68009],[94.51223,26.68065],[94.51204,26.68278],[94.51038,26.68477],[94.50901,26.68552],[94.50825,26.6853],[94.50831,26.68425],[94.50974,26.68187],[94.50905,26.68023],[94.50514,26.67865],[94.50147,26.67229],[94.49267,26.66589],[94.48908,26.66609],[94.48654,26.66767],[94.48506,26.66785],[94.48099,26.66729],[94.47451,26.66473],[94.47226,26.66455],[94.4701,26.66362],[94.46764,26.66413],[94.46565,26.66299],[94.46199,26.66253],[94.46028,26.66163],[94.45845,26.65354],[94.4541,26.65391],[94.45315,26.65255],[94.45429,26.65045],[94.45759,26.64724],[94.45908,26.64461],[94.4598,26.63685],[94.46549,26.63306],[94.46332,26.63356],[94.46267,26.63253],[94.4619,26.63235],[94.45986,26.63349],[94.4584,26.63325],[94.45793,26.6336],[94.45708,26.63253],[94.45514,26.63184],[94.4536,26.63194],[94.45349,26.6324],[94.45477,26.63325],[94.45515,26.63547],[94.45436,26.63565],[94.45354,26.6342],[94.45273,26.63407],[94.45204,26.63606],[94.45128,26.63629],[94.45117,26.63538],[94.44987,26.63551],[94.44639,26.63104],[94.43865,26.62408],[94.4356,26.62204],[94.42574,26.61715],[94.42307,26.61685],[94.41264,26.61365],[94.40638,26.61245],[94.40427,26.61182],[94.40306,26.61073],[94.40359,26.61052],[94.40374,26.60861],[94.40576,26.60538],[94.40492,26.60335],[94.40332,26.60388],[94.4024,26.60331],[94.40355,26.60085],[94.40171,26.59899],[94.40251,26.59665],[94.4014,26.59294],[94.40402,26.59327],[94.40588,26.59055],[94.40695,26.59181],[94.40805,26.59172],[94.408,26.59034],[94.40667,26.5879],[94.4071,26.58747],[94.40846,26.58822],[94.40928,26.58789],[94.40916,26.58566],[94.41003,26.58377],[94.41193,26.58309],[94.41244,26.58239],[94.4114,26.57966],[94.41357,26.57754],[94.41277,26.57654],[94.40966,26.57681],[94.40965,26.5758],[94.41156,26.57422],[94.41151,26.57225],[94.41083,26.57168],[94.40822,26.57115],[94.40604,26.56766],[94.40646,26.56586],[94.40613,26.56328],[94.40656,26.5626],[94.4079,26.56201],[94.40775,26.56054],[94.40689,26.55936],[94.40478,26.5598],[94.40294,26.55916],[94.40263,26.55865],[94.40306,26.55791],[94.40524,26.55787],[94.40666,26.55684],[94.40518,26.55567],[94.40632,26.55454],[94.40619,26.55395],[94.40411,26.55364],[94.40358,26.55299],[94.40401,26.55227],[94.40584,26.55189],[94.40651,26.54945],[94.40466,26.54891],[94.40326,26.54906],[94.40151,26.55013],[94.40056,26.54991],[94.40069,26.54878],[94.40172,26.54757],[94.40391,26.54788],[94.40468,26.54703],[94.40302,26.54526],[94.40283,26.54272],[94.40237,26.54221],[94.40167,26.5422],[94.40056,26.54392],[94.39974,26.54386],[94.39933,26.5433],[94.39918,26.54219],[94.40168,26.54119],[94.40172,26.54015],[94.40116,26.53989],[94.39901,26.54029],[94.39687,26.53745],[94.39748,26.537],[94.40013,26.53819],[94.40088,26.53771],[94.40072,26.53713],[94.39948,26.53648],[94.39831,26.53432],[94.39589,26.53515],[94.39504,26.5346],[94.39531,26.53212],[94.39769,26.53054],[94.39607,26.52687],[94.39521,26.52614],[94.39336,26.52708],[94.39056,26.52699],[94.38946,26.52788],[94.38718,26.52857],[94.38631,26.53082],[94.38496,26.53122],[94.38449,26.53021],[94.38566,26.52951],[94.38595,26.52859],[94.38523,26.52506],[94.38437,26.52459],[94.38224,26.52617],[94.38111,26.52592],[94.37989,26.52493],[94.379,26.52088],[94.37837,26.52068],[94.37759,26.52202],[94.37626,26.52225],[94.37527,26.52063],[94.37566,26.51829],[94.37341,26.51828],[94.37266,26.5176],[94.37218,26.51632],[94.37245,26.51557],[94.37302,26.51536],[94.37426,26.5158],[94.37674,26.51357],[94.37488,26.5125],[94.37423,26.51067],[94.3723,26.5108],[94.37181,26.51042],[94.37179,26.50983],[94.37368,26.50915],[94.37415,26.5083],[94.37369,26.50648],[94.37142,26.50635],[94.37084,26.50438],[94.36753,26.50304],[94.36452,26.50269],[94.3638,26.50359],[94.36512,26.50472],[94.36519,26.50562],[94.36046,26.50428],[94.35945,26.50661],[94.35881,26.50694],[94.35812,26.50656],[94.35802,26.50497],[94.35643,26.50481],[94.35489,26.50303],[94.35281,26.50386],[94.3513,26.5029],[94.35063,26.50293],[94.35015,26.50326],[94.34987,26.50476],[94.34918,26.50501],[94.34597,26.50357],[94.34565,26.50271],[94.34624,26.50216],[94.34811,26.50311],[94.3497,26.50289],[94.35296,26.49928],[94.34957,26.49626],[94.34947,26.49377],[94.34706,26.49285],[94.34665,26.49207],[94.34729,26.49179],[94.34896,26.49249],[94.35011,26.49243],[94.35283,26.49093],[94.35285,26.49006],[94.35181,26.48985],[94.3507,26.49102],[94.34927,26.4911],[94.34943,26.48927],[94.34686,26.486],[94.34603,26.4863],[94.34526,26.48846],[94.34469,26.48875],[94.34474,26.48638],[94.34386,26.48471],[94.34306,26.48441],[94.34152,26.48587],[94.34081,26.48554],[94.34104,26.4827],[94.33944,26.4805],[94.33631,26.48205],[94.3355,26.48038],[94.33394,26.47933],[94.33331,26.47937],[94.332,26.48058],[94.33041,26.4795],[94.32923,26.47993],[94.32682,26.48232],[94.32552,26.48195],[94.32647,26.47544],[94.3216,26.47566],[94.32028,26.47522],[94.31956,26.47421],[94.32025,26.47306],[94.32257,26.47244],[94.32128,26.47102],[94.32385,26.46551],[94.32214,26.46555],[94.3207,26.46477],[94.31946,26.46549],[94.31844,26.46528],[94.31829,26.4631],[94.3169,26.46082],[94.31662,26.45832],[94.31529,26.45839],[94.31317,26.46031],[94.31155,26.46024],[94.30985,26.46088],[94.30798,26.46253],[94.30744,26.46223],[94.30718,26.46076],[94.30671,26.46079],[94.30578,26.46323],[94.30428,26.46324],[94.30351,26.46416],[94.30223,26.46342],[94.3015,26.46394],[94.29992,26.46365],[94.30011,26.46509],[94.29951,26.46598],[94.29882,26.46615],[94.29928,26.46682],[94.29777,26.46753],[94.29755,26.4683],[94.29624,26.46817],[94.29603,26.47018],[94.29471,26.46929],[94.29442,26.47042],[94.29343,26.4711],[94.29296,26.47347],[94.29324,26.47429],[94.29264,26.47523],[94.29157,26.47522],[94.29225,26.47627],[94.2923,26.47757],[94.28975,26.47971],[94.29047,26.48316],[94.28936,26.48661],[94.29006,26.48877],[94.28887,26.48975],[94.28895,26.4914],[94.28801,26.49268],[94.2883,26.49539],[94.28699,26.49711],[94.28591,26.49763],[94.28504,26.49975],[94.28483,26.5031],[94.28323,26.50497],[94.28338,26.51075],[94.28582,26.51234],[94.28656,26.51522],[94.28605,26.51814],[94.28472,26.51951],[94.28426,26.52171],[94.28176,26.5245],[94.28268,26.52569],[94.28291,26.5294],[94.28142,26.53125],[94.28213,26.53303],[94.28096,26.53506],[94.28173,26.53646],[94.28194,26.54059],[94.28345,26.54197],[94.28614,26.54251],[94.28561,26.5434],[94.28262,26.54553],[94.28127,26.54865],[94.28212,26.55063],[94.2825,26.55444],[94.28329,26.55571],[94.28387,26.55891],[94.28495,26.56015],[94.28479,26.56107],[94.28369,26.56135],[94.27151,26.55155],[94.27064,26.54928],[94.25634,26.54122],[94.25332,26.53279],[94.2517,26.53264],[94.24782,26.52821],[94.24872,26.52497],[94.24665,26.52234],[94.24425,26.51768],[94.23662,26.50614],[94.22824,26.50203],[94.22477,26.4996],[94.22127,26.49813],[94.20751,26.48647],[94.20662,26.48546],[94.20249,26.47278],[94.20266,26.46906],[94.19405,26.46124],[94.18585,26.45895],[94.18327,26.45528],[94.17613,26.43642],[94.17408,26.43226],[94.17173,26.42978],[94.17572,26.42443],[94.17284,26.41995],[94.17191,26.41584],[94.17401,26.40951],[94.17438,26.40661],[94.17319,26.40328],[94.17764,26.38334],[94.17758,26.38201],[94.17336,26.37623],[94.17223,26.37365],[94.17194,26.37249],[94.17411,26.37072],[94.17246,26.36772],[94.17113,26.36275],[94.16016,26.35429],[94.16133,26.34775],[94.1605,26.34757],[94.15872,26.34889],[94.15762,26.34876],[94.15461,26.3496],[94.15034,26.34978],[94.14826,26.34831],[94.14417,26.34935],[94.14279,26.34874],[94.13754,26.34884],[94.13535,26.35062],[94.13356,26.35073],[94.1322,26.35409],[94.1323,26.35693],[94.13185,26.35757],[94.13129,26.35741],[94.13103,26.35979],[94.13038,26.36107],[94.12886,26.36221],[94.1282,26.36663],[94.12556,26.36983],[94.12506,26.37184],[94.12414,26.37212],[94.12424,26.37841],[94.12333,26.37868],[94.12303,26.3812],[94.1211,26.38197],[94.12039,26.38321],[94.11994,26.3873],[94.11872,26.3895],[94.11915,26.39215],[94.11671,26.39643],[94.11651,26.39812],[94.11732,26.39917],[94.11585,26.40351],[94.11632,26.40858],[94.11536,26.41073],[94.11486,26.41427],[94.11545,26.41883],[94.11479,26.42254],[94.11493,26.42571],[94.11667,26.4283],[94.11843,26.42927],[94.12037,26.43285],[94.12172,26.43425],[94.12148,26.43516],[94.12483,26.43852],[94.12561,26.43868],[94.12501,26.44023],[94.12581,26.44295],[94.12548,26.44451],[94.12643,26.44624],[94.1271,26.45017],[94.12518,26.45102],[94.12361,26.45309],[94.12081,26.45439],[94.12059,26.45471],[94.12154,26.45527],[94.1198,26.45679],[94.11853,26.45751],[94.11768,26.45704],[94.11488,26.45798],[94.11498,26.45888],[94.11581,26.45959],[94.11559,26.46011],[94.11075,26.46126],[94.1081,26.4595],[94.10685,26.46085],[94.10345,26.46215],[94.1027,26.46453],[94.10147,26.46637],[94.1013,26.4685],[94.09952,26.47061],[94.10075,26.47721],[94.10075,26.47795],[94.09977,26.47883],[94.09927,26.48041],[94.1,26.48289],[94.09976,26.48335],[94.0983,26.48309],[94.09717,26.48341],[94.09644,26.48546],[94.09743,26.48762],[94.09641,26.49174],[94.0968,26.49271],[94.09859,26.4933],[94.09702,26.49348],[94.09748,26.49458],[94.09642,26.49472],[94.09633,26.49507],[94.09804,26.49559],[94.09858,26.49632],[94.09998,26.49595],[94.09968,26.49667],[94.09844,26.49691],[94.09828,26.49746],[94.0995,26.49766],[94.1013,26.49887],[94.10236,26.5014],[94.10338,26.50224],[94.10313,26.50335],[94.10427,26.50419],[94.10422,26.50474],[94.10492,26.5047],[94.10385,26.50573],[94.10529,26.50658],[94.10559,26.50752],[94.10408,26.50847],[94.10446,26.50941],[94.10326,26.51055],[94.10371,26.51297],[94.10296,26.51438],[94.10371,26.51456],[94.10522,26.5137],[94.10557,26.51671],[94.10646,26.5179],[94.1044,26.52044],[94.10547,26.52113],[94.10561,26.52229],[94.10731,26.52427],[94.10923,26.52488],[94.10909,26.52633],[94.1096,26.52719],[94.1106,26.5263],[94.11088,26.5275],[94.11226,26.52776],[94.11224,26.52811],[94.10979,26.5285],[94.10904,26.53041],[94.11097,26.53274],[94.11014,26.53302],[94.10865,26.53254],[94.10832,26.53297],[94.1085,26.53444],[94.11086,26.53467],[94.11065,26.53584],[94.10964,26.53637],[94.11006,26.53736],[94.11114,26.53795],[94.11193,26.53765],[94.11258,26.53803],[94.11067,26.53923],[94.10985,26.54165],[94.113,26.54318],[94.11437,26.54339],[94.11638,26.54497],[94.11267,26.54524],[94.11209,26.54791],[94.11069,26.54558],[94.10789,26.54631],[94.10751,26.54754],[94.10912,26.54728],[94.10929,26.54858],[94.10581,26.54938],[94.10572,26.54985],[94.10719,26.55098],[94.10945,26.55129],[94.11115,26.55272],[94.11169,26.55242],[94.11206,26.5503],[94.11283,26.55028],[94.11353,26.55106],[94.11472,26.55506],[94.11404,26.55602],[94.11237,26.55571],[94.11021,26.55681],[94.10998,26.55745],[94.11096,26.55909],[94.11063,26.55957],[94.10859,26.55889],[94.10723,26.55984],[94.10844,26.56259],[94.10858,26.56455],[94.10797,26.56578],[94.10711,26.56559],[94.1065,26.56479],[94.10587,26.56496],[94.10699,26.56979],[94.10385,26.57003],[94.10267,26.57065],[94.09895,26.56832],[94.09738,26.56832],[94.09738,26.56902],[94.09966,26.57155],[94.09786,26.57341],[94.10069,26.57433],[94.10112,26.57486],[94.10095,26.57556],[94.09955,26.57682],[94.09565,26.57754],[94.09353,26.57749],[94.09071,26.5806],[94.08935,26.57951],[94.08717,26.58047],[94.08674,26.57968],[94.08879,26.57733],[94.08776,26.57692],[94.08669,26.57771],[94.08466,26.57825],[94.08455,26.57771],[94.08617,26.57553],[94.08606,26.57504],[94.08537,26.57508],[94.08192,26.57736],[94.08049,26.57768],[94.0799,26.57702],[94.07976,26.57523],[94.07803,26.5745],[94.07605,26.57689],[94.07818,26.57844],[94.0798,26.57824],[94.08006,26.57864],[94.07898,26.58073],[94.07744,26.57987],[94.07684,26.58012],[94.07698,26.58117],[94.07819,26.58303],[94.07679,26.58581],[94.0773,26.58603],[94.07808,26.58565],[94.08077,26.58319],[94.08247,26.58497],[94.08113,26.58541],[94.07975,26.58661],[94.07963,26.58895],[94.07892,26.58944],[94.07609,26.58836],[94.07504,26.59053],[94.07314,26.58887],[94.07183,26.58866],[94.07143,26.59024],[94.06994,26.59142],[94.07236,26.59305],[94.07174,26.5939],[94.06935,26.59377],[94.06885,26.59439],[94.06921,26.59501],[94.07094,26.59544],[94.07029,26.59769],[94.07163,26.5996],[94.07236,26.59944],[94.07293,26.59807],[94.0735,26.59803],[94.07512,26.59919],[94.07686,26.60143],[94.07671,26.60232],[94.07497,26.60277],[94.07497,26.60322],[94.0772,26.60425],[94.07972,26.60335],[94.08231,26.60682],[94.08281,26.60698],[94.0839,26.60615],[94.08494,26.60718],[94.08623,26.61051],[94.08522,26.61095],[94.08294,26.6093],[94.08095,26.6112],[94.08055,26.61318],[94.07841,26.61361],[94.07751,26.61464],[94.0804,26.61592],[94.07909,26.61728],[94.07934,26.61783],[94.08043,26.61738],[94.08243,26.61507],[94.08322,26.61603],[94.08195,26.61673],[94.08152,26.61756],[94.08252,26.61911],[94.0839,26.61971],[94.08693,26.61913],[94.08799,26.62007],[94.08628,26.62157],[94.08805,26.62356],[94.08813,26.62423],[94.08529,26.62681],[94.08337,26.62752],[94.08307,26.62835],[94.08552,26.62858],[94.08923,26.62762],[94.09043,26.62898],[94.09372,26.62777],[94.0946,26.62804],[94.09454,26.63019],[94.09587,26.63052],[94.09606,26.63094],[94.09495,26.6321],[94.09502,26.63512],[94.09401,26.63732],[94.09473,26.6378],[94.09739,26.63711],[94.09821,26.63789],[94.09742,26.63847],[94.09417,26.63871],[94.09355,26.6399],[94.09376,26.64035],[94.09484,26.64064],[94.09714,26.6403],[94.09795,26.641],[94.09782,26.64197],[94.09519,26.64636],[94.0931,26.64733],[94.09138,26.64899],[94.09082,26.64877],[94.09068,26.64737],[94.08969,26.64697],[94.08752,26.64728],[94.08578,26.64865],[94.08475,26.65058],[94.08653,26.65362],[94.08635,26.65738],[94.08505,26.65913],[94.08296,26.65954],[94.08236,26.66166],[94.08154,26.66174],[94.07981,26.66066],[94.08041,26.65894],[94.07951,26.65847],[94.07873,26.65933],[94.07829,26.66118],[94.07745,26.6619],[94.07638,26.66205],[94.0738,26.66095],[94.07271,26.66103],[94.07214,26.66238],[94.07334,26.66369],[94.07214,26.66455],[94.07113,26.66383],[94.06955,26.66134],[94.06826,26.66086],[94.06716,26.66221],[94.06696,26.66346],[94.06975,26.66537],[94.06994,26.66638],[94.06947,26.66669],[94.06699,26.6664],[94.06623,26.66827],[94.06571,26.6678],[94.06543,26.66517],[94.06364,26.6638],[94.06189,26.66586],[94.0573,26.66724],[94.0567,26.6661],[94.05875,26.66533],[94.05751,26.66305],[94.05645,26.66303],[94.05577,26.66442],[94.05637,26.66655],[94.05611,26.66727],[94.05389,26.66706],[94.05282,26.66803],[94.05304,26.66905],[94.05419,26.67024],[94.0548,26.67027],[94.05617,26.66868],[94.05673,26.66901],[94.05632,26.67139],[94.05383,26.67173],[94.05229,26.67309],[94.05394,26.67516],[94.05383,26.67914],[94.05304,26.67956],[94.05003,26.67891],[94.04995,26.67826],[94.0515,26.67686],[94.05149,26.67586],[94.04752,26.67454],[94.04503,26.67879],[94.04541,26.6815],[94.04336,26.68113],[94.04355,26.68225],[94.04504,26.6836],[94.04552,26.68346],[94.04593,26.68205],[94.04821,26.68213],[94.04915,26.68285],[94.04928,26.68385],[94.04802,26.6859],[94.04863,26.68796],[94.04795,26.68858],[94.0458,26.68758],[94.04505,26.68874],[94.04409,26.68752],[94.04339,26.6875],[94.04397,26.69055],[94.04632,26.69304],[94.0466,26.69483],[94.04594,26.69533],[94.04404,26.69427],[94.04275,26.694],[94.0422,26.69437],[94.04064,26.69748],[94.04161,26.69784],[94.04289,26.69647],[94.04368,26.69689],[94.0439,26.69775],[94.04267,26.70282],[94.04052,26.70251],[94.04,26.7049],[94.04161,26.70587],[94.04038,26.70934],[94.03963,26.70989],[94.03678,26.7089],[94.0359,26.70983],[94.0361,26.71065],[94.03697,26.71136],[94.03929,26.71145],[94.0414,26.71275],[94.04332,26.71248],[94.04404,26.71323],[94.04389,26.71402],[94.04159,26.71478],[94.04098,26.7154],[94.04203,26.71685],[94.04155,26.72084],[94.04074,26.7216],[94.03854,26.72121],[94.03823,26.72154],[94.03921,26.72254],[94.04305,26.72314],[94.04516,26.72417],[94.046,26.72515],[94.04571,26.72609],[94.04361,26.7269],[94.04572,26.72886],[94.04604,26.72979],[94.04418,26.73032],[94.04276,26.7287],[94.0421,26.72853],[94.041,26.73018],[94.04256,26.7332],[94.04372,26.73357],[94.04397,26.73544],[94.04611,26.73715],[94.04614,26.73866],[94.04238,26.73867],[94.04303,26.73653],[94.04217,26.73621],[94.0404,26.73653],[94.03922,26.73785],[94.03702,26.73862],[94.0391,26.74071],[94.03913,26.74177],[94.03861,26.74239],[94.03507,26.74019],[94.03548,26.73842],[94.03485,26.73764],[94.03319,26.73796],[94.03228,26.74074],[94.02973,26.74258],[94.02922,26.74223],[94.02894,26.74035],[94.02787,26.73955],[94.02387,26.74036],[94.0208,26.73927],[94.02041,26.73975],[94.02077,26.74025],[94.02384,26.7417],[94.02491,26.74306],[94.0245,26.74404],[94.02264,26.74539],[94.02226,26.74657],[94.02028,26.74728],[94.01607,26.74681],[94.01175,26.74719],[94.00469,26.74445],[94.00184,26.74659],[94.00042,26.74676],[94.00075,26.7513],[94.0,26.75873],[93.99831,26.76083],[93.99664,26.76186],[93.99428,26.76705],[93.98606,26.76757],[93.97235,26.76728],[93.97182,26.76877],[93.98354,26.7839],[93.99421,26.80206],[94.00359,26.80663],[94.0436,26.80792],[94.08184,26.82334],[94.09482,26.83223],[94.09834,26.83616],[94.11042,26.8389],[94.11267,26.84037],[94.1217,26.8435],[94.13026,26.84774],[94.13277,26.8485],[94.1406,26.84779],[94.15168,26.84768],[94.15708,26.85083],[94.16473,26.85438],[94.16757,26.85521],[94.17822,26.85472],[94.18432,26.85525],[94.18763,26.85633],[94.19043,26.85785],[94.19613,26.86256],[94.1992,26.86445],[94.20079,26.86489],[94.21051,26.86539],[94.21399,26.86606],[94.21819,26.86734],[94.22742,26.87124],[94.22953,26.87144],[94.23355,26.86526],[94.23546,26.86517],[94.23735,26.86594],[94.24222,26.86642],[94.2442,26.86734],[94.24614,26.86744],[94.2553,26.86633],[94.26238,26.86714],[94.27109,26.8688],[94.28463,26.87327],[94.28797,26.87313],[94.29048,26.87218],[94.2919,26.8721],[94.30017,26.87744],[94.31996,26.87948],[94.32079,26.88043],[94.32042,26.88135],[94.32786,26.8876],[94.33155,26.88805],[94.33516,26.88923],[94.3385,26.89177],[94.3411,26.89009],[94.34866,26.89607],[94.35314,26.90157],[94.36136,26.90963],[94.37123,26.91604],[94.37307,26.91838],[94.37582,26.92068],[94.37759,26.92329],[94.37929,26.92705],[94.38094,26.93271],[94.38352,26.93793],[94.38929,26.94532],[94.39654,26.95294],[94.40571,26.93305]]]}},{"id":"13","type":"Feature","properties":{"state":"ASSAM","state_lgd":"18","district":"GOLAGHAT","district_lgd":"313"},"geometry":{"type":"Polygon","coordinates":[[[93.82118,26.7873],[93.84965,26.762],[93.87816,26.74913],[93.89658,26.7419],[93.91026,26.74285],[93.93542,26.74696],[93.95959,26.753],[93.97182,26.76877],[93.97235,26.76728],[93.98606,26.76757],[93.99428,26.76705],[93.99664,26.76186],[93.99831,26.76083],[94.0,26.75873],[94.00075,26.7513],[94.00042,26.74676],[94.00184,26.74659],[94.00469,26.74445],[94.01175,26.74719],[94.01607,26.74681],[94.02028,26.74728],[94.02226,26.74657],[94.02264,26.74539],[94.0245,26.74404],[94.02491,26.74306],[94.02384,26.7417],[94.02077,26.74025],[94.02041,26.73975],[94.0208,26.73927],[94.02387,26.74036],[94.02787,26.73955],[94.02894,26.74035],[94.02922,26.74223],[94.02973,26.74258],[94.03228,26.74074],[94.03319,26.73796],[94.03485,26.73764],[94.03548,26.73842],[94.03507,26.74019],[94.03861,26.74239],[94.03913,26.74177],[94.0391,26.74071],[94.03702,26.73862],[94.03922,26.73785],[94.0404,26.73653],[94.04217,26.73621],[94.04303,26.73653],[94.04238,26.73867],[94.04614,26.73866],[94.04611,26.73715],[94.04397,26.73544],[94.04372,26.73357],[94.04256,26.7332],[94.041,26.73018],[94.0421,26.72853],[94.04276,26.7287],[94.04418,26.73032],[94.04604,26.72979],[94.04572,26.72886],[94.04361,26.7269],[94.04571,26.72609],[94.046,26.72515],[94.04516,26.72417],[94.04305,26.72314],[94.03921,26.72254],[94.03823,26.72154],[94.03854,26.72121],[94.04074,26.7216],[94.04155,26.72084],[94.04203,26.71685],[94.04098,26.7154],[94.04159,26.71478],[94.04389,26.71402],[94.04404,26.71323],[94.04332,26.71248],[94.0414,26.71275],[94.03929,26.71145],[94.03697,26.71136],[94.0361,26.71065],[94.0359,26.70983],[94.03678,26.7089],[94.03963,26.70989],[94.04038,26.70934],[94.04161,26.70587],[94.04,26.7049],[94.04052,26.70251],[94.04267,26.70282],[94.0439,26.69775],[94.04368,26.69689],[94.04289,26.69647],[94.04161,26.69784],[94.04064,26.69748],[94.0422,26.69437],[94.04275,26.694],[94.04404,26.69427],[94.04594,26.69533],[94.0466,26.69483],[94.04632,26.69304],[94.04397,26.69055],[94.04339,26.6875],[94.04409,26.68752],[94.04505,26.68874],[94.0458,26.68758],[94.04795,26.68858],[94.04863,26.68796],[94.04802,26.6859],[94.04928,26.68385],[94.04915,26.68285],[94.04821,26.68213],[94.04593,26.68205],[94.04552,26.68346],[94.04504,26.6836],[94.04355,26.68225],[94.04336,26.68113],[94.04541,26.6815],[94.04503,26.67879],[94.04752,26.67454],[94.05149,26.67586],[94.0515,26.67686],[94.04995,26.67826],[94.05003,26.67891],[94.05304,26.67956],[94.05383,26.67914],[94.05394,26.67516],[94.05229,26.67309],[94.05383,26.67173],[94.05632,26.67139],[94.05673,26.66901],[94.05617,26.66868],[94.0548,26.67027],[94.05419,26.67024],[94.05304,26.66905],[94.05282,26.66803],[94.05389,26.66706],[94.05611,26.66727],[94.05637,26.66655],[94.05577,26.66442],[94.05645,26.66303],[94.05751,26.66305],[94.05875,26.66533],[94.0567,26.6661],[94.0573,26.66724],[94.06189,26.66586],[94.06364,26.6638],[94.06543,26.66517],[94.06571,26.6678],[94.06623,26.66827],[94.06699,26.6664],[94.06947,26.66669],[94.06994,26.66638],[94.06975,26.66537],[94.06696,26.66346],[94.06716,26.66221],[94.06826,26.66086],[94.06955,26.66134],[94.07113,26.66383],[94.07214,26.66455],[94.07334,26.66369],[94.07214,26.66238],[94.07271,26.66103],[94.0738,26.66095],[94.07638,26.66205],[94.07745,26.6619],[94.07829,26.66118],[94.07873,26.65933],[94.07951,26.65847],[94.08041,26.65894],[94.07981,26.66066],[94.08154,26.66174],[94.08236,26.66166],[94.08296,26.65954],[94.08505,26.65913],[94.08635,26.65738],[94.08653,26.65362],[94.08475,26.65058],[94.08578,26.64865],[94.08752,26.64728],[94.08969,26.64697],[94.09068,26.64737],[94.09082,26.64877],[94.09138,26.64899],[94.0931,26.64733],[94.09519,26.64636],[94.09794,26.64145],[94.09714,26.6403],[94.09484,26.64064],[94.09376,26.64035],[94.09355,26.6399],[94.09417,26.63871],[94.09742,26.63847],[94.09821,26.63789],[94.09739,26.63711],[94.09473,26.6378],[94.09401,26.63732],[94.09502,26.63512],[94.09495,26.6321],[94.09606,26.63094],[94.09587,26.63052],[94.09454,26.63019],[94.0946,26.62804],[94.09372,26.62777],[94.09043,26.62898],[94.08923,26.62762],[94.08552,26.62858],[94.08307,26.62835],[94.08337,26.62752],[94.08529,26.62681],[94.08813,26.62423],[94.08805,26.62356],[94.08628,26.62157],[94.08799,26.62007],[94.08693,26.61913],[94.0839,26.61971],[94.08252,26.61911],[94.08152,26.61756],[94.08195,26.61673],[94.08322,26.61603],[94.08243,26.61507],[94.08043,26.61738],[94.07934,26.61783],[94.07909,26.61728],[94.0804,26.61592],[94.07751,26.61464],[94.07841,26.61361],[94.08055,26.61318],[94.08095,26.6112],[94.08294,26.6093],[94.08522,26.61095],[94.08623,26.61051],[94.08494,26.60718],[94.0839,26.60615],[94.08281,26.60698],[94.08231,26.60682],[94.07972,26.60335],[94.0772,26.60425],[94.07497,26.60322],[94.07497,26.60277],[94.07671,26.60232],[94.07686,26.60143],[94.07512,26.59919],[94.0735,26.59803],[94.07293,26.59807],[94.07236,26.59944],[94.07163,26.5996],[94.07029,26.59769],[94.07094,26.59544],[94.06921,26.59501],[94.06885,26.59439],[94.06935,26.59377],[94.07174,26.5939],[94.07236,26.59305],[94.06994,26.59142],[94.07143,26.59024],[94.07183,26.58866],[94.07314,26.58887],[94.07504,26.59053],[94.07609,26.58836],[94.07892,26.58944],[94.07963,26.58895],[94.07975,26.58661],[94.08113,26.58541],[94.08247,26.58497],[94.08077,26.58319],[94.07808,26.58565],[94.0773,26.58603],[94.07679,26.58581],[94.07819,26.58303],[94.07698,26.58117],[94.07684,26.58012],[94.07744,26.57987],[94.07898,26.58073],[94.08006,26.57864],[94.0798,26.57824],[94.07818,26.57844],[94.07605,26.57689],[94.07803,26.5745],[94.07976,26.57523],[94.0799,26.57702],[94.08049,26.57768],[94.08192,26.57736],[94.08537,26.57508],[94.08606,26.57504],[94.08617,26.57553],[94.08455,26.57771],[94.08466,26.57825],[94.08669,26.57771],[94.08776,26.57692],[94.08879,26.57733],[94.08674,26.57968],[94.08717,26.58047],[94.08935,26.57951],[94.09071,26.5806],[94.09353,26.57749],[94.09565,26.57754],[94.09955,26.57682],[94.10095,26.57556],[94.10112,26.57486],[94.10069,26.57433],[94.09786,26.57341],[94.09966,26.57155],[94.09738,26.56902],[94.09738,26.56832],[94.09895,26.56832],[94.10267,26.57065],[94.10385,26.57003],[94.10699,26.56979],[94.10587,26.56496],[94.1065,26.56479],[94.10711,26.56559],[94.10797,26.56578],[94.10858,26.56455],[94.10844,26.56259],[94.10723,26.55984],[94.10859,26.55889],[94.11063,26.55957],[94.11096,26.55909],[94.10998,26.55745],[94.11021,26.55681],[94.11237,26.55571],[94.11404,26.55602],[94.11472,26.55506],[94.11353,26.55106],[94.11283,26.55028],[94.11206,26.5503],[94.11169,26.55242],[94.11115,26.55272],[94.10945,26.55129],[94.10719,26.55098],[94.10572,26.54985],[94.10581,26.54938],[94.10929,26.54858],[94.10912,26.54728],[94.10751,26.54754],[94.10789,26.54631],[94.11069,26.54558],[94.11209,26.54791],[94.11267,26.54524],[94.11638,26.54497],[94.11437,26.54339],[94.113,26.54318],[94.10985,26.54165],[94.11067,26.53923],[94.11258,26.53803],[94.11193,26.53765],[94.11114,26.53795],[94.11006,26.53736],[94.10964,26.53637],[94.11065,26.53584],[94.11086,26.53467],[94.1085,26.53444],[94.10832,26.53297],[94.10865,26.53254],[94.11014,26.53302],[94.11097,26.53274],[94.10904,26.53041],[94.10979,26.5285],[94.11224,26.52811],[94.11226,26.52776],[94.11088,26.5275],[94.1106,26.5263],[94.1096,26.52719],[94.10909,26.52633],[94.10923,26.52488],[94.10731,26.52427],[94.10561,26.52229],[94.10547,26.52113],[94.1044,26.52044],[94.10646,26.5179],[94.10557,26.51671],[94.10522,26.5137],[94.10371,26.51456],[94.10296,26.51438],[94.10371,26.51297],[94.10326,26.51055],[94.10446,26.50941],[94.10408,26.50847],[94.10559,26.50752],[94.10529,26.50658],[94.10385,26.50573],[94.10492,26.5047],[94.10422,26.50474],[94.10427,26.50419],[94.10313,26.50335],[94.10338,26.50224],[94.10236,26.5014],[94.1013,26.49887],[94.0995,26.49766],[94.09828,26.49746],[94.09844,26.49691],[94.09968,26.49667],[94.09998,26.49595],[94.09858,26.49632],[94.09804,26.49559],[94.09633,26.49507],[94.09642,26.49472],[94.09748,26.49458],[94.09702,26.49348],[94.09859,26.4933],[94.0968,26.49271],[94.09641,26.49174],[94.09743,26.48762],[94.09644,26.48546],[94.09717,26.48341],[94.0983,26.48309],[94.09976,26.48335],[94.1,26.48289],[94.09927,26.48041],[94.09977,26.47883],[94.10075,26.47795],[94.10075,26.47721],[94.09952,26.47061],[94.1013,26.4685],[94.10147,26.46637],[94.1027,26.46453],[94.10345,26.46215],[94.10685,26.46085],[94.1081,26.4595],[94.11075,26.46126],[94.11559,26.46011],[94.11581,26.45959],[94.11498,26.45888],[94.11488,26.45798],[94.11768,26.45704],[94.11853,26.45751],[94.1198,26.45679],[94.12154,26.45527],[94.12059,26.45471],[94.12081,26.45439],[94.12361,26.45309],[94.12518,26.45102],[94.1271,26.45017],[94.12643,26.44624],[94.12548,26.44451],[94.12581,26.44295],[94.12501,26.44023],[94.12561,26.43868],[94.12483,26.43852],[94.12148,26.43516],[94.12172,26.43425],[94.12037,26.43285],[94.11843,26.42927],[94.11609,26.42769],[94.11482,26.42503],[94.11545,26.41883],[94.11486,26.41427],[94.11536,26.41073],[94.11632,26.40858],[94.11585,26.40351],[94.11732,26.39917],[94.11651,26.39812],[94.11671,26.39643],[94.11839,26.39288],[94.11905,26.39251],[94.11872,26.3895],[94.11994,26.3873],[94.12039,26.38321],[94.1211,26.38197],[94.12303,26.3812],[94.12333,26.37868],[94.12424,26.37841],[94.12414,26.37212],[94.12506,26.37184],[94.12556,26.36983],[94.1282,26.36663],[94.12886,26.36221],[94.13038,26.36107],[94.13103,26.35979],[94.13129,26.35741],[94.13185,26.35757],[94.1323,26.35693],[94.1322,26.35409],[94.13356,26.35073],[94.13535,26.35062],[94.13822,26.34866],[94.13955,26.34905],[94.14279,26.34874],[94.14417,26.34935],[94.14826,26.34831],[94.15034,26.34978],[94.15461,26.3496],[94.15915,26.34876],[94.1605,26.34757],[94.16121,26.34783],[94.16203,26.34716],[94.16706,26.34799],[94.16773,26.35021],[94.16871,26.35093],[94.17261,26.35059],[94.17785,26.34608],[94.17473,26.34288],[94.17456,26.34046],[94.17164,26.33796],[94.16718,26.33932],[94.16502,26.33661],[94.16287,26.33551],[94.15701,26.3346],[94.15371,26.33491],[94.14958,26.33408],[94.14588,26.33241],[94.14572,26.33106],[94.14506,26.33059],[94.14188,26.33062],[94.14101,26.33137],[94.14099,26.33531],[94.14012,26.33609],[94.13789,26.33625],[94.13107,26.33137],[94.12838,26.33036],[94.12461,26.33061],[94.12043,26.32867],[94.11582,26.32903],[94.11501,26.32841],[94.11451,26.32708],[94.11498,26.32395],[94.11634,26.32294],[94.11795,26.32045],[94.11975,26.31987],[94.12032,26.31904],[94.12209,26.31818],[94.12168,26.31776],[94.11206,26.31799],[94.1111,26.31828],[94.10968,26.31992],[94.10783,26.32029],[94.10505,26.31995],[94.10338,26.31765],[94.10251,26.31523],[94.09971,26.3139],[94.0995,26.31283],[94.10083,26.30975],[94.10078,26.30863],[94.09778,26.30196],[94.09044,26.29435],[94.08906,26.29333],[94.08779,26.29343],[94.08692,26.2927],[94.08427,26.28897],[94.0841,26.28334],[94.08332,26.28295],[94.07916,26.28423],[94.07731,26.28425],[94.07473,26.2836],[94.07406,26.28013],[94.07311,26.27888],[94.07224,26.27611],[94.07471,26.27304],[94.07523,26.26787],[94.07462,26.26438],[94.07092,26.26232],[94.06873,26.25776],[94.06786,26.25697],[94.065,26.25593],[94.06301,26.25635],[94.06018,26.25528],[94.05721,26.25543],[94.05608,26.25501],[94.054,26.25324],[94.04857,26.25047],[94.04769,26.24936],[94.0424,26.2345],[94.03646,26.22605],[94.03203,26.19754],[94.02179,26.19381],[94.01536,26.18402],[94.00781,26.1825],[94.00108,26.17227],[94.00261,26.17087],[94.00137,26.16578],[94.00361,26.16037],[94.0019,26.15696],[94.0,26.15641],[93.99891,26.15679],[93.99773,26.15595],[93.99749,26.15488],[93.9959,26.15276],[93.99452,26.14831],[93.99508,26.14697],[93.99584,26.14662],[93.99662,26.14659],[93.99877,26.14773],[94.00055,26.14718],[94.00165,26.14666],[94.00348,26.14438],[94.00385,26.14307],[94.00189,26.13916],[94.00197,26.1345],[93.99845,26.13116],[93.99696,26.1305],[93.994,26.13265],[93.99086,26.13364],[93.98898,26.1333],[93.98724,26.13108],[93.98744,26.12917],[93.98887,26.1282],[93.99145,26.12791],[93.9966,26.12929],[93.99756,26.12911],[93.99749,26.12728],[93.99488,26.12584],[93.99879,26.12569],[93.99918,26.12503],[93.99827,26.12272],[93.99864,26.12067],[93.99787,26.11846],[93.99891,26.11474],[93.99791,26.11145],[93.99753,26.10672],[93.99716,26.10605],[93.99371,26.10393],[93.98931,26.09697],[93.99016,26.09465],[93.98947,26.08835],[93.98865,26.08634],[93.98717,26.08477],[93.98497,26.08443],[93.98274,26.08336],[93.98153,26.08124],[93.98191,26.07865],[93.98613,26.07217],[93.98739,26.06679],[93.98504,26.0651],[93.97847,26.05585],[93.97076,26.04642],[93.97039,26.04035],[93.96806,26.03902],[93.96323,26.03732],[93.96247,26.03654],[93.96199,26.0301],[93.9627,26.02576],[93.96054,26.01536],[93.95947,26.01222],[93.953,26.00297],[93.95915,25.99433],[93.95415,25.96926],[93.96871,25.95726],[93.96996,25.93678],[93.97799,25.92807],[93.9787,25.91673],[93.97594,25.91431],[93.97121,25.91276],[93.9667,25.90589],[93.96107,25.90123],[93.95977,25.90211],[93.95166,25.89857],[93.94501,25.89764],[93.94432,25.89552],[93.93797,25.89631],[93.93542,25.89445],[93.93398,25.88525],[93.92828,25.88432],[93.92615,25.885],[93.92382,25.88351],[93.916,25.8837],[93.91088,25.87945],[93.91157,25.87652],[93.90751,25.87252],[93.90579,25.87228],[93.90545,25.87147],[93.90195,25.87085],[93.89735,25.86234],[93.89604,25.85786],[93.89055,25.85886],[93.88997,25.85864],[93.88928,25.85746],[93.88798,25.85155],[93.88654,25.84832],[93.8818,25.84335],[93.87611,25.84248],[93.86918,25.85093],[93.86726,25.85112],[93.85857,25.85369],[93.85226,25.85823],[93.84814,25.85705],[93.84519,25.85829],[93.8397,25.85661],[93.83702,25.8535],[93.83048,25.84925],[93.82972,25.84831],[93.82972,25.84651],[93.82526,25.8444],[93.82437,25.84166],[93.82115,25.83874],[93.81981,25.83579],[93.81975,25.83361],[93.81742,25.82479],[93.81639,25.82261],[93.8063,25.81689],[93.80494,25.81266],[93.80384,25.81142],[93.80041,25.80993],[93.79547,25.80893],[93.79135,25.81036],[93.79005,25.81123],[93.78751,25.81576],[93.78758,25.82042],[93.78709,25.82216],[93.78424,25.82617],[93.78479,25.82903],[93.78259,25.83275],[93.78033,25.83543],[93.78025,25.83673],[93.78122,25.83791],[93.78145,25.8395],[93.78036,25.84086],[93.77933,25.84093],[93.77816,25.84012],[93.77782,25.84241],[93.7794,25.84304],[93.78111,25.84459],[93.78063,25.84621],[93.77761,25.84851],[93.77754,25.84981],[93.77774,25.85062],[93.77966,25.8518],[93.78113,25.85401],[93.78045,25.85587],[93.77853,25.85687],[93.78141,25.85649],[93.78443,25.85842],[93.78435,25.86253],[93.78497,25.86426],[93.78758,25.86514],[93.78936,25.86657],[93.78984,25.86781],[93.7897,25.86924],[93.78895,25.87011],[93.78792,25.8703],[93.78552,25.86973],[93.78509,25.87024],[93.78708,25.87714],[93.78414,25.87984],[93.78431,25.88275],[93.78344,25.88478],[93.78654,25.88725],[93.7873,25.88902],[93.78879,25.89034],[93.78912,25.89055],[93.79158,25.88969],[93.7913,25.89108],[93.79171,25.89171],[93.79476,25.89245],[93.79466,25.89369],[93.79295,25.89563],[93.79379,25.89867],[93.79321,25.89979],[93.79507,25.90044],[93.79551,25.90324],[93.79447,25.90458],[93.79517,25.90667],[93.79481,25.90693],[93.79301,25.90599],[93.79149,25.90664],[93.79166,25.90743],[93.79366,25.90771],[93.7929,25.91041],[93.79381,25.91276],[93.79159,25.91266],[93.7907,25.91399],[93.79106,25.91563],[93.78807,25.91683],[93.78905,25.91944],[93.78986,25.92011],[93.78992,25.9207],[93.78848,25.92231],[93.78933,25.92497],[93.79033,25.92628],[93.78806,25.92838],[93.78951,25.92881],[93.78967,25.92951],[93.78894,25.92993],[93.78683,25.92992],[93.7873,25.93154],[93.78599,25.93198],[93.78577,25.93246],[93.78653,25.93317],[93.78913,25.93326],[93.78943,25.93397],[93.7872,25.93536],[93.78628,25.93826],[93.78712,25.94004],[93.78598,25.94184],[93.78685,25.94388],[93.78491,25.94336],[93.78409,25.94388],[93.78441,25.94483],[93.78652,25.94537],[93.78688,25.94665],[93.78515,25.94985],[93.78273,25.95042],[93.78039,25.95455],[93.77985,25.95652],[93.77648,25.95787],[93.77628,25.959],[93.77789,25.96041],[93.77547,25.96066],[93.77462,25.96117],[93.77484,25.96449],[93.77382,25.96605],[93.77622,25.96679],[93.7767,25.96733],[93.77655,25.96892],[93.7783,25.97061],[93.77918,25.97447],[93.77843,25.97839],[93.78014,25.97912],[93.78018,25.98088],[93.78075,25.98157],[93.78493,25.98271],[93.78573,25.98188],[93.78692,25.9774],[93.78965,25.97631],[93.79056,25.97651],[93.79131,25.97774],[93.79026,25.98069],[93.79196,25.9817],[93.79311,25.9816],[93.7935,25.97948],[93.79535,25.97974],[93.79838,25.97884],[93.79983,25.9816],[93.80072,25.98145],[93.80263,25.97936],[93.80361,25.97954],[93.80457,25.98119],[93.80335,25.98393],[93.80307,25.98634],[93.80246,25.98676],[93.80171,25.98653],[93.80056,25.98407],[93.79908,25.98434],[93.7957,25.98741],[93.79537,25.98842],[93.79619,25.99029],[93.79462,25.99326],[93.79527,25.99417],[93.79674,25.9948],[93.79841,25.99513],[93.80014,25.99464],[93.8008,25.9949],[93.80049,25.9957],[93.79762,25.9968],[93.79803,25.99808],[93.79948,25.99943],[93.79897,26.00003],[93.79945,26.00078],[93.80095,26.00021],[93.80316,25.99769],[93.80412,25.99771],[93.80445,25.99834],[93.80191,26.00188],[93.79987,26.00365],[93.79865,26.00338],[93.79637,26.00168],[93.7956,26.00058],[93.7956,25.9987],[93.79493,25.99847],[93.79415,25.99883],[93.7915,26.0013],[93.79018,26.00507],[93.78818,26.00676],[93.78806,26.00953],[93.78746,26.00992],[93.78659,26.00997],[93.78612,26.00752],[93.78541,26.00662],[93.78244,26.00649],[93.78138,26.00717],[93.78158,26.00891],[93.78394,26.01131],[93.78619,26.01462],[93.78727,26.01485],[93.78916,26.01279],[93.78985,26.01265],[93.79328,26.01528],[93.7931,26.0165],[93.79136,26.01837],[93.78781,26.01901],[93.78619,26.02],[93.78553,26.02228],[93.78603,26.02385],[93.78682,26.02461],[93.79137,26.02587],[93.79237,26.02656],[93.79336,26.02815],[93.79368,26.03093],[93.79578,26.02828],[93.79649,26.0281],[93.79901,26.02946],[93.79978,26.03071],[93.79907,26.03223],[93.79822,26.03266],[93.79194,26.034],[93.79069,26.03327],[93.78945,26.03147],[93.78715,26.03122],[93.78433,26.03367],[93.78244,26.03801],[93.78043,26.03892],[93.78011,26.0397],[93.78118,26.04055],[93.78594,26.04032],[93.78967,26.0409],[93.79355,26.04072],[93.79504,26.0417],[93.79529,26.044],[93.79209,26.04606],[93.79107,26.04828],[93.79123,26.05174],[93.79079,26.05251],[93.78779,26.05317],[93.7871,26.05443],[93.78855,26.05615],[93.79051,26.0566],[93.79179,26.05489],[93.79217,26.05266],[93.79326,26.05226],[93.79734,26.0525],[93.798,26.05325],[93.79804,26.05427],[93.79459,26.05871],[93.79466,26.06133],[93.79633,26.06247],[93.79959,26.06315],[93.80114,26.06609],[93.80201,26.06611],[93.80443,26.06425],[93.80534,26.06465],[93.80498,26.0672],[93.80365,26.07021],[93.8025,26.0708],[93.80115,26.07076],[93.79768,26.06981],[93.79699,26.07022],[93.79665,26.07127],[93.79718,26.07364],[93.79802,26.07489],[93.80043,26.07609],[93.80192,26.07564],[93.80466,26.07165],[93.80589,26.07142],[93.80664,26.07475],[93.80525,26.0773],[93.80552,26.08213],[93.80525,26.08288],[93.80338,26.0843],[93.80328,26.08549],[93.80448,26.08695],[93.80569,26.08749],[93.80898,26.08634],[93.81003,26.08661],[93.80946,26.08794],[93.80726,26.09003],[93.80635,26.08997],[93.80426,26.08871],[93.80365,26.08893],[93.80404,26.09237],[93.80492,26.09366],[93.80632,26.09398],[93.80929,26.09161],[93.81107,26.09089],[93.81357,26.09032],[93.81418,26.09087],[93.81395,26.09205],[93.81095,26.09425],[93.81016,26.09537],[93.80982,26.09926],[93.80733,26.0998],[93.80665,26.1008],[93.80648,26.10258],[93.80978,26.10551],[93.81203,26.10866],[93.81218,26.10948],[93.81119,26.1115],[93.81209,26.11233],[93.81385,26.11236],[93.81742,26.10998],[93.81877,26.1097],[93.82012,26.11007],[93.82107,26.11131],[93.82196,26.11428],[93.81762,26.11912],[93.81706,26.12069],[93.81726,26.12271],[93.81913,26.12478],[93.82619,26.12618],[93.82744,26.12668],[93.82804,26.12783],[93.82772,26.1288],[93.82568,26.13072],[93.81937,26.13258],[93.81814,26.13455],[93.81836,26.13706],[93.82056,26.13873],[93.82239,26.13896],[93.82547,26.13778],[93.82945,26.13542],[93.83031,26.13533],[93.83118,26.13691],[93.83068,26.13917],[93.82927,26.14075],[93.82606,26.14298],[93.82542,26.14421],[93.82695,26.14794],[93.83052,26.14997],[93.8301,26.15153],[93.83139,26.15416],[93.83065,26.15818],[93.82647,26.16202],[93.82643,26.16644],[93.82461,26.16976],[93.82221,26.17138],[93.82159,26.1726],[93.82227,26.17307],[93.82682,26.17316],[93.82785,26.17392],[93.82815,26.17632],[93.82634,26.17942],[93.82729,26.18063],[93.8292,26.18064],[93.83043,26.18003],[93.83132,26.17891],[93.83251,26.17509],[93.83374,26.1747],[93.83515,26.17602],[93.83475,26.17841],[93.83331,26.18081],[93.82954,26.18365],[93.82753,26.18634],[93.82773,26.18756],[93.82927,26.18873],[93.83312,26.18907],[93.83387,26.18986],[93.83282,26.19176],[93.82939,26.19459],[93.82909,26.19642],[93.83076,26.1981],[93.83216,26.19866],[93.83708,26.19466],[93.83798,26.19459],[93.83835,26.19991],[93.84056,26.20309],[93.84119,26.20495],[93.83972,26.20518],[93.83821,26.20477],[93.8371,26.20388],[93.83567,26.20081],[93.83415,26.20046],[93.83357,26.20133],[93.8348,26.2047],[93.83384,26.2072],[93.83664,26.20988],[93.84108,26.20988],[93.84411,26.21229],[93.84471,26.21338],[93.84463,26.21438],[93.84048,26.21787],[93.84157,26.21843],[93.84419,26.21869],[93.84548,26.21816],[93.84863,26.21556],[93.85016,26.21529],[93.85153,26.21574],[93.85716,26.2218],[93.8568,26.22388],[93.85551,26.22642],[93.85627,26.22884],[93.86059,26.23312],[93.8642,26.23472],[93.86462,26.2354],[93.86424,26.23589],[93.86172,26.23601],[93.85999,26.23671],[93.85903,26.2393],[93.86073,26.24175],[93.85652,26.24508],[93.85531,26.24555],[93.85339,26.24546],[93.85152,26.24381],[93.8511,26.24274],[93.85184,26.24005],[93.85136,26.23919],[93.85013,26.23922],[93.84898,26.23985],[93.84773,26.2414],[93.85125,26.24519],[93.85493,26.24717],[93.86158,26.2448],[93.86345,26.24514],[93.86479,26.24593],[93.86543,26.24773],[93.86513,26.24844],[93.861,26.2508],[93.86044,26.25252],[93.86186,26.25309],[93.86318,26.25263],[93.86501,26.2511],[93.86625,26.25071],[93.86716,26.25115],[93.86724,26.25252],[93.86445,26.25507],[93.86531,26.25816],[93.86811,26.25953],[93.87096,26.25939],[93.87225,26.26216],[93.87455,26.26339],[93.87481,26.26401],[93.87235,26.26603],[93.86893,26.26585],[93.86842,26.26633],[93.86845,26.26816],[93.86903,26.26919],[93.87331,26.27159],[93.87361,26.27239],[93.87341,26.27342],[93.87095,26.27506],[93.8708,26.27564],[93.87184,26.27612],[93.87562,26.27557],[93.8779,26.27454],[93.8799,26.27291],[93.88059,26.27287],[93.88107,26.27372],[93.88115,26.27554],[93.88049,26.27632],[93.87641,26.2778],[93.8745,26.27894],[93.87263,26.28164],[93.87235,26.28264],[93.87281,26.28472],[93.87384,26.28608],[93.87681,26.28684],[93.87653,26.288],[93.87196,26.29101],[93.87012,26.293],[93.86875,26.29377],[93.86852,26.29452],[93.86946,26.29535],[93.87174,26.29567],[93.87232,26.29649],[93.87199,26.29791],[93.86969,26.2993],[93.87022,26.30022],[93.87288,26.30117],[93.87612,26.29978],[93.87737,26.29973],[93.87889,26.3004],[93.88092,26.30247],[93.88465,26.30245],[93.88518,26.30292],[93.88561,26.30521],[93.88536,26.30656],[93.88508,26.30752],[93.88328,26.30843],[93.88127,26.30848],[93.87783,26.30736],[93.87577,26.30774],[93.87456,26.30845],[93.8738,26.30985],[93.87484,26.31154],[93.87597,26.31236],[93.87965,26.3132],[93.88152,26.31261],[93.88406,26.31053],[93.88502,26.31066],[93.88695,26.31325],[93.88715,26.3153],[93.88657,26.31615],[93.88381,26.3175],[93.88327,26.3186],[93.88363,26.31933],[93.8855,26.32047],[93.887,26.32058],[93.88879,26.31985],[93.88996,26.31665],[93.89125,26.31514],[93.89285,26.31475],[93.89379,26.31557],[93.89354,26.31866],[93.89273,26.3201],[93.8909,26.32109],[93.8874,26.32178],[93.88647,26.32379],[93.88705,26.32514],[93.88854,26.32612],[93.89052,26.32631],[93.89268,26.32583],[93.89385,26.32635],[93.89466,26.32779],[93.89474,26.32911],[93.89357,26.33053],[93.89167,26.3309],[93.88934,26.32969],[93.88771,26.32822],[93.88652,26.32829],[93.88607,26.33195],[93.88741,26.3346],[93.88685,26.33654],[93.88736,26.34033],[93.8863,26.34093],[93.88351,26.34062],[93.88261,26.34112],[93.88137,26.34444],[93.88137,26.34568],[93.88274,26.34681],[93.88414,26.34695],[93.88746,26.3456],[93.88883,26.34601],[93.88934,26.34685],[93.88906,26.34973],[93.88784,26.35094],[93.88429,26.35181],[93.88287,26.35286],[93.88287,26.35461],[93.88353,26.35562],[93.88482,26.3561],[93.88751,26.35594],[93.88858,26.3568],[93.88772,26.35939],[93.88688,26.3601],[93.88599,26.36023],[93.88401,26.35921],[93.88313,26.35921],[93.88308,26.36205],[93.88371,26.36272],[93.88714,26.36375],[93.88919,26.36528],[93.89031,26.36939],[93.89369,26.37117],[93.89414,26.37193],[93.8929,26.37325],[93.89133,26.373],[93.88841,26.37122],[93.88262,26.37138],[93.8811,26.37261],[93.8811,26.37404],[93.88399,26.37592],[93.88567,26.3784],[93.88846,26.38039],[93.88859,26.38122],[93.88732,26.38183],[93.88479,26.38092],[93.8837,26.38083],[93.88306,26.38133],[93.88497,26.38502],[93.88476,26.38608],[93.8838,26.38701],[93.88154,26.3866],[93.88078,26.38695],[93.88058,26.38791],[93.88385,26.39209],[93.88017,26.39408],[93.87875,26.3941],[93.8773,26.3926],[93.87445,26.39214],[93.87196,26.39053],[93.87046,26.39031],[93.86866,26.38857],[93.86557,26.38898],[93.86313,26.39396],[93.85874,26.39859],[93.85481,26.40138],[93.85223,26.40167],[93.84982,26.40314],[93.84771,26.40522],[93.8467,26.40712],[93.83625,26.4105],[93.83417,26.41384],[93.83219,26.41466],[93.83123,26.4157],[93.82899,26.41586],[93.82671,26.41785],[93.826,26.41549],[93.82615,26.41368],[93.82352,26.41208],[93.82258,26.41032],[93.82245,26.40564],[93.81787,26.40096],[93.81655,26.39874],[93.81521,26.3981],[93.8125,26.39826],[93.81113,26.39778],[93.81024,26.39689],[93.81025,26.39598],[93.80943,26.39481],[93.80695,26.39616],[93.80611,26.39609],[93.80446,26.39419],[93.80393,26.39083],[93.80342,26.39065],[93.80167,26.39161],[93.80078,26.39145],[93.80002,26.39069],[93.79904,26.38802],[93.79622,26.38667],[93.79585,26.38472],[93.79633,26.38362],[93.79455,26.38172],[93.79549,26.37994],[93.79545,26.37863],[93.79395,26.37595],[93.79261,26.37566],[93.7904,26.37675],[93.7883,26.3766],[93.78786,26.37836],[93.78675,26.37947],[93.78549,26.37891],[93.78306,26.38082],[93.78201,26.38065],[93.78171,26.3815],[93.78098,26.38154],[93.78035,26.38238],[93.77661,26.38277],[93.77479,26.38403],[93.77333,26.3869],[93.7745,26.3868],[93.77682,26.38559],[93.78062,26.38687],[93.78106,26.38967],[93.78622,26.39606],[93.78931,26.39629],[93.79067,26.39803],[93.78998,26.39985],[93.79249,26.40393],[93.79476,26.40381],[93.79907,26.40887],[93.78809,26.40826],[93.78552,26.40974],[93.78308,26.40971],[93.783,26.41124],[93.78158,26.41262],[93.78133,26.41483],[93.78059,26.415],[93.78139,26.41564],[93.77989,26.41746],[93.78128,26.41866],[93.77975,26.42042],[93.78143,26.42205],[93.78124,26.425],[93.78885,26.42577],[93.79182,26.4271],[93.79387,26.42859],[93.79202,26.43194],[93.78987,26.43149],[93.78943,26.4339],[93.78359,26.43356],[93.78305,26.43876],[93.79439,26.44025],[93.79187,26.44326],[93.79053,26.44631],[93.78651,26.45011],[93.78508,26.45254],[93.78507,26.45378],[93.78651,26.45424],[93.78676,26.45607],[93.78571,26.45761],[93.78626,26.46254],[93.78552,26.46469],[93.78442,26.46347],[93.78351,26.46349],[93.78099,26.46533],[93.7778,26.46606],[93.77673,26.46693],[93.77637,26.46866],[93.77066,26.47396],[93.77035,26.47583],[93.77123,26.47673],[93.77548,26.47343],[93.77707,26.47377],[93.77892,26.47585],[93.77788,26.47866],[93.77812,26.48188],[93.77748,26.48226],[93.77594,26.48216],[93.77526,26.48269],[93.77512,26.48604],[93.77205,26.48867],[93.77125,26.49164],[93.76941,26.49455],[93.76965,26.49775],[93.76324,26.50165],[93.76354,26.50562],[93.76216,26.50716],[93.7605,26.50802],[93.75579,26.50882],[93.75519,26.50928],[93.75508,26.51092],[93.75759,26.51379],[93.75741,26.51574],[93.75555,26.51698],[93.75251,26.51724],[93.75125,26.51835],[93.75095,26.51984],[93.75206,26.52104],[93.75689,26.52088],[93.75826,26.52248],[93.758,26.52335],[93.75614,26.52428],[93.7551,26.52554],[93.75514,26.52722],[93.75595,26.52909],[93.75451,26.52959],[93.75102,26.52932],[93.74637,26.52779],[93.74348,26.52758],[93.74186,26.52893],[93.74304,26.53182],[93.74031,26.53353],[93.73984,26.53439],[93.74008,26.53564],[93.74203,26.53711],[93.742,26.53771],[93.74123,26.53779],[93.73945,26.53661],[93.73758,26.53388],[93.73679,26.53343],[93.73414,26.53502],[93.7316,26.53774],[93.73174,26.53886],[93.73285,26.53995],[93.73507,26.53994],[93.73757,26.53859],[93.73856,26.53911],[93.73897,26.53991],[93.73864,26.54484],[93.73965,26.54609],[93.73966,26.54695],[93.73833,26.54812],[93.73482,26.54867],[93.73318,26.5498],[93.73658,26.5514],[93.73664,26.5525],[93.73553,26.55567],[93.73673,26.55774],[93.73696,26.55994],[93.73777,26.55983],[93.73943,26.55729],[93.74126,26.55783],[93.7414,26.55941],[93.74084,26.56048],[93.74127,26.56316],[93.74001,26.56573],[93.73994,26.56705],[93.74093,26.56891],[93.74305,26.56994],[93.74522,26.57207],[93.74826,26.57687],[93.75139,26.57751],[93.7518,26.57867],[93.75105,26.58126],[93.75228,26.58357],[93.75219,26.5852],[93.75048,26.58585],[93.74967,26.58539],[93.74978,26.58472],[93.7492,26.58415],[93.74718,26.58517],[93.74659,26.58503],[93.74569,26.58379],[93.74491,26.58403],[93.74407,26.58359],[93.74226,26.58436],[93.74075,26.58351],[93.7401,26.58365],[93.73871,26.58447],[93.7366,26.58701],[93.73757,26.58809],[93.73707,26.58921],[93.73599,26.58973],[93.73512,26.59113],[93.73558,26.59232],[93.7352,26.59386],[93.73322,26.59389],[93.73185,26.59454],[93.73156,26.59564],[93.73028,26.59501],[93.72764,26.59618],[93.71716,26.60362],[93.71629,26.60388],[93.71501,26.60319],[93.71488,26.60441],[93.71423,26.60493],[93.71165,26.60586],[93.70089,26.60748],[93.6908,26.6073],[93.68723,26.60604],[93.68317,26.60592],[93.68236,26.60357],[93.67981,26.60495],[93.67885,26.60475],[93.67846,26.60207],[93.6767,26.60185],[93.67483,26.6002],[93.67363,26.60041],[93.67283,26.60115],[93.67179,26.60359],[93.66914,26.60478],[93.66587,26.60476],[93.66357,26.60383],[93.66408,26.60145],[93.66146,26.5996],[93.65983,26.59997],[93.65886,26.60273],[93.65313,26.60251],[93.65143,26.60207],[93.64902,26.60016],[93.64196,26.59967],[93.64171,26.59936],[93.6425,26.5972],[93.64124,26.59742],[93.64088,26.59647],[93.63873,26.59759],[93.63691,26.59716],[93.63515,26.59733],[93.63032,26.59496],[93.62878,26.59279],[93.62535,26.59214],[93.62482,26.59113],[93.62534,26.58853],[93.62189,26.59034],[93.6231,26.58372],[93.62225,26.58225],[93.62192,26.57917],[93.62113,26.57791],[93.62126,26.57615],[93.61967,26.57486],[93.61773,26.57154],[93.61604,26.5718],[93.61381,26.56995],[93.61394,26.56955],[93.61576,26.56934],[93.6166,26.5688],[93.61728,26.56661],[93.61671,26.56603],[93.61432,26.56851],[93.61274,26.56837],[93.61078,26.56682],[93.61002,26.56736],[93.61015,26.56841],[93.61315,26.57291],[93.61289,26.57641],[93.61094,26.57767],[93.60896,26.57759],[93.6071,26.5761],[93.60321,26.57448],[93.60058,26.5747],[93.59707,26.57262],[93.59546,26.57221],[93.59425,26.57105],[93.58975,26.57082],[93.58929,26.57686],[93.58518,26.57852],[93.58287,26.58047],[93.5832,26.58209],[93.58251,26.58374],[93.58257,26.58593],[93.58478,26.58889],[93.58403,26.59142],[93.58447,26.59362],[93.58346,26.59689],[93.59004,26.59846],[93.58982,26.59997],[93.5885,26.60053],[93.58782,26.60186],[93.58613,26.60257],[93.58603,26.60366],[93.58291,26.60468],[93.58136,26.60583],[93.57966,26.60522],[93.5765,26.60527],[93.57493,26.60486],[93.57472,26.60605],[93.57244,26.60662],[93.57153,26.60865],[93.57049,26.6079],[93.56958,26.60864],[93.56789,26.60794],[93.56882,26.60954],[93.5684,26.61021],[93.55868,26.61209],[93.5557,26.61115],[93.5547,26.61223],[93.5533,26.61266],[93.55263,26.61206],[93.55314,26.60937],[93.55256,26.60723],[93.54974,26.60448],[93.54805,26.60554],[93.5471,26.60552],[93.5459,26.6043],[93.54196,26.60356],[93.54084,26.60278],[93.53959,26.59979],[93.53697,26.59785],[93.5291,26.59476],[93.52368,26.59368],[93.52179,26.59521],[93.51937,26.5956],[93.51786,26.59546],[93.51573,26.59391],[93.51425,26.59354],[93.50949,26.59352],[93.50404,26.6063],[93.50065,26.60623],[93.49546,26.61119],[93.49541,26.60917],[93.49617,26.60714],[93.49399,26.60593],[93.49156,26.60636],[93.48913,26.60512],[93.48501,26.60514],[93.47795,26.60321],[93.47586,26.60018],[93.47302,26.59923],[93.47298,26.59575],[93.46943,26.59544],[93.46922,26.59422],[93.4698,26.59164],[93.4707,26.59106],[93.47308,26.59095],[93.47838,26.58867],[93.48004,26.5892],[93.48609,26.58933],[93.4872,26.59014],[93.48864,26.59026],[93.49136,26.58872],[93.4916,26.58712],[93.49046,26.58584],[93.48545,26.58621],[93.4827,26.58502],[93.47966,26.58467],[93.4773,26.58313],[93.4743,26.582],[93.47269,26.58058],[93.47196,26.57895],[93.46996,26.57779],[93.46697,26.57455],[93.46615,26.57223],[93.4638,26.57175],[93.46425,26.56994],[93.46369,26.5694],[93.46127,26.57098],[93.45987,26.57117],[93.45934,26.56937],[93.45652,26.56871],[93.45531,26.57201],[93.45776,26.57311],[93.45923,26.57469],[93.46308,26.57607],[93.4641,26.57698],[93.46519,26.58036],[93.46629,26.58154],[93.46585,26.58351],[93.46629,26.58539],[93.46468,26.58598],[93.46247,26.58437],[93.46066,26.58086],[93.45684,26.57605],[93.4523,26.57526],[93.4523,26.57587],[93.45408,26.57762],[93.45471,26.57895],[93.4544,26.58043],[93.45296,26.58084],[93.45021,26.57984],[93.4487,26.58014],[93.44655,26.57797],[93.44463,26.57871],[93.43774,26.577],[93.43706,26.57639],[93.4356,26.57607],[93.42827,26.57556],[93.42427,26.57413],[93.41877,26.5736],[93.4171,26.5728],[93.41477,26.57269],[93.41101,26.57152],[93.40868,26.56922],[93.40827,26.56942],[93.40856,26.57075],[93.40167,26.56999],[93.40072,26.57061],[93.39816,26.57095],[93.3974,26.57153],[93.39707,26.57254],[93.39743,26.57278],[93.40407,26.57399],[93.40621,26.57503],[93.40608,26.57615],[93.40379,26.57678],[93.40235,26.57796],[93.40307,26.58012],[93.40275,26.58019],[93.39767,26.58022],[93.39467,26.57933],[93.39246,26.57932],[93.38402,26.58018],[93.37879,26.57872],[93.37435,26.57966],[93.37174,26.57946],[93.36899,26.58132],[93.36421,26.58139],[93.3602,26.58025],[93.35745,26.58138],[93.3553,26.58159],[93.35054,26.58061],[93.3473,26.58206],[93.3363,26.58045],[93.33511,26.58086],[93.33361,26.58279],[93.33134,26.58419],[93.32601,26.58498],[93.32026,26.58457],[93.31762,26.58288],[93.31423,26.58246],[93.31362,26.58124],[93.31128,26.5797],[93.31041,26.57648],[93.30783,26.57733],[93.30611,26.5762],[93.30336,26.57629],[93.30264,26.57565],[93.30105,26.57548],[93.29744,26.5739],[93.29503,26.5719],[93.29494,26.57414],[93.29765,26.57663],[93.30012,26.5777],[93.3024,26.581],[93.30171,26.58212],[93.29907,26.58284],[93.29507,26.58526],[93.29252,26.58842],[93.29138,26.59068],[93.29153,26.59143],[93.29443,26.59501],[93.2959,26.5992],[93.29686,26.60384],[93.29646,26.61194],[93.29571,26.61612],[93.29366,26.62242],[93.29217,26.62535],[93.29164,26.62809],[93.28684,26.63721],[93.28711,26.63769],[93.28801,26.63771],[93.29284,26.63704],[93.29588,26.63623],[93.2978,26.63516],[93.30036,26.63578],[93.30145,26.63651],[93.30457,26.63682],[93.30593,26.63798],[93.30933,26.63945],[93.31082,26.64086],[93.31476,26.64752],[93.31649,26.64896],[93.31751,26.65055],[93.31792,26.65575],[93.31696,26.65765],[93.30849,26.66446],[93.30666,26.66764],[93.30808,26.67174],[93.31135,26.67571],[93.31202,26.67742],[93.3139,26.6785],[93.31525,26.6777],[93.31682,26.67795],[93.31716,26.67887],[93.31511,26.68284],[93.31505,26.68663],[93.30684,26.69375],[93.30501,26.69644],[93.30392,26.70041],[93.31049,26.70111],[93.3126,26.70185],[93.31668,26.70369],[93.31831,26.70479],[93.32042,26.70723],[93.32137,26.7076],[93.32865,26.70815],[93.33089,26.70883],[93.33382,26.71146],[93.33476,26.71384],[93.33643,26.71522],[93.34072,26.7258],[93.34201,26.72812],[93.34517,26.7317],[93.35238,26.73635],[93.36339,26.74069],[93.36625,26.7432],[93.37207,26.74586],[93.37731,26.74696],[93.38179,26.74708],[93.39064,26.74849],[93.39887,26.75133],[93.40181,26.75172],[93.40717,26.75154],[93.40934,26.75102],[93.41197,26.74962],[93.417,26.74839],[93.42564,26.7487],[93.43887,26.74835],[93.44096,26.74873],[93.45963,26.75516],[93.47597,26.75705],[93.48347,26.75606],[93.48932,26.7545],[93.49247,26.75428],[93.49561,26.75477],[93.50176,26.75696],[93.5041,26.75708],[93.51224,26.75305],[93.51662,26.75202],[93.51827,26.75224],[93.52243,26.75002],[93.53625,26.74558],[93.54307,26.74281],[93.54935,26.73907],[93.55682,26.73685],[93.55941,26.7348],[93.56173,26.73198],[93.55793,26.73153],[93.55792,26.72743],[93.55981,26.72529],[93.5616,26.7241],[93.56603,26.72224],[93.57199,26.72113],[93.57486,26.71932],[93.57682,26.71891],[93.58138,26.71852],[93.58477,26.71917],[93.5897,26.71928],[93.5922,26.71883],[93.60096,26.71505],[93.6051,26.71516],[93.61239,26.714],[93.62441,26.71036],[93.64343,26.70777],[93.65093,26.70622],[93.66206,26.71243],[93.66725,26.71329],[93.67052,26.71209],[93.66284,26.73229],[93.65292,26.75005],[93.6508,26.75274],[93.65006,26.75475],[93.64916,26.75765],[93.64893,26.7746],[93.64994,26.77396],[93.67435,26.77151],[93.69136,26.77418],[93.70806,26.77246],[93.73792,26.77528],[93.75054,26.77445],[93.76103,26.77258],[93.76898,26.77262],[93.77741,26.77543],[93.78436,26.77865],[93.79378,26.78514],[93.80171,26.79241],[93.80971,26.79215],[93.82118,26.7873]]]}},{"id":"14","type":"Feature","properties":{"state":"ASSAM","state_lgd":"18","district":"SONITPUR","district_lgd":"306"},"geometry":{"type":"Polygon","coordinates":[[[92.80575,27.02473],[92.82874,27.01418],[92.83141,27.01252],[92.86037,27.00657],[92.88661,26.99975],[92.88906,26.99859],[92.91841,26.98231],[92.91553,26.97392],[92.91715,26.96293],[92.98286,26.93552],[92.98136,26.93322],[92.97807,26.92982],[92.97191,26.92724],[92.96867,26.92442],[92.96547,26.91985],[92.95926,26.9147],[92.9582,26.91272],[92.9582,26.90995],[92.95762,26.90923],[92.95577,26.90796],[92.95297,26.90729],[92.95141,26.90607],[92.95042,26.9048],[92.94659,26.90183],[92.943,26.89627],[92.93966,26.89377],[92.9334,26.89017],[92.92958,26.8901],[92.91909,26.88516],[92.9161,26.88187],[92.91068,26.88083],[92.90617,26.88101],[92.90504,26.88053],[92.9035,26.87876],[92.95927,26.87706],[92.95618,26.873],[92.95512,26.86911],[92.95563,26.86357],[92.95735,26.85814],[92.95701,26.85624],[92.95372,26.85346],[92.94775,26.85162],[92.9466,26.85084],[92.94603,26.84977],[92.94605,26.84827],[92.94708,26.84673],[92.94784,26.84371],[92.94628,26.83964],[92.94619,26.83735],[92.94802,26.83462],[92.94865,26.83038],[92.95148,26.82756],[92.95012,26.82621],[92.94784,26.82535],[92.94496,26.82564],[92.94186,26.82685],[92.94022,26.82678],[92.93922,26.82234],[92.94035,26.82135],[92.94455,26.82214],[92.94594,26.8217],[92.94699,26.82078],[92.94577,26.8141],[92.94268,26.80839],[92.94281,26.80598],[92.94713,26.80394],[92.9489,26.80394],[92.94996,26.80295],[92.95107,26.80078],[92.95556,26.8],[92.95693,26.79935],[92.95796,26.79769],[92.95784,26.79429],[92.96626,26.79844],[92.96604,26.79638],[92.96436,26.79274],[92.96689,26.79173],[92.97183,26.79205],[92.97277,26.79171],[92.97394,26.78734],[92.97216,26.78722],[92.97035,26.78519],[92.97274,26.78426],[92.97409,26.78074],[92.97218,26.77527],[92.97302,26.76934],[92.97124,26.7673],[92.96684,26.76413],[92.96619,26.76147],[92.96706,26.76033],[92.9682,26.76023],[92.97163,26.76222],[92.97295,26.76252],[92.97494,26.76225],[92.97644,26.76047],[92.9762,26.75736],[92.97814,26.75465],[92.97771,26.75359],[92.97623,26.75275],[92.97151,26.75422],[92.97028,26.7541],[92.96933,26.75347],[92.9681,26.7496],[92.96631,26.74653],[92.96615,26.74475],[92.96813,26.73901],[92.96895,26.73792],[92.97094,26.738],[92.97687,26.74106],[92.979,26.7409],[92.98003,26.73987],[92.97981,26.73815],[92.97849,26.73592],[92.97826,26.73334],[92.97981,26.73185],[92.98219,26.73097],[92.98247,26.72914],[92.98203,26.72834],[92.98025,26.72716],[92.97724,26.72652],[92.97699,26.72528],[92.98236,26.71563],[92.98292,26.71298],[92.98112,26.7093],[92.97909,26.70768],[92.97487,26.70621],[92.97082,26.70573],[92.96879,26.70457],[92.96857,26.70279],[92.97193,26.70171],[92.97224,26.70117],[92.97191,26.70029],[92.97035,26.69955],[92.96594,26.69902],[92.96355,26.69748],[92.96025,26.69389],[92.96026,26.6922],[92.96085,26.6909],[92.95991,26.69034],[92.96069,26.68993],[92.96357,26.69028],[92.96548,26.68754],[92.9638,26.68701],[92.96653,26.6816],[92.9681,26.67475],[92.96802,26.67112],[92.96698,26.66465],[92.96683,26.65873],[92.96915,26.6586],[92.96968,26.65538],[92.95891,26.65321],[92.94888,26.65045],[92.95328,26.64901],[92.95735,26.64827],[92.9637,26.64409],[92.97068,26.64596],[92.97404,26.61826],[92.95487,26.6184],[92.95198,26.62037],[92.9512,26.6204],[92.94611,26.61912],[92.94051,26.61858],[92.93564,26.61637],[92.93172,26.61335],[92.92564,26.60325],[92.92,26.59682],[92.91695,26.59496],[92.91484,26.59428],[92.9094,26.59412],[92.89928,26.59571],[92.89283,26.59573],[92.88815,26.59344],[92.87715,26.58492],[92.87424,26.58338],[92.86918,26.58169],[92.86309,26.58235],[92.85845,26.58453],[92.85543,26.58505],[92.84727,26.58516],[92.84203,26.58442],[92.83452,26.58139],[92.82874,26.57818],[92.82469,26.57463],[92.82189,26.57299],[92.81244,26.56569],[92.79467,26.55706],[92.78543,26.55548],[92.77144,26.55585],[92.76976,26.55352],[92.76692,26.54685],[92.76615,26.54252],[92.76459,26.53781],[92.76457,26.53273],[92.75748,26.52652],[92.7564,26.52489],[92.75619,26.52221],[92.75761,26.51732],[92.75706,26.51492],[92.75634,26.51362],[92.75499,26.51277],[92.74833,26.51094],[92.74676,26.51092],[92.74494,26.51169],[92.74164,26.51436],[92.73534,26.51555],[92.73469,26.51549],[92.7341,26.51475],[92.73041,26.51608],[92.7289,26.51728],[92.72483,26.52216],[92.72462,26.52544],[92.72589,26.52797],[92.72556,26.53263],[92.72317,26.53541],[92.72081,26.53591],[92.71306,26.53361],[92.70738,26.53049],[92.70496,26.52806],[92.69905,26.51939],[92.69604,26.51778],[92.69181,26.51146],[92.69023,26.51032],[92.68716,26.5093],[92.68231,26.50934],[92.67632,26.51132],[92.66328,26.52195],[92.66071,26.52116],[92.65617,26.51866],[92.65151,26.51703],[92.64414,26.51775],[92.63085,26.51768],[92.6158,26.51307],[92.61177,26.51254],[92.60382,26.50886],[92.5888,26.50597],[92.58802,26.505],[92.59055,26.50317],[92.59068,26.50126],[92.58439,26.50203],[92.57481,26.49955],[92.57328,26.49972],[92.57137,26.50066],[92.56576,26.50497],[92.56229,26.50665],[92.55981,26.50685],[92.54854,26.50554],[92.54269,26.50632],[92.53597,26.50632],[92.52259,26.5081],[92.51232,26.50672],[92.50226,26.50434],[92.49683,26.50241],[92.49284,26.50203],[92.48949,26.5],[92.48776,26.49954],[92.48436,26.49729],[92.47791,26.49578],[92.46745,26.49628],[92.46228,26.49714],[92.46017,26.49799],[92.45757,26.5],[92.45724,26.50134],[92.45399,26.50671],[92.45321,26.51313],[92.45188,26.51518],[92.44783,26.51752],[92.44213,26.51974],[92.43702,26.52026],[92.42779,26.51948],[92.41548,26.5162],[92.40123,26.51421],[92.39385,26.51368],[92.39271,26.51294],[92.38963,26.51306],[92.38723,26.51373],[92.384,26.51643],[92.38289,26.51654],[92.37521,26.51307],[92.36379,26.50663],[92.36071,26.50545],[92.35218,26.50546],[92.34782,26.50778],[92.34718,26.50772],[92.34414,26.50469],[92.34257,26.50859],[92.34081,26.51145],[92.3393,26.51267],[92.33419,26.51495],[92.33294,26.51628],[92.34538,26.52478],[92.34897,26.52666],[92.3538,26.53094],[92.35574,26.53524],[92.35858,26.53471],[92.36248,26.53192],[92.36557,26.53275],[92.36856,26.53242],[92.37539,26.52848],[92.3783,26.52921],[92.38021,26.52891],[92.38165,26.52788],[92.38228,26.52792],[92.37631,26.53896],[92.37566,26.54065],[92.37572,26.54288],[92.37468,26.54524],[92.36946,26.54896],[92.36822,26.55066],[92.36801,26.55334],[92.36671,26.55519],[92.36719,26.55895],[92.36576,26.56019],[92.36207,26.55786],[92.36047,26.55847],[92.36061,26.56001],[92.36572,26.56501],[92.36569,26.56607],[92.36394,26.56752],[92.35761,26.56836],[92.35174,26.56982],[92.35257,26.57601],[92.35347,26.5777],[92.36017,26.58256],[92.36401,26.58326],[92.36468,26.58407],[92.36585,26.5901],[92.36752,26.59216],[92.36757,26.59337],[92.36685,26.59388],[92.3627,26.59465],[92.35897,26.59654],[92.35796,26.59879],[92.35622,26.6004],[92.35604,26.60132],[92.35698,26.60363],[92.35705,26.60527],[92.35928,26.60629],[92.36007,26.60749],[92.35989,26.6092],[92.35902,26.61014],[92.35945,26.61099],[92.35894,26.61231],[92.37734,26.6141],[92.37731,26.62985],[92.38123,26.62974],[92.39187,26.62789],[92.39689,26.62752],[92.40321,26.63551],[92.40337,26.6363],[92.40187,26.64253],[92.39371,26.64196],[92.39164,26.6423],[92.39065,26.6442],[92.38985,26.64916],[92.3815,26.64328],[92.3802,26.6478],[92.37787,26.64841],[92.37731,26.64896],[92.37037,26.64784],[92.36812,26.64661],[92.36458,26.64366],[92.36417,26.65159],[92.36497,26.65455],[92.36634,26.65679],[92.36453,26.66124],[92.36612,26.66518],[92.36808,26.67545],[92.36692,26.68429],[92.3668,26.69404],[92.3659,26.69607],[92.36558,26.69869],[92.35226,26.69908],[92.35279,26.69673],[92.35061,26.6947],[92.35127,26.69257],[92.35078,26.69158],[92.34981,26.69186],[92.34715,26.69397],[92.34599,26.69328],[92.34615,26.69207],[92.34768,26.69057],[92.353,26.6886],[92.35449,26.68732],[92.35436,26.68628],[92.35196,26.68256],[92.35172,26.67765],[92.35057,26.67443],[92.3505,26.67344],[92.3511,26.67309],[92.35134,26.66836],[92.35035,26.66466],[92.33298,26.66324],[92.33492,26.67084],[92.33436,26.67283],[92.3368,26.67482],[92.33628,26.67968],[92.33782,26.6814],[92.33797,26.68223],[92.33469,26.68475],[92.33488,26.68687],[92.33561,26.68866],[92.33686,26.68976],[92.33881,26.69036],[92.34033,26.69149],[92.33992,26.69265],[92.33774,26.69222],[92.33496,26.69358],[92.33589,26.69754],[92.33577,26.69986],[92.33697,26.70019],[92.33951,26.70228],[92.34167,26.70156],[92.34405,26.7018],[92.34548,26.70314],[92.34609,26.70508],[92.34596,26.7062],[92.34467,26.70732],[92.34094,26.70787],[92.3398,26.70894],[92.33847,26.70885],[92.33671,26.70941],[92.33519,26.70897],[92.33782,26.71195],[92.3372,26.71809],[92.33393,26.72394],[92.33455,26.72973],[92.33401,26.73337],[92.33054,26.7381],[92.33017,26.73961],[92.33084,26.74166],[92.33316,26.74436],[92.33322,26.7457],[92.3278,26.75052],[92.32912,26.7509],[92.32986,26.75249],[92.32978,26.75364],[92.32799,26.75652],[92.32838,26.75791],[92.33288,26.76037],[92.33491,26.76294],[92.33639,26.76589],[92.33583,26.76673],[92.335,26.76681],[92.33286,26.76492],[92.33166,26.76488],[92.33053,26.76776],[92.32855,26.77026],[92.32864,26.77169],[92.32979,26.77224],[92.33138,26.7722],[92.33564,26.77042],[92.33741,26.77012],[92.33943,26.77036],[92.34026,26.77128],[92.33921,26.77279],[92.33599,26.77393],[92.33473,26.77501],[92.33601,26.77801],[92.33436,26.78091],[92.3342,26.78284],[92.33533,26.78396],[92.33819,26.78522],[92.33893,26.78621],[92.33882,26.78686],[92.33808,26.7877],[92.33394,26.78837],[92.33185,26.78971],[92.33152,26.7909],[92.33433,26.79267],[92.3345,26.79369],[92.33139,26.79691],[92.33099,26.80038],[92.32847,26.80168],[92.32751,26.80309],[92.32764,26.80452],[92.32924,26.80649],[92.33456,26.80829],[92.33489,26.8104],[92.33417,26.81136],[92.33304,26.81169],[92.33012,26.8105],[92.32785,26.81268],[92.33157,26.81497],[92.33408,26.81525],[92.33369,26.81646],[92.33118,26.81889],[92.33087,26.81993],[92.33133,26.82048],[92.334,26.8209],[92.33623,26.82254],[92.33596,26.82364],[92.33474,26.82423],[92.33426,26.82505],[92.33574,26.82868],[92.33273,26.82974],[92.33147,26.83127],[92.33134,26.83287],[92.33319,26.83542],[92.33349,26.83934],[92.33288,26.84205],[92.33547,26.8458],[92.33835,26.84602],[92.33978,26.84694],[92.34022,26.84776],[92.33939,26.85019],[92.33985,26.85105],[92.34286,26.85184],[92.34113,26.85664],[92.3437,26.85831],[92.34507,26.86203],[92.34274,26.86464],[92.34413,26.86742],[92.34296,26.86908],[92.34269,26.87138],[92.34402,26.8731],[92.34284,26.87576],[92.34317,26.87993],[92.34263,26.88265],[92.3437,26.88456],[92.34425,26.88744],[92.34629,26.89038],[92.34726,26.89881],[92.34952,26.90895],[92.3496,26.91185],[92.35292,26.915],[92.35758,26.92588],[92.36194,26.93017],[92.3648,26.93212],[92.3671,26.92868],[92.39833,26.92469],[92.41201,26.94276],[92.42581,26.94104],[92.44747,26.95881],[92.49686,26.96337],[92.50609,26.96295],[92.52,26.96088],[92.55419,26.95744],[92.57933,26.95889],[92.58334,26.95954],[92.58782,26.9611],[92.64462,26.98677],[92.64452,27.00233],[92.64546,27.01357],[92.65422,27.02844],[92.65486,27.03034],[92.6604,27.03854],[92.66588,27.03644],[92.68409,27.03215],[92.71336,27.02657],[92.73825,27.03006],[92.76934,27.03342],[92.78459,27.02948],[92.80575,27.02473]]]}},{"id":"15","type":"Feature","properties":{"state":"ASSAM","state_lgd":"18","district":"DHEMAJI","district_lgd":"308"},"geometry":{"type":"Polygon","coordinates":[[[95.48264,27.83601],[95.47229,27.82717],[95.46701,27.81824],[95.45148,27.80497],[95.44123,27.80064],[95.43616,27.80073],[95.42063,27.78747],[95.41536,27.77853],[95.40501,27.76968],[95.40482,27.76065],[95.39569,27.7505],[95.39221,27.74813],[95.38745,27.74569],[95.35393,27.74267],[95.34268,27.73606],[95.30531,27.69922],[95.30006,27.69755],[95.29597,27.69704],[95.27782,27.70409],[95.27266,27.70081],[95.27236,27.6854],[95.26252,27.67127],[95.25545,27.66384],[95.25049,27.66024],[95.24643,27.65648],[95.2443,27.65703],[95.23515,27.65751],[95.20776,27.6579],[95.20474,27.65827],[95.20248,27.66051],[95.19599,27.66897],[95.1888,27.67651],[95.1888,27.67741],[95.19917,27.6916],[95.20018,27.69399],[95.20026,27.69541],[95.19633,27.70452],[95.19566,27.70489],[95.1913,27.70213],[95.18899,27.7014],[95.18313,27.70117],[95.17634,27.69961],[95.16286,27.69491],[95.16051,27.69491],[95.15716,27.69566],[95.15532,27.69536],[95.14866,27.69293],[95.13954,27.69136],[95.13317,27.6892],[95.11778,27.68587],[95.10958,27.68012],[95.10874,27.679],[95.10523,27.6687],[95.10414,27.66751],[95.10076,27.6647],[95.09297,27.66045],[95.0892,27.66007],[95.07606,27.66358],[95.07107,27.66394],[95.06638,27.66252],[95.05307,27.66274],[95.05014,27.66326],[95.03601,27.66862],[95.02965,27.66511],[95.01671,27.65654],[94.99643,27.65989],[94.99017,27.65617],[94.97642,27.6458],[94.96657,27.63737],[94.95866,27.63185],[94.95586,27.62888],[94.95312,27.62499],[94.94887,27.61375],[94.94736,27.61041],[94.94638,27.60932],[94.94465,27.6087],[94.94099,27.60833],[94.93345,27.60857],[94.92161,27.60352],[94.91835,27.6009],[94.91664,27.59825],[94.91262,27.59479],[94.90827,27.58845],[94.90638,27.58654],[94.90342,27.58503],[94.8943,27.58453],[94.8897,27.58143],[94.87712,27.57073],[94.8746,27.56786],[94.86574,27.56076],[94.86259,27.55908],[94.85247,27.551],[94.84543,27.54418],[94.83996,27.53726],[94.83184,27.52847],[94.83077,27.52655],[94.81492,27.51572],[94.81473,27.51544],[94.81593,27.51516],[94.81901,27.516],[94.82052,27.51578],[94.82079,27.5153],[94.81985,27.5112],[94.81884,27.50934],[94.8133,27.50456],[94.80786,27.49845],[94.80007,27.49295],[94.79676,27.48983],[94.79474,27.48671],[94.79316,27.48282],[94.79151,27.48215],[94.78993,27.48215],[94.77633,27.48461],[94.77395,27.48421],[94.77105,27.4825],[94.77005,27.48116],[94.76891,27.47782],[94.76471,27.47576],[94.75984,27.47045],[94.75737,27.46632],[94.75496,27.45977],[94.75087,27.45576],[94.74955,27.45362],[94.74887,27.45113],[94.74832,27.44282],[94.74727,27.43868],[94.74622,27.43766],[94.74346,27.43648],[94.74009,27.43634],[94.73785,27.43787],[94.7329,27.44318],[94.73166,27.44326],[94.72735,27.43979],[94.72579,27.43745],[94.72481,27.43371],[94.72293,27.43061],[94.71878,27.42746],[94.71661,27.42654],[94.70685,27.42628],[94.70357,27.42565],[94.69485,27.42301],[94.69319,27.42171],[94.68732,27.41389],[94.68638,27.41129],[94.68644,27.407],[94.68722,27.4039],[94.69075,27.39565],[94.69081,27.39348],[94.68445,27.38401],[94.67884,27.38097],[94.67512,27.38002],[94.66931,27.37927],[94.66458,27.37713],[94.66283,27.37464],[94.66221,27.37197],[94.66241,27.37032],[94.66532,27.36867],[94.6659,27.3579],[94.66661,27.355],[94.66639,27.35263],[94.6628,27.34967],[94.65997,27.34812],[94.65344,27.34616],[94.64997,27.34588],[94.64468,27.34361],[94.64208,27.34208],[94.64085,27.34011],[94.63849,27.33821],[94.63726,27.33605],[94.63718,27.33404],[94.63959,27.32766],[94.63816,27.32149],[94.63459,27.32021],[94.6214,27.33331],[94.60742,27.33007],[94.60649,27.32882],[94.60584,27.325],[94.60733,27.3231],[94.61359,27.31928],[94.61365,27.31632],[94.61065,27.30896],[94.61118,27.30788],[94.61373,27.30655],[94.61076,27.30392],[94.60775,27.3002],[94.60646,27.29465],[94.59379,27.27618],[94.58793,27.26964],[94.57934,27.27402],[94.56773,27.27603],[94.56664,27.27699],[94.56642,27.27881],[94.56396,27.2801],[94.55974,27.28049],[94.55858,27.27905],[94.55913,27.27721],[94.55874,27.2766],[94.55332,27.27638],[94.55204,27.27746],[94.55124,27.28276],[94.55075,27.28354],[94.54963,27.28392],[94.54808,27.28364],[94.54603,27.28111],[94.54333,27.2803],[94.54315,27.27505],[94.54261,27.27446],[94.5412,27.27372],[94.53844,27.27341],[94.53637,27.27403],[94.53502,27.27516],[94.53438,27.27739],[94.53627,27.27763],[94.53782,27.28252],[94.543,27.28397],[94.54418,27.28537],[94.54456,27.287],[94.54425,27.28853],[94.54242,27.28992],[94.54197,27.29243],[94.54065,27.29551],[94.53928,27.29626],[94.53755,27.29612],[94.53689,27.29646],[94.54048,27.30188],[94.54116,27.30365],[94.54042,27.30394],[94.54085,27.30447],[94.53802,27.30669],[94.53841,27.30699],[94.53595,27.31072],[94.5393,27.31259],[94.54007,27.31381],[94.54399,27.31679],[94.5416,27.31931],[94.54048,27.31857],[94.53825,27.32113],[94.5378,27.32252],[94.53704,27.32241],[94.53645,27.32287],[94.53534,27.32452],[94.53676,27.32547],[94.53993,27.32612],[94.53975,27.32715],[94.54068,27.32774],[94.54034,27.32937],[94.5427,27.32952],[94.54322,27.33069],[94.54296,27.33133],[94.54105,27.33121],[94.54021,27.3319],[94.53798,27.33084],[94.53616,27.32818],[94.53523,27.32825],[94.53396,27.32715],[94.53097,27.33081],[94.52735,27.32878],[94.5269,27.33031],[94.52505,27.32973],[94.52485,27.33033],[94.52707,27.33252],[94.52909,27.3374],[94.52251,27.33973],[94.51792,27.3435],[94.51798,27.34932],[94.51725,27.35008],[94.51587,27.35026],[94.51442,27.34906],[94.51298,27.34933],[94.5105,27.34783],[94.50922,27.34606],[94.50738,27.34474],[94.50725,27.34348],[94.50884,27.34261],[94.50708,27.34091],[94.50734,27.34054],[94.50869,27.34062],[94.50887,27.33985],[94.50649,27.33888],[94.50611,27.33732],[94.5039,27.33744],[94.50525,27.33567],[94.50454,27.33428],[94.50378,27.33422],[94.50292,27.33515],[94.50092,27.33585],[94.5009,27.33318],[94.49904,27.33403],[94.49674,27.33304],[94.49674,27.33188],[94.49923,27.33114],[94.49829,27.32972],[94.49747,27.32955],[94.49562,27.3306],[94.49484,27.33381],[94.49331,27.33189],[94.49246,27.33179],[94.49148,27.33296],[94.48863,27.33158],[94.48939,27.33475],[94.48907,27.33573],[94.48754,27.33503],[94.48578,27.33129],[94.48394,27.33289],[94.4823,27.33272],[94.4821,27.33205],[94.48375,27.33059],[94.48361,27.32973],[94.48192,27.32957],[94.47996,27.33126],[94.47402,27.32784],[94.47229,27.32923],[94.47089,27.32887],[94.46862,27.32981],[94.46819,27.33212],[94.46653,27.33402],[94.46515,27.33404],[94.46039,27.33231],[94.45932,27.32963],[94.45688,27.3261],[94.45624,27.32188],[94.45565,27.32104],[94.45373,27.32037],[94.45128,27.32116],[94.44948,27.31994],[94.44838,27.32071],[94.44745,27.32296],[94.4459,27.32236],[94.4455,27.32068],[94.44601,27.31868],[94.44571,27.31544],[94.44505,27.31396],[94.44632,27.31224],[94.44643,27.31127],[94.44532,27.30958],[94.44263,27.30846],[94.44048,27.30878],[94.43905,27.3099],[94.44201,27.31427],[94.44215,27.31664],[94.43907,27.317],[94.43708,27.31871],[94.43473,27.31913],[94.43318,27.31923],[94.43103,27.31739],[94.42984,27.31827],[94.42975,27.31974],[94.43162,27.32116],[94.43165,27.32166],[94.43076,27.32278],[94.42851,27.3239],[94.42831,27.32446],[94.42841,27.3253],[94.42984,27.32662],[94.43001,27.32784],[94.42892,27.3287],[94.42609,27.32978],[94.42642,27.33026],[94.42867,27.33004],[94.42909,27.33093],[94.42858,27.33166],[94.42673,27.33102],[94.42723,27.33359],[94.4262,27.33406],[94.42567,27.33511],[94.42689,27.33703],[94.42672,27.33798],[94.42533,27.33787],[94.42444,27.33836],[94.42268,27.33772],[94.42065,27.33621],[94.41984,27.3364],[94.41937,27.33734],[94.41891,27.33727],[94.41755,27.33579],[94.41765,27.33355],[94.4156,27.33319],[94.41433,27.33391],[94.41404,27.33775],[94.4126,27.33855],[94.40667,27.33489],[94.40624,27.33419],[94.40717,27.33137],[94.40681,27.33086],[94.40602,27.33092],[94.40376,27.33268],[94.4033,27.33459],[94.40376,27.3368],[94.40609,27.33879],[94.40624,27.33946],[94.40176,27.34263],[94.3981,27.34449],[94.3948,27.34401],[94.39437,27.34369],[94.39451,27.34113],[94.39405,27.34068],[94.39272,27.34068],[94.39078,27.34266],[94.39072,27.34411],[94.39164,27.34718],[94.39273,27.34812],[94.39001,27.35069],[94.38739,27.34916],[94.38721,27.34759],[94.38625,27.34652],[94.37989,27.34552],[94.37869,27.34447],[94.3778,27.34267],[94.37497,27.34105],[94.36941,27.3411],[94.36655,27.34036],[94.36557,27.34071],[94.36321,27.33959],[94.35587,27.34138],[94.35422,27.3411],[94.34953,27.33866],[94.34695,27.33786],[94.33939,27.3369],[94.33832,27.33584],[94.337,27.32819],[94.33599,27.32659],[94.3314,27.32144],[94.32728,27.31845],[94.32591,27.31803],[94.3229,27.31933],[94.31947,27.31972],[94.30996,27.31842],[94.30688,27.31917],[94.30508,27.32022],[94.30369,27.32218],[94.30177,27.3276],[94.29979,27.33106],[94.29946,27.3328],[94.29976,27.33781],[94.30191,27.34319],[94.30198,27.34454],[94.30145,27.34624],[94.2989,27.3505],[94.29497,27.35454],[94.29221,27.3565],[94.2829,27.35867],[94.27403,27.36335],[94.27178,27.36502],[94.2649,27.37166],[94.26045,27.37418],[94.25221,27.38302],[94.24881,27.38764],[94.24704,27.39199],[94.24715,27.39522],[94.24908,27.39798],[94.25123,27.399],[94.25442,27.39962],[94.26056,27.40039],[94.26371,27.40033],[94.26877,27.39908],[94.27429,27.39233],[94.28335,27.38506],[94.28632,27.38366],[94.29028,27.38343],[94.2925,27.38391],[94.29673,27.38625],[94.30357,27.39376],[94.30531,27.39712],[94.30602,27.41135],[94.30533,27.42073],[94.30552,27.42568],[94.30672,27.4294],[94.30736,27.43463],[94.30586,27.43834],[94.30321,27.44061],[94.29837,27.44347],[94.29425,27.44747],[94.28607,27.45742],[94.27761,27.46671],[94.27761,27.46883],[94.27889,27.47462],[94.27887,27.49532],[94.26932,27.5158],[94.26826,27.52084],[94.26007,27.53151],[94.25815,27.53492],[94.2568,27.54008],[94.25703,27.54255],[94.25884,27.54631],[94.2594,27.54905],[94.25951,27.55239],[94.2587,27.55546],[94.25321,27.5607],[94.24588,27.56947],[94.243,27.56961],[94.24078,27.56945],[94.23844,27.56869],[94.23699,27.56888],[94.22747,27.57317],[94.22573,27.57468],[94.22499,27.57646],[94.22473,27.5835],[94.22205,27.58802],[94.22417,27.59289],[94.2264,27.59536],[94.22637,27.59891],[94.22521,27.59961],[94.22363,27.59961],[94.21932,27.59858],[94.21601,27.60039],[94.21241,27.60143],[94.20976,27.60379],[94.20914,27.60782],[94.21197,27.60783],[94.21636,27.60867],[94.22353,27.6133],[94.2238,27.61445],[94.22556,27.61691],[94.2284,27.61884],[94.22948,27.62215],[94.23171,27.62588],[94.23259,27.62648],[94.23495,27.62695],[94.23368,27.629],[94.23384,27.62965],[94.23557,27.6316],[94.23807,27.6331],[94.24654,27.633],[94.24778,27.63379],[94.2513,27.63785],[94.25274,27.6365],[94.25425,27.63586],[94.25811,27.63549],[94.26154,27.63608],[94.26384,27.63209],[94.26725,27.6297],[94.26647,27.62617],[94.26542,27.62442],[94.26294,27.62447],[94.26041,27.62208],[94.26135,27.61969],[94.26078,27.61831],[94.25452,27.616],[94.2541,27.61444],[94.25624,27.61072],[94.26061,27.60954],[94.26707,27.60506],[94.2683,27.60455],[94.27039,27.60471],[94.27232,27.60315],[94.27449,27.60004],[94.27344,27.59607],[94.27365,27.59518],[94.27724,27.58965],[94.27914,27.58941],[94.28324,27.59027],[94.28561,27.58898],[94.28814,27.58947],[94.28877,27.5907],[94.28901,27.59454],[94.28969,27.59637],[94.29245,27.59788],[94.29593,27.60166],[94.2981,27.60215],[94.30166,27.60123],[94.30332,27.59756],[94.30455,27.59643],[94.30682,27.59549],[94.30817,27.59165],[94.3091,27.59099],[94.31577,27.58957],[94.3191,27.5896],[94.32262,27.58885],[94.32416,27.58483],[94.32861,27.58636],[94.33267,27.58716],[94.33344,27.58678],[94.33499,27.58418],[94.33681,27.5794],[94.33808,27.58143],[94.34477,27.58235],[94.34766,27.57883],[94.35052,27.57733],[94.35898,27.57714],[94.36042,27.57609],[94.36256,27.57636],[94.36385,27.57456],[94.36973,27.57497],[94.37635,27.58259],[94.37911,27.58147],[94.38174,27.58181],[94.38545,27.58422],[94.38843,27.58501],[94.38985,27.58643],[94.39086,27.58854],[94.39223,27.58924],[94.39356,27.58901],[94.40026,27.58526],[94.40145,27.58519],[94.40572,27.58727],[94.4106,27.592],[94.41528,27.59585],[94.41697,27.59655],[94.4183,27.59773],[94.43153,27.60055],[94.43207,27.60018],[94.43155,27.59184],[94.43318,27.58864],[94.43944,27.58144],[94.45117,27.57198],[94.45479,27.56682],[94.45514,27.56239],[94.45628,27.56005],[94.45875,27.55742],[94.46158,27.55546],[94.46314,27.55632],[94.46775,27.56137],[94.47765,27.57636],[94.49498,27.57407],[94.49799,27.57245],[94.49873,27.57248],[94.50005,27.57332],[94.50154,27.57679],[94.50213,27.57717],[94.50411,27.57756],[94.50718,27.57944],[94.51306,27.57992],[94.51519,27.58073],[94.51902,27.58422],[94.52122,27.5848],[94.52111,27.58739],[94.52245,27.58804],[94.52185,27.59164],[94.5258,27.59129],[94.52942,27.59161],[94.53084,27.59257],[94.53202,27.5945],[94.5343,27.5929],[94.53574,27.59275],[94.54253,27.59977],[94.54475,27.60112],[94.55172,27.60075],[94.55517,27.60112],[94.56112,27.60462],[94.56245,27.60498],[94.5656,27.60329],[94.56849,27.60264],[94.57092,27.60276],[94.5739,27.60407],[94.5762,27.60562],[94.57744,27.60714],[94.57971,27.61234],[94.58309,27.6148],[94.5868,27.61874],[94.59095,27.61896],[94.5943,27.61997],[94.59923,27.6188],[94.60083,27.61943],[94.60275,27.62132],[94.60509,27.61952],[94.60631,27.61932],[94.60954,27.62064],[94.6132,27.62389],[94.61409,27.62431],[94.61808,27.62396],[94.61959,27.62469],[94.62176,27.62698],[94.62332,27.62766],[94.62435,27.62747],[94.62917,27.62458],[94.63245,27.6243],[94.63717,27.62628],[94.64333,27.63136],[94.64524,27.63401],[94.64627,27.63786],[94.64744,27.63878],[94.65725,27.64205],[94.66263,27.64596],[94.66466,27.64658],[94.66963,27.64672],[94.67148,27.64762],[94.67275,27.64769],[94.67897,27.64578],[94.6826,27.64664],[94.68412,27.64848],[94.68562,27.64928],[94.68639,27.65079],[94.68622,27.65264],[94.68421,27.65634],[94.68346,27.65944],[94.68422,27.66206],[94.68754,27.66568],[94.68946,27.66537],[94.68956,27.6631],[94.69041,27.66219],[94.69426,27.66249],[94.6993,27.66209],[94.70218,27.66119],[94.70803,27.6576],[94.70966,27.65703],[94.71355,27.65704],[94.71658,27.65803],[94.71793,27.65963],[94.71992,27.6663],[94.72126,27.66749],[94.72335,27.6677],[94.72498,27.66923],[94.72642,27.66644],[94.7286,27.66468],[94.73157,27.66364],[94.73557,27.66352],[94.74016,27.66055],[94.74344,27.65951],[94.75415,27.66078],[94.75545,27.6619],[94.7586,27.66274],[94.76286,27.6678],[94.76307,27.67072],[94.76465,27.67202],[94.76551,27.67452],[94.76826,27.67639],[94.76934,27.67948],[94.7785,27.67993],[94.77997,27.68044],[94.78385,27.68379],[94.78697,27.68433],[94.78889,27.68541],[94.79177,27.68823],[94.79259,27.69406],[94.79357,27.69541],[94.79682,27.69586],[94.79992,27.6945],[94.8046,27.69409],[94.80732,27.69244],[94.80926,27.69237],[94.81253,27.69317],[94.81709,27.69206],[94.81968,27.69214],[94.82645,27.6957],[94.82987,27.69542],[94.84203,27.70143],[94.84491,27.70485],[94.84821,27.70634],[94.84858,27.71665],[94.8503,27.72063],[94.85103,27.7247],[94.8522,27.72744],[94.92352,27.75064],[94.92797,27.75157],[94.99238,27.77062],[94.99644,27.7725],[95.03319,27.78413],[95.2087,27.838],[95.22155,27.84117],[95.25,27.85064],[95.30682,27.86736],[95.3086,27.86826],[95.37941,27.83943],[95.49109,27.8734],[95.51473,27.87981],[95.51466,27.86817],[95.51532,27.85961],[95.50596,27.85855],[95.49651,27.8581],[95.49331,27.85839],[95.48813,27.85397],[95.48793,27.84495],[95.48264,27.83601]]]}},{"id":"16","type":"Feature","properties":{"state":"ASSAM","state_lgd":"18","district":"CHARAIDEO","district_lgd":"704"},"geometry":{"type":"Polygon","coordinates":[[[95.28721,27.19735],[95.29126,27.19533],[95.29352,27.19517],[95.29728,27.19574],[95.29964,27.19488],[95.30311,27.19526],[95.30359,27.19456],[95.30197,27.19158],[95.30227,27.19067],[95.30617,27.19072],[95.30813,27.18999],[95.31047,27.18838],[95.31119,27.18687],[95.31395,27.18373],[95.31629,27.18691],[95.31816,27.18719],[95.31967,27.18819],[95.32193,27.18784],[95.32282,27.18728],[95.32519,27.18819],[95.32832,27.18738],[95.33292,27.18739],[95.33746,27.18424],[95.34233,27.18335],[95.34402,27.18211],[95.34565,27.17541],[95.34728,27.1728],[95.34884,27.17164],[95.35137,27.17181],[95.35427,27.16935],[95.35723,27.16776],[95.35922,27.16507],[95.35898,27.15469],[95.36043,27.15193],[95.36532,27.14525],[95.36716,27.13737],[95.36547,27.13124],[95.36441,27.13005],[95.36176,27.12846],[95.36143,27.1277],[95.36321,27.12635],[95.36342,27.12564],[95.36351,27.12159],[95.36481,27.11918],[95.36495,27.1158],[95.36541,27.11539],[95.36993,27.11505],[95.37165,27.11403],[95.37198,27.11273],[95.3684,27.10721],[95.36676,27.10799],[95.3649,27.10818],[95.35476,27.10391],[95.34549,27.09766],[95.33838,27.09388],[95.32927,27.08766],[95.32278,27.08546],[95.31681,27.08281],[95.31524,27.08124],[95.31162,27.07951],[95.30342,27.07291],[95.30191,27.07248],[95.30004,27.07005],[95.29878,27.06945],[95.29733,27.06945],[95.29183,27.06649],[95.28946,27.06387],[95.2853,27.06105],[95.28306,27.05838],[95.28175,27.05787],[95.28024,27.05619],[95.27807,27.05489],[95.27632,27.05219],[95.27524,27.04997],[95.27566,27.04927],[95.27675,27.05003],[95.27768,27.04832],[95.27585,27.04408],[95.27743,27.04297],[95.27713,27.04238],[95.2755,27.04173],[95.27158,27.04118],[95.27007,27.03989],[95.2687,27.03964],[95.26718,27.0374],[95.26339,27.03507],[95.26233,27.03478],[95.26096,27.0359],[95.26007,27.03555],[95.25844,27.03382],[95.25835,27.03292],[95.25935,27.03198],[95.25899,27.03027],[95.25657,27.03041],[95.25394,27.0285],[95.25376,27.02786],[95.25,27.0264],[95.24636,27.02409],[95.24544,27.02583],[95.2436,27.02599],[95.24316,27.02812],[95.24158,27.02949],[95.23951,27.03541],[95.23951,27.03663],[95.23825,27.0378],[95.2343,27.03754],[95.23289,27.03834],[95.23243,27.03904],[95.2331,27.04169],[95.2321,27.04333],[95.23032,27.04276],[95.2292,27.04172],[95.23084,27.0398],[95.2306,27.039],[95.22849,27.03819],[95.22813,27.03765],[95.22887,27.03552],[95.22625,27.03537],[95.22461,27.0369],[95.22185,27.03644],[95.22148,27.03583],[95.2218,27.03448],[95.2183,27.03292],[95.21669,27.03142],[95.21444,27.03151],[95.21361,27.03054],[95.21052,27.02979],[95.20931,27.02976],[95.20882,27.03031],[95.20876,27.0323],[95.20724,27.03259],[95.2063,27.03168],[95.20551,27.03202],[95.20562,27.03485],[95.20424,27.03733],[95.20293,27.03736],[95.20197,27.03689],[95.20061,27.03746],[95.19736,27.03724],[95.19531,27.03543],[95.19582,27.03269],[95.19374,27.03222],[95.19265,27.03282],[95.19403,27.03399],[95.19423,27.03495],[95.19242,27.03562],[95.19165,27.03426],[95.18438,27.02777],[95.16878,27.01449],[95.15162,27.00092],[95.15018,26.99924],[95.14476,26.99585],[95.1388,26.99485],[95.12421,26.98544],[95.11666,26.98213],[95.11196,26.98066],[95.10837,26.97694],[95.10792,26.97594],[95.10677,26.96719],[95.10608,26.96549],[95.10181,26.96179],[95.08806,26.95318],[95.08096,26.9501],[95.07652,26.9493],[95.07067,26.94912],[95.06425,26.94708],[95.05987,26.94513],[95.05705,26.94242],[95.04969,26.93876],[95.04696,26.93822],[95.04408,26.93874],[95.04175,26.93818],[95.04026,26.93694],[95.03413,26.9356],[95.03176,26.93299],[95.02391,26.92853],[95.02212,26.92581],[95.01476,26.92203],[95.00467,26.92115],[95.00186,26.9198],[94.99955,26.91971],[94.99315,26.92111],[94.99129,26.92081],[94.99052,26.9197],[94.9898,26.9141],[94.98231,26.91311],[94.9765,26.92128],[94.96909,26.92236],[94.96777,26.92295],[94.96676,26.92423],[94.9646,26.93132],[94.96153,26.93677],[94.96056,26.93738],[94.9575,26.93748],[94.9555,26.9401],[94.95324,26.93761],[94.95044,26.93769],[94.94604,26.93539],[94.94186,26.93531],[94.94026,26.93356],[94.93835,26.93368],[94.93548,26.93274],[94.93085,26.93256],[94.93041,26.935],[94.93085,26.9369],[94.93029,26.93737],[94.92888,26.93728],[94.92561,26.94079],[94.92465,26.94299],[94.92422,26.94585],[94.92248,26.94933],[94.92299,26.95147],[94.92606,26.95009],[94.92634,26.95209],[94.92748,26.95193],[94.92816,26.95282],[94.92782,26.95355],[94.92578,26.95434],[94.92582,26.95566],[94.92806,26.9551],[94.92881,26.954],[94.92953,26.954],[94.93021,26.95519],[94.92865,26.95626],[94.92832,26.95755],[94.92999,26.95714],[94.93097,26.95623],[94.93152,26.95668],[94.93165,26.95932],[94.93429,26.95828],[94.93649,26.95826],[94.93649,26.95989],[94.93503,26.96059],[94.93515,26.96149],[94.93604,26.96116],[94.93777,26.95878],[94.93827,26.96046],[94.93759,26.96181],[94.9387,26.96243],[94.93983,26.96235],[94.94152,26.96425],[94.94144,26.96468],[94.94069,26.96483],[94.93861,26.96393],[94.93827,26.9646],[94.93874,26.96605],[94.9406,26.96728],[94.94058,26.9683],[94.94182,26.97073],[94.94111,26.97101],[94.93983,26.97026],[94.93892,26.97028],[94.93797,26.97286],[94.9355,26.9739],[94.93445,26.9761],[94.9345,26.97674],[94.93505,26.97691],[94.93653,26.97622],[94.93819,26.97626],[94.93911,26.97738],[94.93721,26.97789],[94.93751,26.9785],[94.93941,26.97923],[94.94123,26.97871],[94.94196,26.97909],[94.94175,26.97959],[94.9395,26.98023],[94.93681,26.98232],[94.93549,26.98274],[94.93752,26.98576],[94.93778,26.9888],[94.93595,26.98915],[94.93737,26.99118],[94.93608,26.99085],[94.93379,26.98898],[94.93039,26.98707],[94.91904,26.98167],[94.89038,26.96055],[94.86125,26.94559],[94.85312,26.93877],[94.85214,26.93741],[94.85059,26.93293],[94.8497,26.93201],[94.8104,26.92544],[94.79951,26.9244],[94.79236,26.92423],[94.79524,26.93441],[94.80353,26.95028],[94.81686,26.9679],[94.82428,26.98635],[94.83034,26.99458],[94.84798,27.00876],[94.85038,27.0101],[94.86145,27.01593],[94.86916,27.01936],[94.88298,27.0243],[94.8897,27.02719],[94.90553,27.03564],[94.90267,27.0356],[94.89768,27.0373],[94.89342,27.03797],[94.89119,27.03917],[94.89007,27.04096],[94.89004,27.04286],[94.89235,27.04452],[94.89539,27.04474],[94.89598,27.04523],[94.89566,27.0463],[94.88634,27.04623],[94.88273,27.04172],[94.88176,27.03948],[94.88167,27.03804],[94.88258,27.03487],[94.88151,27.03345],[94.87903,27.03308],[94.87702,27.03362],[94.87477,27.03526],[94.87268,27.03804],[94.87143,27.03869],[94.8701,27.03868],[94.86813,27.03749],[94.86637,27.03351],[94.86739,27.02823],[94.86707,27.02741],[94.86638,27.02752],[94.86301,27.03049],[94.86185,27.03063],[94.86029,27.03053],[94.85849,27.02968],[94.85225,27.02823],[94.8436,27.02201],[94.84199,27.01903],[94.84144,27.01632],[94.8407,27.016],[94.83803,27.01669],[94.83359,27.01994],[94.83171,27.0195],[94.83142,27.01834],[94.82949,27.01993],[94.82754,27.02384],[94.8281,27.02771],[94.8275,27.04242],[94.82686,27.04466],[94.82399,27.05042],[94.82419,27.05436],[94.82587,27.06301],[94.833,27.0756],[94.83375,27.08628],[94.8363,27.08835],[94.83655,27.09112],[94.83783,27.09373],[94.83716,27.09833],[94.85466,27.11889],[94.87519,27.14405],[94.89139,27.16216],[94.95603,27.21935],[94.96799,27.22709],[94.97179,27.21917],[94.97222,27.21721],[94.97272,27.20764],[94.974,27.20435],[94.97366,27.20032],[94.97602,27.19347],[94.97577,27.18292],[94.97903,27.18241],[94.97926,27.17891],[94.98146,27.17731],[94.98446,27.16845],[94.98282,27.16756],[94.98108,27.16841],[94.98047,27.1683],[94.98022,27.1668],[94.97896,27.16486],[94.97883,27.16428],[94.981,27.16066],[94.98314,27.15835],[94.98342,27.15635],[94.98252,27.15475],[94.97728,27.14883],[94.97772,27.14803],[94.98898,27.14629],[94.99574,27.14616],[95.01309,27.14873],[95.01638,27.1499],[95.03238,27.14739],[95.03626,27.1532],[95.04118,27.15436],[95.04898,27.1554],[95.05454,27.14868],[95.06133,27.13687],[95.06399,27.13772],[95.06509,27.13573],[95.06952,27.13654],[95.07308,27.13647],[95.08518,27.13465],[95.08698,27.13537],[95.09972,27.13315],[95.10078,27.1383],[95.10792,27.13586],[95.11266,27.13645],[95.11329,27.13577],[95.11215,27.13206],[95.11226,27.1306],[95.11318,27.12835],[95.11496,27.12726],[95.11604,27.12796],[95.11464,27.13035],[95.1143,27.13235],[95.11472,27.13415],[95.11618,27.13617],[95.11718,27.1363],[95.11775,27.13579],[95.11904,27.13215],[95.12012,27.13092],[95.1215,27.13021],[95.12384,27.13035],[95.12521,27.13116],[95.12592,27.13496],[95.12679,27.13669],[95.12871,27.13849],[95.13047,27.13907],[95.13135,27.13832],[95.13112,27.13462],[95.13198,27.1338],[95.13266,27.1343],[95.13288,27.13733],[95.13453,27.13865],[95.13682,27.13852],[95.14096,27.13696],[95.14378,27.13755],[95.14558,27.13726],[95.14796,27.13507],[95.14849,27.13052],[95.15003,27.12833],[95.15125,27.12531],[95.15276,27.12426],[95.15403,27.1247],[95.15417,27.12544],[95.1512,27.1286],[95.15055,27.1303],[95.15063,27.1317],[95.15194,27.13452],[95.15488,27.13657],[95.15568,27.1365],[95.15624,27.13569],[95.15718,27.13039],[95.15815,27.12887],[95.16032,27.1278],[95.1629,27.12817],[95.16381,27.12856],[95.16404,27.12919],[95.16017,27.13285],[95.15966,27.1347],[95.16036,27.13482],[95.16268,27.13233],[95.16339,27.13216],[95.16398,27.13258],[95.16409,27.1356],[95.16462,27.13631],[95.16981,27.13729],[95.17009,27.13855],[95.1688,27.14253],[95.16891,27.14343],[95.17033,27.14507],[95.17305,27.14682],[95.17417,27.14655],[95.17436,27.14528],[95.17219,27.14136],[95.17209,27.13946],[95.17275,27.13833],[95.17406,27.13851],[95.17622,27.14088],[95.17975,27.14198],[95.17997,27.1426],[95.1795,27.14331],[95.17704,27.14428],[95.17651,27.14496],[95.1788,27.15004],[95.18013,27.15099],[95.18465,27.15122],[95.18623,27.15191],[95.1857,27.15289],[95.18354,27.15363],[95.18192,27.15589],[95.18267,27.16213],[95.18348,27.16316],[95.18498,27.16294],[95.18917,27.15968],[95.19253,27.16051],[95.19404,27.16033],[95.19393,27.15904],[95.18961,27.15791],[95.18921,27.15745],[95.19023,27.15668],[95.19486,27.15527],[95.19878,27.15888],[95.19885,27.16002],[95.19758,27.16226],[95.19805,27.16346],[95.19983,27.16369],[95.20872,27.16251],[95.21276,27.16608],[95.21345,27.16741],[95.21382,27.17036],[95.21268,27.17031],[95.21039,27.16863],[95.20961,27.16955],[95.21025,27.17338],[95.21107,27.17435],[95.21192,27.17436],[95.21442,27.17182],[95.21895,27.17062],[95.21916,27.16937],[95.21605,27.16841],[95.21597,27.16761],[95.21693,27.16641],[95.21973,27.1652],[95.22515,27.16759],[95.22653,27.17242],[95.2277,27.17346],[95.22996,27.17349],[95.23189,27.17284],[95.2357,27.16972],[95.23838,27.17026],[95.23895,27.17129],[95.2384,27.17214],[95.23444,27.17479],[95.23288,27.17645],[95.23212,27.17829],[95.23216,27.17963],[95.23284,27.18093],[95.23405,27.18124],[95.23632,27.17989],[95.23768,27.17982],[95.2416,27.18328],[95.2416,27.18437],[95.24034,27.18598],[95.2369,27.18843],[95.23659,27.18922],[95.23702,27.18983],[95.23905,27.19002],[95.24417,27.18921],[95.24483,27.18988],[95.24491,27.1914],[95.25,27.19121],[95.25448,27.19324],[95.25506,27.19302],[95.25597,27.19141],[95.25668,27.18547],[95.25765,27.1842],[95.25859,27.1852],[95.25882,27.1899],[95.25843,27.19139],[95.25888,27.19209],[95.25979,27.19195],[95.26197,27.18939],[95.26502,27.18685],[95.26584,27.18664],[95.26641,27.18685],[95.26677,27.18777],[95.26504,27.18963],[95.26486,27.19076],[95.26796,27.19368],[95.2693,27.19287],[95.27044,27.1909],[95.27285,27.1884],[95.27345,27.18832],[95.27611,27.19007],[95.27865,27.1887],[95.27943,27.18956],[95.2806,27.19426],[95.28145,27.19438],[95.28523,27.19273],[95.28613,27.19316],[95.28592,27.1941],[95.28299,27.19645],[95.28272,27.19729],[95.28396,27.19759],[95.28721,27.19735]]]}},{"id":"17","type":"Feature","properties":{"state":"ASSAM","state_lgd":"18","district":"TINSUKIA","district_lgd":"309"},"geometry":{"type":"Polygon","coordinates":[[[95.97076,27.96302],[95.97142,27.96238],[95.96906,27.95984],[95.96533,27.95451],[95.96471,27.95178],[95.96154,27.94941],[95.95398,27.9415],[95.9511,27.94036],[95.94743,27.93772],[95.94653,27.93439],[95.94732,27.9324],[95.94822,27.93163],[95.94989,27.93117],[95.95276,27.93152],[95.95407,27.93119],[95.95363,27.93013],[95.95032,27.92728],[95.94798,27.92438],[95.94867,27.92333],[95.95201,27.9213],[95.95226,27.92031],[95.94692,27.91777],[95.94507,27.91542],[95.94407,27.91206],[95.94236,27.91048],[95.94102,27.91068],[95.93845,27.91292],[95.938,27.91285],[95.9348,27.90821],[95.9359,27.90726],[95.94063,27.90684],[95.94072,27.90593],[95.93996,27.90519],[95.93492,27.9036],[95.93052,27.90365],[95.92953,27.90311],[95.92938,27.90232],[95.9306,27.90078],[95.93666,27.89952],[95.93785,27.89865],[95.93775,27.8982],[95.93234,27.89719],[95.9298,27.89565],[95.92846,27.89537],[95.92753,27.89571],[95.9275,27.89869],[95.92634,27.89907],[95.925,27.89779],[95.92564,27.89525],[95.92454,27.89516],[95.92161,27.89618],[95.92005,27.89598],[95.91923,27.89504],[95.91942,27.89298],[95.92273,27.88957],[95.92319,27.88866],[95.92293,27.88804],[95.92159,27.88773],[95.91735,27.8903],[95.91587,27.88949],[95.91542,27.88758],[95.91588,27.88588],[95.91764,27.88489],[95.92027,27.88493],[95.92145,27.88358],[95.92497,27.88242],[95.92484,27.88186],[95.9192,27.88067],[95.91605,27.88391],[95.91477,27.88374],[95.915,27.88199],[95.9169,27.8806],[95.91452,27.87842],[95.91491,27.87675],[95.91072,27.87365],[95.91059,27.87117],[95.90971,27.87113],[95.90854,27.87202],[95.90696,27.87101],[95.90858,27.8695],[95.90736,27.86706],[95.9063,27.86673],[95.90335,27.86957],[95.9024,27.86953],[95.90174,27.86895],[95.90251,27.86598],[95.90482,27.86376],[95.90494,27.86307],[95.90164,27.86286],[95.89994,27.86232],[95.89525,27.86259],[95.8943,27.86168],[95.89542,27.85973],[95.8955,27.85865],[95.89458,27.8582],[95.89163,27.86014],[95.89008,27.85998],[95.89163,27.8575],[95.89161,27.85677],[95.88784,27.85646],[95.88801,27.85488],[95.88668,27.85271],[95.88626,27.84986],[95.88464,27.84733],[95.87053,27.83318],[95.86897,27.83251],[95.86325,27.83157],[95.86002,27.8306],[95.85432,27.83026],[95.84605,27.82666],[95.83749,27.82396],[95.83764,27.80959],[95.83593,27.80912],[95.82834,27.80896],[95.82571,27.80831],[95.81767,27.80374],[95.81301,27.7994],[95.81077,27.79658],[95.80993,27.79113],[95.80889,27.78936],[95.80433,27.78579],[95.80277,27.78397],[95.80208,27.78134],[95.80191,27.77717],[95.80007,27.77416],[95.79382,27.76896],[95.78923,27.76269],[95.78611,27.75944],[95.78173,27.75642],[95.77774,27.75517],[95.77545,27.75394],[95.77534,27.7512],[95.77793,27.74525],[95.77767,27.74405],[95.7786,27.74054],[95.78055,27.73692],[95.78028,27.73521],[95.77938,27.73371],[95.77488,27.73115],[95.76844,27.73209],[95.76615,27.73162],[95.76425,27.73022],[95.76349,27.72555],[95.76261,27.72532],[95.76004,27.72599],[95.75467,27.72518],[95.75263,27.72386],[95.75133,27.72145],[95.75211,27.71991],[95.75505,27.71805],[95.75533,27.71679],[95.75858,27.71246],[95.76093,27.71176],[95.76771,27.70546],[95.76816,27.70331],[95.76614,27.70105],[95.76606,27.70002],[95.76377,27.6968],[95.76412,27.69541],[95.76367,27.69422],[95.7647,27.69294],[95.76482,27.69137],[95.76645,27.68975],[95.76721,27.68757],[95.76943,27.6866],[95.77331,27.68577],[95.77509,27.68649],[95.77692,27.68661],[95.77918,27.68786],[95.78106,27.6872],[95.78351,27.68798],[95.78412,27.6864],[95.7866,27.68482],[95.78798,27.68196],[95.78785,27.67965],[95.78711,27.67917],[95.78494,27.67874],[95.78173,27.6791],[95.77864,27.67762],[95.77512,27.67483],[95.77347,27.67184],[95.77374,27.66874],[95.77275,27.66523],[95.77357,27.66226],[95.77105,27.65855],[95.77291,27.65493],[95.77302,27.65337],[95.77474,27.65102],[95.77649,27.65037],[95.7781,27.65093],[95.77803,27.65006],[95.77974,27.64965],[95.77988,27.64844],[95.7817,27.64728],[95.7822,27.648],[95.78281,27.64729],[95.78414,27.6472],[95.78449,27.64829],[95.78592,27.64736],[95.78677,27.64776],[95.78673,27.6467],[95.78758,27.64605],[95.78743,27.64489],[95.79037,27.64558],[95.79613,27.64055],[95.79547,27.63914],[95.79585,27.63786],[95.79536,27.63786],[95.79519,27.63849],[95.79403,27.63927],[95.79317,27.63808],[95.79051,27.63751],[95.78933,27.63515],[95.78811,27.63521],[95.78715,27.6336],[95.7889,27.63017],[95.7887,27.62829],[95.78999,27.6277],[95.78897,27.62711],[95.78923,27.62648],[95.78887,27.62614],[95.78779,27.62576],[95.78597,27.62592],[95.78349,27.62502],[95.78167,27.62561],[95.78048,27.62482],[95.77817,27.62482],[95.77836,27.61956],[95.77959,27.61736],[95.78127,27.61649],[95.7847,27.61599],[95.78785,27.61459],[95.79016,27.61153],[95.78941,27.60543],[95.7897,27.60248],[95.79062,27.60021],[95.7932,27.59826],[95.79433,27.59873],[95.79524,27.59837],[95.79613,27.59911],[95.8004,27.60018],[95.80136,27.6009],[95.80282,27.60048],[95.80361,27.60131],[95.8052,27.60127],[95.80782,27.60042],[95.8097,27.60056],[95.81057,27.60007],[95.81339,27.60014],[95.81549,27.5992],[95.8183,27.59693],[95.81844,27.59627],[95.81732,27.59403],[95.81377,27.5906],[95.81339,27.58957],[95.81372,27.58709],[95.81201,27.5844],[95.81221,27.58089],[95.81326,27.57767],[95.81452,27.57627],[95.81441,27.57408],[95.81518,27.57452],[95.81644,27.57365],[95.819,27.57352],[95.81927,27.57417],[95.81875,27.57505],[95.81927,27.57558],[95.82057,27.57458],[95.82359,27.5744],[95.82479,27.57178],[95.82555,27.5716],[95.82608,27.57075],[95.82678,27.57091],[95.82829,27.5677],[95.82989,27.56603],[95.83122,27.5617],[95.83192,27.56145],[95.83206,27.56032],[95.83356,27.55875],[95.83464,27.55862],[95.83583,27.55984],[95.83939,27.5606],[95.84089,27.56256],[95.84135,27.56255],[95.84941,27.55579],[95.85238,27.55456],[95.85331,27.55073],[95.85534,27.54845],[95.8564,27.54869],[95.85706,27.54521],[95.85919,27.54347],[95.86073,27.54369],[95.86132,27.54306],[95.86195,27.54306],[95.86244,27.54521],[95.86335,27.54615],[95.86671,27.54503],[95.86878,27.5459],[95.87267,27.54612],[95.87329,27.5468],[95.87337,27.54789],[95.87392,27.54815],[95.87664,27.54503],[95.87715,27.52481],[95.87867,27.51918],[95.87766,27.5177],[95.8778,27.51634],[95.87593,27.51278],[95.8792,27.50527],[95.8855,27.50077],[95.88671,27.49735],[95.88452,27.49651],[95.8826,27.49732],[95.87988,27.4973],[95.87415,27.49351],[95.87364,27.49278],[95.87279,27.49105],[95.87301,27.48542],[95.87267,27.48427],[95.87374,27.48143],[95.87139,27.47637],[95.87156,27.47105],[95.87038,27.46658],[95.86844,27.46564],[95.86501,27.46618],[95.86277,27.4654],[95.85948,27.46228],[95.85667,27.46222],[95.85594,27.4614],[95.85564,27.45952],[95.85434,27.45908],[95.85304,27.45759],[95.85378,27.45171],[95.85639,27.44774],[95.85651,27.44575],[95.85547,27.44404],[95.85392,27.44408],[95.8517,27.44256],[95.85086,27.44287],[95.84887,27.44216],[95.84815,27.43987],[95.84641,27.43893],[95.84705,27.43694],[95.84478,27.43409],[95.84511,27.43241],[95.84327,27.43135],[95.84214,27.42863],[95.84226,27.4262],[95.84431,27.42182],[95.8468,27.41952],[95.84987,27.41808],[95.85063,27.41677],[95.85264,27.41246],[95.85249,27.41184],[95.85103,27.41093],[95.85488,27.41081],[95.8576,27.40997],[95.86245,27.41013],[95.86175,27.41267],[95.85758,27.41507],[95.85627,27.41712],[95.85664,27.42024],[95.85717,27.42101],[95.85923,27.42239],[95.86328,27.42291],[95.86454,27.42471],[95.86823,27.42517],[95.87074,27.42662],[95.87168,27.42962],[95.87552,27.43506],[95.87867,27.43658],[95.8833,27.43533],[95.88417,27.43403],[95.88377,27.43188],[95.88314,27.42984],[95.88188,27.42803],[95.88089,27.42385],[95.88125,27.41992],[95.88206,27.41778],[95.88056,27.4143],[95.8808,27.41385],[95.88377,27.41389],[95.8864,27.41299],[95.88717,27.41128],[95.88752,27.40761],[95.88684,27.40518],[95.88601,27.40414],[95.88376,27.40264],[95.87926,27.40173],[95.87903,27.40092],[95.8797,27.39883],[95.88075,27.39774],[95.88206,27.39715],[95.88389,27.39706],[95.89012,27.40091],[95.89235,27.4033],[95.8951,27.40875],[95.89891,27.41389],[95.89923,27.4167],[95.89847,27.4197],[95.89943,27.42231],[95.90389,27.42854],[95.90696,27.4311],[95.91124,27.4333],[95.91816,27.43497],[95.92001,27.43634],[95.92119,27.43918],[95.92432,27.44026],[95.92775,27.4399],[95.93309,27.43636],[95.93591,27.43554],[95.93849,27.43617],[95.93959,27.43791],[95.94116,27.43756],[95.94546,27.43551],[95.9473,27.43326],[95.94732,27.43075],[95.94492,27.4279],[95.94851,27.42569],[95.95047,27.42503],[95.95406,27.42029],[95.95413,27.42262],[95.95676,27.42797],[95.95838,27.42929],[95.96034,27.42994],[95.96275,27.42894],[95.96329,27.42759],[95.96213,27.42393],[95.96165,27.41828],[95.96228,27.41763],[95.96442,27.41832],[95.96556,27.41939],[95.96489,27.42151],[95.96508,27.42676],[95.96678,27.42813],[95.96921,27.42816],[95.97028,27.42656],[95.96947,27.42377],[95.97061,27.42276],[95.97185,27.42278],[95.97394,27.42196],[95.97525,27.41966],[95.975,27.41773],[95.97333,27.41704],[95.97064,27.4171],[95.96981,27.41621],[95.97007,27.41518],[95.97134,27.41431],[95.97282,27.41223],[95.97388,27.41168],[95.97963,27.41261],[95.98315,27.41211],[95.98422,27.40991],[95.9835,27.40654],[95.98441,27.40472],[95.98834,27.40404],[95.99228,27.39986],[95.99334,27.39667],[95.99734,27.39444],[95.99773,27.39295],[95.99715,27.38626],[95.9983,27.38465],[96.00367,27.38113],[96.00425,27.37807],[96.00381,27.37408],[96.0092,27.37072],[96.01001,27.36956],[96.00996,27.36713],[96.01191,27.36607],[96.01287,27.36431],[96.01456,27.36385],[96.01728,27.36399],[96.01796,27.3636],[96.01794,27.36298],[96.01671,27.36205],[96.01499,27.36168],[96.01438,27.36084],[96.01277,27.36008],[96.01206,27.35885],[96.00999,27.35878],[96.00919,27.35727],[96.00846,27.35708],[96.00278,27.3583],[95.99937,27.35665],[95.99706,27.35764],[95.99299,27.3582],[95.98906,27.35677],[95.98837,27.35478],[95.9887,27.35271],[95.9866,27.34835],[95.98708,27.34685],[95.98688,27.34561],[95.97654,27.33738],[95.97158,27.33655],[95.97093,27.33547],[95.97101,27.33282],[95.96529,27.32788],[95.96604,27.32595],[95.96772,27.32567],[95.97209,27.32744],[95.97584,27.32514],[95.97556,27.32446],[95.96912,27.32241],[95.96276,27.32314],[95.96131,27.32148],[95.96263,27.31928],[95.96191,27.31689],[95.96103,27.31644],[95.95912,27.31661],[95.95635,27.31809],[95.95505,27.31768],[95.95495,27.31608],[95.95609,27.31459],[95.95656,27.31257],[95.95987,27.31179],[95.96004,27.31095],[95.95844,27.31015],[95.95343,27.30892],[95.95169,27.30763],[95.95001,27.3055],[95.94663,27.30379],[95.94407,27.30485],[95.94172,27.30523],[95.94078,27.30479],[95.93931,27.30231],[95.93756,27.30082],[95.93012,27.30028],[95.92797,27.29824],[95.92432,27.29686],[95.92218,27.29459],[95.91958,27.29331],[95.91799,27.29134],[95.91637,27.29203],[95.91478,27.29201],[95.91338,27.28914],[95.91093,27.289],[95.90873,27.2896],[95.90717,27.28897],[95.90655,27.2859],[95.9066,27.28295],[95.90606,27.28222],[95.90231,27.2839],[95.90111,27.28392],[95.89948,27.28282],[95.89721,27.28216],[95.89681,27.28171],[95.89709,27.28054],[95.90395,27.27557],[95.90435,27.27392],[95.90369,27.27334],[95.90188,27.27465],[95.90008,27.27425],[95.89956,27.27369],[95.89989,27.26939],[95.89945,27.26868],[95.89821,27.26826],[95.89523,27.2685],[95.89356,27.26757],[95.89462,27.2655],[95.89417,27.26225],[95.89462,27.26101],[95.89418,27.25692],[95.89243,27.25528],[95.88132,27.25591],[95.8765,27.25964],[95.87204,27.25918],[95.86937,27.26002],[95.8664,27.26288],[95.86613,27.26375],[95.86465,27.26437],[95.86383,27.26644],[95.86112,27.26706],[95.86098,27.26776],[95.85921,27.26899],[95.8583,27.27039],[95.85643,27.27106],[95.85499,27.27318],[95.85501,27.27622],[95.85382,27.27919],[95.85563,27.28041],[95.85931,27.28722],[95.8505,27.28659],[95.84781,27.28533],[95.83969,27.28392],[95.82332,27.27887],[95.81538,27.27854],[95.80516,27.27295],[95.80586,27.27506],[95.80553,27.2758],[95.80424,27.2761],[95.80246,27.2755],[95.79945,27.27655],[95.80053,27.27889],[95.80009,27.28],[95.80113,27.28041],[95.80262,27.28294],[95.80196,27.28421],[95.80089,27.28427],[95.79954,27.28234],[95.7975,27.28166],[95.7964,27.28245],[95.79522,27.28253],[95.79454,27.2816],[95.79115,27.27981],[95.79095,27.2792],[95.7879,27.27865],[95.78893,27.27811],[95.78818,27.27672],[95.78656,27.27607],[95.7858,27.27504],[95.78437,27.27455],[95.78358,27.27363],[95.78182,27.27331],[95.78059,27.27246],[95.77958,27.26975],[95.77792,27.27075],[95.77683,27.26963],[95.77525,27.27041],[95.77398,27.26939],[95.77302,27.26971],[95.76852,27.26917],[95.76824,27.26778],[95.76679,27.26805],[95.76518,27.26726],[95.76456,27.26778],[95.76215,27.26729],[95.7588,27.26858],[95.75686,27.26864],[95.7527,27.26747],[95.74987,27.26608],[95.7477,27.26575],[95.74687,27.26639],[95.74623,27.26614],[95.74585,27.26688],[95.74418,27.26636],[95.74211,27.26666],[95.74038,27.26522],[95.73618,27.26326],[95.73469,27.26039],[95.73269,27.25999],[95.72807,27.26006],[95.72713,27.25965],[95.72604,27.25719],[95.72272,27.25444],[95.72021,27.24948],[95.71749,27.24951],[95.71624,27.2501],[95.71378,27.25024],[95.71198,27.25284],[95.71004,27.2524],[95.70972,27.25126],[95.70788,27.25006],[95.70151,27.24857],[95.69716,27.25141],[95.69236,27.25321],[95.68896,27.25242],[95.68153,27.25174],[95.6798,27.25115],[95.67603,27.24696],[95.63234,27.22968],[95.63102,27.22982],[95.62931,27.23133],[95.6233,27.23146],[95.62118,27.23264],[95.61903,27.23248],[95.61757,27.2309],[95.61579,27.23164],[95.61447,27.23079],[95.61272,27.23049],[95.61113,27.22952],[95.61033,27.22741],[95.60836,27.22757],[95.60382,27.22422],[95.60075,27.22417],[95.59931,27.22295],[95.59469,27.22342],[95.59269,27.223],[95.58757,27.22294],[95.5851,27.22444],[95.58403,27.22565],[95.58298,27.22851],[95.58046,27.22781],[95.57874,27.22953],[95.57826,27.23207],[95.57456,27.23436],[95.57472,27.236],[95.57673,27.23703],[95.57727,27.23807],[95.5752,27.23978],[95.57541,27.2427],[95.57425,27.24396],[95.5719,27.24463],[95.56819,27.2444],[95.56707,27.24523],[95.56431,27.24467],[95.55808,27.24898],[95.55501,27.24846],[95.55354,27.24886],[95.55099,27.25045],[95.55224,27.25223],[95.55195,27.25315],[95.54823,27.25394],[95.54857,27.25692],[95.54824,27.25761],[95.54671,27.25808],[95.54512,27.25999],[95.54337,27.25906],[95.54154,27.25914],[95.53974,27.26106],[95.53711,27.2625],[95.53515,27.26156],[95.53484,27.26206],[95.5356,27.26342],[95.53452,27.26459],[95.53402,27.26447],[95.53264,27.26147],[95.53162,27.26105],[95.52982,27.26182],[95.53086,27.26321],[95.53012,27.26449],[95.52789,27.26308],[95.52551,27.26377],[95.52197,27.25997],[95.5182,27.25756],[95.51504,27.25794],[95.51147,27.26191],[95.50881,27.26187],[95.50725,27.259],[95.50672,27.2535],[95.50513,27.24998],[95.50379,27.24853],[95.49963,27.24618],[95.49209,27.24554],[95.48719,27.24238],[95.48472,27.24144],[95.48283,27.24312],[95.48232,27.24414],[95.48276,27.25176],[95.48196,27.25284],[95.48106,27.25345],[95.47991,27.2535],[95.47405,27.25273],[95.47053,27.25323],[95.46967,27.25471],[95.47127,27.25952],[95.47128,27.2623],[95.46971,27.26373],[95.46708,27.26376],[95.4641,27.26153],[95.46013,27.25603],[95.45646,27.25264],[95.45347,27.24874],[95.45366,27.24532],[95.45629,27.24201],[95.45672,27.23971],[95.45362,27.23154],[95.45287,27.23115],[95.45102,27.2314],[95.44903,27.23309],[95.44758,27.2355],[95.44793,27.24416],[95.44641,27.24838],[95.44163,27.25293],[95.44012,27.255],[95.44012,27.25715],[95.44086,27.25869],[95.44067,27.2606],[95.44261,27.26297],[95.44442,27.26227],[95.44868,27.26602],[95.44938,27.26602],[95.44995,27.26497],[95.45108,27.26458],[95.45421,27.26546],[95.45738,27.26832],[95.46001,27.2693],[95.46054,27.27092],[95.45877,27.27429],[95.45604,27.27702],[95.45568,27.27937],[95.45451,27.28114],[95.45475,27.28428],[95.45613,27.2866],[95.45592,27.28719],[95.45428,27.288],[95.45022,27.28846],[95.44705,27.29229],[95.44617,27.29271],[95.44542,27.29423],[95.45413,27.29999],[95.45516,27.30144],[95.46009,27.30489],[95.46581,27.31083],[95.46811,27.31506],[95.46781,27.31627],[95.46655,27.31771],[95.46511,27.32264],[95.46424,27.32331],[95.46124,27.32413],[95.45277,27.33922],[95.45673,27.34405],[95.46709,27.34192],[95.47131,27.34392],[95.46947,27.34807],[95.46701,27.36421],[95.46965,27.36556],[95.47381,27.36685],[95.47361,27.36738],[95.46536,27.36992],[95.45879,27.37269],[95.45522,27.37521],[95.45469,27.37481],[95.4537,27.37496],[95.4522,27.37398],[95.45218,27.37323],[95.4516,27.37347],[95.45071,27.3724],[95.44835,27.37174],[95.44691,27.36698],[95.44242,27.36398],[95.43781,27.36487],[95.43609,27.36569],[95.42824,27.37477],[95.42557,27.37595],[95.42491,27.37772],[95.42161,27.3799],[95.41798,27.38132],[95.41152,27.38716],[95.40657,27.38698],[95.40313,27.38798],[95.3999,27.38822],[95.39277,27.39052],[95.38937,27.39111],[95.38627,27.39099],[95.38396,27.38957],[95.38165,27.38716],[95.38079,27.38734],[95.37967,27.38905],[95.37834,27.38981],[95.37689,27.38981],[95.37538,27.38887],[95.37498,27.38716],[95.37326,27.38451],[95.36085,27.38297],[95.35914,27.38309],[95.3565,27.38415],[95.3534,27.38604],[95.34993,27.39004],[95.34808,27.39405],[95.34577,27.39376],[95.33659,27.39087],[95.3227,27.39021],[95.32171,27.38803],[95.32079,27.38803],[95.32039,27.3875],[95.31953,27.3875],[95.31518,27.38938],[95.31366,27.38927],[95.31366,27.38867],[95.31267,27.38938],[95.30904,27.38926],[95.30917,27.39026],[95.30679,27.39103],[95.30606,27.39174],[95.30639,27.39268],[95.30494,27.39309],[95.3052,27.39669],[95.30336,27.39704],[95.30289,27.39822],[95.3017,27.39916],[95.30078,27.39922],[95.29966,27.40016],[95.29629,27.40152],[95.29681,27.40759],[95.29552,27.41501],[95.29288,27.4153],[95.29215,27.41431],[95.29337,27.41439],[95.29318,27.41353],[95.29123,27.41345],[95.29045,27.4122],[95.28934,27.41279],[95.28987,27.41127],[95.28958,27.41093],[95.28861,27.41105],[95.28805,27.41051],[95.28787,27.41155],[95.28628,27.41066],[95.28605,27.41129],[95.28514,27.41157],[95.2841,27.41051],[95.28392,27.41134],[95.28354,27.41134],[95.28277,27.41083],[95.28351,27.40979],[95.28279,27.40929],[95.28213,27.4102],[95.27911,27.4097],[95.27815,27.4088],[95.27815,27.40966],[95.27678,27.40903],[95.27608,27.40936],[95.27584,27.41093],[95.2763,27.4118],[95.27591,27.41261],[95.27379,27.41122],[95.27301,27.41188],[95.27152,27.41204],[95.27042,27.41141],[95.27034,27.4105],[95.26939,27.41043],[95.26905,27.40955],[95.26751,27.41034],[95.26732,27.4098],[95.26802,27.40832],[95.26631,27.40788],[95.26757,27.40681],[95.26612,27.4071],[95.26397,27.40591],[95.26272,27.4069],[95.26147,27.40575],[95.26061,27.40688],[95.25736,27.40716],[95.25696,27.4078],[95.25848,27.40896],[95.25677,27.4092],[95.25529,27.4077],[95.25595,27.40681],[95.25373,27.40788],[95.25314,27.40769],[95.25452,27.40624],[95.25301,27.40508],[95.25379,27.40384],[95.25354,27.40338],[95.25206,27.40367],[95.25219,27.40496],[95.25074,27.40555],[95.24999,27.40454],[95.24884,27.40424],[95.24807,27.40468],[95.24817,27.40588],[95.24401,27.41423],[95.24363,27.41791],[95.24503,27.42584],[95.24741,27.42981],[95.25174,27.4343],[95.25081,27.43475],[95.24436,27.43448],[95.23979,27.43503],[95.22941,27.4373],[95.22282,27.44041],[95.22004,27.44316],[95.21958,27.4457],[95.21978,27.45475],[95.21715,27.45945],[95.22284,27.46651],[95.22492,27.47028],[95.22702,27.48148],[95.22807,27.49378],[95.22901,27.49886],[95.23638,27.50079],[95.24452,27.50377],[95.25125,27.50543],[95.25407,27.50656],[95.26405,27.50819],[95.26635,27.50922],[95.26623,27.51384],[95.26484,27.52046],[95.26501,27.52249],[95.26562,27.52332],[95.26948,27.52436],[95.27213,27.52693],[95.27091,27.52856],[95.26581,27.53086],[95.26459,27.5321],[95.26474,27.53355],[95.26661,27.53797],[95.26608,27.53967],[95.26463,27.54106],[95.26529,27.54426],[95.26813,27.54706],[95.27485,27.55057],[95.27644,27.54999],[95.28105,27.54692],[95.28247,27.54699],[95.28249,27.54806],[95.2812,27.55062],[95.28152,27.55202],[95.27854,27.55857],[95.27391,27.56479],[95.27243,27.56592],[95.27313,27.56722],[95.2729,27.56942],[95.27403,27.57148],[95.2732,27.57444],[95.27394,27.5747],[95.27493,27.57405],[95.27698,27.57006],[95.27997,27.5694],[95.28169,27.56968],[95.28189,27.56874],[95.28249,27.56831],[95.28472,27.56772],[95.28777,27.56982],[95.28807,27.57101],[95.28687,27.57275],[95.28914,27.5742],[95.29003,27.57686],[95.29129,27.577],[95.29324,27.5756],[95.29406,27.57557],[95.29547,27.5768],[95.29627,27.57973],[95.29902,27.57935],[95.30027,27.57994],[95.29916,27.58323],[95.3002,27.58492],[95.30201,27.58462],[95.30204,27.58374],[95.3046,27.58205],[95.30817,27.58342],[95.31066,27.58381],[95.31212,27.58476],[95.31412,27.58526],[95.31609,27.58675],[95.31766,27.5866],[95.31838,27.58756],[95.31647,27.59224],[95.31695,27.59509],[95.3167,27.59643],[95.31579,27.59792],[95.31375,27.59919],[95.31315,27.60008],[95.3105,27.60725],[95.30873,27.60967],[95.30792,27.61546],[95.28913,27.6638],[95.28594,27.66659],[95.28157,27.67166],[95.28055,27.67364],[95.27754,27.67655],[95.27652,27.67836],[95.27379,27.67949],[95.27231,27.68105],[95.26973,27.68142],[95.27236,27.6854],[95.27266,27.70081],[95.27782,27.70409],[95.29597,27.69704],[95.30006,27.69755],[95.30531,27.69922],[95.34268,27.73606],[95.35393,27.74267],[95.38745,27.74569],[95.39221,27.74813],[95.39569,27.7505],[95.40482,27.76065],[95.40501,27.76968],[95.41536,27.77853],[95.42063,27.78747],[95.43616,27.80073],[95.44123,27.80064],[95.45148,27.80497],[95.46701,27.81824],[95.47229,27.82717],[95.48264,27.83601],[95.48793,27.84495],[95.48813,27.85397],[95.49331,27.85839],[95.49651,27.8581],[95.50596,27.85855],[95.51532,27.85961],[95.51466,27.86817],[95.51473,27.87981],[95.51997,27.88149],[95.52211,27.88321],[95.526,27.89087],[95.52884,27.89405],[95.53387,27.8984],[95.53478,27.89848],[95.53745,27.89717],[95.53977,27.89672],[95.54123,27.89737],[95.5441,27.90004],[95.5445,27.90139],[95.54261,27.90438],[95.54202,27.90652],[95.5425,27.90835],[95.5445,27.9111],[95.54593,27.91193],[95.55367,27.91399],[95.5596,27.91785],[95.56252,27.9188],[95.56337,27.91952],[95.56437,27.92308],[95.56465,27.92953],[95.56593,27.93273],[95.56842,27.93616],[95.57176,27.93877],[95.57583,27.93996],[95.57914,27.93937],[95.58455,27.93683],[95.58595,27.93698],[95.58737,27.93827],[95.59082,27.94445],[95.59441,27.94779],[95.59901,27.95052],[95.60354,27.9543],[95.60511,27.95488],[95.6103,27.95554],[95.63215,27.95677],[95.73756,27.96541],[95.82158,27.97139],[95.97076,27.96302]]]}},{"id":"18","type":"Feature","properties":{"state":"ASSAM","state_lgd":"18","district":"LAKHIMPUR","district_lgd":"307"},"geometry":{"type":"Polygon","coordinates":[[[94.27887,27.49532],[94.27889,27.47462],[94.27761,27.46883],[94.27761,27.46671],[94.27815,27.46572],[94.28607,27.45742],[94.29425,27.44747],[94.29837,27.44347],[94.30489,27.4393],[94.30704,27.436],[94.30736,27.43463],[94.30672,27.4294],[94.30552,27.42568],[94.30533,27.42073],[94.30602,27.41135],[94.30531,27.39712],[94.30357,27.39376],[94.29823,27.38753],[94.29487,27.3849],[94.29028,27.38343],[94.28632,27.38366],[94.28335,27.38506],[94.27429,27.39233],[94.26877,27.39908],[94.26539,27.40001],[94.26056,27.40039],[94.25123,27.399],[94.24908,27.39798],[94.24758,27.39631],[94.24704,27.39199],[94.25,27.38561],[94.25584,27.37899],[94.26045,27.37418],[94.2649,27.37166],[94.27178,27.36502],[94.27403,27.36335],[94.2829,27.35867],[94.29221,27.3565],[94.29497,27.35454],[94.2989,27.3505],[94.30145,27.34624],[94.30198,27.34454],[94.30191,27.34319],[94.29976,27.33781],[94.29947,27.33216],[94.30177,27.3276],[94.30369,27.32218],[94.30508,27.32022],[94.30688,27.31917],[94.30996,27.31842],[94.31947,27.31972],[94.3229,27.31933],[94.32591,27.31803],[94.32728,27.31845],[94.3314,27.32144],[94.33599,27.32659],[94.337,27.32819],[94.33832,27.33584],[94.33939,27.3369],[94.34695,27.33786],[94.34953,27.33866],[94.35422,27.3411],[94.35587,27.34138],[94.36321,27.33959],[94.36557,27.34071],[94.36655,27.34036],[94.36941,27.3411],[94.37497,27.34105],[94.3778,27.34267],[94.37869,27.34447],[94.37989,27.34552],[94.38625,27.34652],[94.38721,27.34759],[94.38739,27.34916],[94.39001,27.35069],[94.39273,27.34812],[94.39164,27.34718],[94.39072,27.34411],[94.39078,27.34266],[94.39272,27.34068],[94.39405,27.34068],[94.39451,27.34113],[94.39437,27.34369],[94.3948,27.34401],[94.3981,27.34449],[94.40176,27.34263],[94.40624,27.33946],[94.40609,27.33879],[94.40376,27.3368],[94.4033,27.33459],[94.40376,27.33268],[94.40602,27.33092],[94.40681,27.33086],[94.40717,27.33137],[94.40624,27.33419],[94.40667,27.33489],[94.4126,27.33855],[94.41404,27.33775],[94.41433,27.33391],[94.4156,27.33319],[94.41765,27.33355],[94.41755,27.33579],[94.41891,27.33727],[94.41937,27.33734],[94.41984,27.3364],[94.42065,27.33621],[94.42268,27.33772],[94.42444,27.33836],[94.42533,27.33787],[94.42672,27.33798],[94.42689,27.33703],[94.42567,27.33511],[94.4262,27.33406],[94.42723,27.33359],[94.42673,27.33102],[94.42858,27.33166],[94.42909,27.33093],[94.42867,27.33004],[94.42642,27.33026],[94.42609,27.32978],[94.42892,27.3287],[94.43001,27.32784],[94.42984,27.32662],[94.42841,27.3253],[94.42831,27.32446],[94.42851,27.3239],[94.43076,27.32278],[94.43165,27.32166],[94.43162,27.32116],[94.42975,27.31974],[94.42984,27.31827],[94.43103,27.31739],[94.43318,27.31923],[94.43473,27.31913],[94.43708,27.31871],[94.43907,27.317],[94.44215,27.31664],[94.44201,27.31427],[94.43905,27.3099],[94.44048,27.30878],[94.44263,27.30846],[94.44532,27.30958],[94.44643,27.31127],[94.44632,27.31224],[94.44505,27.31396],[94.44571,27.31544],[94.44601,27.31868],[94.4455,27.32068],[94.4459,27.32236],[94.44745,27.32296],[94.44838,27.32071],[94.44948,27.31994],[94.45128,27.32116],[94.45373,27.32037],[94.45565,27.32104],[94.45624,27.32188],[94.45688,27.3261],[94.45932,27.32963],[94.46039,27.33231],[94.46515,27.33404],[94.46653,27.33402],[94.46819,27.33212],[94.46862,27.32981],[94.47089,27.32887],[94.47229,27.32923],[94.47402,27.32784],[94.47996,27.33126],[94.48192,27.32957],[94.48361,27.32973],[94.48375,27.33059],[94.4821,27.33205],[94.4823,27.33272],[94.48394,27.33289],[94.48578,27.33129],[94.48754,27.33503],[94.48907,27.33573],[94.48939,27.33475],[94.48863,27.33158],[94.49148,27.33296],[94.49246,27.33179],[94.49331,27.33189],[94.49484,27.33381],[94.49562,27.3306],[94.49747,27.32955],[94.49829,27.32972],[94.49923,27.33114],[94.49674,27.33188],[94.49674,27.33304],[94.49904,27.33403],[94.5009,27.33318],[94.50092,27.33585],[94.50292,27.33515],[94.50378,27.33422],[94.50454,27.33428],[94.50525,27.33567],[94.5039,27.33744],[94.50611,27.33732],[94.50649,27.33888],[94.50887,27.33985],[94.50869,27.34062],[94.50734,27.34054],[94.50708,27.34091],[94.50884,27.34261],[94.50725,27.34348],[94.50738,27.34474],[94.50922,27.34606],[94.5105,27.34783],[94.51298,27.34933],[94.51442,27.34906],[94.51587,27.35026],[94.51725,27.35008],[94.51798,27.34932],[94.51792,27.3435],[94.52251,27.33973],[94.52909,27.3374],[94.52707,27.33252],[94.52485,27.33033],[94.52505,27.32973],[94.5269,27.33031],[94.52735,27.32878],[94.53097,27.33081],[94.53396,27.32715],[94.53523,27.32825],[94.53616,27.32818],[94.53798,27.33084],[94.54021,27.3319],[94.54105,27.33121],[94.54296,27.33133],[94.54322,27.33069],[94.5427,27.32952],[94.54034,27.32937],[94.54068,27.32774],[94.53975,27.32715],[94.53993,27.32612],[94.53676,27.32547],[94.53534,27.32452],[94.53645,27.32287],[94.53704,27.32241],[94.5378,27.32252],[94.53825,27.32113],[94.54048,27.31857],[94.5416,27.31931],[94.54399,27.31679],[94.54007,27.31381],[94.5393,27.31259],[94.53595,27.31072],[94.53841,27.30699],[94.53802,27.30669],[94.54085,27.30447],[94.54042,27.30394],[94.54116,27.30365],[94.54048,27.30188],[94.53689,27.29646],[94.53755,27.29612],[94.53928,27.29626],[94.54065,27.29551],[94.54197,27.29243],[94.54242,27.28992],[94.54425,27.28853],[94.54456,27.287],[94.54418,27.28537],[94.543,27.28397],[94.53782,27.28252],[94.53627,27.27763],[94.53438,27.27739],[94.53502,27.27516],[94.53637,27.27403],[94.53844,27.27341],[94.5412,27.27372],[94.54261,27.27446],[94.54315,27.27505],[94.54333,27.2803],[94.54603,27.28111],[94.54808,27.28364],[94.54963,27.28392],[94.55075,27.28354],[94.55124,27.28276],[94.55204,27.27746],[94.55332,27.27638],[94.55874,27.2766],[94.55913,27.27721],[94.55858,27.27905],[94.55974,27.28049],[94.56396,27.2801],[94.56642,27.27881],[94.56664,27.27699],[94.56773,27.27603],[94.57934,27.27402],[94.58793,27.26964],[94.58658,27.26744],[94.586,27.25981],[94.58639,27.25594],[94.58754,27.25273],[94.5873,27.25067],[94.58783,27.24874],[94.58659,27.24188],[94.57985,27.22818],[94.57946,27.22432],[94.57713,27.21557],[94.57763,27.21191],[94.57978,27.2041],[94.57972,27.20145],[94.57812,27.19569],[94.57522,27.18899],[94.57323,27.18588],[94.56794,27.1795],[94.56105,27.18383],[94.55875,27.17741],[94.5563,27.1747],[94.55277,27.17361],[94.54701,27.17384],[94.5455,27.17281],[94.54234,27.17218],[94.53926,27.16948],[94.5288,27.16445],[94.52604,27.16223],[94.52403,27.15948],[94.52423,27.15805],[94.53144,27.15278],[94.53288,27.15043],[94.53316,27.14784],[94.52877,27.1439],[94.52449,27.14338],[94.51948,27.14386],[94.51547,27.14373],[94.51064,27.14239],[94.50966,27.14106],[94.50882,27.1373],[94.51028,27.13123],[94.50987,27.1254],[94.50848,27.12294],[94.50652,27.12138],[94.50377,27.1208],[94.49902,27.12197],[94.49522,27.12226],[94.49094,27.12713],[94.48833,27.13365],[94.4866,27.13543],[94.48239,27.13832],[94.48021,27.1393],[94.47862,27.1386],[94.47671,27.13693],[94.47505,27.1345],[94.47431,27.13189],[94.4735,27.12388],[94.47271,27.1213],[94.46991,27.11566],[94.46811,27.11419],[94.46516,27.11264],[94.46059,27.11228],[94.45071,27.11774],[94.44689,27.11769],[94.4396,27.11969],[94.43684,27.1201],[94.43523,27.11982],[94.43049,27.11761],[94.42685,27.11512],[94.42572,27.11067],[94.42529,27.10297],[94.42434,27.09875],[94.42204,27.09506],[94.42043,27.09388],[94.4181,27.09308],[94.41537,27.09288],[94.41227,27.09355],[94.40292,27.09725],[94.39826,27.09813],[94.39549,27.09813],[94.39295,27.09899],[94.39153,27.09904],[94.3847,27.09644],[94.37674,27.09882],[94.37188,27.09937],[94.36962,27.09911],[94.36174,27.09667],[94.35947,27.09496],[94.35167,27.08716],[94.34908,27.08546],[94.33883,27.08214],[94.33487,27.08341],[94.32652,27.08914],[94.32374,27.08857],[94.32148,27.08731],[94.31825,27.08337],[94.31689,27.0764],[94.31541,27.07261],[94.31363,27.07159],[94.31191,27.07126],[94.30767,27.07255],[94.3058,27.07425],[94.30214,27.07967],[94.30012,27.0848],[94.29791,27.0873],[94.29231,27.08891],[94.28378,27.09259],[94.28014,27.09483],[94.27717,27.0955],[94.27255,27.09522],[94.25842,27.08888],[94.25443,27.08829],[94.24361,27.07848],[94.23638,27.07407],[94.23539,27.07105],[94.22707,27.05684],[94.22684,27.05409],[94.22729,27.05076],[94.22679,27.04621],[94.22621,27.04384],[94.22299,27.03903],[94.22245,27.03678],[94.22403,27.0362],[94.22464,27.03466],[94.2231,27.03171],[94.2181,27.03013],[94.21407,27.02961],[94.21078,27.02945],[94.20277,27.03003],[94.19474,27.03594],[94.19148,27.03639],[94.18731,27.03615],[94.18703,27.03303],[94.18761,27.02906],[94.18895,27.02621],[94.19186,27.01123],[94.19151,27.00917],[94.18771,27.00286],[94.18506,27.00063],[94.18366,27.00023],[94.1801,27.00021],[94.17156,27.00173],[94.1689,27.0004],[94.15981,27.00059],[94.15813,27.00029],[94.15234,26.99456],[94.15047,26.9944],[94.14162,26.99186],[94.13806,26.98988],[94.13389,26.98834],[94.1364,26.98334],[94.13832,26.97756],[94.13998,26.9753],[94.13433,26.96879],[94.12684,26.969],[94.12569,26.97006],[94.12002,26.97076],[94.118,26.97017],[94.1174,26.97052],[94.1139,26.97014],[94.11091,26.97098],[94.1027,26.96992],[94.09984,26.96884],[94.09202,26.96457],[94.09055,26.96269],[94.08634,26.96047],[94.08347,26.95987],[94.07997,26.95998],[94.07512,26.9613],[94.07141,26.96612],[94.06947,26.97321],[94.06775,26.97676],[94.0599,26.98301],[94.05023,26.97896],[94.04426,26.9779],[94.04082,26.97573],[94.03841,26.97142],[94.0385,26.96882],[94.03395,26.96252],[94.03187,26.96057],[94.02652,26.95908],[94.02613,26.95799],[94.02435,26.95654],[94.0239,26.95551],[94.02493,26.95185],[94.02463,26.94724],[94.02669,26.94137],[94.0269,26.93851],[94.02675,26.9368],[94.02456,26.93282],[94.02281,26.932],[94.01917,26.93116],[94.01401,26.93089],[94.01066,26.93005],[94.00911,26.93056],[94.00772,26.93256],[94.00715,26.93534],[94.00648,26.93637],[94.00332,26.93875],[94.00096,26.94162],[94.0,26.94209],[93.99482,26.94021],[93.98564,26.92978],[93.98126,26.92606],[93.97742,26.92393],[93.97365,26.92268],[93.9712,26.92263],[93.96904,26.92317],[93.96558,26.92571],[93.96136,26.92716],[93.94883,26.92822],[93.93395,26.93104],[93.92612,26.93036],[93.9204,26.92685],[93.91717,26.92284],[93.91687,26.91971],[93.91872,26.91428],[93.91896,26.91171],[93.91829,26.90981],[93.91654,26.90748],[93.91072,26.90187],[93.89262,26.89314],[93.89167,26.89229],[93.89039,26.88666],[93.89049,26.8851],[93.89402,26.87649],[93.8968,26.87183],[93.89442,26.87052],[93.89326,26.86742],[93.8912,26.86488],[93.88927,26.86379],[93.88487,26.86247],[93.88253,26.85852],[93.88119,26.85778],[93.8741,26.8568],[93.864,26.85667],[93.8541,26.85735],[93.85152,26.85636],[93.84518,26.85179],[93.84324,26.85094],[93.83555,26.85129],[93.83249,26.84698],[93.82857,26.83397],[93.82384,26.82529],[93.80456,26.82153],[93.80093,26.82163],[93.79882,26.82255],[93.78862,26.82949],[93.78036,26.83688],[93.78021,26.83828],[93.77878,26.84071],[93.76991,26.84487],[93.76981,26.84545],[93.77215,26.8471],[93.77475,26.84793],[93.77379,26.84983],[93.77435,26.85117],[93.7773,26.85095],[93.77822,26.85159],[93.77764,26.85427],[93.77803,26.85502],[93.78123,26.8557],[93.78456,26.85802],[93.78552,26.85813],[93.78766,26.85711],[93.78911,26.85935],[93.78937,26.86136],[93.78604,26.86206],[93.78758,26.86335],[93.78763,26.8639],[93.78573,26.86372],[93.785,26.86406],[93.7864,26.86479],[93.78665,26.86559],[93.78047,26.87353],[93.78105,26.87581],[93.77998,26.87689],[93.7799,26.87771],[93.78121,26.88178],[93.77966,26.88344],[93.78071,26.88472],[93.78071,26.88574],[93.77945,26.88583],[93.7786,26.88426],[93.77781,26.88379],[93.77687,26.88424],[93.77605,26.88624],[93.77591,26.88818],[93.7751,26.88889],[93.77146,26.88877],[93.76434,26.89035],[93.76127,26.88999],[93.75811,26.89225],[93.7529,26.89145],[93.75203,26.89182],[93.75085,26.89353],[93.7442,26.89616],[93.74271,26.89804],[93.73951,26.89862],[93.74257,26.90402],[93.73957,26.90765],[93.73927,26.90938],[93.74231,26.91104],[93.74161,26.9121],[93.7418,26.9125],[93.74494,26.91252],[93.74796,26.91329],[93.74903,26.91406],[93.74869,26.9157],[93.74903,26.9191],[93.74773,26.92105],[93.74835,26.92363],[93.74698,26.9267],[93.74725,26.92899],[93.74596,26.93649],[93.74538,26.93772],[93.74369,26.93783],[93.74334,26.93922],[93.74191,26.94023],[93.74356,26.943],[93.74326,26.94667],[93.74431,26.94968],[93.74145,26.96048],[93.7386,26.96287],[93.7375,26.96654],[93.73655,26.96759],[93.7336,26.96783],[93.73209,26.96882],[93.73063,26.96911],[93.72873,26.97069],[93.72613,26.96977],[93.72361,26.96991],[93.72238,26.97302],[93.72116,26.97422],[93.72158,26.97637],[93.71832,26.97813],[93.7191,26.98012],[93.71879,26.98067],[93.71768,26.98073],[93.71558,26.97919],[93.71412,26.9809],[93.71185,26.98033],[93.71104,26.98051],[93.71094,26.98348],[93.71036,26.98379],[93.70847,26.98351],[93.70882,26.98543],[93.70439,26.98662],[93.70394,26.98772],[93.70102,26.98939],[93.69919,26.98893],[93.69895,26.99109],[93.70049,26.99102],[93.70087,26.99168],[93.69958,26.99337],[93.69778,26.99419],[93.70215,27.00007],[93.70426,27.0015],[93.70972,27.00813],[93.72241,27.02053],[93.73216,27.02585],[93.74083,27.02761],[93.74665,27.02978],[93.75398,27.03399],[93.76768,27.03984],[93.76741,27.05283],[93.76916,27.05361],[93.76894,27.05184],[93.77,27.05123],[93.77158,27.05348],[93.77107,27.05805],[93.77312,27.05931],[93.77702,27.05083],[93.77851,27.0488],[93.77926,27.04879],[93.77903,27.05017],[93.77996,27.04938],[93.77945,27.05144],[93.78038,27.05043],[93.779,27.05765],[93.78013,27.05977],[93.78061,27.05872],[93.78072,27.05984],[93.782,27.06077],[93.78266,27.05829],[93.78427,27.05781],[93.78367,27.05468],[93.78582,27.05159],[93.78961,27.05273],[93.79083,27.05385],[93.79474,27.05492],[93.79297,27.05924],[93.79365,27.06046],[93.79646,27.05696],[93.80009,27.05792],[93.79976,27.06225],[93.80179,27.06307],[93.80319,27.05821],[93.80462,27.05876],[93.80552,27.05998],[93.80636,27.05863],[93.80696,27.05985],[93.80832,27.05925],[93.81089,27.0598],[93.81118,27.06143],[93.81024,27.06503],[93.8075,27.06798],[93.81198,27.0652],[93.81551,27.06109],[93.82508,27.06305],[93.82363,27.06602],[93.82376,27.06839],[93.8249,27.06894],[93.82673,27.06644],[93.83073,27.06613],[93.83125,27.06809],[93.83651,27.074],[93.83536,27.07711],[93.83696,27.07523],[93.83764,27.07523],[93.83702,27.07685],[93.83573,27.07772],[93.83434,27.08273],[93.83652,27.08416],[93.83825,27.08728],[93.83629,27.08571],[93.8322,27.08718],[93.83096,27.09171],[93.83368,27.09274],[93.83525,27.09579],[93.83275,27.09585],[93.83016,27.09827],[93.8306,27.10173],[93.83739,27.10474],[93.83737,27.10799],[93.83221,27.10952],[93.82987,27.10971],[93.82873,27.11113],[93.82589,27.11693],[93.82019,27.12263],[93.81164,27.12133],[93.80929,27.12328],[93.8128,27.12993],[93.80705,27.13031],[93.80252,27.13258],[93.79715,27.12891],[93.79439,27.13438],[93.79603,27.13885],[93.80669,27.14006],[93.80513,27.14722],[93.80608,27.15183],[93.81302,27.15538],[93.81543,27.15831],[93.81784,27.16028],[93.82505,27.16891],[93.83201,27.16935],[93.85716,27.19113],[93.85912,27.1931],[93.86437,27.20037],[93.86936,27.20249],[93.87769,27.21417],[93.89779,27.23591],[93.96237,27.30167],[93.98429,27.32305],[93.98796,27.32329],[93.99245,27.32634],[93.99659,27.33032],[94.02009,27.34397],[94.02145,27.34504],[94.02196,27.34641],[94.02332,27.346],[94.02423,27.34621],[94.02565,27.34504],[94.02724,27.34542],[94.02769,27.34704],[94.03011,27.34586],[94.02984,27.34692],[94.03077,27.3486],[94.03391,27.3487],[94.03664,27.35085],[94.04041,27.35171],[94.05389,27.36054],[94.05967,27.36174],[94.06131,27.36394],[94.0607,27.36551],[94.06906,27.37367],[94.07134,27.37966],[94.07439,27.38534],[94.0756,27.38988],[94.08945,27.40725],[94.09785,27.41139],[94.10348,27.41318],[94.10478,27.41418],[94.11229,27.42402],[94.11771,27.42989],[94.12217,27.43248],[94.12754,27.4348],[94.1313,27.44113],[94.13793,27.44508],[94.14128,27.44654],[94.15007,27.45429],[94.15538,27.45697],[94.15508,27.4591],[94.15942,27.46162],[94.1596,27.4628],[94.15822,27.46722],[94.15856,27.46889],[94.15778,27.46949],[94.15776,27.4717],[94.15667,27.47486],[94.16454,27.47678],[94.16797,27.48053],[94.16913,27.48123],[94.17414,27.48124],[94.17623,27.48215],[94.1785,27.48429],[94.18502,27.48732],[94.18752,27.49164],[94.18928,27.4924],[94.19035,27.49234],[94.1923,27.4935],[94.19383,27.49389],[94.19637,27.49294],[94.19894,27.49453],[94.20064,27.49488],[94.20731,27.49268],[94.20905,27.49253],[94.21094,27.494],[94.21293,27.49777],[94.21565,27.49951],[94.21673,27.50082],[94.23389,27.51211],[94.24284,27.51351],[94.26815,27.52081],[94.26932,27.5158],[94.27887,27.49532]]]}},{"id":"19","type":"Feature","properties":{"state":"ASSAM","state_lgd":"18","district":"MAJULI","district_lgd":"707"},"geometry":{"type":"Polygon","coordinates":[[[94.56865,27.17889],[94.57755,27.16721],[94.59304,27.14571],[94.58241,27.13674],[94.58015,27.1329],[94.57878,27.12692],[94.5729,27.11751],[94.56267,27.10476],[94.55389,27.09786],[94.55294,27.09662],[94.55098,27.09278],[94.54946,27.08639],[94.54765,27.0818],[94.54431,27.077],[94.53923,27.07244],[94.53285,27.06978],[94.52631,27.06346],[94.51275,27.04823],[94.50892,27.04494],[94.50166,27.03998],[94.49963,27.03874],[94.496,27.03803],[94.49181,27.03617],[94.47985,27.0336],[94.47684,27.03227],[94.47533,27.0311],[94.47169,27.02581],[94.46813,27.02182],[94.46631,27.01881],[94.46277,27.00902],[94.46148,27.00312],[94.46028,27.00089],[94.46017,26.99544],[94.45588,26.99231],[94.45256,26.99065],[94.4432,26.98743],[94.43564,26.97898],[94.42958,26.97433],[94.42047,26.97073],[94.41142,26.96516],[94.39872,26.95993],[94.39528,26.95493],[94.39654,26.95294],[94.38929,26.94532],[94.38264,26.93642],[94.38094,26.93271],[94.37929,26.92705],[94.37582,26.92068],[94.37307,26.91838],[94.37123,26.91604],[94.36136,26.90963],[94.35314,26.90157],[94.34866,26.89607],[94.3411,26.89009],[94.3385,26.89177],[94.33516,26.88923],[94.33155,26.88805],[94.32786,26.8876],[94.32042,26.88135],[94.32079,26.88043],[94.31996,26.87948],[94.30017,26.87744],[94.2919,26.8721],[94.29048,26.87218],[94.28797,26.87313],[94.28463,26.87327],[94.27109,26.8688],[94.26238,26.86714],[94.2553,26.86633],[94.24614,26.86744],[94.2442,26.86734],[94.24222,26.86642],[94.23735,26.86594],[94.23546,26.86517],[94.23355,26.86526],[94.22953,26.87144],[94.22742,26.87124],[94.21819,26.86734],[94.21399,26.86606],[94.21051,26.86539],[94.20079,26.86489],[94.1992,26.86445],[94.19613,26.86256],[94.19043,26.85785],[94.18763,26.85633],[94.18432,26.85525],[94.17822,26.85472],[94.16757,26.85521],[94.16473,26.85438],[94.15708,26.85083],[94.15168,26.84768],[94.1406,26.84779],[94.13277,26.8485],[94.13026,26.84774],[94.1217,26.8435],[94.11267,26.84037],[94.11042,26.8389],[94.09834,26.83616],[94.09482,26.83223],[94.08184,26.82334],[94.0436,26.80792],[94.00359,26.80663],[93.99421,26.80206],[93.98354,26.7839],[93.95959,26.753],[93.93542,26.74696],[93.91026,26.74285],[93.89658,26.7419],[93.87816,26.74913],[93.84965,26.762],[93.82118,26.7873],[93.80971,26.79215],[93.80171,26.79241],[93.79378,26.78514],[93.78436,26.77865],[93.77741,26.77543],[93.76898,26.77262],[93.76103,26.77258],[93.75054,26.77445],[93.73792,26.77528],[93.70806,26.77246],[93.69136,26.77418],[93.67435,26.77151],[93.64994,26.77396],[93.64893,26.7746],[93.64868,26.78815],[93.65193,26.78926],[93.65905,26.79275],[93.66864,26.80022],[93.67031,26.801],[93.67148,26.80035],[93.67282,26.79862],[93.6753,26.79748],[93.68934,26.7976],[93.69607,26.80185],[93.69918,26.80619],[93.7007,26.80746],[93.70499,26.8097],[93.70781,26.81403],[93.71021,26.81559],[93.71236,26.81611],[93.715,26.816],[93.72449,26.81253],[93.73233,26.81116],[93.7354,26.80872],[93.73662,26.80609],[93.73823,26.80431],[93.74379,26.80165],[93.75094,26.80367],[93.75269,26.8055],[93.75571,26.81013],[93.75744,26.81725],[93.7601,26.82191],[93.75844,26.83004],[93.75868,26.83201],[93.7632,26.83993],[93.76576,26.84271],[93.76851,26.84372],[93.76991,26.84487],[93.77878,26.84071],[93.78021,26.83828],[93.78036,26.83688],[93.78723,26.83066],[93.79708,26.82359],[93.80013,26.8219],[93.80456,26.82153],[93.82384,26.82529],[93.82857,26.83397],[93.83249,26.84698],[93.83513,26.85106],[93.83644,26.85141],[93.84096,26.85081],[93.84324,26.85094],[93.84518,26.85179],[93.85152,26.85636],[93.8541,26.85735],[93.864,26.85667],[93.8741,26.8568],[93.88119,26.85778],[93.88253,26.85852],[93.88487,26.86247],[93.88927,26.86379],[93.89181,26.86547],[93.89326,26.86742],[93.89442,26.87052],[93.8968,26.87183],[93.89402,26.87649],[93.89049,26.8851],[93.89039,26.88666],[93.89167,26.89229],[93.89262,26.89314],[93.91072,26.90187],[93.91654,26.90748],[93.91829,26.90981],[93.91896,26.91171],[93.91872,26.91428],[93.91687,26.91971],[93.91717,26.92284],[93.9192,26.92571],[93.92244,26.92829],[93.92612,26.93036],[93.93395,26.93104],[93.94883,26.92822],[93.96136,26.92716],[93.96558,26.92571],[93.96904,26.92317],[93.9712,26.92263],[93.97365,26.92268],[93.97742,26.92393],[93.98126,26.92606],[93.98564,26.92978],[93.99482,26.94021],[94.0,26.94209],[94.00096,26.94162],[94.00332,26.93875],[94.00648,26.93637],[94.00715,26.93534],[94.00772,26.93256],[94.00911,26.93056],[94.01066,26.93005],[94.01401,26.93089],[94.01917,26.93116],[94.02281,26.932],[94.02456,26.93282],[94.02675,26.9368],[94.0269,26.93851],[94.02669,26.94137],[94.02463,26.94724],[94.02493,26.95185],[94.0239,26.95551],[94.02435,26.95654],[94.02613,26.95799],[94.02652,26.95908],[94.03187,26.96057],[94.03395,26.96252],[94.0385,26.96882],[94.03841,26.97142],[94.04082,26.97573],[94.04426,26.9779],[94.05023,26.97896],[94.0602,26.98301],[94.06775,26.97676],[94.06947,26.97321],[94.07141,26.96612],[94.07331,26.96339],[94.07512,26.9613],[94.07997,26.95998],[94.08347,26.95987],[94.08634,26.96047],[94.09055,26.96269],[94.09202,26.96457],[94.09984,26.96884],[94.1027,26.96992],[94.11091,26.97098],[94.1139,26.97014],[94.1174,26.97052],[94.118,26.97017],[94.12002,26.97076],[94.12569,26.97006],[94.12684,26.969],[94.13433,26.96879],[94.13998,26.9753],[94.13832,26.97756],[94.1364,26.98334],[94.13389,26.98834],[94.13806,26.98988],[94.14162,26.99186],[94.15047,26.9944],[94.15234,26.99456],[94.15813,27.00029],[94.15981,27.00059],[94.1689,27.0004],[94.17156,27.00173],[94.1801,27.00021],[94.18366,27.00023],[94.18506,27.00063],[94.18771,27.00286],[94.19151,27.00917],[94.19186,27.01123],[94.18895,27.02621],[94.18761,27.02906],[94.18703,27.03303],[94.18731,27.03615],[94.19148,27.03639],[94.19474,27.03594],[94.20277,27.03003],[94.21078,27.02945],[94.21407,27.02961],[94.2181,27.03013],[94.2231,27.03171],[94.22464,27.03466],[94.22403,27.0362],[94.22245,27.03678],[94.22299,27.03903],[94.22621,27.04384],[94.22679,27.04621],[94.22729,27.05076],[94.22684,27.05409],[94.22707,27.05684],[94.23539,27.07105],[94.23638,27.07407],[94.24361,27.07848],[94.25443,27.08829],[94.25842,27.08888],[94.27255,27.09522],[94.27717,27.0955],[94.28014,27.09483],[94.28378,27.09259],[94.29231,27.08891],[94.29791,27.0873],[94.30012,27.0848],[94.30214,27.07967],[94.3058,27.07425],[94.30767,27.07255],[94.31191,27.07126],[94.31363,27.07159],[94.31541,27.07261],[94.31689,27.0764],[94.31825,27.08337],[94.32148,27.08731],[94.32374,27.08857],[94.32652,27.08914],[94.33487,27.08341],[94.33883,27.08214],[94.34908,27.08546],[94.35167,27.08716],[94.35947,27.09496],[94.36174,27.09667],[94.36962,27.09911],[94.37188,27.09937],[94.37674,27.09882],[94.3847,27.09644],[94.39153,27.09904],[94.39295,27.09899],[94.39549,27.09813],[94.39826,27.09813],[94.40292,27.09725],[94.41227,27.09355],[94.41537,27.09288],[94.4181,27.09308],[94.42043,27.09388],[94.42204,27.09506],[94.42434,27.09875],[94.42529,27.10297],[94.42572,27.11067],[94.42685,27.11512],[94.43049,27.11761],[94.43523,27.11982],[94.43684,27.1201],[94.4396,27.11969],[94.44689,27.11769],[94.45071,27.11774],[94.46059,27.11228],[94.46516,27.11264],[94.46811,27.11419],[94.46991,27.11566],[94.47271,27.1213],[94.4735,27.12388],[94.47431,27.13189],[94.47505,27.1345],[94.47671,27.13693],[94.47862,27.1386],[94.48021,27.1393],[94.48239,27.13832],[94.4866,27.13543],[94.48833,27.13365],[94.49094,27.12713],[94.49522,27.12226],[94.49902,27.12197],[94.50377,27.1208],[94.50652,27.12138],[94.50848,27.12294],[94.50987,27.1254],[94.51028,27.13123],[94.50882,27.1373],[94.50966,27.14106],[94.51064,27.14239],[94.51547,27.14373],[94.51948,27.14386],[94.52449,27.14338],[94.52877,27.1439],[94.53316,27.14784],[94.53288,27.15043],[94.53144,27.15278],[94.52423,27.15805],[94.52403,27.15948],[94.52604,27.16223],[94.5288,27.16445],[94.53926,27.16948],[94.54234,27.17218],[94.5455,27.17281],[94.54701,27.17384],[94.55277,27.17361],[94.5563,27.1747],[94.55875,27.17741],[94.56105,27.18383],[94.56865,27.17889]]]}},{"id":"20","type":"Feature","properties":{"state":"ASSAM","state_lgd":"18","district":"SIBSAGAR","district_lgd":"311"},"geometry":{"type":"Polygon","coordinates":[[[94.74348,27.24579],[94.75,27.24538],[94.75302,27.24623],[94.75678,27.24856],[94.75803,27.24901],[94.75906,27.24885],[94.76002,27.24833],[94.76247,27.24519],[94.76466,27.24343],[94.7712,27.24171],[94.77385,27.24021],[94.77487,27.23751],[94.77425,27.23425],[94.77316,27.23202],[94.76726,27.22416],[94.76728,27.22059],[94.76788,27.21934],[94.76991,27.21795],[94.77337,27.21778],[94.77385,27.21331],[94.77563,27.21318],[94.77551,27.20631],[94.77642,27.20133],[94.77575,27.20009],[94.7785,27.2],[94.77896,27.19815],[94.77947,27.19786],[94.78036,27.19971],[94.78093,27.19938],[94.7798,27.19604],[94.77885,27.19531],[94.7795,27.19393],[94.7793,27.19343],[94.77783,27.19292],[94.77667,27.1933],[94.77651,27.19404],[94.77728,27.19534],[94.77667,27.19548],[94.77447,27.19333],[94.77497,27.19245],[94.77799,27.19199],[94.77918,27.1905],[94.77929,27.18981],[94.77749,27.18623],[94.77569,27.18782],[94.77438,27.18805],[94.77347,27.18714],[94.77491,27.18521],[94.77481,27.18477],[94.77375,27.1852],[94.77275,27.18672],[94.7717,27.18487],[94.76946,27.18576],[94.7684,27.18501],[94.76859,27.18427],[94.77076,27.1838],[94.77149,27.1831],[94.77148,27.18238],[94.76988,27.18158],[94.77037,27.18091],[94.77291,27.18148],[94.77378,27.18086],[94.77318,27.17931],[94.7738,27.17817],[94.77248,27.17534],[94.77264,27.174],[94.77324,27.17392],[94.77477,27.175],[94.77543,27.17303],[94.77845,27.17154],[94.77852,27.17107],[94.77619,27.17077],[94.77213,27.16853],[94.77243,27.16625],[94.76748,27.16363],[94.76751,27.16305],[94.76854,27.16239],[94.76713,27.16139],[94.76811,27.15949],[94.7634,27.15682],[94.76097,27.15648],[94.76023,27.15172],[94.75819,27.15217],[94.75731,27.14984],[94.75638,27.15025],[94.7558,27.15146],[94.75498,27.15123],[94.75508,27.14902],[94.75752,27.14819],[94.75795,27.14736],[94.75573,27.14394],[94.75408,27.14419],[94.75323,27.14387],[94.75332,27.14099],[94.75389,27.14032],[94.75604,27.13981],[94.75645,27.13935],[94.75626,27.13844],[94.75559,27.13834],[94.75464,27.13937],[94.75361,27.13899],[94.7554,27.13791],[94.75909,27.13697],[94.76152,27.13512],[94.76245,27.13382],[94.76055,27.13016],[94.76581,27.12959],[94.78412,27.12387],[94.78598,27.12519],[94.78731,27.12488],[94.78786,27.12459],[94.78834,27.12317],[94.78851,27.12128],[94.78804,27.11962],[94.79028,27.11959],[94.79402,27.11862],[94.79593,27.11949],[94.79939,27.11949],[94.79939,27.11682],[94.80755,27.11713],[94.80937,27.11632],[94.81317,27.11628],[94.81752,27.11448],[94.8091,27.1033],[94.80854,27.1021],[94.80822,27.09672],[94.81124,27.09776],[94.81239,27.09977],[94.81296,27.0996],[94.81321,27.09824],[94.81495,27.09889],[94.81547,27.0997],[94.81551,27.10166],[94.81589,27.10175],[94.81594,27.09944],[94.81641,27.09921],[94.81716,27.09919],[94.81897,27.10043],[94.81994,27.10017],[94.81938,27.09914],[94.81759,27.09887],[94.81788,27.0976],[94.81898,27.09768],[94.82004,27.09878],[94.8222,27.09794],[94.8238,27.09933],[94.82504,27.09846],[94.82582,27.09669],[94.8279,27.09494],[94.82873,27.09353],[94.82944,27.09332],[94.83146,27.09427],[94.83186,27.09407],[94.83219,27.09369],[94.83188,27.09125],[94.8331,27.09157],[94.83294,27.09348],[94.83328,27.09362],[94.83489,27.09351],[94.83506,27.09154],[94.83681,27.09182],[94.8363,27.08835],[94.83375,27.08628],[94.833,27.0756],[94.82587,27.06301],[94.82419,27.05436],[94.82399,27.05042],[94.82686,27.04466],[94.8275,27.04242],[94.8281,27.02771],[94.82754,27.02384],[94.82949,27.01993],[94.83142,27.01834],[94.83171,27.0195],[94.83359,27.01994],[94.83803,27.01669],[94.8407,27.016],[94.84144,27.01632],[94.84199,27.01903],[94.8436,27.02201],[94.85225,27.02823],[94.85849,27.02968],[94.86029,27.03053],[94.86185,27.03063],[94.86301,27.03049],[94.86638,27.02752],[94.86707,27.02741],[94.86739,27.02823],[94.86637,27.03351],[94.86813,27.03749],[94.8701,27.03868],[94.87143,27.03869],[94.87268,27.03804],[94.87477,27.03526],[94.87702,27.03362],[94.87903,27.03308],[94.88151,27.03345],[94.88258,27.03487],[94.88167,27.03804],[94.88176,27.03948],[94.88273,27.04172],[94.88634,27.04623],[94.89566,27.0463],[94.89598,27.04523],[94.89539,27.04474],[94.89235,27.04452],[94.89004,27.04286],[94.89007,27.04096],[94.89119,27.03917],[94.89342,27.03797],[94.89768,27.0373],[94.90267,27.0356],[94.90553,27.03564],[94.8897,27.02719],[94.88298,27.0243],[94.86916,27.01936],[94.86145,27.01593],[94.85038,27.0101],[94.84798,27.00876],[94.83034,26.99458],[94.82428,26.98635],[94.81686,26.9679],[94.80353,26.95028],[94.79524,26.93441],[94.79236,26.92423],[94.79951,26.9244],[94.8104,26.92544],[94.8497,26.93201],[94.85059,26.93293],[94.85214,26.93741],[94.85312,26.93877],[94.86125,26.94559],[94.89038,26.96055],[94.91904,26.98167],[94.93039,26.98707],[94.93701,26.99118],[94.93727,26.99081],[94.93595,26.98915],[94.93778,26.9888],[94.93752,26.98576],[94.93549,26.98274],[94.93681,26.98232],[94.9395,26.98023],[94.94175,26.97959],[94.94196,26.97909],[94.94123,26.97871],[94.93941,26.97923],[94.93751,26.9785],[94.93721,26.97789],[94.93911,26.97738],[94.93819,26.97626],[94.93653,26.97622],[94.93505,26.97691],[94.9345,26.97674],[94.93445,26.9761],[94.9355,26.9739],[94.93797,26.97286],[94.93892,26.97028],[94.93983,26.97026],[94.94111,26.97101],[94.94182,26.97073],[94.94058,26.9683],[94.9406,26.96728],[94.93874,26.96605],[94.93827,26.9646],[94.93861,26.96393],[94.94069,26.96483],[94.94144,26.96468],[94.94152,26.96425],[94.93983,26.96235],[94.9387,26.96243],[94.93759,26.96181],[94.93827,26.96046],[94.93777,26.95878],[94.93604,26.96116],[94.93515,26.96149],[94.93503,26.96059],[94.93649,26.95989],[94.93649,26.95826],[94.93429,26.95828],[94.93165,26.95932],[94.93152,26.95668],[94.93097,26.95623],[94.92999,26.95714],[94.92832,26.95755],[94.92865,26.95626],[94.93021,26.95519],[94.92953,26.954],[94.92881,26.954],[94.92806,26.9551],[94.92582,26.95566],[94.92578,26.95434],[94.92782,26.95355],[94.92816,26.95282],[94.92748,26.95193],[94.92634,26.95209],[94.92606,26.95009],[94.9229,26.9514],[94.92252,26.94908],[94.92393,26.9465],[94.92222,26.94573],[94.91672,26.94125],[94.91476,26.93702],[94.90245,26.93467],[94.90103,26.93408],[94.89782,26.93125],[94.89064,26.92954],[94.88311,26.92385],[94.87919,26.92185],[94.87808,26.91989],[94.87359,26.91752],[94.87278,26.91513],[94.86601,26.90873],[94.86523,26.90398],[94.86398,26.9023],[94.86361,26.90075],[94.86245,26.90045],[94.86253,26.89759],[94.85845,26.89221],[94.85784,26.88848],[94.85575,26.88649],[94.85464,26.88614],[94.85107,26.8811],[94.85056,26.87659],[94.84956,26.87448],[94.84261,26.86855],[94.84177,26.8685],[94.83919,26.8699],[94.83607,26.86878],[94.83527,26.86767],[94.83486,26.86211],[94.83404,26.86021],[94.83077,26.85788],[94.82833,26.8554],[94.82608,26.85526],[94.82417,26.85452],[94.82066,26.85158],[94.81995,26.84998],[94.81736,26.84777],[94.81904,26.84507],[94.82076,26.84363],[94.82112,26.8417],[94.81945,26.83759],[94.81562,26.8373],[94.81317,26.83365],[94.81443,26.81979],[94.80717,26.8188],[94.8064,26.81833],[94.80632,26.81586],[94.80557,26.81479],[94.804,26.81396],[94.80066,26.81428],[94.79719,26.8154],[94.79544,26.81507],[94.79495,26.81441],[94.79536,26.81068],[94.79621,26.81002],[94.80079,26.80851],[94.80319,26.80617],[94.80369,26.80388],[94.802,26.80081],[94.79954,26.80002],[94.79513,26.80047],[94.79127,26.8001],[94.79017,26.79968],[94.78875,26.79789],[94.78906,26.79579],[94.78873,26.79556],[94.78257,26.79334],[94.77566,26.78976],[94.77374,26.79061],[94.77022,26.78904],[94.7674,26.78534],[94.7667,26.78186],[94.7668,26.77756],[94.76355,26.7759],[94.76171,26.77616],[94.76059,26.77541],[94.75833,26.76601],[94.75182,26.76619],[94.75126,26.76811],[94.74835,26.7727],[94.74666,26.77376],[94.74369,26.7739],[94.74018,26.77598],[94.74007,26.77418],[94.74068,26.77184],[94.7375,26.76633],[94.73689,26.76372],[94.73575,26.76352],[94.71323,26.75046],[94.70717,26.74631],[94.70242,26.74207],[94.69778,26.73635],[94.69235,26.73193],[94.68674,26.72964],[94.66713,26.7242],[94.65302,26.71875],[94.65067,26.72008],[94.64302,26.7207],[94.64164,26.72041],[94.63582,26.71709],[94.63248,26.71736],[94.63115,26.71707],[94.6295,26.71558],[94.62462,26.71542],[94.6224,26.71302],[94.61913,26.71199],[94.61947,26.71761],[94.6208,26.72279],[94.61582,26.72656],[94.61117,26.72833],[94.60806,26.72883],[94.61019,26.73531],[94.60991,26.73661],[94.60924,26.73719],[94.60769,26.73721],[94.60623,26.73392],[94.60388,26.73464],[94.59965,26.7349],[94.59736,26.73465],[94.59563,26.73376],[94.59341,26.73089],[94.59534,26.72814],[94.59538,26.72595],[94.59238,26.72503],[94.59088,26.72524],[94.58461,26.7246],[94.58259,26.72772],[94.5798,26.73072],[94.58039,26.73172],[94.58418,26.73221],[94.58476,26.73284],[94.58455,26.73374],[94.58252,26.73487],[94.58005,26.7344],[94.5798,26.73492],[94.58049,26.73705],[94.57959,26.73823],[94.57772,26.73948],[94.57193,26.74195],[94.57063,26.74336],[94.57053,26.74547],[94.57137,26.74816],[94.57339,26.75124],[94.57275,26.75222],[94.56393,26.75051],[94.56064,26.75308],[94.55862,26.75669],[94.55651,26.7567],[94.55263,26.75316],[94.55204,26.75019],[94.55097,26.74876],[94.54988,26.74849],[94.54805,26.75067],[94.54582,26.75473],[94.54469,26.75559],[94.54044,26.75651],[94.53957,26.75733],[94.53805,26.76047],[94.53663,26.76071],[94.53604,26.76026],[94.53528,26.75756],[94.53636,26.75649],[94.53661,26.75511],[94.53457,26.75458],[94.53149,26.75571],[94.52874,26.75809],[94.52817,26.7607],[94.52699,26.76206],[94.52688,26.76406],[94.5261,26.76482],[94.52239,26.76648],[94.52142,26.76642],[94.51981,26.76479],[94.51785,26.76493],[94.51789,26.76699],[94.51859,26.7677],[94.52276,26.76913],[94.5232,26.76954],[94.52251,26.77036],[94.51536,26.77075],[94.51286,26.77135],[94.5122,26.772],[94.51165,26.77341],[94.5119,26.775],[94.51277,26.77625],[94.51642,26.77842],[94.51694,26.77974],[94.51642,26.78173],[94.51681,26.78331],[94.51763,26.78383],[94.52045,26.78413],[94.52147,26.78478],[94.52267,26.7872],[94.52425,26.78889],[94.52431,26.78961],[94.52344,26.79023],[94.52101,26.79011],[94.51938,26.7906],[94.51903,26.79185],[94.5196,26.79373],[94.51932,26.79484],[94.51847,26.79509],[94.51623,26.79397],[94.51556,26.79403],[94.5153,26.79508],[94.51752,26.79683],[94.52482,26.79822],[94.52584,26.79989],[94.52479,26.80156],[94.52247,26.80273],[94.52204,26.80423],[94.5224,26.80582],[94.5222,26.80658],[94.52145,26.80697],[94.51979,26.8054],[94.51911,26.80259],[94.51769,26.802],[94.51709,26.80335],[94.51777,26.80461],[94.51687,26.8055],[94.51666,26.80732],[94.51706,26.81234],[94.51536,26.81343],[94.51375,26.81336],[94.51081,26.81215],[94.50937,26.81282],[94.50967,26.81794],[94.5076,26.82003],[94.50395,26.82171],[94.50343,26.82314],[94.50367,26.82616],[94.49945,26.82457],[94.49773,26.82482],[94.49437,26.82704],[94.48772,26.82866],[94.48572,26.83125],[94.48596,26.83299],[94.48868,26.83642],[94.48993,26.83948],[94.48913,26.84246],[94.48995,26.84314],[94.49196,26.84372],[94.49311,26.84549],[94.49105,26.84795],[94.49135,26.85185],[94.48891,26.85422],[94.48847,26.85576],[94.49008,26.85972],[94.49158,26.86024],[94.49449,26.86003],[94.49516,26.86046],[94.49368,26.86367],[94.49435,26.86502],[94.49643,26.86635],[94.49664,26.86736],[94.49451,26.86921],[94.49421,26.87209],[94.49206,26.87469],[94.49329,26.87876],[94.49294,26.88207],[94.49201,26.88241],[94.48965,26.88084],[94.48839,26.88058],[94.48482,26.88426],[94.48039,26.8842],[94.47988,26.88699],[94.47911,26.88835],[94.47765,26.88985],[94.47457,26.89181],[94.47416,26.89261],[94.4746,26.89444],[94.47732,26.89557],[94.47849,26.89683],[94.48198,26.90537],[94.48064,26.90743],[94.47628,26.9099],[94.47852,26.91131],[94.48106,26.91189],[94.48178,26.91327],[94.47875,26.91691],[94.47964,26.92431],[94.47815,26.92867],[94.47412,26.93266],[94.47422,26.9355],[94.47332,26.93591],[94.47076,26.93441],[94.46881,26.93425],[94.46436,26.94123],[94.46262,26.94206],[94.45948,26.94223],[94.45858,26.94199],[94.45401,26.93851],[94.44963,26.93928],[94.44582,26.93721],[94.44132,26.93743],[94.43894,26.93563],[94.43751,26.93534],[94.43608,26.93603],[94.43397,26.93882],[94.43252,26.93966],[94.43084,26.93925],[94.42832,26.93714],[94.42759,26.93701],[94.42498,26.93852],[94.42201,26.94188],[94.42138,26.94172],[94.42047,26.94015],[94.41963,26.93997],[94.41873,26.94068],[94.41891,26.94264],[94.41784,26.94329],[94.41675,26.94269],[94.415,26.94001],[94.41139,26.94007],[94.40691,26.93729],[94.40664,26.9343],[94.40571,26.93305],[94.39736,26.95135],[94.39528,26.95493],[94.39872,26.95993],[94.41142,26.96516],[94.42047,26.97073],[94.42958,26.97433],[94.43564,26.97898],[94.4432,26.98743],[94.45256,26.99065],[94.45588,26.99231],[94.46017,26.99544],[94.46028,27.00089],[94.46148,27.00312],[94.46277,27.00902],[94.46631,27.01881],[94.46813,27.02182],[94.47169,27.02581],[94.47533,27.0311],[94.47684,27.03227],[94.47985,27.0336],[94.49181,27.03617],[94.496,27.03803],[94.49963,27.03874],[94.50166,27.03998],[94.50892,27.04494],[94.51275,27.04823],[94.52631,27.06346],[94.53285,27.06978],[94.53923,27.07244],[94.54431,27.077],[94.54765,27.0818],[94.54946,27.08639],[94.55098,27.09278],[94.55294,27.09662],[94.55389,27.09786],[94.56267,27.10476],[94.5729,27.11751],[94.57878,27.12692],[94.58015,27.1329],[94.58241,27.13674],[94.59416,27.1465],[94.60148,27.15472],[94.60522,27.16069],[94.6071,27.16598],[94.60965,27.1706],[94.61481,27.17662],[94.61557,27.18564],[94.61736,27.1898],[94.62178,27.19719],[94.6218,27.20261],[94.62436,27.20985],[94.62987,27.22372],[94.63527,27.22986],[94.63681,27.23286],[94.63892,27.23757],[94.64199,27.24675],[94.65326,27.24704],[94.67015,27.2446],[94.67686,27.24271],[94.67877,27.24336],[94.68186,27.24526],[94.6853,27.25004],[94.68822,27.25619],[94.68879,27.25933],[94.69084,27.26371],[94.69234,27.2708],[94.6933,27.27189],[94.69506,27.27207],[94.69915,27.27116],[94.70137,27.27001],[94.70421,27.26662],[94.7072,27.25975],[94.70991,27.25003],[94.71237,27.24676],[94.71957,27.24519],[94.72153,27.24529],[94.72242,27.24603],[94.72272,27.24732],[94.72224,27.2492],[94.71792,27.25571],[94.71653,27.25959],[94.71786,27.26324],[94.72184,27.26835],[94.72724,27.27258],[94.73588,27.2755],[94.74707,27.27302],[94.74963,27.26925],[94.74987,27.26832],[94.74859,27.26647],[94.74455,27.26292],[94.74178,27.25885],[94.7402,27.25358],[94.74006,27.25064],[94.74072,27.24788],[94.74348,27.24579]]]}},{"id":"21","type":"Feature","properties":{"state":"ASSAM","state_lgd":"18","district":"NAGAON","district_lgd":"305"},"geometry":{"type":"Polygon","coordinates":[[[93.30684,26.69375],[93.31505,26.68663],[93.31511,26.68284],[93.31716,26.67887],[93.31682,26.67795],[93.31525,26.6777],[93.3139,26.6785],[93.31202,26.67742],[93.31135,26.67571],[93.30808,26.67174],[93.30666,26.66764],[93.30849,26.66446],[93.31696,26.65765],[93.31792,26.65575],[93.31751,26.65055],[93.31649,26.64896],[93.31476,26.64752],[93.31082,26.64086],[93.30933,26.63945],[93.30593,26.63798],[93.30457,26.63682],[93.30145,26.63651],[93.30036,26.63578],[93.2978,26.63516],[93.29588,26.63623],[93.29284,26.63704],[93.28801,26.63771],[93.28711,26.63769],[93.28684,26.63721],[93.29164,26.62809],[93.29217,26.62535],[93.29366,26.62242],[93.29571,26.61612],[93.29646,26.61194],[93.29686,26.60384],[93.2959,26.5992],[93.29443,26.59501],[93.29153,26.59143],[93.29138,26.59068],[93.29252,26.58842],[93.29507,26.58526],[93.29907,26.58284],[93.30171,26.58212],[93.30231,26.58139],[93.30216,26.58043],[93.30012,26.5777],[93.29765,26.57663],[93.29744,26.57744],[93.29606,26.57854],[93.29411,26.57852],[93.2885,26.57256],[93.28628,26.57166],[93.28357,26.57127],[93.28292,26.56993],[93.28157,26.56912],[93.28023,26.56935],[93.27685,26.57167],[93.2699,26.57297],[93.26898,26.57269],[93.26762,26.57125],[93.26474,26.57098],[93.2619,26.5695],[93.25758,26.56921],[93.25291,26.56788],[93.2523,26.56803],[93.25178,26.5696],[93.25116,26.56996],[93.25006,26.56884],[93.2501,26.56639],[93.24966,26.56534],[93.24788,26.56463],[93.24673,26.56475],[93.24288,26.56257],[93.2391,26.55922],[93.23486,26.5537],[93.23543,26.55249],[93.23691,26.55255],[93.23979,26.55162],[93.24438,26.55221],[93.24675,26.5511],[93.24887,26.55085],[93.25417,26.5518],[93.25646,26.55114],[93.2565,26.55075],[93.25307,26.54927],[93.24993,26.54849],[93.24802,26.54686],[93.24705,26.54498],[93.24778,26.54377],[93.25009,26.54477],[93.25124,26.54477],[93.25205,26.54317],[93.25347,26.54303],[93.25685,26.5408],[93.25825,26.54048],[93.25995,26.54079],[93.26265,26.53789],[93.26247,26.53658],[93.26136,26.53565],[93.25967,26.53566],[93.25842,26.53486],[93.25626,26.53516],[93.25509,26.53464],[93.255,26.53366],[93.25593,26.53214],[93.25652,26.53199],[93.26029,26.53293],[93.26348,26.53313],[93.26461,26.53368],[93.26634,26.53549],[93.2722,26.54519],[93.27262,26.54559],[93.2735,26.54523],[93.27359,26.54168],[93.27201,26.5378],[93.27546,26.53634],[93.27543,26.53389],[93.27252,26.53165],[93.27044,26.53203],[93.26955,26.53079],[93.26831,26.5309],[93.26523,26.52938],[93.2642,26.52879],[93.26391,26.52742],[93.26913,26.52787],[93.26937,26.52665],[93.27083,26.52442],[93.2727,26.52358],[93.27486,26.52183],[93.27895,26.52254],[93.28095,26.52518],[93.2812,26.52322],[93.28327,26.52329],[93.28438,26.52183],[93.2878,26.52069],[93.28803,26.5202],[93.28637,26.51832],[93.28679,26.51734],[93.28878,26.51641],[93.2894,26.51458],[93.29068,26.51319],[93.29391,26.51306],[93.29384,26.5117],[93.29446,26.51017],[93.29311,26.50839],[93.29164,26.50745],[93.29133,26.50578],[93.29227,26.50522],[93.29208,26.50467],[93.29026,26.50486],[93.28908,26.50696],[93.28946,26.51057],[93.28624,26.51247],[93.28371,26.51302],[93.28298,26.51392],[93.28306,26.51457],[93.28518,26.51571],[93.2842,26.5198],[93.28171,26.51996],[93.27983,26.51904],[93.27828,26.51948],[93.27544,26.51776],[93.27332,26.51769],[93.2722,26.5168],[93.27161,26.51368],[93.27205,26.5125],[93.27411,26.51109],[93.27305,26.50866],[93.27213,26.5085],[93.27195,26.50888],[93.27243,26.51017],[93.27045,26.51044],[93.26813,26.51024],[93.26336,26.50893],[93.26443,26.5106],[93.26819,26.51243],[93.26978,26.51482],[93.26951,26.51565],[93.26633,26.51565],[93.26532,26.51839],[93.26339,26.52114],[93.25813,26.52284],[93.25491,26.52301],[93.25338,26.52217],[93.2501,26.52447],[93.24606,26.52358],[93.24577,26.52777],[93.24282,26.52991],[93.24468,26.53188],[93.24455,26.5325],[93.23822,26.53375],[93.23331,26.53573],[93.23166,26.53553],[93.23078,26.53306],[93.22982,26.53247],[93.22897,26.53378],[93.22496,26.53454],[93.2226,26.53648],[93.21915,26.53634],[93.21822,26.53575],[93.21813,26.53299],[93.21654,26.5302],[93.21295,26.52966],[93.21197,26.52781],[93.21159,26.52403],[93.21432,26.52327],[93.21659,26.52341],[93.21727,26.52264],[93.21617,26.52098],[93.21192,26.52103],[93.21106,26.52012],[93.21183,26.51654],[93.21592,26.51436],[93.21311,26.51342],[93.21252,26.51117],[93.21493,26.50957],[93.21742,26.50941],[93.21731,26.50746],[93.21671,26.50698],[93.21588,26.50733],[93.21564,26.50826],[93.21493,26.50872],[93.21231,26.50887],[93.21109,26.50763],[93.20949,26.50692],[93.20895,26.50571],[93.20735,26.50464],[93.20729,26.50301],[93.20587,26.50261],[93.20424,26.5014],[93.20113,26.5011],[93.2005,26.50144],[93.20041,26.50213],[93.20431,26.50557],[93.20405,26.5061],[93.2016,26.50599],[93.20098,26.50652],[93.20287,26.50919],[93.2042,26.50765],[93.20538,26.50718],[93.20602,26.50755],[93.20735,26.51015],[93.20741,26.51138],[93.20936,26.51317],[93.20976,26.5148],[93.2071,26.51804],[93.20708,26.52045],[93.20345,26.52809],[93.20013,26.5315],[93.19944,26.53348],[93.19779,26.53387],[93.19529,26.53552],[93.19058,26.53579],[93.18631,26.53434],[93.18519,26.5332],[93.18289,26.53292],[93.18024,26.53052],[93.17797,26.53011],[93.17433,26.52785],[93.16928,26.52609],[93.16522,26.52398],[93.16409,26.52359],[93.16093,26.52404],[93.15948,26.5252],[93.1595,26.52604],[93.16517,26.52664],[93.16839,26.52892],[93.16873,26.52958],[93.16841,26.53095],[93.16933,26.53157],[93.1728,26.53062],[93.17382,26.53099],[93.17395,26.53154],[93.17275,26.53305],[93.17495,26.53597],[93.17796,26.53562],[93.17994,26.53656],[93.18051,26.5386],[93.18006,26.53991],[93.18044,26.54036],[93.18269,26.53917],[93.18368,26.53917],[93.18806,26.5419],[93.19001,26.54371],[93.19289,26.5429],[93.19839,26.543],[93.19999,26.54348],[93.20182,26.54639],[93.2038,26.54845],[93.20409,26.55094],[93.20523,26.55164],[93.20604,26.5532],[93.20921,26.55575],[93.21097,26.55986],[93.21058,26.56045],[93.20929,26.56086],[93.2087,26.56184],[93.20933,26.56255],[93.20926,26.56395],[93.20529,26.56334],[93.20327,26.56216],[93.20075,26.56444],[93.19751,26.56419],[93.19377,26.5666],[93.19129,26.56708],[93.18615,26.56627],[93.18108,26.56447],[93.17603,26.56061],[93.17065,26.55849],[93.16736,26.55505],[93.16536,26.55442],[93.15845,26.55048],[93.15526,26.5502],[93.15085,26.54639],[93.15023,26.54667],[93.15045,26.54953],[93.14827,26.55278],[93.1471,26.55587],[93.1415,26.55559],[93.1369,26.55199],[93.13638,26.5503],[93.13545,26.54958],[93.13434,26.54515],[93.13359,26.5446],[93.12381,26.53801],[93.11702,26.53771],[93.11889,26.53452],[93.11896,26.53312],[93.11695,26.53099],[93.11429,26.53032],[93.111,26.53004],[93.10954,26.53063],[93.10351,26.53516],[93.10193,26.53689],[93.1012,26.54283],[93.09665,26.54058],[93.09499,26.54099],[93.08906,26.54465],[93.08564,26.54416],[93.08205,26.54494],[93.07728,26.54313],[93.07343,26.54458],[93.05992,26.54472],[93.04297,26.53507],[93.04273,26.53327],[93.04317,26.53108],[93.04391,26.53046],[93.04619,26.53038],[93.04661,26.52844],[93.04828,26.52596],[93.04521,26.52704],[93.04219,26.52394],[93.03812,26.52555],[93.03786,26.52419],[93.03923,26.52037],[93.03682,26.51827],[93.03258,26.51879],[93.03222,26.51805],[93.03255,26.51608],[93.03213,26.51544],[93.02513,26.51563],[93.02424,26.51374],[93.02057,26.51198],[93.01622,26.51102],[93.01275,26.50749],[93.01135,26.50484],[93.01246,26.49907],[93.01151,26.49787],[93.0102,26.49746],[93.00971,26.49622],[93.00853,26.49529],[93.00648,26.49115],[93.00775,26.4859],[93.00854,26.48492],[93.00865,26.48121],[93.01188,26.47945],[93.01253,26.47788],[93.01414,26.47722],[93.01734,26.47813],[93.02032,26.4814],[93.02312,26.48204],[93.02447,26.48285],[93.02593,26.48257],[93.02597,26.48129],[93.02656,26.48055],[93.0271,26.48163],[93.02852,26.48239],[93.02952,26.48419],[93.03115,26.48399],[93.03246,26.48483],[93.03479,26.4852],[93.03568,26.48627],[93.03769,26.48603],[93.03812,26.48697],[93.04076,26.48734],[93.04167,26.4872],[93.04239,26.48591],[93.04476,26.48666],[93.04619,26.48838],[93.0472,26.49077],[93.04893,26.48886],[93.05421,26.48897],[93.05539,26.4905],[93.05685,26.49022],[93.06006,26.49224],[93.06041,26.49211],[93.06016,26.4911],[93.06091,26.49059],[93.06852,26.49143],[93.0687,26.49586],[93.06785,26.49727],[93.06641,26.49844],[93.06607,26.49981],[93.06661,26.50028],[93.07024,26.49685],[93.07004,26.49424],[93.07051,26.49138],[93.07313,26.49401],[93.07838,26.49421],[93.08128,26.49578],[93.0826,26.49716],[93.0838,26.49698],[93.0851,26.4976],[93.08664,26.49918],[93.08702,26.50023],[93.08953,26.50019],[93.09118,26.49955],[93.09126,26.49852],[93.08812,26.49713],[93.08169,26.49309],[93.08039,26.4917],[93.07978,26.48957],[93.07869,26.48858],[93.07082,26.48538],[93.06602,26.4826],[93.06448,26.47938],[93.06719,26.47771],[93.07284,26.47908],[93.07383,26.47862],[93.07487,26.47571],[93.07368,26.47452],[93.07324,26.47276],[93.07413,26.47089],[93.07611,26.46941],[93.07716,26.46956],[93.07758,26.47022],[93.07701,26.47104],[93.07751,26.47127],[93.07863,26.47096],[93.07947,26.47006],[93.08013,26.47064],[93.08635,26.47068],[93.09033,26.46874],[93.09151,26.46518],[93.08872,26.46264],[93.08839,26.46151],[93.08928,26.46062],[93.09449,26.46099],[93.09431,26.46202],[93.09497,26.46298],[93.09662,26.46348],[93.09913,26.4633],[93.09996,26.46255],[93.10026,26.46111],[93.10245,26.46012],[93.1031,26.46072],[93.10147,26.4626],[93.10275,26.46244],[93.10318,26.46294],[93.10192,26.46369],[93.10207,26.46443],[93.10654,26.46676],[93.10775,26.46657],[93.10813,26.46698],[93.10547,26.46963],[93.10357,26.46931],[93.10252,26.46961],[93.10245,26.47039],[93.10364,26.47114],[93.10361,26.47168],[93.10171,26.47268],[93.0986,26.47219],[93.09815,26.47299],[93.10059,26.47388],[93.10327,26.47423],[93.10572,26.47604],[93.10663,26.47751],[93.10645,26.4789],[93.1095,26.47935],[93.11044,26.48162],[93.11151,26.48235],[93.11167,26.48377],[93.11387,26.48383],[93.1173,26.48527],[93.11738,26.48263],[93.11958,26.48082],[93.12451,26.48309],[93.12455,26.48394],[93.12171,26.48521],[93.12173,26.48762],[93.1207,26.48968],[93.12088,26.49145],[93.12044,26.49203],[93.1188,26.49241],[93.1193,26.49318],[93.12215,26.4948],[93.12525,26.49578],[93.12504,26.49509],[93.12182,26.49335],[93.12143,26.4925],[93.12472,26.48829],[93.12573,26.48808],[93.12774,26.48897],[93.12824,26.48809],[93.12971,26.48781],[93.13241,26.48976],[93.13293,26.48967],[93.12958,26.48648],[93.12694,26.48606],[93.12738,26.48037],[93.1281,26.4803],[93.12905,26.48136],[93.13064,26.48163],[93.13558,26.48519],[93.13611,26.48506],[93.13625,26.48436],[93.13263,26.48144],[93.13224,26.48047],[93.13246,26.47834],[93.13129,26.47715],[93.1285,26.47622],[93.12686,26.47502],[93.12538,26.47521],[93.12334,26.47458],[93.12128,26.47463],[93.11867,26.4735],[93.11759,26.47225],[93.11475,26.47268],[93.1113,26.47201],[93.1104,26.47106],[93.11065,26.47043],[93.11242,26.47027],[93.11321,26.46965],[93.11474,26.47008],[93.11562,26.46963],[93.11574,26.46909],[93.11437,26.46814],[93.11458,26.46772],[93.12004,26.4691],[93.12017,26.46819],[93.11876,26.46663],[93.1191,26.46632],[93.12034,26.467],[93.12095,26.46674],[93.12056,26.46506],[93.12096,26.4642],[93.12472,26.4652],[93.12703,26.4651],[93.12837,26.46416],[93.12743,26.46354],[93.12533,26.46418],[93.12445,26.4635],[93.12356,26.46137],[93.12517,26.46056],[93.12537,26.45986],[93.12408,26.45934],[93.12197,26.45989],[93.12115,26.45872],[93.12008,26.45881],[93.11889,26.45806],[93.1176,26.45835],[93.11696,26.45781],[93.11662,26.45618],[93.11457,26.45527],[93.11087,26.45156],[93.10823,26.44985],[93.10389,26.44887],[93.10488,26.44715],[93.10556,26.44701],[93.10693,26.44723],[93.10941,26.44667],[93.1111,26.44745],[93.11089,26.44607],[93.10867,26.44443],[93.10943,26.44294],[93.11112,26.44247],[93.11043,26.44155],[93.11681,26.44233],[93.11834,26.44209],[93.11812,26.44161],[93.11432,26.44056],[93.11199,26.43941],[93.11012,26.43965],[93.10926,26.43861],[93.10908,26.43661],[93.10853,26.43601],[93.10759,26.43611],[93.10616,26.43768],[93.10416,26.4355],[93.1012,26.43345],[93.10045,26.43363],[93.09916,26.43303],[93.10027,26.43704],[93.09918,26.43716],[93.09506,26.43463],[93.09537,26.43604],[93.09724,26.43783],[93.09868,26.43837],[93.09991,26.43991],[93.10246,26.43892],[93.10535,26.44038],[93.10555,26.44085],[93.10535,26.44145],[93.10391,26.44168],[93.10331,26.44224],[93.10374,26.44352],[93.10169,26.4447],[93.10011,26.44502],[93.09927,26.44581],[93.09869,26.44468],[93.09726,26.44495],[93.09709,26.44373],[93.09602,26.4445],[93.09501,26.44355],[93.09382,26.44334],[93.09196,26.44185],[93.09166,26.4406],[93.08971,26.44018],[93.08658,26.43826],[93.08206,26.43722],[93.07914,26.43515],[93.07382,26.43261],[93.07015,26.43153],[93.06953,26.43205],[93.0703,26.43313],[93.06988,26.43386],[93.07061,26.43508],[93.06886,26.43534],[93.06788,26.43352],[93.06566,26.43332],[93.06734,26.43098],[93.07178,26.42933],[93.07451,26.43004],[93.07908,26.42841],[93.07947,26.43086],[93.08097,26.43071],[93.08345,26.43144],[93.08361,26.4333],[93.08409,26.43367],[93.08551,26.43192],[93.08925,26.43415],[93.09003,26.43314],[93.09115,26.43392],[93.09165,26.43357],[93.08929,26.43171],[93.08643,26.43155],[93.08463,26.43021],[93.08423,26.42931],[93.08277,26.42887],[93.08131,26.42719],[93.08083,26.42482],[93.07907,26.42429],[93.0785,26.42503],[93.07794,26.42498],[93.07622,26.42107],[93.07744,26.41997],[93.07748,26.41918],[93.07304,26.41882],[93.07084,26.41995],[93.06912,26.41875],[93.06819,26.41998],[93.06776,26.42294],[93.06708,26.42317],[93.06569,26.42126],[93.06626,26.42021],[93.06408,26.41954],[93.06245,26.418],[93.0631,26.4169],[93.06133,26.41683],[93.06094,26.41589],[93.05663,26.41664],[93.05694,26.41776],[93.05656,26.41841],[93.05512,26.41777],[93.05578,26.41912],[93.05536,26.41959],[93.0538,26.41882],[93.05095,26.41568],[93.04959,26.41611],[93.04874,26.41961],[93.04931,26.4199],[93.0505,26.41895],[93.05119,26.4193],[93.05162,26.42027],[93.05043,26.42067],[93.05252,26.42282],[93.05315,26.42287],[93.05473,26.42129],[93.05724,26.42181],[93.05734,26.42258],[93.05619,26.42356],[93.05655,26.42447],[93.05572,26.42519],[93.05318,26.4251],[93.05258,26.42559],[93.05336,26.42755],[93.05582,26.4277],[93.05599,26.42827],[93.05437,26.42889],[93.05424,26.42967],[93.05233,26.43008],[93.0506,26.43125],[93.04974,26.43319],[93.04845,26.43359],[93.04824,26.4345],[93.04582,26.43502],[93.04454,26.43461],[93.04415,26.43676],[93.04362,26.43726],[93.03925,26.43458],[93.03892,26.43262],[93.03771,26.43096],[93.03578,26.43042],[93.03364,26.42843],[93.03105,26.42802],[93.02945,26.4272],[93.02439,26.4222],[93.01928,26.42051],[93.01799,26.4203],[93.0147,26.42077],[93.00407,26.42468],[92.99924,26.42316],[92.99468,26.42306],[92.98259,26.41734],[92.98193,26.41747],[92.97971,26.42089],[92.97851,26.42057],[92.97598,26.41918],[92.97508,26.41686],[92.97248,26.41529],[92.96953,26.41239],[92.9672,26.41231],[92.96439,26.41332],[92.96186,26.41313],[92.96229,26.41142],[92.96454,26.41032],[92.96511,26.40955],[92.96555,26.40663],[92.96315,26.40777],[92.9599,26.40671],[92.95951,26.40813],[92.95835,26.40838],[92.95766,26.40694],[92.95625,26.40663],[92.95524,26.40561],[92.95183,26.40505],[92.9503,26.40187],[92.9509,26.39892],[92.94972,26.39765],[92.94723,26.39875],[92.94554,26.3986],[92.94246,26.39994],[92.93975,26.40346],[92.93813,26.40386],[92.92609,26.39647],[92.92453,26.39659],[92.92276,26.39602],[92.92118,26.39687],[92.92028,26.39666],[92.92003,26.39527],[92.92119,26.39219],[92.9206,26.39171],[92.91941,26.39292],[92.91868,26.39303],[92.91355,26.3924],[92.91264,26.39277],[92.91093,26.39469],[92.9112,26.39848],[92.91068,26.39924],[92.90988,26.39882],[92.90856,26.39576],[92.90581,26.39618],[92.90568,26.39749],[92.90651,26.39848],[92.90684,26.39987],[92.90507,26.40007],[92.90528,26.40135],[92.90485,26.40191],[92.90185,26.40143],[92.90038,26.3988],[92.90033,26.3958],[92.8988,26.39439],[92.89678,26.39044],[92.89429,26.38845],[92.89323,26.38645],[92.89171,26.38676],[92.89234,26.38913],[92.89175,26.38991],[92.88889,26.38834],[92.88958,26.38507],[92.88842,26.38471],[92.88656,26.3851],[92.8833,26.38355],[92.88201,26.38004],[92.88246,26.37947],[92.88532,26.37947],[92.88913,26.38147],[92.89163,26.38426],[92.89362,26.38502],[92.8963,26.38691],[92.89884,26.38705],[92.90015,26.38667],[92.90016,26.3858],[92.8987,26.38437],[92.89669,26.38467],[92.89586,26.38344],[92.89307,26.38193],[92.89441,26.3814],[92.89166,26.37651],[92.89046,26.3758],[92.88969,26.37449],[92.89233,26.37349],[92.89526,26.3757],[92.89546,26.37733],[92.8966,26.37784],[92.89701,26.3796],[92.89948,26.38375],[92.90193,26.38454],[92.90313,26.38549],[92.90357,26.38433],[92.90432,26.38423],[92.90484,26.38333],[92.90761,26.38246],[92.90812,26.3817],[92.90732,26.38102],[92.90428,26.38125],[92.90372,26.38054],[92.90542,26.38017],[92.90633,26.37907],[92.90896,26.37767],[92.90956,26.37762],[92.91069,26.37852],[92.91685,26.37946],[92.9171,26.37892],[92.91616,26.3771],[92.91659,26.37668],[92.91968,26.37974],[92.91886,26.38081],[92.92108,26.38237],[92.92181,26.38176],[92.92227,26.37933],[92.92372,26.37889],[92.92577,26.37899],[92.92556,26.37799],[92.9232,26.37754],[92.91706,26.37342],[92.91678,26.37097],[92.91918,26.36968],[92.92082,26.3695],[92.9212,26.3686],[92.91653,26.3657],[92.91621,26.36483],[92.91673,26.36348],[92.91633,26.36299],[92.91518,26.36204],[92.91283,26.36158],[92.91208,26.36066],[92.91188,26.35911],[92.90869,26.35752],[92.90869,26.35645],[92.9106,26.35562],[92.9109,26.35485],[92.90931,26.35351],[92.90936,26.35253],[92.90976,26.3521],[92.91415,26.35328],[92.92033,26.35568],[92.92772,26.35427],[92.92811,26.35411],[92.92809,26.35283],[92.93008,26.35222],[92.932,26.3508],[92.93258,26.35079],[92.93443,26.35277],[92.93596,26.35172],[92.93843,26.35199],[92.93867,26.3531],[92.93955,26.35313],[92.94096,26.35185],[92.93985,26.34771],[92.94073,26.34406],[92.94507,26.34057],[92.94609,26.33495],[92.94597,26.33374],[92.94533,26.33298],[92.94539,26.33181],[92.94338,26.32969],[92.9431,26.32721],[92.94067,26.3263],[92.93884,26.32414],[92.93768,26.32378],[92.93687,26.32292],[92.93485,26.32262],[92.93097,26.32003],[92.93015,26.31841],[92.92849,26.31914],[92.92802,26.31698],[92.92459,26.31539],[92.92418,26.31469],[92.92138,26.31318],[92.91944,26.31253],[92.91749,26.31337],[92.91725,26.31568],[92.91795,26.31707],[92.91634,26.3177],[92.91356,26.31754],[92.91128,26.31696],[92.91044,26.31559],[92.90894,26.31505],[92.9086,26.31437],[92.90663,26.31404],[92.90571,26.31302],[92.90367,26.3122],[92.89858,26.30899],[92.89728,26.30679],[92.89592,26.30636],[92.89432,26.30484],[92.89316,26.29397],[92.89334,26.29041],[92.89225,26.28845],[92.89055,26.28722],[92.88866,26.28681],[92.88358,26.28739],[92.87971,26.28373],[92.87454,26.28775],[92.87233,26.29028],[92.86629,26.29388],[92.86198,26.29288],[92.86095,26.29352],[92.86061,26.29517],[92.85754,26.2957],[92.85545,26.29536],[92.85497,26.29381],[92.85429,26.29371],[92.85284,26.29613],[92.85304,26.29792],[92.851,26.29888],[92.84902,26.29915],[92.84876,26.29998],[92.85347,26.30206],[92.85555,26.30169],[92.85564,26.30253],[92.85263,26.30486],[92.85126,26.30491],[92.8508,26.30447],[92.85098,26.30271],[92.84975,26.30327],[92.84726,26.30594],[92.84399,26.30511],[92.84238,26.30219],[92.84268,26.30049],[92.84121,26.29763],[92.84154,26.29551],[92.84113,26.29321],[92.84164,26.29276],[92.84272,26.29316],[92.84353,26.29163],[92.84455,26.29146],[92.8447,26.29079],[92.84336,26.28827],[92.84121,26.28906],[92.84007,26.28879],[92.83994,26.28783],[92.84157,26.28383],[92.84017,26.28317],[92.83687,26.28289],[92.83315,26.27992],[92.83155,26.27819],[92.83005,26.27384],[92.82641,26.27355],[92.82523,26.27172],[92.82246,26.27165],[92.8188,26.27003],[92.81837,26.26932],[92.81847,26.26787],[92.81942,26.2673],[92.82123,26.26731],[92.82155,26.2663],[92.81839,26.26551],[92.81854,26.26477],[92.81994,26.26452],[92.81942,26.2637],[92.81467,26.26313],[92.81387,26.26255],[92.81434,26.26175],[92.81701,26.26119],[92.81739,26.26075],[92.81713,26.25835],[92.81618,26.25714],[92.81745,26.25641],[92.81723,26.25492],[92.81547,26.25469],[92.81543,26.25317],[92.81381,26.24955],[92.81406,26.24761],[92.81278,26.24517],[92.81338,26.23972],[92.81392,26.23914],[92.81631,26.2385],[92.81628,26.23712],[92.81469,26.23534],[92.81504,26.23286],[92.82013,26.23039],[92.82286,26.23041],[92.82475,26.22986],[92.82704,26.22511],[92.8172,26.21498],[92.81513,26.21405],[92.80921,26.21594],[92.80714,26.21585],[92.80397,26.21647],[92.79762,26.21926],[92.7936,26.21951],[92.79353,26.21372],[92.79431,26.20964],[92.79546,26.20744],[92.79396,26.20576],[92.79467,26.20438],[92.79422,26.20078],[92.78743,26.19988],[92.77871,26.19744],[92.77383,26.19552],[92.76921,26.18422],[92.75548,26.18037],[92.75394,26.17639],[92.75368,26.17357],[92.75522,26.16689],[92.75971,26.15688],[92.75984,26.15175],[92.75766,26.14777],[92.7533,26.14572],[92.74573,26.14495],[92.74072,26.14276],[92.73738,26.13802],[92.73161,26.12634],[92.72571,26.12531],[92.72121,26.12788],[92.70723,26.13866],[92.7044,26.1384],[92.70235,26.13493],[92.70376,26.12723],[92.70838,26.12146],[92.71467,26.11594],[92.72057,26.10952],[92.72211,26.1067],[92.72173,26.10233],[92.71929,26.09669],[92.72199,26.09361],[92.72725,26.09258],[92.73175,26.09282],[92.73394,26.08902],[92.73317,26.08581],[92.73047,26.08324],[92.72945,26.08132],[92.73201,26.07696],[92.73266,26.07439],[92.72983,26.06566],[92.72919,26.06194],[92.72982,26.0599],[92.71735,26.0583],[92.71627,26.05466],[92.71399,26.05353],[92.71215,26.04975],[92.70887,26.04524],[92.71039,26.04123],[92.71142,26.04095],[92.71201,26.0402],[92.71177,26.03981],[92.71049,26.03978],[92.7113,26.03834],[92.71017,26.0378],[92.71006,26.03702],[92.71102,26.03675],[92.71225,26.03777],[92.71332,26.03612],[92.71641,26.03647],[92.71681,26.03619],[92.71575,26.0352],[92.71587,26.03405],[92.71509,26.0328],[92.71515,26.03159],[92.71649,26.02977],[92.71526,26.02968],[92.71419,26.02848],[92.7138,26.02697],[92.71135,26.02598],[92.71159,26.02555],[92.71255,26.02593],[92.71352,26.0232],[92.71484,26.02289],[92.71462,26.02201],[92.713,26.02209],[92.71246,26.02171],[92.71244,26.01982],[92.71349,26.0186],[92.71331,26.01806],[92.71253,26.01808],[92.71077,26.01933],[92.71103,26.01776],[92.70962,26.01759],[92.70806,26.02028],[92.70615,26.01947],[92.70596,26.02074],[92.70488,26.0209],[92.70378,26.02187],[92.7016,26.02022],[92.69962,26.02116],[92.6994,26.02013],[92.69887,26.01994],[92.69661,26.02112],[92.69493,26.02281],[92.69449,26.02269],[92.69399,26.02073],[92.69336,26.02089],[92.69224,26.02275],[92.69158,26.02263],[92.6909,26.02118],[92.69008,26.02129],[92.6887,26.02408],[92.68663,26.02448],[92.68733,26.02614],[92.68544,26.02627],[92.68367,26.02771],[92.68275,26.0269],[92.6807,26.02662],[92.67889,26.02424],[92.67823,26.02524],[92.67819,26.02714],[92.67728,26.02596],[92.67639,26.02684],[92.67613,26.02553],[92.67533,26.02567],[92.67462,26.02492],[92.67272,26.02493],[92.6717,26.02575],[92.6707,26.02881],[92.66905,26.02822],[92.66694,26.02845],[92.66592,26.02767],[92.66499,26.02509],[92.66557,26.02383],[92.66364,26.02318],[92.66218,26.02201],[92.65715,26.02079],[92.65524,26.02077],[92.65447,26.01967],[92.65444,26.01894],[92.65597,26.018],[92.65628,26.01695],[92.65478,26.0146],[92.65466,26.01326],[92.65683,26.01027],[92.65742,26.00798],[92.6561,26.00102],[92.65476,25.99969],[92.64807,25.99911],[92.64378,25.99978],[92.63873,25.99758],[92.63684,25.99848],[92.63629,25.99833],[92.63607,25.99787],[92.63693,25.99583],[92.63402,25.99387],[92.63398,25.9909],[92.63352,25.99017],[92.63106,25.98855],[92.62607,25.98728],[92.62066,25.98417],[92.61533,25.98401],[92.61331,25.97959],[92.61223,25.97811],[92.6112,25.97757],[92.60858,25.97844],[92.60615,25.97848],[92.60205,25.97606],[92.60075,25.97586],[92.59898,25.97622],[92.59682,25.97819],[92.5959,25.97802],[92.59267,25.97298],[92.58923,25.96465],[92.58803,25.96377],[92.58627,25.96378],[92.58,25.96603],[92.5772,25.96646],[92.57501,25.96629],[92.56609,25.96166],[92.565,25.96194],[92.5604,25.96504],[92.55287,25.9654],[92.55077,25.96647],[92.55001,25.96776],[92.54586,25.97156],[92.54966,25.97766],[92.55097,25.97899],[92.55201,25.98233],[92.55897,25.99339],[92.5631,25.9989],[92.56714,26.00191],[92.56731,26.00427],[92.56616,26.00751],[92.56623,26.01072],[92.56867,26.01325],[92.57099,26.01443],[92.57949,26.01709],[92.58543,26.0197],[92.59379,26.02148],[92.59443,26.02361],[92.5932,26.0231],[92.5904,26.02776],[92.58151,26.02935],[92.58007,26.03083],[92.5795,26.03328],[92.57967,26.03549],[92.58323,26.04325],[92.58419,26.05294],[92.58887,26.06262],[92.59403,26.068],[92.59602,26.07093],[92.59633,26.0738],[92.59568,26.08076],[92.59471,26.08179],[92.58247,26.08847],[92.57664,26.09261],[92.57461,26.09485],[92.57441,26.09829],[92.57717,26.10548],[92.57719,26.10658],[92.57668,26.10904],[92.57537,26.11162],[92.57245,26.11584],[92.57053,26.11668],[92.56918,26.11672],[92.56303,26.11573],[92.55242,26.11284],[92.54767,26.11074],[92.54489,26.10882],[92.54304,26.10414],[92.53843,26.10029],[92.53759,26.09921],[92.53704,26.09698],[92.53638,26.09646],[92.53317,26.0961],[92.53167,26.09913],[92.5305,26.09942],[92.53069,26.1014],[92.52915,26.1015],[92.52657,26.09855],[92.52245,26.10232],[92.51966,26.10243],[92.51892,26.10451],[92.51929,26.1126],[92.5179,26.11475],[92.51763,26.11602],[92.51916,26.11917],[92.52264,26.13268],[92.52662,26.14061],[92.52644,26.14423],[92.52713,26.14809],[92.52889,26.15088],[92.52834,26.1517],[92.52668,26.15177],[92.52599,26.15315],[92.52409,26.15267],[92.5227,26.15157],[92.52246,26.15488],[92.52148,26.1554],[92.51931,26.15476],[92.51985,26.15338],[92.51946,26.15288],[92.52017,26.15231],[92.51972,26.15215],[92.51994,26.1514],[92.50875,26.14127],[92.50705,26.14149],[92.50632,26.14213],[92.50342,26.14691],[92.50126,26.14892],[92.49712,26.14982],[92.48664,26.1495],[92.48645,26.14508],[92.48599,26.14408],[92.48435,26.14279],[92.48237,26.13915],[92.48181,26.1364],[92.47885,26.12896],[92.47427,26.12517],[92.47131,26.12037],[92.46815,26.11799],[92.46549,26.11725],[92.45936,26.11766],[92.45388,26.11562],[92.45052,26.10642],[92.44942,26.10008],[92.44402,26.0982],[92.44143,26.0956],[92.43708,26.0964],[92.43534,26.09796],[92.43293,26.0977],[92.42736,26.0988],[92.4264,26.10038],[92.4261,26.10547],[92.42514,26.10713],[92.42221,26.10968],[92.41787,26.11127],[92.41443,26.11562],[92.41292,26.11555],[92.41126,26.11178],[92.40727,26.11376],[92.4037,26.11295],[92.39533,26.11357],[92.40055,26.12139],[92.40412,26.12238],[92.40779,26.12495],[92.4085,26.12598],[92.40612,26.12753],[92.405,26.12744],[92.40309,26.12848],[92.39978,26.13164],[92.39844,26.1358],[92.39894,26.13807],[92.40079,26.13894],[92.40251,26.14203],[92.40234,26.14306],[92.40472,26.14319],[92.40852,26.14628],[92.41757,26.15191],[92.42232,26.17608],[92.4232,26.17865],[92.42681,26.18259],[92.42775,26.18424],[92.42812,26.1861],[92.4277,26.18879],[92.42935,26.18941],[92.43,26.19048],[92.42945,26.19229],[92.42714,26.19406],[92.42821,26.19732],[92.43027,26.20786],[92.42907,26.2194],[92.42648,26.22311],[92.42546,26.23162],[92.42297,26.2362],[92.41745,26.24058],[92.41337,26.24291],[92.4098,26.24293],[92.4083,26.24349],[92.4077,26.24457],[92.40886,26.24594],[92.4107,26.24646],[92.41384,26.25005],[92.41411,26.2507],[92.41293,26.25163],[92.41319,26.25395],[92.41499,26.26068],[92.41781,26.26586],[92.4192,26.27015],[92.42179,26.27073],[92.42404,26.26979],[92.4248,26.26856],[92.42447,26.26729],[92.42569,26.26665],[92.42741,26.26678],[92.42985,26.26796],[92.43206,26.26819],[92.43257,26.26966],[92.43979,26.26912],[92.4439,26.27012],[92.4438,26.27221],[92.4523,26.27306],[92.4852,26.27473],[92.49351,26.27454],[92.495,26.2725],[92.49818,26.27218],[92.50411,26.27307],[92.51972,26.28078],[92.51944,26.28136],[92.52272,26.28314],[92.52242,26.28358],[92.52769,26.28728],[92.52937,26.28781],[92.53255,26.29149],[92.55261,26.30836],[92.55551,26.31271],[92.55671,26.3132],[92.557,26.31468],[92.56009,26.3212],[92.56157,26.33293],[92.56377,26.33353],[92.5656,26.33317],[92.56817,26.33786],[92.5672,26.34508],[92.5646,26.35419],[92.56361,26.36018],[92.56362,26.36321],[92.56682,26.37219],[92.55324,26.37517],[92.55346,26.37815],[92.55145,26.38217],[92.54902,26.38142],[92.54642,26.38274],[92.54521,26.38255],[92.52802,26.37353],[92.52646,26.3772],[92.50904,26.37734],[92.50788,26.37305],[92.50616,26.37213],[92.50434,26.37298],[92.50399,26.37404],[92.50531,26.37983],[92.50524,26.38155],[92.50433,26.3825],[92.50306,26.38256],[92.50215,26.38169],[92.50258,26.37956],[92.50182,26.37775],[92.49893,26.37642],[92.49659,26.37628],[92.49383,26.3745],[92.49352,26.37394],[92.49424,26.3704],[92.4926,26.36911],[92.48931,26.36819],[92.48766,26.36709],[92.48697,26.36421],[92.48585,26.36342],[92.48524,26.3637],[92.48542,26.36716],[92.48454,26.36819],[92.47564,26.37055],[92.47147,26.37375],[92.46983,26.37433],[92.46726,26.37417],[92.46468,26.37273],[92.4624,26.37217],[92.45842,26.37303],[92.45587,26.37303],[92.44554,26.3676],[92.44197,26.37032],[92.44107,26.36993],[92.44062,26.37028],[92.44002,26.37929],[92.44141,26.38912],[92.43349,26.39026],[92.43332,26.39865],[92.43115,26.39888],[92.43283,26.40553],[92.43284,26.40958],[92.43396,26.41301],[92.43205,26.41311],[92.43118,26.41231],[92.4311,26.41156],[92.42931,26.41083],[92.42429,26.41361],[92.42632,26.41513],[92.42745,26.41715],[92.42674,26.41767],[92.42508,26.41786],[92.42536,26.41843],[92.42713,26.41905],[92.42617,26.42125],[92.42771,26.42282],[92.42678,26.42535],[92.42777,26.42638],[92.42801,26.42774],[92.43042,26.42948],[92.43304,26.43065],[92.43399,26.43179],[92.43874,26.43345],[92.44189,26.43637],[92.43897,26.44308],[92.44107,26.45188],[92.4365,26.45517],[92.42637,26.47154],[92.42842,26.47651],[92.41979,26.47898],[92.42195,26.48782],[92.4193,26.49077],[92.41953,26.49322],[92.41702,26.49724],[92.41683,26.4988],[92.418,26.50139],[92.41946,26.50877],[92.41973,26.51188],[92.41897,26.51705],[92.42779,26.51948],[92.43117,26.51951],[92.43501,26.52029],[92.44213,26.51974],[92.44783,26.51752],[92.45188,26.51518],[92.45282,26.51414],[92.45399,26.50671],[92.45724,26.50134],[92.45757,26.5],[92.46017,26.49799],[92.46228,26.49714],[92.46745,26.49628],[92.47791,26.49578],[92.48436,26.49729],[92.48776,26.49954],[92.48949,26.5],[92.49284,26.50203],[92.49683,26.50241],[92.50226,26.50434],[92.51232,26.50672],[92.52259,26.5081],[92.53597,26.50632],[92.54269,26.50632],[92.54854,26.50554],[92.55981,26.50685],[92.56229,26.50665],[92.56576,26.50497],[92.57137,26.50066],[92.57328,26.49972],[92.57481,26.49955],[92.58439,26.50203],[92.59068,26.50126],[92.59055,26.50317],[92.58802,26.505],[92.5888,26.50597],[92.60382,26.50886],[92.61177,26.51254],[92.6158,26.51307],[92.63085,26.51768],[92.64414,26.51775],[92.65151,26.51703],[92.65617,26.51866],[92.66071,26.52116],[92.66328,26.52195],[92.67632,26.51132],[92.68231,26.50934],[92.68716,26.5093],[92.69023,26.51032],[92.69181,26.51146],[92.69604,26.51778],[92.69905,26.51939],[92.70496,26.52806],[92.70738,26.53049],[92.71306,26.53361],[92.72148,26.5359],[92.72376,26.53498],[92.72556,26.53263],[92.72589,26.52797],[92.72462,26.52544],[92.72483,26.52216],[92.72976,26.51652],[92.7341,26.51475],[92.73469,26.51549],[92.73534,26.51555],[92.74164,26.51436],[92.74462,26.51188],[92.74676,26.51092],[92.75086,26.5114],[92.75578,26.51314],[92.75706,26.51492],[92.75761,26.51732],[92.75619,26.52221],[92.7564,26.52489],[92.75748,26.52652],[92.76457,26.53273],[92.76459,26.53781],[92.76615,26.54252],[92.76692,26.54685],[92.76976,26.55352],[92.77144,26.55585],[92.78543,26.55548],[92.79467,26.55706],[92.81244,26.56569],[92.82189,26.57299],[92.82469,26.57463],[92.82874,26.57818],[92.83452,26.58139],[92.84203,26.58442],[92.84727,26.58516],[92.85543,26.58505],[92.85845,26.58453],[92.86309,26.58235],[92.86918,26.58169],[92.87424,26.58338],[92.87715,26.58492],[92.88815,26.59344],[92.89283,26.59573],[92.89928,26.59571],[92.9094,26.59412],[92.91484,26.59428],[92.91695,26.59496],[92.92,26.59682],[92.92501,26.6025],[92.93106,26.61264],[92.93497,26.6159],[92.94051,26.61858],[92.94611,26.61912],[92.9512,26.6204],[92.95198,26.62037],[92.95487,26.6184],[92.97842,26.61824],[92.97943,26.61787],[92.98012,26.61662],[92.98137,26.61646],[92.98473,26.61442],[92.98782,26.61379],[92.99308,26.61369],[92.99512,26.61123],[92.99669,26.61092],[92.99556,26.60913],[92.99518,26.60646],[92.9962,26.60401],[93.00017,26.60193],[93.00559,26.59992],[93.01376,26.59771],[93.02537,26.59696],[93.0335,26.59818],[93.05544,26.59502],[93.06016,26.59571],[93.06789,26.59809],[93.07111,26.59792],[93.07448,26.59618],[93.07533,26.59416],[93.07884,26.59093],[93.08393,26.58734],[93.09495,26.57768],[93.09855,26.57679],[93.10174,26.57679],[93.10983,26.57801],[93.11903,26.58018],[93.12428,26.58234],[93.13241,26.58705],[93.14004,26.59031],[93.14421,26.59137],[93.14927,26.5938],[93.15484,26.59718],[93.16024,26.60147],[93.16188,26.60417],[93.16301,26.60787],[93.16483,26.61001],[93.16755,26.61204],[93.19254,26.62042],[93.2102,26.62801],[93.21978,26.63105],[93.22097,26.63248],[93.22458,26.6408],[93.22613,26.65007],[93.22589,26.65828],[93.22654,26.66056],[93.23304,26.66876],[93.24167,26.68386],[93.2435,26.68493],[93.24665,26.68646],[93.25067,26.68732],[93.25713,26.68543],[93.26148,26.68317],[93.2674,26.68379],[93.27386,26.68532],[93.28388,26.68878],[93.28572,26.68897],[93.28606,26.6897],[93.28477,26.69],[93.28477,26.69086],[93.28802,26.69551],[93.29067,26.69747],[93.30392,26.70041],[93.30501,26.69644],[93.30684,26.69375]]]}},{"id":"22","type":"Feature","properties":{"state":"ASSAM","state_lgd":"18","district":"MARIGAON","district_lgd":"304"},"geometry":{"type":"Polygon","coordinates":[[[92.41973,26.51188],[92.41897,26.50567],[92.418,26.50139],[92.41683,26.4988],[92.41702,26.49724],[92.41953,26.49322],[92.4193,26.49077],[92.42195,26.48782],[92.41979,26.47898],[92.42842,26.47651],[92.42637,26.47154],[92.4365,26.45517],[92.44107,26.45188],[92.43897,26.44308],[92.44189,26.43637],[92.43874,26.43345],[92.43399,26.43179],[92.43304,26.43065],[92.43042,26.42948],[92.42801,26.42774],[92.42777,26.42638],[92.42678,26.42535],[92.42771,26.42282],[92.42617,26.42125],[92.42713,26.41905],[92.42536,26.41843],[92.42508,26.41786],[92.42674,26.41767],[92.42745,26.41715],[92.42632,26.41513],[92.42429,26.41361],[92.42931,26.41083],[92.4311,26.41156],[92.43118,26.41231],[92.43205,26.41311],[92.43396,26.41301],[92.43284,26.40958],[92.43283,26.40553],[92.43115,26.39888],[92.43332,26.39865],[92.43349,26.39026],[92.44141,26.38912],[92.44002,26.37929],[92.44062,26.37028],[92.44107,26.36993],[92.44197,26.37032],[92.44554,26.3676],[92.45587,26.37303],[92.45842,26.37303],[92.4624,26.37217],[92.46468,26.37273],[92.46726,26.37417],[92.46983,26.37433],[92.47147,26.37375],[92.47564,26.37055],[92.48454,26.36819],[92.48542,26.36716],[92.48524,26.3637],[92.48585,26.36342],[92.48697,26.36421],[92.48766,26.36709],[92.48931,26.36819],[92.4926,26.36911],[92.49424,26.3704],[92.49352,26.37394],[92.49383,26.3745],[92.49659,26.37628],[92.49893,26.37642],[92.50182,26.37775],[92.50258,26.37956],[92.50215,26.38169],[92.50306,26.38256],[92.50433,26.3825],[92.50524,26.38155],[92.50531,26.37983],[92.50399,26.37404],[92.50434,26.37298],[92.50616,26.37213],[92.50788,26.37305],[92.50904,26.37734],[92.52646,26.3772],[92.52802,26.37353],[92.54521,26.38255],[92.54642,26.38274],[92.54902,26.38142],[92.55145,26.38217],[92.55346,26.37815],[92.55324,26.37517],[92.56682,26.37219],[92.56362,26.36321],[92.56361,26.36018],[92.5646,26.35419],[92.5672,26.34508],[92.56817,26.33786],[92.5656,26.33317],[92.56377,26.33353],[92.56157,26.33293],[92.56009,26.3212],[92.557,26.31468],[92.55671,26.3132],[92.55551,26.31271],[92.55238,26.30813],[92.53255,26.29149],[92.52937,26.28781],[92.52769,26.28728],[92.52242,26.28358],[92.52272,26.28314],[92.51944,26.28136],[92.51972,26.28078],[92.50411,26.27307],[92.49818,26.27218],[92.495,26.2725],[92.49351,26.27454],[92.4852,26.27473],[92.4523,26.27306],[92.4438,26.27221],[92.4439,26.27012],[92.43979,26.26912],[92.43257,26.26966],[92.43206,26.26819],[92.42985,26.26796],[92.42741,26.26678],[92.42569,26.26665],[92.42447,26.26729],[92.4248,26.26856],[92.42404,26.26979],[92.42179,26.27073],[92.4192,26.27015],[92.41781,26.26586],[92.41499,26.26068],[92.41319,26.25395],[92.41293,26.25163],[92.41411,26.2507],[92.41384,26.25005],[92.4107,26.24646],[92.40886,26.24594],[92.4077,26.24457],[92.4083,26.24349],[92.4098,26.24293],[92.41337,26.24291],[92.41745,26.24058],[92.42297,26.2362],[92.42546,26.23162],[92.42648,26.22311],[92.42907,26.2194],[92.43027,26.20786],[92.42821,26.19732],[92.42714,26.19406],[92.42945,26.19229],[92.43,26.19048],[92.42935,26.18941],[92.4277,26.18879],[92.42812,26.1861],[92.42775,26.18424],[92.42681,26.18259],[92.4232,26.17865],[92.42232,26.17608],[92.41757,26.15191],[92.40852,26.14628],[92.40472,26.14319],[92.40234,26.14306],[92.40251,26.14203],[92.40079,26.13894],[92.39894,26.13807],[92.39844,26.1358],[92.39978,26.13164],[92.40309,26.12848],[92.405,26.12744],[92.40612,26.12753],[92.4085,26.12598],[92.40779,26.12495],[92.40517,26.12304],[92.40346,26.12203],[92.40101,26.12168],[92.39948,26.1202],[92.39559,26.11377],[92.3938,26.11167],[92.39193,26.11047],[92.38419,26.10037],[92.38212,26.0951],[92.37953,26.0913],[92.3765,26.0889],[92.37491,26.08677],[92.36998,26.08321],[92.36693,26.08173],[92.36289,26.07758],[92.36245,26.07765],[92.36181,26.07943],[92.36271,26.08089],[92.3627,26.08203],[92.36065,26.08485],[92.35986,26.08506],[92.35962,26.09161],[92.35626,26.08876],[92.35448,26.0848],[92.34801,26.08526],[92.34707,26.08354],[92.33884,26.07968],[92.33428,26.07781],[92.33271,26.07794],[92.33072,26.07726],[92.3296,26.07725],[92.32575,26.08353],[92.32341,26.08633],[92.32239,26.08524],[92.31446,26.0848],[92.31304,26.0824],[92.31227,26.08217],[92.30865,26.08305],[92.30441,26.08514],[92.3008,26.0777],[92.29889,26.07739],[92.29856,26.07968],[92.29732,26.0807],[92.29651,26.08247],[92.29447,26.08196],[92.29389,26.08072],[92.29027,26.07812],[92.28798,26.07811],[92.28676,26.0774],[92.2856,26.07501],[92.28467,26.07418],[92.28378,26.07099],[92.2809,26.0685],[92.27639,26.06731],[92.2747,26.06566],[92.27187,26.06522],[92.27102,26.06713],[92.26976,26.06661],[92.26955,26.06764],[92.2686,26.06812],[92.26746,26.06676],[92.26277,26.06603],[92.26095,26.06614],[92.26113,26.06517],[92.25938,26.06492],[92.25933,26.06402],[92.25832,26.06346],[92.25593,26.06436],[92.25399,26.06328],[92.25096,26.0635],[92.25052,26.06453],[92.24787,26.06292],[92.24698,26.0635],[92.24484,26.06375],[92.24327,26.06254],[92.24209,26.06285],[92.2418,26.06181],[92.24104,26.06289],[92.23856,26.06198],[92.23733,26.06348],[92.22944,26.06462],[92.22889,26.06502],[92.22859,26.0668],[92.22719,26.06745],[92.2263,26.0669],[92.22492,26.06798],[92.22224,26.06809],[92.22054,26.0703],[92.21984,26.06954],[92.21848,26.0698],[92.21674,26.06867],[92.21548,26.06841],[92.21255,26.06855],[92.20979,26.07008],[92.20818,26.07047],[92.20627,26.06963],[92.20651,26.06814],[92.20042,26.06962],[92.19637,26.06855],[92.19442,26.06856],[92.19265,26.06733],[92.19101,26.06884],[92.18736,26.06657],[92.18637,26.06703],[92.18613,26.06765],[92.18642,26.06838],[92.18755,26.06878],[92.18752,26.06923],[92.18442,26.06884],[92.18181,26.06906],[92.18094,26.06975],[92.18049,26.07118],[92.17964,26.07075],[92.17854,26.06856],[92.17754,26.06877],[92.17595,26.07048],[92.17678,26.07217],[92.17611,26.074],[92.17671,26.07481],[92.17858,26.07545],[92.17922,26.07757],[92.17865,26.07822],[92.17613,26.07795],[92.17532,26.08134],[92.17419,26.08267],[92.17206,26.08363],[92.17047,26.08611],[92.16982,26.08872],[92.16885,26.08989],[92.1681,26.09405],[92.1687,26.09613],[92.17106,26.09957],[92.1711,26.10131],[92.16874,26.1118],[92.16346,26.1218],[92.16206,26.145],[92.16358,26.14983],[92.16607,26.15416],[92.16697,26.16399],[92.1643,26.16253],[92.16219,26.16323],[92.15716,26.17001],[92.1563,26.17065],[92.15468,26.17088],[92.15338,26.1703],[92.15256,26.16917],[92.15141,26.16214],[92.15079,26.16158],[92.1497,26.16153],[92.13227,26.17215],[92.13087,26.17471],[92.13045,26.17989],[92.12969,26.18059],[92.12431,26.1784],[92.11594,26.17641],[92.10661,26.17211],[92.10474,26.1721],[92.09703,26.17475],[92.08982,26.17644],[92.07995,26.17734],[92.07985,26.17795],[92.08053,26.17865],[92.08784,26.182],[92.09334,26.1854],[92.09388,26.1877],[92.0934,26.1891],[92.09158,26.18998],[92.08977,26.18981],[92.08847,26.18912],[92.08515,26.18595],[92.08295,26.18504],[92.08175,26.18517],[92.07904,26.18719],[92.07871,26.19292],[92.0779,26.19452],[92.07634,26.19568],[92.07432,26.19651],[92.06999,26.19712],[92.06304,26.19512],[92.06013,26.19645],[92.0571,26.19959],[92.04746,26.21417],[92.04751,26.21617],[92.04931,26.21696],[92.04928,26.21879],[92.05024,26.21986],[92.04863,26.22382],[92.04696,26.22414],[92.04612,26.22476],[92.04366,26.22441],[92.04143,26.22535],[92.03951,26.22517],[92.03756,26.22375],[92.0352,26.22447],[92.03329,26.22555],[92.03119,26.22955],[92.02986,26.23082],[92.02736,26.23193],[92.02575,26.23186],[92.02426,26.23289],[92.02128,26.233],[92.01981,26.23],[92.01724,26.22777],[92.01489,26.22805],[92.01365,26.22896],[92.01168,26.22901],[92.01108,26.23009],[92.00843,26.23141],[92.01138,26.23596],[92.0121,26.23795],[92.01235,26.24015],[92.01169,26.24192],[92.0086,26.23806],[92.00563,26.23626],[92.00478,26.23594],[91.99694,26.23608],[91.99657,26.23668],[91.994,26.23694],[91.98983,26.2388],[91.98879,26.23905],[91.98801,26.23809],[91.98349,26.23924],[91.98066,26.24056],[91.97912,26.24247],[91.97651,26.24438],[91.97451,26.24734],[91.97188,26.24788],[91.97207,26.24976],[91.97284,26.25097],[91.97284,26.25286],[91.97558,26.25116],[91.97662,26.25254],[91.97595,26.25769],[91.97764,26.26132],[91.97905,26.26748],[91.97793,26.26967],[91.97865,26.27084],[91.97834,26.27259],[91.97868,26.27432],[91.98063,26.27559],[91.98332,26.2751],[91.98531,26.27367],[91.98567,26.27281],[91.98542,26.27146],[91.98606,26.27069],[91.98948,26.26968],[91.99205,26.26973],[91.99691,26.2713],[92.0004,26.27307],[92.00657,26.27746],[92.0085,26.27724],[92.01041,26.27795],[92.01268,26.27978],[92.01538,26.28315],[92.0149,26.28074],[92.01561,26.27893],[92.01765,26.27589],[92.01957,26.27433],[92.02427,26.27111],[92.028,26.27036],[92.03219,26.27034],[92.03565,26.27156],[92.03713,26.2728],[92.03873,26.27247],[92.04006,26.27309],[92.04217,26.27615],[92.04378,26.27758],[92.04783,26.27875],[92.04707,26.2819],[92.05009,26.28498],[92.05261,26.29099],[92.05497,26.29487],[92.05765,26.29753],[92.06142,26.31047],[92.0682,26.31188],[92.06924,26.3129],[92.07156,26.31362],[92.07271,26.31514],[92.07471,26.31662],[92.07872,26.32707],[92.07916,26.33074],[92.08415,26.33898],[92.08632,26.34054],[92.0941,26.33897],[92.0977,26.33995],[92.09981,26.34103],[92.10275,26.34442],[92.10375,26.34706],[92.10342,26.3531],[92.10395,26.35453],[92.1075,26.35762],[92.10962,26.3587],[92.11605,26.36366],[92.12288,26.37069],[92.13259,26.38572],[92.13339,26.38842],[92.13965,26.39601],[92.1429,26.40137],[92.15132,26.40859],[92.15849,26.41397],[92.16195,26.41601],[92.16752,26.41834],[92.1756,26.42324],[92.18186,26.42449],[92.19998,26.42128],[92.20551,26.41534],[92.20791,26.41443],[92.21248,26.41429],[92.21617,26.41477],[92.21862,26.41572],[92.22329,26.41874],[92.23181,26.42615],[92.23412,26.42762],[92.23634,26.43124],[92.23755,26.43783],[92.23842,26.43952],[92.24165,26.4436],[92.24459,26.44615],[92.25,26.44851],[92.25078,26.44968],[92.25569,26.45184],[92.26579,26.45096],[92.27498,26.45113],[92.27521,26.45179],[92.27699,26.45221],[92.28115,26.45425],[92.28718,26.45889],[92.29469,26.46646],[92.29661,26.46994],[92.29892,26.47212],[92.29944,26.47358],[92.31001,26.48435],[92.31697,26.48872],[92.32467,26.49222],[92.32792,26.49492],[92.33347,26.4971],[92.33883,26.49992],[92.34132,26.50164],[92.34718,26.50772],[92.34878,26.50758],[92.35218,26.50546],[92.36071,26.50545],[92.36379,26.50663],[92.37521,26.51307],[92.38289,26.51654],[92.384,26.51643],[92.38723,26.51373],[92.38963,26.51306],[92.39271,26.51294],[92.39385,26.51368],[92.40123,26.51421],[92.41445,26.51603],[92.41897,26.51705],[92.41973,26.51188]]]}},{"id":"23","type":"Feature","properties":{"state":"ASSAM","state_lgd":"18","district":"KAMRUP METRO","district_lgd":"322"},"geometry":{"type":"Polygon","coordinates":[[[91.97595,26.25769],[91.97662,26.25254],[91.97558,26.25116],[91.97284,26.25286],[91.97284,26.25097],[91.97207,26.24976],[91.97188,26.24788],[91.97434,26.24747],[91.97651,26.24438],[91.97912,26.24247],[91.98066,26.24056],[91.98349,26.23924],[91.98801,26.23809],[91.98879,26.23905],[91.98983,26.2388],[91.994,26.23694],[91.99657,26.23668],[91.99694,26.23608],[92.00478,26.23594],[92.0086,26.23806],[92.01169,26.24192],[92.01235,26.24015],[92.0121,26.23795],[92.01138,26.23596],[92.00843,26.23141],[92.01108,26.23009],[92.01168,26.22901],[92.01365,26.22896],[92.01489,26.22805],[92.01724,26.22777],[92.01981,26.23],[92.02128,26.233],[92.02426,26.23289],[92.02575,26.23186],[92.02736,26.23193],[92.02986,26.23082],[92.03119,26.22955],[92.03329,26.22555],[92.0352,26.22447],[92.03756,26.22375],[92.03951,26.22517],[92.04143,26.22535],[92.04366,26.22441],[92.04612,26.22476],[92.04696,26.22414],[92.04863,26.22382],[92.05024,26.21986],[92.04928,26.21879],[92.04931,26.21696],[92.04751,26.21617],[92.04746,26.21417],[92.0571,26.19959],[92.06013,26.19645],[92.06304,26.19512],[92.06999,26.19712],[92.07432,26.19651],[92.07634,26.19568],[92.0779,26.19452],[92.07871,26.19292],[92.07904,26.18719],[92.08175,26.18517],[92.08295,26.18504],[92.08515,26.18595],[92.08847,26.18912],[92.08977,26.18981],[92.09158,26.18998],[92.0934,26.1891],[92.09388,26.1877],[92.09334,26.1854],[92.08784,26.182],[92.08053,26.17865],[92.07985,26.17795],[92.07995,26.17734],[92.08982,26.17644],[92.09703,26.17475],[92.10474,26.1721],[92.10661,26.17211],[92.11594,26.17641],[92.12431,26.1784],[92.12969,26.18059],[92.13045,26.17989],[92.13087,26.17471],[92.13227,26.17215],[92.1497,26.16153],[92.15079,26.16158],[92.15141,26.16214],[92.15256,26.16917],[92.15338,26.1703],[92.15468,26.17088],[92.1563,26.17065],[92.15716,26.17001],[92.16219,26.16323],[92.1643,26.16253],[92.16697,26.16399],[92.16607,26.15416],[92.16358,26.14983],[92.16206,26.145],[92.16346,26.1218],[92.16874,26.1118],[92.1711,26.10131],[92.17048,26.0982],[92.1687,26.09613],[92.1681,26.09405],[92.16816,26.09205],[92.17113,26.08493],[92.17257,26.08317],[92.17419,26.08267],[92.17532,26.08134],[92.17613,26.07795],[92.17227,26.07768],[92.17085,26.07718],[92.16915,26.07755],[92.1657,26.07466],[92.16131,26.07225],[92.15872,26.07018],[92.15713,26.07009],[92.15471,26.06715],[92.15268,26.06714],[92.14757,26.06095],[92.14514,26.05972],[92.14339,26.05604],[92.14192,26.05631],[92.13996,26.05504],[92.13754,26.05504],[92.13421,26.05245],[92.13424,26.04991],[92.13353,26.04857],[92.13361,26.04651],[92.13273,26.04429],[92.12999,26.04546],[92.12821,26.04568],[92.1228,26.04395],[92.1214,26.04388],[92.1199,26.04596],[92.11658,26.04641],[92.11095,26.04997],[92.1088,26.05068],[92.10239,26.04927],[92.09729,26.04922],[92.09191,26.04792],[92.08665,26.04518],[92.08261,26.0438],[92.08102,26.04266],[92.07791,26.04229],[92.07266,26.03816],[92.0709,26.03734],[92.06992,26.03769],[92.06679,26.03508],[92.06381,26.03404],[92.06088,26.03508],[92.05796,26.03482],[92.05684,26.03403],[92.05143,26.03279],[92.04814,26.03277],[92.04622,26.03418],[92.04385,26.03478],[92.04309,26.03557],[92.04195,26.03543],[92.04069,26.03651],[92.03828,26.03604],[92.03633,26.03621],[92.0344,26.03892],[92.03241,26.03855],[92.03062,26.03958],[92.02704,26.03922],[92.02404,26.03781],[92.02341,26.03796],[92.02287,26.03895],[92.02074,26.03817],[92.01845,26.03919],[92.0165,26.03705],[92.01542,26.03743],[92.01466,26.03847],[92.01327,26.03844],[92.01196,26.03724],[92.01089,26.03725],[92.01044,26.03665],[92.00881,26.03682],[92.00841,26.03857],[92.00747,26.03799],[92.00622,26.03855],[92.00478,26.03713],[92.00466,26.03606],[92.00411,26.03557],[91.99922,26.03579],[91.99894,26.03601],[91.99945,26.03652],[91.999,26.03687],[91.99687,26.03734],[91.99624,26.03809],[91.99544,26.03777],[91.99476,26.03849],[91.99281,26.03783],[91.9908,26.03852],[91.98906,26.03853],[91.98852,26.03828],[91.98873,26.03762],[91.98811,26.03733],[91.98836,26.03676],[91.98791,26.03629],[91.98866,26.03574],[91.98724,26.03498],[91.98652,26.03155],[91.98546,26.03103],[91.98617,26.02898],[91.98461,26.02825],[91.98432,26.02656],[91.98357,26.0258],[91.97897,26.02748],[91.97659,26.02631],[91.97637,26.02527],[91.97501,26.02511],[91.97489,26.02387],[91.97362,26.02359],[91.97317,26.02211],[91.97093,26.02231],[91.96825,26.02107],[91.9658,26.02144],[91.96409,26.02019],[91.96195,26.02026],[91.96158,26.01982],[91.96191,26.01892],[91.96046,26.0191],[91.95922,26.0182],[91.95598,26.01738],[91.95262,26.01583],[91.95137,26.01466],[91.9502,26.01558],[91.9478,26.01529],[91.94782,26.0135],[91.94718,26.01317],[91.94309,26.01278],[91.93947,26.0116],[91.93585,26.01112],[91.93397,26.01027],[91.93338,26.01187],[91.93115,26.01236],[91.9312,26.01133],[91.92969,26.00935],[91.92988,26.00687],[91.92828,26.00566],[91.92834,26.00251],[91.92718,26.00138],[91.9271,26.00056],[91.92328,25.99893],[91.92163,25.99905],[91.91928,25.99731],[91.91789,25.99713],[91.91713,25.99642],[91.91654,25.99676],[91.91767,25.99872],[91.91582,25.99874],[91.9137,26.00057],[91.91304,26.00384],[91.91229,26.00484],[91.9138,26.00592],[91.91417,26.0072],[91.91347,26.00756],[91.91059,26.00737],[91.90976,26.00877],[91.91076,26.00995],[91.91217,26.00909],[91.91332,26.0094],[91.91024,26.01171],[91.90975,26.01267],[91.91041,26.0135],[91.9137,26.01308],[91.91479,26.01399],[91.91454,26.01463],[91.91299,26.01471],[91.91497,26.01831],[91.91469,26.0205],[91.90964,26.02159],[91.90851,26.02097],[91.90518,26.02387],[91.90359,26.0238],[91.9023,26.02237],[91.90053,26.02341],[91.89783,26.0234],[91.89525,26.02566],[91.89257,26.02679],[91.89014,26.02669],[91.88874,26.02787],[91.8858,26.02804],[91.88304,26.0261],[91.88249,26.02703],[91.88142,26.0275],[91.88056,26.02966],[91.87874,26.03151],[91.87947,26.0326],[91.87862,26.03349],[91.87878,26.03472],[91.87744,26.03474],[91.8766,26.03553],[91.87527,26.03544],[91.87575,26.03665],[91.87465,26.03696],[91.8745,26.03779],[91.87347,26.0387],[91.87331,26.04012],[91.874,26.04067],[91.87375,26.04179],[91.8742,26.04327],[91.87173,26.04449],[91.8709,26.04293],[91.86744,26.0417],[91.8673,26.04202],[91.86807,26.0442],[91.87121,26.0487],[91.87192,26.05096],[91.87067,26.05237],[91.87028,26.05451],[91.87257,26.06344],[91.87265,26.06791],[91.87474,26.07112],[91.87661,26.07667],[91.87769,26.08262],[91.87722,26.08558],[91.87845,26.08978],[91.87701,26.09101],[91.87687,26.09165],[91.87719,26.09296],[91.87964,26.09604],[91.87917,26.09798],[91.87364,26.10063],[91.86858,26.10012],[91.86638,26.10136],[91.86576,26.10042],[91.86393,26.10263],[91.86072,26.10289],[91.85519,26.10564],[91.85101,26.1084],[91.84828,26.10807],[91.84067,26.1107],[91.8395,26.11189],[91.83736,26.11224],[91.83538,26.11383],[91.83467,26.11557],[91.83362,26.11586],[91.83316,26.1167],[91.83085,26.11844],[91.8254,26.11941],[91.8213,26.11751],[91.82023,26.11641],[91.81973,26.11496],[91.82023,26.11255],[91.81702,26.11115],[91.81014,26.10329],[91.80904,26.09779],[91.80853,26.09754],[91.80562,26.09912],[91.80517,26.09737],[91.80292,26.09526],[91.80214,26.09825],[91.80035,26.10004],[91.79762,26.09534],[91.79294,26.08913],[91.79136,26.08523],[91.78586,26.08401],[91.78418,26.08733],[91.78332,26.08809],[91.7797,26.08962],[91.77855,26.08979],[91.77728,26.08935],[91.77633,26.08874],[91.77494,26.08647],[91.77131,26.08263],[91.76913,26.08078],[91.76881,26.07954],[91.7677,26.07828],[91.763,26.07461],[91.76273,26.07235],[91.75707,26.07036],[91.75727,26.06939],[91.75577,26.06808],[91.75266,26.06677],[91.75009,26.06597],[91.74658,26.06631],[91.74372,26.06556],[91.74259,26.06475],[91.74303,26.06367],[91.74213,26.06284],[91.74012,26.06274],[91.73181,26.05997],[91.73057,26.05789],[91.73123,26.05733],[91.7341,26.05639],[91.73621,26.05688],[91.73708,26.05652],[91.73485,26.05438],[91.73456,26.05118],[91.73273,26.05057],[91.73344,26.04953],[91.72852,26.04716],[91.72526,26.04686],[91.72465,26.04562],[91.72386,26.04106],[91.72405,26.03971],[91.72273,26.03497],[91.71186,26.03842],[91.70194,26.0426],[91.68734,26.04615],[91.67582,26.05143],[91.65956,26.05755],[91.64735,26.06349],[91.63777,26.06713],[91.63289,26.07057],[91.62893,26.06985],[91.62474,26.07082],[91.62398,26.07186],[91.62492,26.07335],[91.62573,26.07422],[91.62909,26.07526],[91.62964,26.07585],[91.6293,26.07626],[91.62331,26.07545],[91.61882,26.07311],[91.61563,26.07228],[91.61086,26.07245],[91.61023,26.07462],[91.61069,26.07596],[91.60812,26.07628],[91.60015,26.07561],[91.59979,26.07364],[91.60009,26.06731],[91.5983,26.06101],[91.5887,26.05727],[91.58626,26.05822],[91.58571,26.05891],[91.58605,26.06334],[91.58501,26.06721],[91.57961,26.06847],[91.57906,26.06067],[91.57847,26.05906],[91.57696,26.05867],[91.57426,26.06023],[91.57065,26.05893],[91.56942,26.05911],[91.56802,26.06026],[91.56918,26.06383],[91.57147,26.06662],[91.5711,26.07005],[91.57192,26.07128],[91.57776,26.07205],[91.57945,26.07391],[91.58012,26.07601],[91.57994,26.07954],[91.58033,26.08109],[91.58007,26.0834],[91.57936,26.0849],[91.58411,26.08847],[91.58577,26.09172],[91.58344,26.09258],[91.58007,26.09297],[91.57706,26.0947],[91.57135,26.09604],[91.57109,26.0983],[91.57234,26.10259],[91.57108,26.10337],[91.56535,26.10466],[91.56413,26.10569],[91.56506,26.11669],[91.56134,26.12168],[91.5612,26.12364],[91.56213,26.12739],[91.56082,26.13319],[91.56159,26.1409],[91.56366,26.1475],[91.56473,26.1493],[91.56888,26.15053],[91.59089,26.15474],[91.59973,26.1575],[91.60204,26.15779],[91.61359,26.16366],[91.6183,26.16418],[91.62226,26.16572],[91.62603,26.16575],[91.63221,26.16392],[91.64748,26.16543],[91.64991,26.1668],[91.65205,26.17093],[91.65341,26.1762],[91.65637,26.17966],[91.65699,26.1814],[91.67454,26.17974],[91.68169,26.17984],[91.68395,26.17877],[91.68449,26.1792],[91.6839,26.18039],[91.68417,26.18092],[91.68577,26.18182],[91.70124,26.18187],[91.70244,26.18276],[91.71253,26.18329],[91.71941,26.18461],[91.72197,26.18627],[91.72387,26.18664],[91.72408,26.1895],[91.7224,26.19193],[91.72568,26.19685],[91.72705,26.19812],[91.73125,26.20108],[91.7487,26.20697],[91.74967,26.20872],[91.76832,26.20038],[91.76925,26.19869],[91.77092,26.19848],[91.78463,26.20218],[91.79186,26.20588],[91.79541,26.20633],[91.79737,26.20566],[91.80074,26.20581],[91.80527,26.20694],[91.80739,26.20802],[91.81168,26.20751],[91.81593,26.20913],[91.81753,26.20746],[91.82075,26.20761],[91.82237,26.20807],[91.82437,26.20978],[91.82575,26.20973],[91.82857,26.21086],[91.83088,26.21255],[91.8399,26.21528],[91.84884,26.21651],[91.85913,26.21713],[91.86661,26.22028],[91.86968,26.22109],[91.87092,26.22108],[91.87013,26.21946],[91.87261,26.2171],[91.87874,26.21653],[91.88287,26.21738],[91.88544,26.21847],[91.88633,26.21939],[91.88605,26.22181],[91.89981,26.22713],[91.90206,26.22662],[91.90853,26.23102],[91.91055,26.23497],[91.91227,26.2403],[91.91558,26.24348],[91.91824,26.24444],[91.91903,26.24643],[91.92468,26.24749],[91.92641,26.24414],[91.92928,26.24231],[91.93384,26.24322],[91.94339,26.24908],[91.9453,26.25102],[91.95096,26.25395],[91.95239,26.25399],[91.95415,26.25479],[91.97055,26.26703],[91.97868,26.27432],[91.97834,26.27259],[91.97865,26.27084],[91.97793,26.26967],[91.97905,26.26748],[91.97764,26.26132],[91.97595,26.25769]]]}},{"id":"24","type":"Feature","properties":{"state":"ASSAM","state_lgd":"18","district":"NALBARI","district_lgd":"323"},"geometry":{"type":"Polygon","coordinates":[[[91.57842,26.57269],[91.58185,26.56952],[91.58294,26.56967],[91.5843,26.56891],[91.58039,26.56343],[91.58119,26.56275],[91.58427,26.56376],[91.58479,26.56337],[91.58547,26.56181],[91.58583,26.55628],[91.58337,26.5555],[91.57511,26.55576],[91.57815,26.5533],[91.57829,26.55272],[91.57753,26.55159],[91.57976,26.55136],[91.58018,26.55018],[91.58048,26.54376],[91.58122,26.54],[91.58109,26.53901],[91.58054,26.53862],[91.58049,26.52923],[91.5769,26.52886],[91.57501,26.52794],[91.57327,26.52632],[91.55619,26.52551],[91.55597,26.52424],[91.55607,26.52108],[91.55687,26.51952],[91.55706,26.51729],[91.55575,26.51525],[91.55659,26.515],[91.55659,26.51407],[91.55738,26.51372],[91.55673,26.51242],[91.55669,26.50831],[91.55745,26.50691],[91.55743,26.50529],[91.55841,26.50437],[91.5588,26.50226],[91.55844,26.49765],[91.5602,26.49549],[91.55935,26.49084],[91.56154,26.48653],[91.56201,26.48366],[91.5614,26.48269],[91.55957,26.48169],[91.5588,26.48261],[91.55777,26.4818],[91.55598,26.48153],[91.55378,26.47964],[91.55044,26.47384],[91.54958,26.46954],[91.55196,26.45579],[91.55291,26.45497],[91.55286,26.4527],[91.55346,26.45045],[91.55719,26.44577],[91.56058,26.4439],[91.56088,26.44083],[91.56226,26.43989],[91.56105,26.4398],[91.56152,26.43893],[91.56113,26.43807],[91.56174,26.43768],[91.56233,26.43838],[91.56276,26.43717],[91.56218,26.43438],[91.5626,26.43395],[91.56441,26.43393],[91.56306,26.43278],[91.56428,26.4327],[91.56414,26.43025],[91.56301,26.42892],[91.56269,26.42963],[91.56226,26.42922],[91.56008,26.42907],[91.56002,26.42776],[91.5583,26.42545],[91.55832,26.42318],[91.55474,26.42069],[91.55191,26.4175],[91.55,26.41494],[91.54989,26.414],[91.54831,26.41286],[91.54846,26.41112],[91.54767,26.4095],[91.54529,26.40889],[91.54371,26.40929],[91.54328,26.40831],[91.54248,26.40821],[91.54242,26.40679],[91.54187,26.40607],[91.54261,26.40523],[91.54125,26.40491],[91.54192,26.40349],[91.54106,26.40172],[91.53971,26.40142],[91.53787,26.39941],[91.53485,26.39889],[91.53461,26.39849],[91.53593,26.39802],[91.5337,26.39738],[91.53214,26.39453],[91.52865,26.39273],[91.52852,26.3903],[91.53,26.3899],[91.52954,26.3829],[91.53134,26.38015],[91.53355,26.3803],[91.53641,26.37647],[91.53517,26.3755],[91.53281,26.37534],[91.53112,26.37408],[91.52952,26.37412],[91.52532,26.37158],[91.52473,26.36973],[91.52616,26.36625],[91.5245,26.36384],[91.52502,26.36133],[91.52404,26.35536],[91.52287,26.3546],[91.5202,26.35542],[91.51953,26.35479],[91.51956,26.35102],[91.52057,26.35046],[91.5213,26.34924],[91.52115,26.34608],[91.52346,26.34589],[91.52455,26.34519],[91.52426,26.34428],[91.52165,26.34261],[91.52046,26.34086],[91.52145,26.33999],[91.52391,26.3398],[91.52489,26.33669],[91.52162,26.33638],[91.52158,26.33479],[91.5202,26.33305],[91.51893,26.33362],[91.51662,26.33242],[91.51541,26.33228],[91.51306,26.33299],[91.51101,26.33212],[91.51085,26.33416],[91.51031,26.33483],[91.50787,26.33542],[91.50569,26.33431],[91.50224,26.33107],[91.49924,26.33198],[91.49715,26.33182],[91.49162,26.32797],[91.49016,26.32898],[91.4897,26.33128],[91.48818,26.33066],[91.48656,26.33097],[91.48602,26.3302],[91.48382,26.33027],[91.48093,26.32784],[91.48021,26.32669],[91.48203,26.32237],[91.48154,26.32076],[91.46808,26.31704],[91.46436,26.31701],[91.45985,26.3198],[91.45752,26.32071],[91.45648,26.32094],[91.45491,26.32037],[91.45134,26.31472],[91.45309,26.31429],[91.45707,26.31449],[91.45746,26.31319],[91.45685,26.31217],[91.45162,26.30943],[91.44966,26.29434],[91.44835,26.29083],[91.45009,26.27538],[91.45135,26.26962],[91.44582,26.2697],[91.44478,26.26928],[91.44474,26.2688],[91.44621,26.26743],[91.4446,26.2668],[91.44486,26.26598],[91.44438,26.26484],[91.44251,26.26339],[91.43652,26.26027],[91.43578,26.26023],[91.43186,26.26227],[91.42434,26.26797],[91.42288,26.26851],[91.4137,26.26679],[91.41265,26.26557],[91.4123,26.2638],[91.41356,26.25338],[91.41656,26.25094],[91.41432,26.24619],[91.42375,26.24511],[91.42546,26.24456],[91.43074,26.24088],[91.4315,26.23976],[91.42715,26.238],[91.42107,26.23648],[91.42054,26.2359],[91.42225,26.23237],[91.42067,26.22393],[91.4198,26.2059],[91.41761,26.2049],[91.4137,26.20472],[91.41106,26.20115],[91.41217,26.19781],[91.41505,26.19435],[91.41666,26.18851],[91.41748,26.18082],[91.42036,26.17584],[91.42044,26.17465],[91.41425,26.13612],[91.41014,26.13817],[91.40372,26.13813],[91.39684,26.13713],[91.39409,26.13757],[91.39062,26.13902],[91.38766,26.14066],[91.38507,26.143],[91.3835,26.14582],[91.3758,26.15326],[91.36687,26.16035],[91.35361,26.1673],[91.35233,26.16726],[91.34702,26.1644],[91.34311,26.16302],[91.33421,26.16785],[91.3287,26.16272],[91.32322,26.16042],[91.31017,26.1616],[91.30066,26.15963],[91.29642,26.15732],[91.29461,26.15724],[91.28377,26.15995],[91.27541,26.16139],[91.25565,26.16309],[91.25,26.16642],[91.24696,26.16933],[91.24415,26.17073],[91.23268,26.17616],[91.22206,26.1794],[91.22462,26.18081],[91.22957,26.18216],[91.23487,26.18023],[91.23729,26.18028],[91.2394,26.18598],[91.2387,26.19058],[91.23919,26.193],[91.24417,26.19755],[91.24787,26.19914],[91.24842,26.20076],[91.24784,26.20185],[91.24369,26.20235],[91.24136,26.2033],[91.23999,26.20486],[91.23783,26.2094],[91.23617,26.21122],[91.23215,26.21407],[91.22774,26.21615],[91.21866,26.21721],[91.21661,26.21854],[91.21572,26.21975],[91.21518,26.22134],[91.21549,26.22219],[91.21977,26.22718],[91.21579,26.23375],[91.2156,26.23921],[91.2201,26.24346],[91.22093,26.24493],[91.22895,26.24383],[91.23182,26.2457],[91.23721,26.25061],[91.24082,26.26067],[91.24032,26.26179],[91.23804,26.26317],[91.23036,26.26394],[91.22597,26.2636],[91.21837,26.26028],[91.21848,26.26402],[91.22092,26.26405],[91.22107,26.26451],[91.21988,26.26574],[91.21607,26.26698],[91.21593,26.26751],[91.2168,26.26893],[91.21708,26.27103],[91.21876,26.27342],[91.21924,26.27554],[91.22168,26.27726],[91.22672,26.28245],[91.22761,26.28253],[91.23763,26.27926],[91.2397,26.27924],[91.24448,26.2822],[91.25272,26.28627],[91.26104,26.28934],[91.26136,26.29181],[91.26,26.29415],[91.25892,26.29452],[91.25721,26.29387],[91.25493,26.2939],[91.25348,26.2944],[91.25165,26.29585],[91.25043,26.29796],[91.25011,26.30191],[91.25072,26.30358],[91.25162,26.30434],[91.25338,26.30408],[91.25802,26.30227],[91.25992,26.30278],[91.26135,26.30423],[91.26188,26.30786],[91.26065,26.31079],[91.25894,26.31177],[91.25583,26.31151],[91.25542,26.3123],[91.25582,26.31486],[91.25794,26.31714],[91.26153,26.31736],[91.26301,26.31788],[91.26515,26.3226],[91.26982,26.32902],[91.26957,26.33041],[91.26763,26.33354],[91.26626,26.33718],[91.26612,26.33881],[91.26707,26.34057],[91.26914,26.34268],[91.27549,26.34063],[91.27728,26.34096],[91.27753,26.34194],[91.27652,26.34459],[91.27622,26.34711],[91.27632,26.34938],[91.27681,26.35207],[91.27978,26.3551],[91.2798,26.35571],[91.27911,26.35617],[91.27632,26.35626],[91.27504,26.35672],[91.27259,26.36234],[91.2709,26.3646],[91.27761,26.37145],[91.28017,26.37216],[91.27961,26.37444],[91.28003,26.37574],[91.28119,26.37484],[91.28255,26.37517],[91.28207,26.37598],[91.28063,26.37682],[91.27832,26.37756],[91.27711,26.37609],[91.27445,26.37506],[91.2755,26.37229],[91.27323,26.37183],[91.27191,26.37091],[91.26986,26.37179],[91.26491,26.37089],[91.26501,26.36759],[91.26406,26.36561],[91.2661,26.36276],[91.26589,26.36118],[91.26528,26.36079],[91.26237,26.36149],[91.2615,26.36314],[91.2575,26.36406],[91.25631,26.3642],[91.25569,26.36335],[91.25253,26.36359],[91.25152,26.36614],[91.24854,26.36711],[91.24573,26.37245],[91.24565,26.37373],[91.24678,26.37639],[91.24561,26.37789],[91.24532,26.37973],[91.2444,26.38094],[91.24395,26.38101],[91.2419,26.37912],[91.24077,26.37643],[91.24003,26.37604],[91.23868,26.37583],[91.23702,26.37654],[91.23558,26.37861],[91.23566,26.38091],[91.24185,26.388],[91.23851,26.38909],[91.2353,26.39118],[91.23396,26.39393],[91.23372,26.39992],[91.2356,26.40305],[91.23768,26.40402],[91.24131,26.40409],[91.24172,26.40453],[91.23872,26.40677],[91.23754,26.40955],[91.23444,26.42413],[91.23214,26.42519],[91.23128,26.42645],[91.23124,26.42737],[91.23235,26.42922],[91.23053,26.43286],[91.23045,26.4379],[91.23113,26.44048],[91.232,26.44209],[91.23479,26.44419],[91.23813,26.4497],[91.23809,26.45777],[91.24145,26.45838],[91.24276,26.46008],[91.24653,26.463],[91.24744,26.46469],[91.25069,26.46611],[91.25112,26.46941],[91.25221,26.47169],[91.25556,26.47425],[91.25569,26.4783],[91.25638,26.47869],[91.25804,26.47814],[91.25861,26.47846],[91.25782,26.48219],[91.26273,26.48594],[91.26321,26.48661],[91.26116,26.48688],[91.26099,26.48727],[91.26155,26.48775],[91.26382,26.48775],[91.26404,26.48849],[91.26343,26.48998],[91.26508,26.49038],[91.26582,26.49105],[91.26443,26.49391],[91.26556,26.49576],[91.26521,26.49623],[91.26351,26.49623],[91.26303,26.49681],[91.26468,26.49882],[91.26192,26.50164],[91.26007,26.50579],[91.25482,26.50655],[91.25437,26.50898],[91.25233,26.51059],[91.25018,26.51029],[91.24776,26.51078],[91.24833,26.51749],[91.24758,26.52031],[91.24928,26.52182],[91.24952,26.52314],[91.25466,26.52279],[91.25557,26.52133],[91.25787,26.52125],[91.25897,26.52039],[91.26235,26.5216],[91.26367,26.52157],[91.26356,26.5238],[91.26265,26.52447],[91.26262,26.52508],[91.26327,26.5263],[91.26419,26.52675],[91.26622,26.53499],[91.27255,26.53453],[91.27307,26.53771],[91.27435,26.53804],[91.27523,26.54121],[91.27743,26.54128],[91.29216,26.54646],[91.29482,26.54698],[91.29677,26.54626],[91.29822,26.54313],[91.30273,26.53717],[91.30333,26.53659],[91.30493,26.5364],[91.30511,26.5358],[91.30426,26.53459],[91.30641,26.53228],[91.30715,26.53007],[91.30984,26.5298],[91.31039,26.52936],[91.31118,26.52489],[91.3069,26.52438],[91.30629,26.52408],[91.30599,26.52303],[91.30618,26.52264],[91.30784,26.52232],[91.30816,26.52149],[91.31038,26.52104],[91.31142,26.51691],[91.28934,26.51538],[91.29013,26.511],[91.2886,26.5084],[91.28424,26.50333],[91.28414,26.50264],[91.29192,26.50315],[91.29651,26.50204],[91.30161,26.50145],[91.30179,26.50004],[91.34177,26.50005],[91.34365,26.50501],[91.34314,26.5061],[91.34385,26.5082],[91.34774,26.50782],[91.34918,26.5099],[91.35353,26.50977],[91.35501,26.5105],[91.35235,26.50547],[91.35226,26.50356],[91.35402,26.50045],[91.35617,26.50006],[91.35731,26.50124],[91.36072,26.50087],[91.36182,26.50131],[91.36279,26.51068],[91.36322,26.51129],[91.35531,26.51082],[91.35455,26.51111],[91.35406,26.51184],[91.35388,26.51779],[91.35265,26.524],[91.36152,26.52504],[91.37175,26.52534],[91.37687,26.52635],[91.38669,26.52653],[91.39026,26.52798],[91.4053,26.53054],[91.41253,26.5325],[91.4166,26.53298],[91.42818,26.53549],[91.43013,26.53503],[91.45871,26.54235],[91.45884,26.54662],[91.45776,26.54788],[91.45564,26.54869],[91.43518,26.54884],[91.42882,26.54934],[91.42935,26.55006],[91.43189,26.55091],[91.43134,26.55168],[91.43002,26.55243],[91.42697,26.5519],[91.42591,26.55332],[91.42735,26.55523],[91.42795,26.55543],[91.42894,26.55452],[91.42976,26.55592],[91.43111,26.5563],[91.43144,26.56002],[91.43429,26.56343],[91.44648,26.56262],[91.46759,26.56261],[91.46891,26.5629],[91.46919,26.56477],[91.47062,26.5647],[91.47151,26.56729],[91.47115,26.5688],[91.47266,26.56951],[91.47399,26.57123],[91.47672,26.57014],[91.47868,26.56801],[91.48817,26.56327],[91.49125,26.56114],[91.4916,26.55442],[91.49263,26.55339],[91.49453,26.54791],[91.4943,26.53386],[91.50738,26.53281],[91.51454,26.53405],[91.51501,26.53493],[91.51482,26.53589],[91.51265,26.53667],[91.51167,26.53757],[91.51097,26.5395],[91.51157,26.54131],[91.5172,26.54247],[91.52216,26.54455],[91.52557,26.5447],[91.52659,26.54552],[91.52767,26.54841],[91.52522,26.55134],[91.52495,26.5542],[91.52584,26.55555],[91.53003,26.55916],[91.54322,26.56159],[91.55043,26.56347],[91.56971,26.56942],[91.57842,26.57269]]]}},{"id":"25","type":"Feature","properties":{"state":"ASSAM","state_lgd":"18","district":"GOALPARA","district_lgd":"302"},"geometry":{"type":"Polygon","coordinates":[[[90.66347,26.2064],[90.67214,26.19921],[90.6758,26.19075],[90.67624,26.18296],[90.67701,26.18026],[90.67803,26.17808],[90.68186,26.17453],[90.68623,26.16786],[90.69376,26.15065],[90.69897,26.14948],[90.70797,26.146],[90.71385,26.13006],[90.71544,26.12996],[90.72305,26.13298],[90.73079,26.13395],[90.73331,26.13633],[90.74704,26.13606],[90.76229,26.13329],[90.77244,26.13295],[90.80081,26.12547],[90.81025,26.12127],[90.8199,26.1181],[90.8239,26.11866],[90.83733,26.11171],[90.83828,26.10948],[90.83899,26.10892],[90.84014,26.10888],[90.84465,26.11146],[90.84608,26.11352],[90.84831,26.11476],[90.8515,26.11485],[90.85477,26.11309],[90.85985,26.11245],[90.87058,26.09638],[90.87267,26.09539],[90.88259,26.09483],[90.88469,26.09406],[90.91815,26.08972],[90.92253,26.09307],[90.92693,26.09444],[90.93221,26.09787],[90.93942,26.08748],[90.94759,26.0892],[90.9474,26.08619],[90.95039,26.082],[90.95257,26.082],[90.95504,26.08277],[90.95661,26.08208],[90.95997,26.08245],[90.95836,26.07951],[90.9586,26.07772],[90.95823,26.07717],[90.95879,26.07635],[90.95841,26.07573],[90.9605,26.07547],[90.9635,26.073],[90.96566,26.07225],[90.96645,26.07082],[90.97131,26.06756],[90.97211,26.06639],[90.97374,26.06541],[90.97744,26.06185],[90.97976,26.0606],[90.98048,26.05828],[90.98543,26.05969],[90.98658,26.05896],[90.98792,26.05899],[90.99236,26.05717],[90.99714,26.05658],[90.99704,26.0552],[90.99899,26.05373],[91.0,26.05355],[91.00424,26.05426],[91.01034,26.05452],[91.01402,26.0488],[91.01789,26.04807],[91.02351,26.04226],[91.02738,26.04125],[91.02885,26.04161],[91.03137,26.04681],[91.03596,26.04896],[91.03625,26.04868],[91.03522,26.04665],[91.03544,26.04628],[91.03761,26.04533],[91.0397,26.04502],[91.04483,26.04098],[91.0467,26.04053],[91.05367,26.04288],[91.05422,26.04581],[91.05503,26.04653],[91.0563,26.04622],[91.05698,26.0453],[91.06062,26.04362],[91.06182,26.04559],[91.06413,26.04634],[91.06595,26.04502],[91.06895,26.04168],[91.06963,26.03782],[91.07114,26.03766],[91.07338,26.03908],[91.07447,26.03851],[91.0756,26.03895],[91.07887,26.03894],[91.07929,26.03645],[91.08118,26.03391],[91.08219,26.03098],[91.0842,26.03063],[91.08824,26.03146],[91.09041,26.03134],[91.08738,26.02586],[91.08561,26.02437],[91.08715,26.02387],[91.08706,26.02309],[91.08833,26.02165],[91.0884,26.02018],[91.09004,26.02112],[91.09099,26.01937],[91.0926,26.01996],[91.09308,26.01972],[91.09173,26.01765],[91.09371,26.01792],[91.09495,26.01676],[91.09352,26.01452],[91.09355,26.01264],[91.09521,26.01138],[91.09835,26.01116],[91.10004,26.0093],[91.09959,26.00687],[91.09715,26.0053],[91.09643,26.00369],[91.09346,26.00375],[91.09133,26.00272],[91.09048,26.00171],[91.08829,25.99718],[91.08847,25.99329],[91.08587,25.98721],[91.0859,25.98195],[91.08395,25.98116],[91.08246,25.97969],[91.08162,25.97789],[91.08033,25.97228],[91.07427,25.97035],[91.06904,25.96736],[91.06404,25.95861],[91.06015,25.95702],[91.05893,25.95588],[91.04754,25.94151],[91.04797,25.94057],[91.05203,25.93829],[91.05198,25.93595],[91.04991,25.93308],[91.04505,25.92909],[91.04267,25.9265],[91.03989,25.91532],[91.03552,25.90497],[91.03171,25.90166],[91.03047,25.89999],[91.03098,25.89524],[91.03034,25.89153],[91.03038,25.88593],[91.02522,25.88878],[91.01791,25.88456],[91.0106,25.88417],[91.00595,25.88564],[91.00103,25.88582],[91.00066,25.88794],[90.99685,25.88788],[90.97605,25.88967],[90.97123,25.88577],[90.96953,25.88498],[90.96885,25.88522],[90.96782,25.88743],[90.96598,25.88844],[90.96718,25.89268],[90.969,25.90375],[90.96662,25.91406],[90.96268,25.92039],[90.96113,25.92732],[90.95946,25.93121],[90.95704,25.93496],[90.95567,25.93634],[90.95124,25.93912],[90.94753,25.93949],[90.94614,25.94101],[90.94547,25.94487],[90.94757,25.94771],[90.94743,25.94809],[90.93999,25.9473],[90.93528,25.94034],[90.93386,25.93977],[90.92393,25.94287],[90.92194,25.94134],[90.92182,25.94246],[90.91949,25.94445],[90.91734,25.94441],[90.91651,25.94342],[90.91481,25.93589],[90.91557,25.93075],[90.91434,25.92765],[90.91424,25.92571],[90.91543,25.9204],[90.91951,25.91522],[90.91684,25.91406],[90.912,25.92003],[90.91039,25.92026],[90.90985,25.92214],[90.90788,25.9233],[90.90617,25.92502],[90.90529,25.9289],[90.89442,25.93118],[90.89478,25.93297],[90.89745,25.93748],[90.89003,25.93807],[90.88913,25.93949],[90.88966,25.94318],[90.88715,25.94375],[90.88673,25.94465],[90.88581,25.94492],[90.88508,25.94994],[90.88453,25.95031],[90.88049,25.95049],[90.88009,25.94707],[90.88104,25.94528],[90.88148,25.94331],[90.88108,25.94283],[90.87989,25.94566],[90.87733,25.94729],[90.87669,25.94942],[90.87169,25.94763],[90.87195,25.94594],[90.87483,25.94255],[90.84847,25.94438],[90.84436,25.94597],[90.84405,25.94492],[90.84261,25.94356],[90.84234,25.94212],[90.84089,25.9422],[90.83904,25.94131],[90.83813,25.94044],[90.8365,25.93714],[90.83547,25.93661],[90.83482,25.93965],[90.83643,25.9438],[90.8366,25.94678],[90.83619,25.94842],[90.83451,25.94761],[90.83291,25.94586],[90.82907,25.94787],[90.8259,25.94869],[90.82441,25.9454],[90.82207,25.94727],[90.82185,25.9489],[90.81927,25.95032],[90.8162,25.94893],[90.81561,25.95019],[90.8139,25.94994],[90.81283,25.95134],[90.80905,25.95244],[90.80788,25.95097],[90.80915,25.94741],[90.79638,25.94052],[90.78449,25.92513],[90.78532,25.92429],[90.78328,25.92185],[90.78293,25.91863],[90.78191,25.91659],[90.78107,25.91135],[90.77795,25.91128],[90.77801,25.9087],[90.76379,25.9078],[90.76014,25.90906],[90.75659,25.91106],[90.75669,25.91351],[90.76057,25.91575],[90.76043,25.92197],[90.75862,25.92034],[90.75461,25.92034],[90.75097,25.91835],[90.74705,25.91533],[90.74475,25.91164],[90.74206,25.91252],[90.73857,25.91586],[90.7477,25.91894],[90.74689,25.92162],[90.74686,25.92489],[90.75188,25.92701],[90.75334,25.92841],[90.75405,25.92951],[90.75347,25.93164],[90.75453,25.93352],[90.75269,25.93435],[90.75129,25.93238],[90.74999,25.93309],[90.74705,25.92866],[90.74622,25.92817],[90.74006,25.9391],[90.74262,25.94216],[90.74275,25.94336],[90.74588,25.94531],[90.7458,25.94744],[90.74767,25.94838],[90.74773,25.95001],[90.74531,25.95069],[90.74519,25.95355],[90.74705,25.95471],[90.748,25.9568],[90.74428,25.9551],[90.74261,25.95808],[90.73742,25.95572],[90.73767,25.95423],[90.73835,25.95344],[90.73773,25.95243],[90.73558,25.95275],[90.73076,25.9515],[90.72451,25.94681],[90.71952,25.94888],[90.71899,25.95436],[90.71815,25.95515],[90.71374,25.95177],[90.71164,25.95221],[90.70726,25.95209],[90.70212,25.95046],[90.69938,25.95014],[90.69783,25.95044],[90.68786,25.94892],[90.68138,25.94228],[90.67194,25.93427],[90.63628,25.92203],[90.63332,25.92075],[90.62833,25.91757],[90.62586,25.91334],[90.62588,25.90982],[90.63032,25.90938],[90.63035,25.90594],[90.62443,25.89796],[90.61963,25.89781],[90.61792,25.89784],[90.61329,25.89953],[90.6114,25.90743],[90.6102,25.90871],[90.60765,25.90988],[90.60701,25.9106],[90.60712,25.9187],[90.61451,25.92439],[90.62642,25.93652],[90.6214,25.93963],[90.60724,25.94587],[90.6034,25.95342],[90.60186,25.95298],[90.60115,25.95138],[90.59822,25.95114],[90.59616,25.95318],[90.59239,25.95336],[90.58818,25.95514],[90.58808,25.95665],[90.58354,25.95872],[90.58116,25.95799],[90.57987,25.95592],[90.57899,25.95552],[90.57649,25.95274],[90.57441,25.95173],[90.57258,25.94909],[90.5722,25.94683],[90.57481,25.9412],[90.57339,25.9398],[90.57344,25.93765],[90.57013,25.93651],[90.56694,25.93374],[90.56301,25.9328],[90.55984,25.93012],[90.55568,25.92866],[90.55359,25.92639],[90.55317,25.92516],[90.54831,25.92472],[90.5491,25.92093],[90.5463,25.92149],[90.54622,25.91816],[90.54803,25.91603],[90.54979,25.91589],[90.54963,25.91475],[90.54445,25.91466],[90.53875,25.91347],[90.5383,25.91317],[90.53793,25.91075],[90.53262,25.90684],[90.52953,25.90527],[90.52639,25.90462],[90.51928,25.89739],[90.51505,25.8964],[90.51223,25.90053],[90.51361,25.901],[90.51374,25.90272],[90.51487,25.90328],[90.51512,25.90447],[90.51763,25.90675],[90.51768,25.90806],[90.51658,25.9103],[90.5197,25.9138],[90.52235,25.9213],[90.52449,25.92526],[90.52424,25.9276],[90.52537,25.93275],[90.52824,25.93253],[90.53227,25.93314],[90.53252,25.932],[90.5333,25.93136],[90.53458,25.93194],[90.53478,25.93361],[90.5361,25.93521],[90.53447,25.93836],[90.53592,25.93914],[90.53646,25.9411],[90.53574,25.94448],[90.53621,25.94643],[90.53515,25.94856],[90.53696,25.95019],[90.53411,25.95981],[90.53231,25.96062],[90.53063,25.96342],[90.52857,25.96537],[90.52281,25.9694],[90.51744,25.97469],[90.51215,25.9816],[90.50145,26.00098],[90.50001,26.00128],[90.49648,26.00379],[90.4927,26.00365],[90.4898,26.00469],[90.47873,26.01361],[90.47101,26.01207],[90.46652,26.00786],[90.45591,26.00026],[90.44951,25.99841],[90.44183,25.99499],[90.43664,25.99145],[90.433,25.99106],[90.43103,25.98957],[90.42906,25.98881],[90.42375,25.98888],[90.42195,25.98941],[90.4205,25.99073],[90.41694,25.99133],[90.41591,25.99278],[90.41572,25.99426],[90.41636,25.99716],[90.41523,25.99883],[90.4117,26.00055],[90.41235,26.00202],[90.41137,26.00447],[90.41029,26.00466],[90.40806,26.00417],[90.40026,26.01068],[90.39769,26.01206],[90.39017,26.01024],[90.3826,26.01012],[90.38028,26.01084],[90.3753,26.01142],[90.36849,26.01069],[90.36292,26.00905],[90.3562,26.00643],[90.35131,26.00384],[90.34947,26.00339],[90.34692,26.00052],[90.3469,25.99794],[90.34495,25.99724],[90.34441,25.99583],[90.34349,25.99578],[90.34289,25.99627],[90.34247,25.99301],[90.3413,25.99085],[90.34096,25.98909],[90.34009,25.98834],[90.33552,25.98719],[90.33182,25.98732],[90.33122,25.98283],[90.32779,25.97479],[90.32689,25.97407],[90.31886,25.97149],[90.3083,25.96966],[90.28319,25.96284],[90.2702,25.96018],[90.25047,25.95758],[90.24924,25.95674],[90.24725,25.95629],[90.21583,25.95263],[90.21177,25.95268],[90.21158,25.9558],[90.21041,25.95689],[90.21023,25.95854],[90.20945,25.95956],[90.20702,25.96047],[90.20441,25.96014],[90.20196,25.96074],[90.20001,25.95927],[90.19986,25.95734],[90.19412,25.9564],[90.19174,25.95535],[90.1904,25.95174],[90.18887,25.95065],[90.18851,25.94686],[90.18656,25.94556],[90.18612,25.9443],[90.18538,25.94391],[90.18231,25.94372],[90.18059,25.94449],[90.18067,25.9466],[90.18013,25.94749],[90.18042,25.95037],[90.17959,25.95113],[90.17818,25.95447],[90.17671,25.95564],[90.1775,25.95728],[90.17731,25.95876],[90.17568,25.95792],[90.1728,25.95796],[90.16723,25.95538],[90.16242,25.95561],[90.16065,25.95657],[90.15816,25.95616],[90.15528,25.95814],[90.15368,25.96423],[90.15192,25.9658],[90.14883,25.96419],[90.14432,25.96032],[90.13988,25.95896],[90.14033,25.95719],[90.13952,25.95701],[90.13978,25.9563],[90.12931,25.95732],[90.12682,25.95628],[90.11915,25.95472],[90.12079,25.95698],[90.11939,25.95818],[90.11589,25.963],[90.1174,25.9648],[90.11766,25.96721],[90.12007,25.96921],[90.12083,25.96953],[90.12538,25.96923],[90.12726,25.96867],[90.1289,25.96727],[90.13301,25.97417],[90.13398,25.97508],[90.13631,25.97517],[90.13815,25.97368],[90.14016,25.97378],[90.14165,25.97711],[90.14031,25.98],[90.1404,25.98121],[90.14176,25.98225],[90.14294,25.98223],[90.14845,25.98023],[90.14933,25.98031],[90.15097,25.98114],[90.15221,25.9847],[90.15574,25.98606],[90.15749,25.98775],[90.1604,25.98824],[90.16517,25.98691],[90.17076,25.99066],[90.17514,25.98907],[90.1737,25.99173],[90.17407,25.99452],[90.17628,25.99692],[90.17877,25.99676],[90.17949,25.99712],[90.17914,25.9992],[90.1795,26.00038],[90.18751,26.00139],[90.18708,26.00433],[90.18622,26.00601],[90.18346,26.00885],[90.18518,26.01118],[90.19064,26.0155],[90.19474,26.02001],[90.19732,26.02415],[90.19728,26.02592],[90.19628,26.02782],[90.19127,26.03136],[90.18754,26.03192],[90.18456,26.03309],[90.18043,26.03355],[90.17754,26.03789],[90.17714,26.04119],[90.17443,26.04386],[90.17155,26.04343],[90.17068,26.04404],[90.17122,26.04527],[90.18207,26.04885],[90.18364,26.05003],[90.18462,26.05162],[90.18426,26.05783],[90.183,26.06199],[90.17484,26.07239],[90.16874,26.07748],[90.16944,26.08258],[90.1722,26.08684],[90.17343,26.0902],[90.17369,26.09398],[90.17285,26.09735],[90.17285,26.10012],[90.17366,26.10305],[90.18098,26.10647],[90.18392,26.10841],[90.18608,26.11072],[90.18765,26.11385],[90.18915,26.1217],[90.19157,26.12465],[90.19543,26.12726],[90.21467,26.12724],[90.2318,26.13514],[90.23899,26.13673],[90.24794,26.14041],[90.2499,26.15042],[90.25699,26.173],[90.29652,26.18355],[90.3207,26.18626],[90.36663,26.17691],[90.37444,26.15572],[90.40439,26.15626],[90.42455,26.14769],[90.43953,26.14795],[90.46431,26.15731],[90.4792,26.16203],[90.494,26.17122],[90.5,26.1768],[90.50019,26.18569],[90.50336,26.18937],[90.50611,26.19143],[90.51083,26.194],[90.51572,26.19629],[90.51943,26.19744],[90.5323,26.19894],[90.55277,26.20022],[90.55834,26.20124],[90.56499,26.20163],[90.60208,26.20659],[90.61056,26.2116],[90.61844,26.20947],[90.622,26.20646],[90.62463,26.20698],[90.62933,26.20476],[90.63274,26.20638],[90.64574,26.21013],[90.65109,26.21123],[90.65643,26.21121],[90.66347,26.2064]]]}},{"id":"26","type":"Feature","properties":{"state":"ASSAM","state_lgd":"18","district":"BONGAIGAON","district_lgd":"319"},"geometry":{"type":"Polygon","coordinates":[[[90.85035,26.52323],[90.85137,26.51578],[90.85078,26.51251],[90.84894,26.50698],[90.84625,26.50366],[90.8418,26.50005],[90.84174,26.50178],[90.83928,26.50315],[90.83503,26.50296],[90.82908,26.50153],[90.8264,26.49936],[90.82587,26.49352],[90.82361,26.49067],[90.82157,26.49063],[90.8193,26.49183],[90.81606,26.49471],[90.81361,26.49875],[90.81015,26.50055],[90.8086,26.50071],[90.80458,26.49612],[90.80587,26.49435],[90.80594,26.49322],[90.80394,26.48908],[90.80205,26.48309],[90.80241,26.48205],[90.8037,26.48092],[90.80374,26.47788],[90.80629,26.47727],[90.80731,26.47749],[90.80838,26.47646],[90.81316,26.47548],[90.81557,26.47534],[90.81775,26.47595],[90.8183,26.47566],[90.81817,26.47455],[90.81914,26.47168],[90.81889,26.47029],[90.81671,26.46775],[90.81643,26.46506],[90.81907,26.46384],[90.81964,26.46288],[90.81897,26.46037],[90.82024,26.45784],[90.82389,26.45468],[90.82717,26.45329],[90.82721,26.4483],[90.82104,26.44073],[90.81636,26.43805],[90.81136,26.43818],[90.80793,26.43958],[90.80184,26.44059],[90.79883,26.44348],[90.79694,26.44426],[90.79009,26.44168],[90.78728,26.43994],[90.78718,26.43913],[90.78836,26.4377],[90.78963,26.43323],[90.79184,26.43159],[90.79387,26.42805],[90.79873,26.42684],[90.81054,26.42801],[90.81483,26.43011],[90.82109,26.4324],[90.82341,26.43248],[90.82964,26.43167],[90.83069,26.43197],[90.83679,26.43652],[90.84007,26.43931],[90.84177,26.4417],[90.84506,26.44397],[90.8493,26.44269],[90.85519,26.43955],[90.85604,26.4387],[90.86156,26.43112],[90.857,26.42046],[90.85319,26.41913],[90.84835,26.40855],[90.84554,26.40615],[90.84478,26.40224],[90.84659,26.39678],[90.84607,26.39459],[90.84673,26.39223],[90.86049,26.37827],[90.86171,26.37568],[90.86205,26.37323],[90.86143,26.36859],[90.85967,26.36218],[90.8572,26.36089],[90.84859,26.36072],[90.8409,26.3578],[90.83975,26.35798],[90.82435,26.36563],[90.81811,26.36688],[90.81402,26.36005],[90.8118,26.35844],[90.81095,26.35586],[90.80358,26.34747],[90.80477,26.34533],[90.80468,26.34254],[90.80168,26.33859],[90.80007,26.3356],[90.79746,26.33298],[90.78957,26.3297],[90.79072,26.32391],[90.79662,26.32151],[90.80057,26.32095],[90.80255,26.31904],[90.80489,26.31566],[90.80661,26.3121],[90.80656,26.31072],[90.80428,26.30677],[90.80323,26.30562],[90.79672,26.30545],[90.78868,26.30252],[90.78081,26.30214],[90.77325,26.30363],[90.76915,26.30616],[90.76754,26.30646],[90.76268,26.31152],[90.76138,26.31198],[90.759,26.3122],[90.75182,26.30974],[90.75,26.30646],[90.74542,26.3011],[90.74401,26.30099],[90.73765,26.29788],[90.72978,26.2932],[90.72265,26.28463],[90.72031,26.28266],[90.72096,26.28113],[90.71998,26.26864],[90.73109,26.26853],[90.73314,26.26177],[90.73325,26.25796],[90.72582,26.25629],[90.72509,26.25655],[90.71729,26.26385],[90.7028,26.2561],[90.68377,26.25793],[90.67471,26.25467],[90.6616,26.24856],[90.65281,26.2381],[90.65422,26.23475],[90.6569,26.23063],[90.6624,26.22423],[90.66545,26.21783],[90.67214,26.19921],[90.66347,26.2064],[90.65643,26.21121],[90.65109,26.21123],[90.64574,26.21013],[90.63274,26.20638],[90.62933,26.20476],[90.62463,26.20698],[90.622,26.20646],[90.61844,26.20947],[90.61056,26.2116],[90.60208,26.20659],[90.56499,26.20163],[90.55834,26.20124],[90.55277,26.20022],[90.52488,26.19812],[90.51943,26.19744],[90.51572,26.19629],[90.50611,26.19143],[90.50336,26.18937],[90.50097,26.18673],[90.50019,26.18569],[90.5,26.1768],[90.494,26.17122],[90.4792,26.16203],[90.46431,26.15731],[90.43953,26.14795],[90.42455,26.14769],[90.40439,26.15626],[90.37444,26.15572],[90.36663,26.17691],[90.37107,26.17763],[90.37274,26.17843],[90.375,26.18126],[90.37569,26.18289],[90.37731,26.20027],[90.37892,26.20323],[90.37673,26.21121],[90.3765,26.21984],[90.37689,26.22145],[90.37883,26.22316],[90.38218,26.22464],[90.38615,26.22572],[90.38796,26.22572],[90.394,26.2206],[90.39848,26.22034],[90.40276,26.22303],[90.4092,26.23106],[90.41546,26.23496],[90.42299,26.24142],[90.4271,26.24379],[90.43177,26.24367],[90.44115,26.2417],[90.44175,26.24195],[90.44177,26.24493],[90.4372,26.24772],[90.43607,26.25067],[90.43097,26.25551],[90.43056,26.25841],[90.43121,26.25967],[90.43216,26.26085],[90.43363,26.26162],[90.43485,26.26193],[90.43683,26.26153],[90.43768,26.26067],[90.43993,26.25457],[90.44132,26.25247],[90.44329,26.2505],[90.44629,26.24847],[90.44731,26.24801],[90.44921,26.24831],[90.45108,26.25],[90.45198,26.25491],[90.45144,26.25615],[90.44619,26.25985],[90.445,26.26162],[90.44445,26.26528],[90.44545,26.26816],[90.44633,26.26908],[90.45107,26.27187],[90.4528,26.27233],[90.4543,26.2711],[90.45645,26.26648],[90.45774,26.26584],[90.4591,26.26578],[90.46547,26.26617],[90.46888,26.267],[90.47191,26.26847],[90.4732,26.26983],[90.47304,26.27213],[90.47168,26.27332],[90.46881,26.27327],[90.46165,26.27173],[90.4577,26.27269],[90.45562,26.27631],[90.45512,26.2848],[90.4559,26.2852],[90.45699,26.28403],[90.45774,26.2792],[90.45907,26.27641],[90.46101,26.27592],[90.46769,26.27641],[90.46967,26.27733],[90.47056,26.27881],[90.46967,26.28106],[90.46378,26.28631],[90.46364,26.28872],[90.46412,26.28946],[90.46497,26.28989],[90.4679,26.28752],[90.4727,26.28862],[90.47641,26.28767],[90.47876,26.29138],[90.48289,26.29381],[90.48374,26.29589],[90.47897,26.3021],[90.47972,26.30449],[90.47911,26.30826],[90.47849,26.3094],[90.46897,26.31983],[90.46591,26.32524],[90.46618,26.32636],[90.46714,26.32738],[90.47268,26.32959],[90.47401,26.33083],[90.47395,26.33261],[90.47303,26.33412],[90.47207,26.33458],[90.47027,26.33427],[90.46481,26.32933],[90.46279,26.32884],[90.46021,26.33053],[90.45388,26.33984],[90.45416,26.34134],[90.45692,26.34337],[90.45791,26.34644],[90.45413,26.34942],[90.45458,26.35106],[90.45758,26.35504],[90.4576,26.35609],[90.45695,26.35708],[90.45441,26.35802],[90.45281,26.35723],[90.44715,26.34699],[90.44638,26.34635],[90.44448,26.34589],[90.44227,26.34734],[90.44242,26.34807],[90.44615,26.35398],[90.44542,26.35453],[90.44226,26.35297],[90.44334,26.36016],[90.43626,26.35995],[90.43522,26.35927],[90.43514,26.35811],[90.43804,26.35458],[90.43875,26.34381],[90.43786,26.34286],[90.43462,26.3424],[90.43289,26.34347],[90.4315,26.34518],[90.43056,26.34805],[90.43251,26.35388],[90.43097,26.35603],[90.42777,26.35842],[90.42588,26.36105],[90.42476,26.36367],[90.42712,26.36315],[90.43273,26.3635],[90.43725,26.36485],[90.43676,26.36657],[90.43273,26.36692],[90.42846,26.36656],[90.42638,26.36741],[90.42662,26.36997],[90.42979,26.37156],[90.43223,26.37339],[90.43353,26.37547],[90.43359,26.37659],[90.43285,26.37707],[90.43252,26.38088],[90.42904,26.3813],[90.4257,26.3787],[90.42423,26.3786],[90.42083,26.37959],[90.41919,26.38287],[90.42005,26.38418],[90.42558,26.38262],[90.42788,26.38312],[90.42806,26.38586],[90.42571,26.39605],[90.42409,26.39642],[90.42092,26.39468],[90.41838,26.39182],[90.41639,26.3907],[90.41571,26.3922],[90.41758,26.40084],[90.4177,26.40506],[90.41689,26.40774],[90.41602,26.40805],[90.40782,26.40351],[90.40446,26.40463],[90.40354,26.40668],[90.40446,26.40755],[90.40745,26.40736],[90.40932,26.4083],[90.409,26.40966],[90.40793,26.41094],[90.40521,26.41314],[90.40533,26.4142],[90.40794,26.41843],[90.40924,26.41892],[90.41042,26.4221],[90.41222,26.42502],[90.41557,26.42906],[90.41526,26.43067],[90.41377,26.4308],[90.41116,26.43012],[90.4083,26.42837],[90.40488,26.42769],[90.40357,26.42875],[90.40419,26.43179],[90.40686,26.43583],[90.40698,26.43775],[90.40574,26.43782],[90.39997,26.43397],[90.39772,26.43452],[90.39673,26.43788],[90.39722,26.44024],[90.39877,26.4416],[90.40034,26.44227],[90.40512,26.44201],[90.40859,26.44272],[90.4121,26.44423],[90.41552,26.44744],[90.41877,26.44873],[90.41971,26.44871],[90.41761,26.4369],[90.42102,26.43746],[90.42289,26.43732],[90.43159,26.43499],[90.42785,26.43041],[90.42776,26.42834],[90.42927,26.42822],[90.43011,26.42713],[90.42999,26.42537],[90.42668,26.41968],[90.42593,26.41691],[90.42608,26.41555],[90.42701,26.41546],[90.42921,26.41663],[90.431,26.41659],[90.43338,26.41336],[90.43851,26.41697],[90.44117,26.4181],[90.44367,26.41762],[90.44561,26.4181],[90.44472,26.4206],[90.44294,26.421],[90.44094,26.42229],[90.44044,26.4243],[90.44454,26.4241],[90.44703,26.42525],[90.44722,26.42695],[90.44582,26.42902],[90.44285,26.4289],[90.44249,26.43054],[90.4434,26.4323],[90.44503,26.43373],[90.44456,26.43667],[90.4451,26.43901],[90.44444,26.4401],[90.44233,26.44136],[90.43813,26.44134],[90.43461,26.44229],[90.43466,26.44592],[90.43392,26.4492],[90.43183,26.45294],[90.43716,26.46105],[90.43835,26.45929],[90.44601,26.45434],[90.44713,26.45276],[90.45079,26.45342],[90.45976,26.453],[90.46066,26.45794],[90.46283,26.46226],[90.46317,26.46468],[90.46487,26.46528],[90.47706,26.46262],[90.4766,26.461],[90.47714,26.45679],[90.47653,26.45462],[90.47383,26.45373],[90.46396,26.45282],[90.46241,26.45198],[90.46144,26.45072],[90.45952,26.44711],[90.45849,26.44398],[90.4571,26.43892],[90.45619,26.43267],[90.46317,26.43094],[90.46321,26.42571],[90.46204,26.42339],[90.46004,26.42109],[90.45938,26.41919],[90.46027,26.41368],[90.46002,26.41071],[90.46832,26.40662],[90.4718,26.40588],[90.47177,26.40428],[90.47012,26.40365],[90.46877,26.40115],[90.46784,26.40037],[90.46793,26.3991],[90.47002,26.39583],[90.47101,26.39507],[90.47216,26.3952],[90.47415,26.3939],[90.4736,26.39248],[90.47389,26.38949],[90.47545,26.38629],[90.47701,26.38589],[90.48074,26.3897],[90.48,26.39071],[90.47854,26.39115],[90.48076,26.39532],[90.48012,26.3985],[90.48128,26.40197],[90.48037,26.40659],[90.47843,26.40829],[90.47823,26.40933],[90.48018,26.4152],[90.48087,26.42059],[90.48521,26.41792],[90.48761,26.41774],[90.49327,26.41966],[90.49605,26.42488],[90.49704,26.43],[90.5041,26.42625],[90.50348,26.42965],[90.50801,26.44707],[90.50973,26.4489],[90.50913,26.45172],[90.50568,26.45546],[90.49818,26.45946],[90.50094,26.46439],[90.50432,26.46772],[90.50309,26.46864],[90.50289,26.47176],[90.50933,26.48795],[90.5117,26.49728],[90.50967,26.49906],[90.51008,26.50051],[90.51421,26.50259],[90.51774,26.50818],[90.51957,26.50924],[90.52091,26.50838],[90.52404,26.50759],[90.52964,26.50438],[90.53061,26.50338],[90.53521,26.5021],[90.53637,26.50271],[90.54033,26.50166],[90.54735,26.49781],[90.56253,26.49843],[90.56623,26.49815],[90.57095,26.49678],[90.5729,26.49847],[90.5752,26.49893],[90.58123,26.49628],[90.58495,26.492],[90.58731,26.49277],[90.58881,26.49168],[90.58988,26.48984],[90.59103,26.48983],[90.59609,26.49328],[90.59699,26.49345],[90.59964,26.49068],[90.60091,26.49059],[90.60181,26.4914],[90.60287,26.49586],[90.60228,26.4974],[90.60305,26.49735],[90.60429,26.49815],[90.59719,26.50223],[90.59039,26.50446],[90.58888,26.5116],[90.58954,26.5125],[90.5912,26.51287],[90.59448,26.51258],[90.59557,26.51209],[90.59604,26.51085],[90.59725,26.51036],[90.59805,26.51091],[90.59842,26.51461],[90.59975,26.5162],[90.6011,26.51635],[90.60279,26.51571],[90.61099,26.51526],[90.61825,26.51063],[90.62256,26.5087],[90.62354,26.50777],[90.62303,26.50448],[90.62224,26.50329],[90.62202,26.50005],[90.62241,26.4985],[90.61998,26.49563],[90.61989,26.49452],[90.62077,26.49359],[90.62403,26.4939],[90.62888,26.49661],[90.64442,26.50005],[90.65588,26.505],[90.66613,26.50379],[90.66856,26.49979],[90.68247,26.49906],[90.68005,26.49262],[90.67818,26.48944],[90.67968,26.48647],[90.68562,26.4818],[90.68704,26.48135],[90.6901,26.48142],[90.70157,26.48331],[90.70559,26.48312],[90.71313,26.48204],[90.71514,26.48102],[90.71698,26.47921],[90.71409,26.47393],[90.71321,26.47054],[90.71364,26.46778],[90.71612,26.46118],[90.71614,26.45755],[90.71384,26.45458],[90.7101,26.4516],[90.71626,26.44555],[90.72127,26.4464],[90.72817,26.44633],[90.73237,26.44442],[90.73567,26.44184],[90.7396,26.44302],[90.74158,26.4448],[90.73936,26.4451],[90.73872,26.44657],[90.74167,26.45481],[90.74262,26.45477],[90.74405,26.46039],[90.74373,26.46256],[90.74472,26.46562],[90.731,26.47183],[90.73264,26.47772],[90.73185,26.48031],[90.7309,26.48034],[90.73101,26.4829],[90.73472,26.48591],[90.74372,26.48854],[90.74987,26.48867],[90.75234,26.48744],[90.75699,26.4837],[90.76163,26.48321],[90.76606,26.48544],[90.76837,26.48768],[90.76837,26.48938],[90.7774,26.50483],[90.77614,26.50779],[90.77552,26.50796],[90.7727,26.50794],[90.76423,26.50622],[90.76091,26.50748],[90.7578,26.51213],[90.75758,26.51462],[90.75817,26.51602],[90.76054,26.51892],[90.76195,26.51954],[90.76801,26.51999],[90.77172,26.52165],[90.77476,26.53064],[90.77604,26.53093],[90.77935,26.53066],[90.78522,26.52924],[90.78707,26.52751],[90.78769,26.52428],[90.78688,26.5181],[90.78823,26.51754],[90.79721,26.5215],[90.80108,26.52237],[90.80889,26.52118],[90.81467,26.52202],[90.82827,26.52233],[90.83651,26.52345],[90.83734,26.52377],[90.84328,26.53214],[90.84705,26.53086],[90.8517,26.52702],[90.85035,26.52323]]]}},{"id":"27","type":"Feature","properties":{"state":"ASSAM","state_lgd":"18","district":"KAMRUP RURAL","district_lgd":"321"},"geometry":{"type":"Polygon","coordinates":[[[91.58921,26.51793],[91.59064,26.51487],[91.60015,26.51707],[91.59985,26.51349],[91.60103,26.51314],[91.60475,26.5128],[91.62066,26.51313],[91.62055,26.51198],[91.61911,26.51018],[91.61984,26.50899],[91.61919,26.50629],[91.62116,26.5048],[91.61493,26.50343],[91.61658,26.50073],[91.61483,26.49736],[91.61289,26.49496],[91.61386,26.49438],[91.6178,26.49533],[91.61974,26.49424],[91.61936,26.49296],[91.61585,26.48946],[91.61567,26.48799],[91.61734,26.48603],[91.61793,26.48637],[91.61736,26.48875],[91.61766,26.48959],[91.62029,26.4888],[91.62153,26.48909],[91.62494,26.49291],[91.62756,26.49429],[91.62879,26.49431],[91.62756,26.49061],[91.62683,26.49019],[91.62416,26.49012],[91.62304,26.48937],[91.62392,26.48715],[91.62543,26.48677],[91.62884,26.48743],[91.62934,26.48713],[91.62929,26.48618],[91.62629,26.48356],[91.62285,26.48444],[91.62038,26.47967],[91.62119,26.47665],[91.62179,26.47604],[91.62318,26.47573],[91.62419,26.47637],[91.62549,26.48012],[91.6271,26.48119],[91.62819,26.48087],[91.62828,26.47935],[91.62579,26.47447],[91.62655,26.47089],[91.62578,26.47047],[91.62454,26.47086],[91.62244,26.47422],[91.62103,26.47453],[91.61796,26.46877],[91.61884,26.46757],[91.61996,26.46903],[91.62122,26.46947],[91.62216,26.46825],[91.62255,26.46573],[91.62427,26.46474],[91.62766,26.46582],[91.62922,26.46488],[91.62872,26.46367],[91.62455,26.46029],[91.62407,26.45928],[91.62428,26.45681],[91.62493,26.456],[91.6266,26.45622],[91.62831,26.46087],[91.62901,26.46096],[91.63002,26.45988],[91.62904,26.45671],[91.62905,26.45518],[91.63166,26.45243],[91.63208,26.4511],[91.63103,26.44997],[91.62729,26.44995],[91.62558,26.4495],[91.62417,26.44814],[91.62504,26.44724],[91.62839,26.44702],[91.63002,26.44632],[91.63272,26.4491],[91.63573,26.44985],[91.65385,26.44931],[91.6558,26.44957],[91.67666,26.44846],[91.68563,26.45503],[91.68902,26.46379],[91.7022,26.47078],[91.70985,26.47334],[91.70979,26.47895],[91.71036,26.47928],[91.71035,26.47701],[91.72009,26.47699],[91.71914,26.47873],[91.71832,26.4788],[91.71695,26.4805],[91.71636,26.48231],[91.71672,26.48412],[91.71932,26.48827],[91.71939,26.49038],[91.71869,26.49183],[91.72026,26.49351],[91.72628,26.49596],[91.72487,26.50306],[91.73766,26.50183],[91.73626,26.49965],[91.73375,26.49749],[91.73442,26.49643],[91.74038,26.49606],[91.74787,26.49662],[91.75302,26.49533],[91.75322,26.49215],[91.75119,26.48741],[91.75279,26.48664],[91.75263,26.48584],[91.75151,26.48535],[91.7522,26.48162],[91.75821,26.48239],[91.7629,26.48007],[91.77986,26.48182],[91.77888,26.47936],[91.77931,26.47716],[91.77739,26.47521],[91.77786,26.47398],[91.77732,26.47006],[91.77315,26.46976],[91.77054,26.46639],[91.76784,26.4675],[91.76697,26.46866],[91.76551,26.46758],[91.7661,26.463],[91.76552,26.46264],[91.76567,26.46141],[91.76504,26.46126],[91.76456,26.46015],[91.76466,26.45881],[91.76785,26.45496],[91.76725,26.45405],[91.76763,26.45327],[91.77068,26.45072],[91.77124,26.44843],[91.77214,26.44723],[91.77104,26.44466],[91.77213,26.44095],[91.77236,26.43479],[91.77192,26.43325],[91.77087,26.43289],[91.77324,26.43055],[91.7736,26.42885],[91.77415,26.42845],[91.77373,26.42663],[91.77468,26.42532],[91.77722,26.42775],[91.77871,26.42743],[91.77908,26.42386],[91.77725,26.41989],[91.77908,26.41849],[91.78283,26.418],[91.78304,26.41666],[91.78259,26.41581],[91.78182,26.41496],[91.78063,26.41468],[91.77998,26.41373],[91.78064,26.41181],[91.78261,26.40915],[91.78479,26.40804],[91.78912,26.40783],[91.79398,26.40961],[91.7958,26.4079],[91.79629,26.40567],[91.79489,26.4043],[91.79463,26.40275],[91.79792,26.40069],[91.79783,26.39844],[91.79862,26.39637],[91.79814,26.39524],[91.79645,26.39385],[91.79634,26.39299],[91.797,26.3921],[91.80067,26.39138],[91.80426,26.38934],[91.80415,26.38823],[91.8028,26.38648],[91.80294,26.38374],[91.80459,26.38256],[91.80575,26.38242],[91.81017,26.38361],[91.81166,26.38287],[91.81364,26.38099],[91.81523,26.38078],[91.81794,26.37945],[91.82209,26.37043],[91.82218,26.36883],[91.82069,26.36741],[91.82017,26.36513],[91.82079,26.36443],[91.82265,26.36452],[91.82295,26.36386],[91.82262,26.36311],[91.82013,26.3614],[91.81949,26.36027],[91.82138,26.35709],[91.82159,26.35438],[91.81995,26.35212],[91.81656,26.35077],[91.81615,26.34997],[91.81697,26.34837],[91.81951,26.34648],[91.81708,26.34375],[91.81697,26.3429],[91.81854,26.33801],[91.82125,26.33335],[91.82162,26.33164],[91.81898,26.32845],[91.81886,26.32503],[91.81775,26.32502],[91.81625,26.32749],[91.81499,26.32773],[91.81111,26.32595],[91.80953,26.32441],[91.80841,26.32218],[91.80834,26.32046],[91.80885,26.31926],[91.81211,26.31796],[91.81571,26.31761],[91.81679,26.31689],[91.81556,26.31345],[91.81369,26.31101],[91.80993,26.31338],[91.80581,26.31319],[91.80438,26.31459],[91.80408,26.31719],[91.80355,26.3178],[91.79964,26.31534],[91.79866,26.31366],[91.79742,26.31326],[91.79546,26.31677],[91.79599,26.31974],[91.79575,26.32093],[91.79472,26.32158],[91.79276,26.32144],[91.79178,26.32072],[91.79155,26.31928],[91.79306,26.31715],[91.79238,26.31399],[91.79311,26.31144],[91.79246,26.31117],[91.79044,26.31196],[91.78941,26.31188],[91.78863,26.31067],[91.78838,26.30797],[91.78739,26.30651],[91.7861,26.30595],[91.7825,26.30583],[91.78184,26.30544],[91.78212,26.30387],[91.7847,26.30433],[91.78541,26.30363],[91.78484,26.30247],[91.78327,26.30129],[91.78218,26.29623],[91.78515,26.29347],[91.78628,26.29142],[91.78452,26.2876],[91.78655,26.28446],[91.78573,26.27969],[91.78778,26.27442],[91.79047,26.27291],[91.79037,26.26808],[91.78635,26.26484],[91.78623,26.26276],[91.78457,26.2577],[91.78526,26.25368],[91.78225,26.2454],[91.78142,26.2442],[91.77746,26.24283],[91.7756,26.24043],[91.77479,26.24072],[91.77433,26.24238],[91.77348,26.24266],[91.76507,26.24082],[91.76309,26.23905],[91.76497,26.23522],[91.76503,26.23397],[91.76421,26.23263],[91.74638,26.22141],[91.74527,26.2191],[91.74501,26.21369],[91.74537,26.21163],[91.74673,26.20994],[91.74967,26.20872],[91.74878,26.20701],[91.73125,26.20108],[91.72705,26.19812],[91.72568,26.19685],[91.7224,26.19193],[91.72408,26.1895],[91.72387,26.18664],[91.72179,26.18619],[91.72002,26.1848],[91.71253,26.18329],[91.70244,26.18276],[91.70124,26.18187],[91.68577,26.18182],[91.68417,26.18092],[91.6839,26.18039],[91.68449,26.1792],[91.68395,26.17877],[91.68169,26.17984],[91.67454,26.17974],[91.65699,26.1814],[91.65637,26.17966],[91.65341,26.1762],[91.65205,26.17093],[91.64991,26.1668],[91.64748,26.16543],[91.63221,26.16392],[91.62414,26.16594],[91.62226,26.16572],[91.6183,26.16418],[91.61359,26.16366],[91.60204,26.15779],[91.59973,26.1575],[91.59089,26.15474],[91.56888,26.15053],[91.56473,26.1493],[91.56366,26.1475],[91.56159,26.1409],[91.56082,26.13319],[91.56213,26.12739],[91.56112,26.12275],[91.56187,26.12059],[91.56506,26.11669],[91.56413,26.10569],[91.56535,26.10466],[91.57108,26.10337],[91.57234,26.10259],[91.57109,26.0983],[91.57135,26.09604],[91.57706,26.0947],[91.58007,26.09297],[91.58344,26.09258],[91.58577,26.09172],[91.58411,26.08847],[91.57936,26.0849],[91.58007,26.0834],[91.58033,26.08109],[91.57994,26.07954],[91.58012,26.07601],[91.57945,26.07391],[91.57776,26.07205],[91.57192,26.07128],[91.5711,26.07005],[91.57147,26.06662],[91.56918,26.06383],[91.56802,26.06026],[91.56942,26.05911],[91.57065,26.05893],[91.57426,26.06023],[91.57696,26.05867],[91.57847,26.05906],[91.57906,26.06067],[91.57961,26.06847],[91.58501,26.06721],[91.58605,26.06334],[91.58566,26.0598],[91.58626,26.05822],[91.5887,26.05727],[91.5983,26.06101],[91.60009,26.06731],[91.59979,26.07364],[91.60015,26.07561],[91.60812,26.07628],[91.61069,26.07596],[91.61023,26.07462],[91.61086,26.07245],[91.61563,26.07228],[91.61882,26.07311],[91.62331,26.07545],[91.6293,26.07626],[91.62964,26.07585],[91.62909,26.07526],[91.62573,26.07422],[91.62492,26.07335],[91.62398,26.07186],[91.62474,26.07082],[91.62893,26.06985],[91.63289,26.07057],[91.63777,26.06713],[91.64735,26.06349],[91.65956,26.05755],[91.67582,26.05143],[91.68734,26.04615],[91.70194,26.0426],[91.71186,26.03842],[91.72273,26.03497],[91.72315,26.03116],[91.72434,26.02951],[91.72383,26.02752],[91.72458,26.02498],[91.7246,26.01936],[91.72132,26.01273],[91.72169,26.00657],[91.72133,26.00188],[91.72071,25.99637],[91.71959,25.99219],[91.72142,25.98936],[91.72153,25.98833],[91.7204,25.98553],[91.72007,25.98177],[91.72108,25.97694],[91.72111,25.96855],[91.71978,25.96583],[91.72023,25.96534],[91.72244,25.966],[91.72252,25.96572],[91.7221,25.96357],[91.72024,25.96085],[91.72073,25.95677],[91.72011,25.9536],[91.71835,25.95232],[91.71795,25.95053],[91.71648,25.9499],[91.71482,25.9471],[91.71512,25.94629],[91.71333,25.94573],[91.71348,25.94405],[91.70864,25.94211],[91.70449,25.94189],[91.7024,25.94127],[91.70293,25.93958],[91.70157,25.93701],[91.70075,25.93665],[91.70113,25.93563],[91.69893,25.93501],[91.69622,25.93085],[91.69205,25.92661],[91.68943,25.92462],[91.68846,25.92297],[91.68808,25.92021],[91.6851,25.91845],[91.68098,25.91786],[91.67884,25.91625],[91.67322,25.90746],[91.67104,25.90612],[91.6706,25.90415],[91.66974,25.90388],[91.66823,25.90487],[91.66651,25.90517],[91.66555,25.90675],[91.66342,25.90776],[91.66222,25.90784],[91.66134,25.9067],[91.66032,25.9064],[91.65935,25.90708],[91.65775,25.90659],[91.65666,25.90777],[91.65425,25.90581],[91.65149,25.90628],[91.65095,25.90742],[91.64699,25.91091],[91.64636,25.9121],[91.64378,25.91334],[91.64077,25.91779],[91.63802,25.91932],[91.6365,25.92133],[91.63526,25.92201],[91.63221,25.92179],[91.63127,25.92253],[91.63046,25.92495],[91.62846,25.92532],[91.62725,25.92491],[91.62559,25.92579],[91.62413,25.92799],[91.62422,25.92968],[91.62284,25.92996],[91.62129,25.93233],[91.61884,25.93258],[91.61558,25.93372],[91.61482,25.93482],[91.61377,25.93534],[91.61356,25.93613],[91.61012,25.93697],[91.61004,25.93891],[91.60916,25.9393],[91.61017,25.94034],[91.61102,25.94414],[91.61188,25.94503],[91.61374,25.94436],[91.6157,25.94476],[91.61815,25.94436],[91.61895,25.94497],[91.62008,25.94447],[91.62289,25.94479],[91.62503,25.94349],[91.62526,25.94246],[91.62616,25.94219],[91.62982,25.94325],[91.6294,25.94715],[91.63123,25.95026],[91.63172,25.95448],[91.63389,25.95846],[91.63436,25.96051],[91.63563,25.96163],[91.6382,25.96159],[91.6406,25.9633],[91.64055,25.96459],[91.6398,25.96486],[91.63886,25.96657],[91.63613,25.96836],[91.63551,25.97033],[91.63275,25.97159],[91.62825,25.97615],[91.62855,25.97855],[91.62794,25.97997],[91.62853,25.98244],[91.62767,25.98339],[91.62759,25.98507],[91.62641,25.98587],[91.62606,25.98668],[91.62624,25.98887],[91.63023,25.99013],[91.62987,25.99171],[91.63017,25.99319],[91.62863,25.99532],[91.62863,25.99592],[91.62941,25.99663],[91.62905,25.99789],[91.62947,25.99849],[91.62764,26.00011],[91.62679,26.00015],[91.62712,26.0012],[91.63047,26.00389],[91.63044,26.0065],[91.6331,26.00947],[91.63282,26.01146],[91.635,26.01248],[91.63481,26.01302],[91.63199,26.01412],[91.63179,26.01468],[91.63215,26.01674],[91.63118,26.01775],[91.63246,26.0189],[91.63238,26.0198],[91.62979,26.02278],[91.62813,26.02304],[91.62616,26.02237],[91.62463,26.02346],[91.62132,26.02466],[91.62035,26.02577],[91.61276,26.02503],[91.60887,26.02328],[91.60023,26.02161],[91.5993,26.02093],[91.59912,26.01883],[91.59753,26.01807],[91.59679,26.01876],[91.59532,26.01885],[91.59389,26.01978],[91.59433,26.02075],[91.59407,26.02168],[91.58872,26.02956],[91.58662,26.03102],[91.58324,26.03157],[91.57984,26.03325],[91.57617,26.02967],[91.57073,26.02568],[91.56983,26.02374],[91.57025,26.02192],[91.56919,26.01844],[91.56958,26.01738],[91.57207,26.01547],[91.56905,26.01205],[91.56692,26.01112],[91.56614,26.00983],[91.56461,26.00898],[91.56354,26.00761],[91.56324,26.00533],[91.56497,26.00212],[91.56226,26.00228],[91.56045,26.00123],[91.56042,25.99982],[91.55827,25.99571],[91.55745,25.99274],[91.55671,25.99142],[91.55398,25.98887],[91.55298,25.98599],[91.5517,25.98503],[91.55125,25.9766],[91.54975,25.97579],[91.54884,25.97613],[91.54673,25.97512],[91.54565,25.97602],[91.5447,25.97591],[91.54374,25.97539],[91.54272,25.97317],[91.54087,25.97207],[91.53836,25.97141],[91.53633,25.96906],[91.5354,25.96673],[91.53553,25.9642],[91.53609,25.96307],[91.53562,25.9623],[91.53296,25.96307],[91.53183,25.9627],[91.53036,25.96307],[91.52982,25.96295],[91.52865,25.96064],[91.5253,25.96163],[91.52217,25.95947],[91.51808,25.95973],[91.51658,25.95571],[91.51774,25.95318],[91.5179,25.94949],[91.5189,25.94672],[91.51982,25.93988],[91.51515,25.94123],[91.51557,25.93951],[91.51349,25.93576],[91.51381,25.93289],[91.51044,25.93206],[91.50796,25.93228],[91.50809,25.93028],[91.50695,25.92925],[91.50675,25.92842],[91.50291,25.92654],[91.50346,25.92544],[91.50165,25.92399],[91.50244,25.92176],[91.50124,25.91886],[91.50447,25.91672],[91.50456,25.91614],[91.50318,25.91415],[91.50467,25.91139],[91.50545,25.91199],[91.50654,25.91418],[91.50955,25.91721],[91.51148,25.91774],[91.51299,25.91678],[91.51536,25.91856],[91.51791,25.91966],[91.51979,25.92261],[91.52276,25.92531],[91.52615,25.92591],[91.52932,25.92887],[91.53255,25.92989],[91.53658,25.93577],[91.53695,25.93121],[91.53492,25.92976],[91.53461,25.92843],[91.53302,25.92657],[91.53008,25.92581],[91.52974,25.92473],[91.52792,25.92306],[91.52642,25.92272],[91.52379,25.91988],[91.52097,25.91906],[91.52057,25.91681],[91.51747,25.91604],[91.51536,25.91406],[91.51558,25.91319],[91.51273,25.91264],[91.50801,25.90879],[91.50488,25.90777],[91.50339,25.90423],[91.50421,25.90288],[91.50236,25.89993],[91.50058,25.89849],[91.49874,25.89599],[91.50406,25.89168],[91.5039,25.89117],[91.50294,25.89097],[91.50152,25.89153],[91.49943,25.89119],[91.49811,25.8925],[91.49191,25.89585],[91.48747,25.89382],[91.484,25.89304],[91.47837,25.88747],[91.47784,25.88048],[91.47481,25.87402],[91.47486,25.87345],[91.47604,25.87252],[91.47515,25.87138],[91.47499,25.87024],[91.48164,25.86776],[91.4896,25.86654],[91.4912,25.86594],[91.49336,25.86642],[91.49701,25.86642],[91.50055,25.86486],[91.50356,25.86549],[91.51142,25.86534],[91.51314,25.86571],[91.51383,25.86622],[91.51545,25.86935],[91.51771,25.87105],[91.52131,25.87511],[91.52221,25.87881],[91.52217,25.88072],[91.52129,25.88346],[91.52555,25.89091],[91.52659,25.89107],[91.53299,25.88815],[91.53424,25.88645],[91.53519,25.88388],[91.53469,25.88325],[91.53265,25.88357],[91.53043,25.88163],[91.53008,25.87964],[91.53134,25.87591],[91.53043,25.87125],[91.5294,25.87145],[91.52877,25.87267],[91.52795,25.87316],[91.5262,25.8733],[91.52463,25.87216],[91.52374,25.87277],[91.52236,25.87285],[91.52157,25.87186],[91.52041,25.87157],[91.51806,25.86986],[91.51503,25.86488],[91.51372,25.86397],[91.50342,25.86425],[91.49737,25.86109],[91.49693,25.86112],[91.49676,25.86252],[91.49577,25.86382],[91.48828,25.86305],[91.48366,25.86417],[91.47957,25.85999],[91.4779,25.85727],[91.47544,25.85752],[91.46947,25.85916],[91.46725,25.85818],[91.46637,25.85726],[91.46308,25.857],[91.46229,25.85633],[91.46178,25.85434],[91.45447,25.84981],[91.44861,25.845],[91.44838,25.84189],[91.44695,25.84057],[91.44515,25.83974],[91.44169,25.84147],[91.43583,25.84356],[91.43225,25.8468],[91.42817,25.85264],[91.42572,25.85307],[91.42353,25.85435],[91.42247,25.85447],[91.41346,25.85357],[91.40617,25.85006],[91.40474,25.85026],[91.40273,25.8514],[91.39314,25.84759],[91.38596,25.84711],[91.38114,25.84563],[91.37627,25.84551],[91.3729,25.84672],[91.37105,25.84262],[91.3699,25.84187],[91.36801,25.84183],[91.36583,25.84003],[91.3611,25.84124],[91.3592,25.84095],[91.35774,25.84149],[91.3551,25.83925],[91.35216,25.83856],[91.34672,25.84003],[91.34404,25.83712],[91.33903,25.83814],[91.33614,25.84054],[91.33535,25.84054],[91.33326,25.83675],[91.33432,25.83307],[91.33188,25.83113],[91.32708,25.82544],[91.32232,25.82153],[91.32075,25.81572],[91.31759,25.8118],[91.31472,25.80959],[91.31369,25.80661],[91.31258,25.80584],[91.31142,25.80361],[91.30971,25.79888],[91.30259,25.7899],[91.30185,25.78648],[91.30006,25.7854],[91.29945,25.78412],[91.298,25.78286],[91.29744,25.78143],[91.29556,25.78018],[91.29532,25.77776],[91.29456,25.77592],[91.29004,25.77264],[91.28978,25.76937],[91.28863,25.7655],[91.28534,25.76246],[91.28377,25.76195],[91.28284,25.76038],[91.27898,25.75736],[91.27775,25.75439],[91.27631,25.75323],[91.27439,25.75036],[91.27441,25.7485],[91.27367,25.7459],[91.27325,25.74558],[91.27202,25.74664],[91.27059,25.74672],[91.26817,25.74854],[91.26584,25.74917],[91.26512,25.74978],[91.26269,25.74902],[91.25858,25.74863],[91.25678,25.74793],[91.25435,25.7459],[91.25002,25.74386],[91.24701,25.74153],[91.24494,25.73936],[91.24186,25.73725],[91.24167,25.73581],[91.23592,25.73202],[91.23469,25.73005],[91.233,25.73002],[91.22916,25.72833],[91.22757,25.72714],[91.22605,25.72694],[91.22545,25.72596],[91.22218,25.72356],[91.22179,25.72251],[91.22093,25.72187],[91.22043,25.72236],[91.22037,25.72646],[91.21998,25.72682],[91.21864,25.72645],[91.21566,25.72699],[91.21229,25.72569],[91.20947,25.72555],[91.20759,25.72599],[91.20696,25.72707],[91.20598,25.72704],[91.20431,25.72932],[91.19427,25.7311],[91.19282,25.73032],[91.19198,25.73036],[91.19365,25.73418],[91.19291,25.73687],[91.19159,25.73751],[91.18736,25.73804],[91.1865,25.73867],[91.18787,25.74271],[91.18798,25.74646],[91.18881,25.74843],[91.18935,25.75286],[91.18932,25.75651],[91.18855,25.75999],[91.18929,25.76395],[91.18754,25.76517],[91.18416,25.76643],[91.18368,25.76706],[91.18374,25.76871],[91.18513,25.77199],[91.18152,25.77375],[91.17826,25.77735],[91.1784,25.78016],[91.18207,25.7836],[91.1839,25.79442],[91.18343,25.79616],[91.18417,25.79763],[91.18419,25.79889],[91.18704,25.80415],[91.18766,25.80667],[91.18877,25.80745],[91.18909,25.80948],[91.19044,25.81143],[91.19027,25.81365],[91.18782,25.8148],[91.1868,25.8164],[91.18631,25.81836],[91.18937,25.82374],[91.19446,25.82728],[91.19422,25.83085],[91.19501,25.83247],[91.19468,25.83486],[91.19729,25.83524],[91.19948,25.83924],[91.20228,25.84079],[91.20364,25.84321],[91.20343,25.84414],[91.19833,25.84838],[91.19756,25.84954],[91.19689,25.85269],[91.19776,25.85449],[91.19621,25.8564],[91.19642,25.85905],[91.19583,25.86139],[91.18906,25.852],[91.18383,25.85046],[91.18012,25.84417],[91.17362,25.84441],[91.1599,25.84995],[91.15201,25.85103],[91.14755,25.85049],[91.13611,25.84263],[91.12946,25.84261],[91.12329,25.8355],[91.12036,25.83293],[91.08526,25.83034],[91.07714,25.82894],[91.06697,25.82573],[91.06213,25.82078],[91.04888,25.82927],[91.05297,25.83181],[91.05529,25.83121],[91.05773,25.83177],[91.05904,25.8333],[91.05937,25.83666],[91.06481,25.83755],[91.06641,25.83886],[91.06773,25.83681],[91.07062,25.83781],[91.07186,25.83876],[91.07324,25.84046],[91.07258,25.84237],[91.0737,25.84366],[91.0729,25.84499],[91.07298,25.84589],[91.07458,25.84864],[91.07845,25.85171],[91.0785,25.85274],[91.07601,25.85227],[91.07249,25.84866],[91.07075,25.84795],[91.06929,25.84824],[91.06851,25.84693],[91.06721,25.84663],[91.06627,25.84673],[91.06446,25.84795],[91.06188,25.8469],[91.0617,25.84801],[91.05893,25.84747],[91.05806,25.84757],[91.05627,25.84876],[91.04822,25.8492],[91.04729,25.84886],[91.04591,25.84483],[91.04291,25.8422],[91.03923,25.83689],[91.03785,25.83606],[91.0325,25.835],[91.03208,25.83285],[91.03112,25.83205],[91.02863,25.83116],[91.02245,25.82377],[91.01781,25.82207],[91.01662,25.82241],[91.0134,25.82156],[91.01057,25.82036],[91.00802,25.82119],[91.00601,25.82038],[91.00132,25.82512],[91.00296,25.82648],[91.00459,25.83037],[91.00693,25.83249],[91.00798,25.83796],[91.01024,25.83733],[91.01082,25.84012],[91.01221,25.84178],[91.01138,25.84413],[91.01148,25.84591],[91.01323,25.84618],[91.01531,25.8484],[91.01443,25.85043],[91.01391,25.85663],[91.01801,25.86081],[91.02288,25.86372],[91.02578,25.86817],[91.02773,25.8691],[91.02812,25.86987],[91.03052,25.88483],[91.03034,25.89153],[91.03098,25.89524],[91.03047,25.89999],[91.03171,25.90166],[91.03552,25.90497],[91.03989,25.91532],[91.04267,25.9265],[91.04505,25.92909],[91.04991,25.93308],[91.05198,25.93595],[91.05203,25.93829],[91.04797,25.94057],[91.04754,25.94151],[91.05893,25.95588],[91.06015,25.95702],[91.06404,25.95861],[91.06904,25.96736],[91.07427,25.97035],[91.08033,25.97228],[91.08162,25.97789],[91.08246,25.97969],[91.08395,25.98116],[91.0859,25.98195],[91.08587,25.98721],[91.08847,25.99329],[91.08829,25.99718],[91.09048,26.00171],[91.09133,26.00272],[91.09346,26.00375],[91.09643,26.00369],[91.09715,26.0053],[91.09936,26.0065],[91.10011,26.00902],[91.09821,26.01128],[91.09521,26.01138],[91.09396,26.01207],[91.09338,26.01398],[91.09482,26.01623],[91.09488,26.01716],[91.09371,26.01792],[91.09181,26.01754],[91.09182,26.01813],[91.09304,26.01918],[91.09295,26.01984],[91.09099,26.01937],[91.09004,26.02112],[91.0884,26.02018],[91.08833,26.02165],[91.08706,26.02309],[91.08715,26.02387],[91.08561,26.02437],[91.08738,26.02586],[91.09041,26.03134],[91.08824,26.03146],[91.0842,26.03063],[91.08219,26.03098],[91.08118,26.03391],[91.07929,26.03645],[91.07887,26.03894],[91.0756,26.03895],[91.07447,26.03851],[91.07338,26.03908],[91.07114,26.03766],[91.06963,26.03782],[91.06895,26.04168],[91.06595,26.04502],[91.06413,26.04634],[91.06182,26.04559],[91.06062,26.04362],[91.05698,26.0453],[91.0563,26.04622],[91.05503,26.04653],[91.05422,26.04581],[91.05367,26.04288],[91.04701,26.04059],[91.04539,26.04076],[91.0397,26.04502],[91.03761,26.04533],[91.03544,26.04628],[91.03618,26.04896],[91.03137,26.04681],[91.02885,26.04161],[91.02738,26.04125],[91.02351,26.04226],[91.01789,26.04807],[91.01402,26.0488],[91.01034,26.05452],[91.00424,26.05426],[91.0,26.05355],[90.99899,26.05373],[90.99704,26.0552],[90.99714,26.05658],[90.99236,26.05717],[90.98792,26.05899],[90.98658,26.05896],[90.98543,26.05969],[90.98048,26.05828],[90.97976,26.0606],[90.97744,26.06185],[90.97374,26.06541],[90.97211,26.06639],[90.97131,26.06756],[90.96645,26.07082],[90.96566,26.07225],[90.9635,26.073],[90.9605,26.07547],[90.95841,26.07573],[90.95879,26.07635],[90.95823,26.07717],[90.9586,26.07772],[90.95836,26.07951],[90.95997,26.08245],[90.95661,26.08208],[90.95504,26.08277],[90.95257,26.082],[90.95039,26.082],[90.9474,26.08619],[90.94759,26.0892],[90.93942,26.08748],[90.93588,26.09258],[90.9412,26.09356],[90.94509,26.09378],[90.95309,26.09589],[90.98274,26.11201],[90.99233,26.119],[90.99708,26.11997],[90.99936,26.11915],[91.00154,26.11921],[91.00754,26.11516],[91.00931,26.11559],[91.00964,26.11628],[91.00925,26.11732],[91.00757,26.11983],[91.00027,26.12526],[90.99564,26.12952],[91.00621,26.12814],[91.01542,26.12637],[91.01756,26.12501],[91.01964,26.12175],[91.02125,26.12015],[91.0252,26.11912],[91.02969,26.11918],[91.03166,26.12087],[91.03668,26.12363],[91.03718,26.1271],[91.03992,26.12783],[91.04099,26.12886],[91.04646,26.12993],[91.04978,26.13151],[91.05429,26.13837],[91.06307,26.14542],[91.06911,26.15436],[91.07805,26.16032],[91.0812,26.16174],[91.09008,26.16439],[91.09339,26.16494],[91.10062,26.16515],[91.10424,26.16355],[91.11002,26.15825],[91.11304,26.1578],[91.11531,26.15495],[91.11695,26.15468],[91.13273,26.15903],[91.13613,26.15954],[91.1452,26.15981],[91.16717,26.17094],[91.1736,26.17369],[91.17829,26.17502],[91.1838,26.17556],[91.18865,26.17534],[91.19183,26.17631],[91.20104,26.17758],[91.21264,26.18001],[91.22206,26.1794],[91.23268,26.17616],[91.24696,26.16933],[91.25,26.16642],[91.25565,26.16309],[91.27541,26.16139],[91.28377,26.15995],[91.29461,26.15724],[91.29642,26.15732],[91.30066,26.15963],[91.31017,26.1616],[91.32322,26.16042],[91.3287,26.16272],[91.33421,26.16785],[91.34311,26.16302],[91.34702,26.1644],[91.35233,26.16726],[91.35361,26.1673],[91.36687,26.16035],[91.3758,26.15326],[91.3835,26.14582],[91.38507,26.143],[91.38766,26.14066],[91.39062,26.13902],[91.39409,26.13757],[91.39684,26.13713],[91.40372,26.13813],[91.41014,26.13817],[91.41425,26.13612],[91.42044,26.17465],[91.42036,26.17584],[91.41748,26.18082],[91.41666,26.18851],[91.41505,26.19435],[91.41217,26.19781],[91.41106,26.20115],[91.4137,26.20472],[91.41761,26.2049],[91.4198,26.2059],[91.42067,26.22393],[91.42225,26.23237],[91.42054,26.2359],[91.42107,26.23648],[91.42715,26.238],[91.4315,26.23976],[91.43074,26.24088],[91.42546,26.24456],[91.42375,26.24511],[91.41432,26.24619],[91.41656,26.25094],[91.41356,26.25338],[91.4123,26.2638],[91.41265,26.26557],[91.4137,26.26679],[91.42288,26.26851],[91.42434,26.26797],[91.43186,26.26227],[91.43578,26.26023],[91.43652,26.26027],[91.44251,26.26339],[91.44438,26.26484],[91.44486,26.26598],[91.4446,26.2668],[91.44621,26.26743],[91.44474,26.2688],[91.44478,26.26928],[91.44582,26.2697],[91.45135,26.26962],[91.45009,26.27538],[91.44835,26.29083],[91.44966,26.29434],[91.45162,26.30943],[91.45685,26.31217],[91.45746,26.31319],[91.45707,26.31449],[91.45309,26.31429],[91.45134,26.31472],[91.45491,26.32037],[91.45648,26.32094],[91.45752,26.32071],[91.45985,26.3198],[91.46436,26.31701],[91.46808,26.31704],[91.48154,26.32076],[91.48203,26.32237],[91.48021,26.32669],[91.48093,26.32784],[91.48382,26.33027],[91.48602,26.3302],[91.48656,26.33097],[91.48818,26.33066],[91.4897,26.33128],[91.49016,26.32898],[91.49162,26.32797],[91.49715,26.33182],[91.49924,26.33198],[91.50224,26.33107],[91.50569,26.33431],[91.50787,26.33542],[91.51031,26.33483],[91.51085,26.33416],[91.51101,26.33212],[91.51306,26.33299],[91.51541,26.33228],[91.51662,26.33242],[91.51893,26.33362],[91.5202,26.33305],[91.52158,26.33479],[91.52162,26.33638],[91.52489,26.33669],[91.52391,26.3398],[91.52145,26.33999],[91.52046,26.34086],[91.52165,26.34261],[91.52426,26.34428],[91.52455,26.34519],[91.52346,26.34589],[91.52115,26.34608],[91.5213,26.34924],[91.52057,26.35046],[91.51956,26.35102],[91.51953,26.35479],[91.5202,26.35542],[91.52287,26.3546],[91.52404,26.35536],[91.52502,26.36133],[91.5245,26.36384],[91.52616,26.36625],[91.52473,26.36973],[91.52532,26.37158],[91.52952,26.37412],[91.53112,26.37408],[91.53281,26.37534],[91.53517,26.3755],[91.53641,26.37647],[91.53355,26.3803],[91.53134,26.38015],[91.52954,26.3829],[91.53,26.3899],[91.52852,26.3903],[91.52865,26.39273],[91.53214,26.39453],[91.5337,26.39738],[91.53593,26.39802],[91.53461,26.39849],[91.53485,26.39889],[91.53787,26.39941],[91.53971,26.40142],[91.54106,26.40172],[91.54192,26.40349],[91.54125,26.40491],[91.54261,26.40523],[91.54187,26.40607],[91.54242,26.40679],[91.54248,26.40821],[91.54328,26.40831],[91.54371,26.40929],[91.54529,26.40889],[91.54767,26.4095],[91.54846,26.41112],[91.54831,26.41286],[91.54989,26.414],[91.55,26.41494],[91.55191,26.4175],[91.55474,26.42069],[91.55832,26.42318],[91.5583,26.42545],[91.56002,26.42776],[91.56008,26.42907],[91.56226,26.42922],[91.56269,26.42963],[91.56301,26.42892],[91.56414,26.43025],[91.56428,26.4327],[91.56306,26.43278],[91.56441,26.43393],[91.5626,26.43395],[91.56218,26.43438],[91.56276,26.43717],[91.56233,26.43838],[91.56174,26.43768],[91.56113,26.43807],[91.56152,26.43893],[91.56105,26.4398],[91.56226,26.43989],[91.56088,26.44083],[91.56058,26.4439],[91.55719,26.44577],[91.55346,26.45045],[91.55286,26.4527],[91.55291,26.45497],[91.55196,26.45579],[91.54958,26.46954],[91.55044,26.47384],[91.55378,26.47964],[91.55598,26.48153],[91.55777,26.4818],[91.5588,26.48261],[91.55957,26.48169],[91.5614,26.48269],[91.56201,26.48366],[91.56154,26.48653],[91.55935,26.49084],[91.5602,26.49549],[91.55844,26.49765],[91.5588,26.50226],[91.55841,26.50437],[91.55743,26.50529],[91.55745,26.50691],[91.55669,26.50831],[91.55673,26.51242],[91.55738,26.51372],[91.55659,26.51407],[91.55659,26.515],[91.55574,26.51537],[91.55706,26.51729],[91.55687,26.51952],[91.55607,26.52108],[91.55619,26.52551],[91.57327,26.52632],[91.57501,26.52794],[91.5769,26.52886],[91.58049,26.52923],[91.58065,26.53898],[91.58664,26.53941],[91.58562,26.5368],[91.58482,26.53112],[91.58424,26.53014],[91.58975,26.52714],[91.58999,26.5211],[91.58921,26.51793]]]}},{"id":"28","type":"Feature","properties":{"state":"ASSAM","state_lgd":"18","district":"DIBRUGARH","district_lgd":"310"},"geometry":{"type":"Polygon","coordinates":[[[95.19917,27.6916],[95.1888,27.67741],[95.1888,27.67651],[95.19599,27.66897],[95.20248,27.66051],[95.20474,27.65827],[95.20776,27.6579],[95.23515,27.65751],[95.2443,27.65703],[95.24643,27.65648],[95.25049,27.66024],[95.25545,27.66384],[95.26252,27.67127],[95.26973,27.68142],[95.27231,27.68105],[95.27379,27.67949],[95.27652,27.67836],[95.27754,27.67655],[95.28055,27.67364],[95.28157,27.67166],[95.28958,27.66285],[95.30792,27.61546],[95.30873,27.60967],[95.3105,27.60725],[95.31315,27.60008],[95.31375,27.59919],[95.31579,27.59792],[95.3167,27.59643],[95.31695,27.59509],[95.31647,27.59224],[95.31838,27.58756],[95.31766,27.5866],[95.31609,27.58675],[95.31412,27.58526],[95.31212,27.58476],[95.31066,27.58381],[95.30817,27.58342],[95.3046,27.58205],[95.30204,27.58374],[95.30201,27.58462],[95.3002,27.58492],[95.29916,27.58323],[95.30027,27.57994],[95.29902,27.57935],[95.29627,27.57973],[95.29547,27.5768],[95.29406,27.57557],[95.29324,27.5756],[95.29129,27.577],[95.29003,27.57686],[95.28914,27.5742],[95.28687,27.57275],[95.28807,27.57101],[95.28777,27.56982],[95.28472,27.56772],[95.28249,27.56831],[95.28189,27.56874],[95.28169,27.56968],[95.27997,27.5694],[95.27698,27.57006],[95.27493,27.57405],[95.27394,27.5747],[95.2732,27.57444],[95.27403,27.57148],[95.2729,27.56942],[95.27313,27.56722],[95.27243,27.56592],[95.27391,27.56479],[95.27854,27.55857],[95.28152,27.55202],[95.2812,27.55062],[95.28257,27.54745],[95.28201,27.54677],[95.28105,27.54692],[95.27644,27.54999],[95.27485,27.55057],[95.26813,27.54706],[95.26529,27.54426],[95.26463,27.54106],[95.26608,27.53967],[95.26661,27.53797],[95.26474,27.53355],[95.26459,27.5321],[95.26581,27.53086],[95.27091,27.52856],[95.27213,27.52693],[95.26948,27.52436],[95.26562,27.52332],[95.26501,27.52249],[95.26484,27.52046],[95.26574,27.51729],[95.26659,27.50958],[95.26471,27.50836],[95.25407,27.50656],[95.25125,27.50543],[95.24452,27.50377],[95.23638,27.50079],[95.22901,27.49886],[95.22807,27.49378],[95.22702,27.48148],[95.22492,27.47028],[95.22284,27.46651],[95.21715,27.45945],[95.21978,27.45475],[95.21958,27.4457],[95.21992,27.44369],[95.22038,27.44262],[95.22282,27.44041],[95.22941,27.4373],[95.23979,27.43503],[95.24436,27.43448],[95.25081,27.43475],[95.25174,27.4343],[95.24741,27.42981],[95.24503,27.42584],[95.24383,27.4198],[95.24401,27.41423],[95.24817,27.40588],[95.24807,27.40468],[95.24967,27.40434],[95.25074,27.40555],[95.25219,27.40496],[95.25206,27.40367],[95.25354,27.40338],[95.25379,27.40384],[95.25301,27.40508],[95.25452,27.40624],[95.25314,27.40769],[95.25373,27.40788],[95.25595,27.40681],[95.25529,27.4077],[95.25677,27.4092],[95.25848,27.40896],[95.25696,27.4078],[95.257,27.40739],[95.25832,27.4069],[95.26061,27.40688],[95.26147,27.40575],[95.26272,27.4069],[95.26397,27.40591],[95.26612,27.4071],[95.26757,27.40681],[95.26631,27.40788],[95.26802,27.40832],[95.26732,27.4098],[95.26751,27.41034],[95.26905,27.40955],[95.26939,27.41043],[95.27034,27.4105],[95.27086,27.41181],[95.27301,27.41188],[95.27379,27.41122],[95.27553,27.41267],[95.27623,27.41225],[95.27584,27.41093],[95.27642,27.40914],[95.27727,27.40903],[95.27815,27.40966],[95.27815,27.4088],[95.27911,27.4097],[95.28213,27.4102],[95.28279,27.40929],[95.28351,27.40979],[95.28277,27.41083],[95.28354,27.41134],[95.28392,27.41134],[95.2841,27.41051],[95.28514,27.41157],[95.28605,27.41129],[95.28628,27.41066],[95.28787,27.41155],[95.28805,27.41051],[95.28861,27.41105],[95.28958,27.41093],[95.28987,27.41127],[95.28934,27.41279],[95.29045,27.4122],[95.29123,27.41345],[95.29318,27.41353],[95.29337,27.41439],[95.29215,27.41431],[95.29288,27.4153],[95.29552,27.41501],[95.29681,27.40759],[95.29629,27.40152],[95.29966,27.40016],[95.30078,27.39922],[95.3017,27.39916],[95.30289,27.39822],[95.30336,27.39704],[95.3052,27.39669],[95.30494,27.39309],[95.30639,27.39268],[95.30606,27.39174],[95.30679,27.39103],[95.30917,27.39026],[95.30904,27.38926],[95.31267,27.38938],[95.31366,27.38867],[95.31366,27.38927],[95.31518,27.38938],[95.31953,27.3875],[95.32039,27.3875],[95.32079,27.38803],[95.32171,27.38803],[95.3227,27.39021],[95.33659,27.39087],[95.34577,27.39376],[95.34808,27.39405],[95.34993,27.39004],[95.3534,27.38604],[95.3565,27.38415],[95.35914,27.38309],[95.36085,27.38297],[95.37326,27.38451],[95.37498,27.38716],[95.37538,27.38887],[95.37689,27.38981],[95.37834,27.38981],[95.37967,27.38905],[95.38079,27.38734],[95.38165,27.38716],[95.38396,27.38957],[95.38627,27.39099],[95.38937,27.39111],[95.39277,27.39052],[95.3999,27.38822],[95.40313,27.38798],[95.40657,27.38698],[95.41152,27.38716],[95.41798,27.38132],[95.42161,27.3799],[95.42491,27.37772],[95.42557,27.37595],[95.42824,27.37477],[95.43609,27.36569],[95.43781,27.36487],[95.44242,27.36398],[95.44691,27.36698],[95.44835,27.37174],[95.45071,27.3724],[95.4516,27.37347],[95.45218,27.37323],[95.4522,27.37398],[95.4537,27.37496],[95.45469,27.37481],[95.45522,27.37521],[95.45879,27.37269],[95.46536,27.36992],[95.47361,27.36738],[95.47381,27.36685],[95.46965,27.36556],[95.46701,27.36421],[95.46947,27.34807],[95.47131,27.34392],[95.46709,27.34192],[95.45673,27.34405],[95.45277,27.33922],[95.46124,27.32413],[95.46424,27.32331],[95.46511,27.32264],[95.46655,27.31771],[95.46805,27.3158],[95.46787,27.31417],[95.46581,27.31083],[95.46009,27.30489],[95.45516,27.30144],[95.45413,27.29999],[95.44542,27.29423],[95.44617,27.29271],[95.44705,27.29229],[95.45022,27.28846],[95.45428,27.288],[95.45592,27.28719],[95.45613,27.2866],[95.45475,27.28428],[95.45451,27.28114],[95.45568,27.27937],[95.45604,27.27702],[95.45877,27.27429],[95.46057,27.27044],[95.46001,27.2693],[95.45738,27.26832],[95.45362,27.2652],[95.45108,27.26458],[95.44995,27.26497],[95.44954,27.26589],[95.44889,27.26609],[95.44442,27.26227],[95.44261,27.26297],[95.44067,27.2606],[95.44086,27.25869],[95.43992,27.25576],[95.44163,27.25293],[95.44557,27.2494],[95.44706,27.24696],[95.44793,27.24416],[95.44758,27.2355],[95.44903,27.23309],[95.45102,27.2314],[95.45287,27.23115],[95.45362,27.23154],[95.45672,27.23971],[95.45629,27.24201],[95.45366,27.24532],[95.45347,27.24874],[95.45646,27.25264],[95.46013,27.25603],[95.4641,27.26153],[95.46708,27.26376],[95.46971,27.26373],[95.47128,27.2623],[95.47127,27.25952],[95.46967,27.25471],[95.47053,27.25323],[95.47405,27.25273],[95.47991,27.2535],[95.48106,27.25345],[95.48196,27.25284],[95.48276,27.25176],[95.48232,27.24414],[95.48283,27.24312],[95.48472,27.24144],[95.48374,27.24069],[95.48317,27.23944],[95.48293,27.23652],[95.47884,27.23406],[95.47861,27.23269],[95.47969,27.2315],[95.47966,27.23096],[95.47763,27.2288],[95.47745,27.22676],[95.47147,27.22272],[95.47253,27.21985],[95.47244,27.21893],[95.47138,27.21821],[95.46881,27.21872],[95.46754,27.21832],[95.46763,27.21388],[95.46437,27.21113],[95.46063,27.20972],[95.45813,27.20978],[95.45589,27.20358],[95.45625,27.20188],[95.45842,27.20018],[95.45914,27.19543],[95.46246,27.19437],[95.46243,27.19327],[95.46038,27.19218],[95.46017,27.19134],[95.46418,27.18644],[95.46421,27.18467],[95.46644,27.18259],[95.4666,27.18164],[95.46601,27.18027],[95.46001,27.17707],[95.45952,27.17569],[95.46142,27.17329],[95.46471,27.17221],[95.46551,27.16636],[95.46346,27.16463],[95.4634,27.16263],[95.46252,27.16171],[95.45839,27.15932],[95.4548,27.15883],[95.45332,27.15733],[95.45341,27.15666],[95.45479,27.15549],[95.45766,27.15498],[95.45965,27.15374],[95.46053,27.15139],[95.46222,27.14966],[95.46194,27.14877],[95.45998,27.14721],[95.45974,27.14605],[95.45748,27.14413],[95.45657,27.14055],[95.45817,27.13796],[95.45327,27.12943],[95.44941,27.12968],[95.44993,27.1331],[95.4493,27.13459],[95.44588,27.13535],[95.44441,27.13521],[95.44281,27.13389],[95.44242,27.13139],[95.44473,27.12879],[95.44217,27.12912],[95.4406,27.12874],[95.43976,27.12775],[95.43961,27.12592],[95.4372,27.1264],[95.43144,27.12638],[95.42671,27.12624],[95.42218,27.1253],[95.42065,27.12578],[95.41842,27.124],[95.41561,27.12265],[95.40364,27.11296],[95.40089,27.11006],[95.39854,27.10872],[95.39203,27.10804],[95.38811,27.1063],[95.38464,27.10554],[95.38295,27.10354],[95.38302,27.10231],[95.38199,27.10028],[95.38332,27.09896],[95.38302,27.0982],[95.37687,27.09452],[95.37467,27.09268],[95.37138,27.09341],[95.37039,27.09408],[95.37003,27.0953],[95.37151,27.09931],[95.3712,27.10079],[95.36892,27.1023],[95.36461,27.10196],[95.36376,27.10255],[95.36376,27.10312],[95.36865,27.10708],[95.37177,27.11192],[95.37195,27.11346],[95.36993,27.11505],[95.36541,27.11539],[95.36495,27.1158],[95.36481,27.11918],[95.36351,27.12159],[95.36342,27.12564],[95.36321,27.12635],[95.36143,27.1277],[95.36176,27.12846],[95.36441,27.13005],[95.36547,27.13124],[95.36716,27.13737],[95.36532,27.14525],[95.36043,27.15193],[95.35898,27.15469],[95.35931,27.16415],[95.35817,27.16684],[95.35137,27.17181],[95.34884,27.17164],[95.34728,27.1728],[95.34565,27.17541],[95.34435,27.18131],[95.34332,27.18272],[95.34233,27.18335],[95.33746,27.18424],[95.33292,27.18739],[95.32832,27.18738],[95.32519,27.18819],[95.32282,27.18728],[95.32193,27.18784],[95.31967,27.18819],[95.31877,27.18743],[95.31571,27.18656],[95.31395,27.18373],[95.31119,27.18687],[95.31047,27.18838],[95.30813,27.18999],[95.30617,27.19072],[95.30227,27.19067],[95.30197,27.19158],[95.30359,27.19456],[95.30311,27.19526],[95.29964,27.19488],[95.29728,27.19574],[95.29256,27.19517],[95.29005,27.1957],[95.28721,27.19735],[95.28396,27.19759],[95.28305,27.19751],[95.28256,27.19697],[95.28544,27.19465],[95.28628,27.19357],[95.28613,27.19316],[95.28523,27.19273],[95.28145,27.19438],[95.2806,27.19426],[95.27943,27.18956],[95.27865,27.1887],[95.27611,27.19007],[95.27345,27.18832],[95.27285,27.1884],[95.27044,27.1909],[95.2693,27.19287],[95.26796,27.19368],[95.26486,27.19076],[95.26504,27.18963],[95.26677,27.18777],[95.26641,27.18685],[95.26584,27.18664],[95.26502,27.18685],[95.26197,27.18939],[95.25979,27.19195],[95.25888,27.19209],[95.25843,27.19139],[95.25882,27.1899],[95.25859,27.1852],[95.25765,27.1842],[95.25668,27.18547],[95.25597,27.19141],[95.25506,27.19302],[95.25448,27.19324],[95.25,27.19121],[95.24491,27.1914],[95.24483,27.18988],[95.24417,27.18921],[95.23905,27.19002],[95.23693,27.18978],[95.23659,27.18922],[95.2369,27.18843],[95.24034,27.18598],[95.2416,27.18437],[95.2416,27.18328],[95.23768,27.17982],[95.23632,27.17989],[95.23405,27.18124],[95.23284,27.18093],[95.23216,27.17963],[95.23212,27.17829],[95.23288,27.17645],[95.23444,27.17479],[95.23881,27.1716],[95.2387,27.17053],[95.23763,27.16988],[95.2357,27.16972],[95.23189,27.17284],[95.22996,27.17349],[95.2277,27.17346],[95.22653,27.17242],[95.22515,27.16759],[95.21973,27.1652],[95.21693,27.16641],[95.21597,27.16761],[95.21605,27.16841],[95.21916,27.16937],[95.21895,27.17062],[95.21442,27.17182],[95.21192,27.17436],[95.21107,27.17435],[95.21025,27.17338],[95.20961,27.16955],[95.21039,27.16863],[95.21268,27.17031],[95.21382,27.17036],[95.21345,27.16741],[95.21276,27.16608],[95.20872,27.16251],[95.19983,27.16369],[95.19805,27.16346],[95.19758,27.16226],[95.19885,27.16002],[95.19878,27.15888],[95.19479,27.15525],[95.19023,27.15668],[95.18921,27.15745],[95.18961,27.15791],[95.19393,27.15904],[95.19404,27.16033],[95.19253,27.16051],[95.18917,27.15968],[95.18498,27.16294],[95.18348,27.16316],[95.18267,27.16213],[95.18192,27.15589],[95.18354,27.15363],[95.1857,27.15289],[95.18632,27.15219],[95.18522,27.15131],[95.18013,27.15099],[95.17859,27.14972],[95.17653,27.14482],[95.1795,27.14331],[95.1799,27.14212],[95.17622,27.14088],[95.17406,27.13851],[95.17289,27.13826],[95.17209,27.13946],[95.17212,27.1409],[95.17423,27.14458],[95.17417,27.14655],[95.17305,27.14682],[95.17033,27.14507],[95.16882,27.14303],[95.17009,27.13855],[95.16981,27.13729],[95.16462,27.13631],[95.16409,27.1356],[95.16398,27.13258],[95.16339,27.13216],[95.16268,27.13233],[95.16036,27.13482],[95.15966,27.1347],[95.16017,27.13285],[95.16404,27.12919],[95.16381,27.12856],[95.16203,27.12792],[95.16032,27.1278],[95.15815,27.12887],[95.15718,27.13039],[95.15613,27.13592],[95.15533,27.1366],[95.15423,27.1363],[95.15132,27.13367],[95.15053,27.13102],[95.1512,27.1286],[95.15417,27.12544],[95.15403,27.1247],[95.15314,27.12427],[95.15125,27.12531],[95.15003,27.12833],[95.14849,27.13052],[95.14832,27.13438],[95.14684,27.13633],[95.14496,27.13748],[95.14096,27.13696],[95.13591,27.13869],[95.13453,27.13865],[95.1333,27.13793],[95.13275,27.13677],[95.13266,27.1343],[95.13198,27.1338],[95.13112,27.13462],[95.13119,27.13869],[95.13047,27.13907],[95.12871,27.13849],[95.12628,27.13586],[95.12513,27.13102],[95.12384,27.13035],[95.1215,27.13021],[95.12012,27.13092],[95.11904,27.13215],[95.11775,27.13579],[95.11718,27.1363],[95.11618,27.13617],[95.11472,27.13415],[95.1143,27.13235],[95.11464,27.13035],[95.11604,27.12796],[95.11511,27.12726],[95.11318,27.12835],[95.11226,27.1306],[95.11215,27.13206],[95.11329,27.13577],[95.11266,27.13645],[95.10792,27.13586],[95.10078,27.1383],[95.09972,27.13315],[95.08698,27.13537],[95.08518,27.13465],[95.07308,27.13647],[95.06952,27.13654],[95.06509,27.13573],[95.06399,27.13772],[95.06133,27.13687],[95.06112,27.13712],[95.05454,27.14868],[95.04898,27.1554],[95.04118,27.15436],[95.03626,27.1532],[95.03238,27.14739],[95.01638,27.1499],[95.01309,27.14873],[94.99574,27.14616],[94.98898,27.14629],[94.97772,27.14803],[94.97728,27.14883],[94.98252,27.15475],[94.98342,27.15635],[94.98314,27.15835],[94.981,27.16066],[94.97883,27.16428],[94.97896,27.16486],[94.98022,27.1668],[94.98047,27.1683],[94.98108,27.16841],[94.98282,27.16756],[94.98446,27.16845],[94.98146,27.17731],[94.97926,27.17891],[94.97903,27.18241],[94.97577,27.18292],[94.97602,27.19347],[94.97366,27.20032],[94.974,27.20435],[94.97272,27.20764],[94.97222,27.21721],[94.97179,27.21917],[94.96799,27.22709],[94.95603,27.21935],[94.89139,27.16216],[94.87519,27.14405],[94.85466,27.11889],[94.83743,27.0987],[94.83696,27.09792],[94.8379,27.09417],[94.83681,27.09182],[94.83506,27.09154],[94.83489,27.09351],[94.83328,27.09362],[94.83294,27.09348],[94.8331,27.09157],[94.83232,27.09114],[94.83188,27.09125],[94.83219,27.09369],[94.83186,27.09407],[94.83146,27.09427],[94.82944,27.09332],[94.82873,27.09353],[94.8279,27.09494],[94.82582,27.09669],[94.82424,27.09917],[94.82329,27.09926],[94.8222,27.09794],[94.82004,27.09878],[94.81898,27.09768],[94.81788,27.0976],[94.81759,27.09887],[94.81938,27.09914],[94.81994,27.10017],[94.81897,27.10043],[94.81716,27.09919],[94.81641,27.09921],[94.81594,27.09944],[94.81589,27.10175],[94.81551,27.10166],[94.81547,27.0997],[94.81495,27.09889],[94.81321,27.09824],[94.81296,27.0996],[94.81239,27.09977],[94.81124,27.09776],[94.80822,27.09672],[94.80854,27.1021],[94.8091,27.1033],[94.81752,27.11448],[94.81317,27.11628],[94.80937,27.11632],[94.80755,27.11713],[94.79939,27.11682],[94.79939,27.11949],[94.79593,27.11949],[94.79402,27.11862],[94.79028,27.11959],[94.78804,27.11962],[94.78851,27.12128],[94.78834,27.12317],[94.78786,27.12459],[94.78731,27.12488],[94.78598,27.12519],[94.78412,27.12387],[94.76581,27.12959],[94.76055,27.13016],[94.76245,27.13382],[94.76152,27.13512],[94.75909,27.13697],[94.7554,27.13791],[94.75361,27.13899],[94.75464,27.13937],[94.75559,27.13834],[94.75626,27.13844],[94.75645,27.13935],[94.75604,27.13981],[94.75389,27.14032],[94.75332,27.14099],[94.75323,27.14387],[94.75408,27.14419],[94.75573,27.14394],[94.75795,27.14736],[94.75752,27.14819],[94.75508,27.14902],[94.75498,27.15123],[94.7558,27.15146],[94.75638,27.15025],[94.75731,27.14984],[94.75819,27.15217],[94.76023,27.15172],[94.76097,27.15648],[94.7634,27.15682],[94.76811,27.15949],[94.76713,27.16139],[94.76854,27.16239],[94.76751,27.16305],[94.76748,27.16363],[94.77243,27.16625],[94.77213,27.16853],[94.77619,27.17077],[94.77852,27.17107],[94.77845,27.17154],[94.77543,27.17303],[94.77477,27.175],[94.77324,27.17392],[94.77264,27.174],[94.77248,27.17534],[94.7738,27.17817],[94.77318,27.17931],[94.77378,27.18086],[94.77291,27.18148],[94.77037,27.18091],[94.76988,27.18158],[94.77148,27.18238],[94.77149,27.1831],[94.77076,27.1838],[94.76859,27.18427],[94.7684,27.18501],[94.76946,27.18576],[94.7717,27.18487],[94.77275,27.18672],[94.77375,27.1852],[94.77481,27.18477],[94.77491,27.18521],[94.77347,27.18714],[94.77438,27.18805],[94.77569,27.18782],[94.77749,27.18623],[94.77929,27.18981],[94.77918,27.1905],[94.77799,27.19199],[94.77497,27.19245],[94.77447,27.19333],[94.77667,27.19548],[94.77728,27.19534],[94.77651,27.19404],[94.77667,27.1933],[94.77783,27.19292],[94.7793,27.19343],[94.7795,27.19393],[94.77885,27.19531],[94.7798,27.19604],[94.78093,27.19938],[94.78036,27.19971],[94.77947,27.19786],[94.77896,27.19815],[94.7785,27.2],[94.77575,27.20009],[94.77642,27.20133],[94.77551,27.20631],[94.77563,27.21318],[94.77385,27.21331],[94.77337,27.21778],[94.76991,27.21795],[94.76788,27.21934],[94.76728,27.22059],[94.76726,27.22416],[94.77316,27.23202],[94.77425,27.23425],[94.77487,27.23751],[94.77465,27.23893],[94.77312,27.24085],[94.76466,27.24343],[94.76247,27.24519],[94.76002,27.24833],[94.75906,27.24885],[94.75803,27.24901],[94.75678,27.24856],[94.75302,27.24623],[94.75,27.24538],[94.74495,27.24542],[94.74348,27.24579],[94.74127,27.24724],[94.74038,27.24847],[94.74003,27.25185],[94.74178,27.25885],[94.74455,27.26292],[94.74859,27.26647],[94.74987,27.26832],[94.74707,27.27302],[94.73588,27.2755],[94.72724,27.27258],[94.72184,27.26835],[94.71786,27.26324],[94.71653,27.25959],[94.71792,27.25571],[94.72224,27.2492],[94.72272,27.24732],[94.72242,27.24603],[94.72153,27.24529],[94.71957,27.24519],[94.71237,27.24676],[94.70991,27.25003],[94.7072,27.25975],[94.70421,27.26662],[94.70137,27.27001],[94.69915,27.27116],[94.69506,27.27207],[94.6933,27.27189],[94.69234,27.2708],[94.69084,27.26371],[94.68879,27.25933],[94.68822,27.25619],[94.6853,27.25004],[94.68186,27.24526],[94.67877,27.24336],[94.67686,27.24271],[94.67015,27.2446],[94.65326,27.24704],[94.64199,27.24675],[94.63892,27.23757],[94.63681,27.23286],[94.63527,27.22986],[94.62987,27.22372],[94.62436,27.20985],[94.6218,27.20261],[94.62178,27.19719],[94.61736,27.1898],[94.61557,27.18564],[94.61481,27.17662],[94.60965,27.1706],[94.6071,27.16598],[94.60522,27.16069],[94.60309,27.15782],[94.60203,27.1554],[94.59304,27.14571],[94.57755,27.16721],[94.56794,27.1795],[94.57323,27.18588],[94.57522,27.18899],[94.57812,27.19569],[94.57945,27.20015],[94.57978,27.2041],[94.57763,27.21191],[94.57713,27.21557],[94.57946,27.22432],[94.57985,27.22818],[94.58648,27.24142],[94.5877,27.24759],[94.58754,27.25273],[94.58639,27.25594],[94.586,27.25981],[94.58658,27.26744],[94.58793,27.26964],[94.59379,27.27618],[94.60646,27.29465],[94.60775,27.3002],[94.61076,27.30392],[94.61373,27.30655],[94.61118,27.30788],[94.61065,27.30896],[94.61365,27.31632],[94.61359,27.31928],[94.60733,27.3231],[94.60584,27.325],[94.60649,27.32882],[94.60742,27.33007],[94.6214,27.33331],[94.63459,27.32021],[94.63816,27.32149],[94.63959,27.32766],[94.63718,27.33404],[94.63726,27.33605],[94.63849,27.33821],[94.64085,27.34011],[94.64208,27.34208],[94.64468,27.34361],[94.64997,27.34588],[94.65344,27.34616],[94.65997,27.34812],[94.6628,27.34967],[94.66639,27.35263],[94.66661,27.355],[94.6659,27.3579],[94.66532,27.36867],[94.66241,27.37032],[94.66221,27.37197],[94.66283,27.37464],[94.66458,27.37713],[94.66931,27.37927],[94.67512,27.38002],[94.67884,27.38097],[94.68445,27.38401],[94.69081,27.39348],[94.69075,27.39565],[94.68722,27.4039],[94.68644,27.407],[94.68638,27.41129],[94.68732,27.41389],[94.69319,27.42171],[94.69485,27.42301],[94.70357,27.42565],[94.70685,27.42628],[94.71661,27.42654],[94.71878,27.42746],[94.72293,27.43061],[94.72481,27.43371],[94.72579,27.43745],[94.72735,27.43979],[94.73166,27.44326],[94.7329,27.44318],[94.73785,27.43787],[94.74009,27.43634],[94.74346,27.43648],[94.74622,27.43766],[94.74727,27.43868],[94.74832,27.44282],[94.74887,27.45113],[94.74955,27.45362],[94.75087,27.45576],[94.75496,27.45977],[94.75737,27.46632],[94.75984,27.47045],[94.76471,27.47576],[94.76891,27.47782],[94.77005,27.48116],[94.77105,27.4825],[94.77395,27.48421],[94.77633,27.48461],[94.78993,27.48215],[94.79151,27.48215],[94.79316,27.48282],[94.79474,27.48671],[94.79676,27.48983],[94.80007,27.49295],[94.80786,27.49845],[94.8133,27.50456],[94.81884,27.50934],[94.81985,27.5112],[94.82079,27.5153],[94.82052,27.51578],[94.81901,27.516],[94.81593,27.51516],[94.81473,27.51544],[94.81492,27.51572],[94.83077,27.52655],[94.83184,27.52847],[94.83996,27.53726],[94.84543,27.54418],[94.85247,27.551],[94.86259,27.55908],[94.86574,27.56076],[94.8746,27.56786],[94.87712,27.57073],[94.8897,27.58143],[94.8943,27.58453],[94.90342,27.58503],[94.90638,27.58654],[94.90827,27.58845],[94.91262,27.59479],[94.91664,27.59825],[94.91835,27.6009],[94.92161,27.60352],[94.93345,27.60857],[94.94099,27.60833],[94.94465,27.6087],[94.94638,27.60932],[94.94736,27.61041],[94.94887,27.61375],[94.95312,27.62499],[94.95469,27.6275],[94.95866,27.63185],[94.96657,27.63737],[94.97642,27.6458],[94.98688,27.65389],[94.99643,27.65989],[95.01671,27.65654],[95.02965,27.66511],[95.03601,27.66862],[95.05014,27.66326],[95.05307,27.66274],[95.06638,27.66252],[95.07107,27.66394],[95.07606,27.66358],[95.0892,27.66007],[95.09297,27.66045],[95.10076,27.6647],[95.10414,27.66751],[95.10523,27.6687],[95.10874,27.679],[95.10958,27.68012],[95.11778,27.68587],[95.13317,27.6892],[95.13954,27.69136],[95.14866,27.69293],[95.15532,27.69536],[95.15716,27.69566],[95.16051,27.69491],[95.16286,27.69491],[95.17634,27.69961],[95.18313,27.70117],[95.18899,27.7014],[95.1913,27.70213],[95.19566,27.70489],[95.19633,27.70452],[95.20026,27.69541],[95.19917,27.6916]]]}},{"id":"29","type":"Feature","properties":{"state":"ASSAM","state_lgd":"18","district":"HOJAI","district_lgd":"720"},"geometry":{"type":"Polygon","coordinates":[[[92.88145,26.20798],[92.89001,26.20438],[92.89752,26.2043],[92.90744,26.20207],[92.91357,26.20325],[92.92173,26.20251],[92.92648,26.20265],[92.92932,26.20047],[92.93941,26.20257],[92.94387,26.19999],[92.94287,26.19786],[92.94481,26.19571],[92.94535,26.19419],[92.94632,26.19389],[92.94654,26.19268],[92.94748,26.19204],[92.94775,26.1911],[92.95198,26.19075],[92.95265,26.19024],[92.95326,26.18787],[92.95281,26.18487],[92.9549,26.17928],[92.95515,26.17573],[92.95602,26.17434],[92.95388,26.17184],[92.95414,26.16969],[92.95263,26.16848],[92.95251,26.16575],[92.95041,26.16549],[92.94953,26.16279],[92.94815,26.16372],[92.94696,26.16285],[92.94705,26.16221],[92.94846,26.1615],[92.9486,26.16092],[92.94654,26.15848],[92.94616,26.15718],[92.94434,26.15631],[92.94375,26.15524],[92.94299,26.15642],[92.9421,26.15496],[92.94232,26.15366],[92.9396,26.15203],[92.93734,26.15195],[92.93605,26.15035],[92.93475,26.15043],[92.93219,26.1515],[92.93124,26.15129],[92.93092,26.14931],[92.93537,26.1487],[92.9349,26.14809],[92.93349,26.14775],[92.9314,26.14797],[92.93127,26.14717],[92.93257,26.14602],[92.93241,26.14521],[92.93001,26.14609],[92.92897,26.14512],[92.9307,26.14414],[92.93142,26.14318],[92.9329,26.13997],[92.93127,26.14004],[92.93121,26.1393],[92.93198,26.13851],[92.9339,26.13869],[92.93366,26.13715],[92.93403,26.13663],[92.935,26.13665],[92.93873,26.13887],[92.93928,26.13744],[92.9428,26.13714],[92.94496,26.13803],[92.94601,26.13767],[92.94598,26.13908],[92.94646,26.13962],[92.94901,26.13907],[92.95123,26.13958],[92.95251,26.13868],[92.95393,26.14063],[92.9546,26.14076],[92.95589,26.13939],[92.9575,26.13893],[92.95773,26.13764],[92.95938,26.13764],[92.96082,26.13336],[92.96315,26.13408],[92.96414,26.13248],[92.96354,26.13129],[92.96524,26.13068],[92.96648,26.12913],[92.96904,26.12971],[92.97191,26.12834],[92.97244,26.12875],[92.97288,26.13049],[92.97363,26.13076],[92.97567,26.12913],[92.97686,26.12955],[92.97761,26.12928],[92.9786,26.12723],[92.98236,26.12649],[92.9872,26.12479],[92.99159,26.12406],[92.99548,26.12193],[92.99678,26.12246],[92.99787,26.12234],[92.99876,26.12149],[92.99925,26.11996],[93.00234,26.11753],[93.00583,26.11731],[93.00647,26.11692],[93.00708,26.1149],[93.00891,26.1145],[93.01264,26.11264],[93.01324,26.11271],[93.015,26.11457],[93.01609,26.11268],[93.01775,26.11317],[93.01894,26.11258],[93.0218,26.11306],[93.02213,26.11263],[93.02164,26.11042],[93.02549,26.1073],[93.02906,26.10697],[93.03056,26.10764],[93.0331,26.10582],[93.03469,26.10837],[93.03589,26.10859],[93.03656,26.10786],[93.03684,26.10568],[93.03506,26.10207],[93.03734,26.10067],[93.03673,26.09839],[93.03846,26.09646],[93.03817,26.09307],[93.03722,26.09139],[93.03853,26.09027],[93.03995,26.08748],[93.04054,26.08698],[93.0453,26.08617],[93.04629,26.08784],[93.04714,26.08814],[93.04969,26.08724],[93.05005,26.08495],[93.05082,26.08456],[93.05202,26.08577],[93.05432,26.08614],[93.0551,26.08792],[93.05587,26.08826],[93.05659,26.08726],[93.05635,26.0852],[93.05699,26.085],[93.05866,26.08598],[93.05929,26.08525],[93.05903,26.08064],[93.05949,26.07972],[93.06156,26.08256],[93.06394,26.08227],[93.06535,26.08257],[93.06611,26.08187],[93.06626,26.07962],[93.06786,26.07815],[93.06858,26.07803],[93.06889,26.07861],[93.0675,26.08037],[93.06803,26.08258],[93.06897,26.08273],[93.07121,26.08103],[93.07214,26.08083],[93.07167,26.08484],[93.07244,26.08537],[93.07319,26.08334],[93.07375,26.0836],[93.07427,26.08517],[93.07529,26.08489],[93.07683,26.08205],[93.07585,26.08103],[93.07593,26.08045],[93.08156,26.07838],[93.08216,26.07838],[93.08238,26.07903],[93.081,26.0811],[93.08442,26.08309],[93.08502,26.08305],[93.08439,26.08031],[93.08506,26.07843],[93.08448,26.07649],[93.08482,26.07572],[93.08537,26.07568],[93.08632,26.07674],[93.08914,26.0784],[93.08982,26.07858],[93.0905,26.07819],[93.09074,26.07613],[93.08852,26.0753],[93.08838,26.07443],[93.09259,26.07485],[93.0944,26.07709],[93.09589,26.07704],[93.09754,26.0755],[93.10007,26.07696],[93.10104,26.07677],[93.10208,26.07462],[93.10407,26.07345],[93.10473,26.07585],[93.10573,26.07733],[93.10719,26.07843],[93.10842,26.07823],[93.0934,26.03313],[93.09473,26.03408],[93.09643,26.03321],[93.10003,26.03518],[93.1013,26.03468],[93.10398,26.03563],[93.10475,26.03491],[93.10549,26.03527],[93.10637,26.03491],[93.10853,26.03676],[93.11002,26.03698],[93.11304,26.0346],[93.1151,26.03422],[93.11719,26.03452],[93.12318,26.0319],[93.12515,26.03196],[93.1272,26.03111],[93.12533,26.02614],[93.12749,26.02472],[93.12742,26.02398],[93.12662,26.02323],[93.12655,26.0219],[93.12761,26.02203],[93.12872,26.02143],[93.13109,26.02176],[93.1327,26.02149],[93.13488,26.01986],[93.1365,26.01954],[93.13776,26.01856],[93.14048,26.0147],[93.14008,26.0129],[93.14076,26.01181],[93.14094,26.00979],[93.14181,26.00855],[93.14442,26.00714],[93.14504,26.00416],[93.14821,26.00223],[93.14838,26.00005],[93.14934,25.99884],[93.14981,25.99711],[93.15188,25.99637],[93.15327,25.99504],[93.15441,25.995],[93.15699,25.99595],[93.15825,25.99538],[93.15757,25.99215],[93.15547,25.98911],[93.15405,25.98555],[93.15635,25.98244],[93.15722,25.97974],[93.15699,25.97846],[93.15862,25.97742],[93.15766,25.97491],[93.15915,25.97235],[93.15933,25.97102],[93.15727,25.96752],[93.15934,25.96457],[93.1586,25.96167],[93.16032,25.96002],[93.16056,25.95846],[93.16138,25.95757],[93.16381,25.95758],[93.16546,25.95648],[93.16752,25.95646],[93.17273,25.95343],[93.17353,25.95252],[93.17186,25.9471],[93.17298,25.94461],[93.17402,25.94415],[93.17526,25.94425],[93.1765,25.94305],[93.17509,25.94048],[93.17555,25.93896],[93.17651,25.93834],[93.17674,25.93652],[93.17797,25.93412],[93.17788,25.93364],[93.1767,25.93315],[93.1767,25.93267],[93.17759,25.93238],[93.1782,25.93131],[93.17811,25.9303],[93.17899,25.92998],[93.17882,25.92925],[93.17942,25.92873],[93.17876,25.9268],[93.17951,25.924],[93.17935,25.92143],[93.1802,25.92037],[93.18207,25.92003],[93.18245,25.91701],[93.18343,25.91421],[93.18311,25.90847],[93.18355,25.90666],[93.18268,25.90491],[93.18303,25.90336],[93.18807,25.89969],[93.18918,25.89965],[93.19133,25.89857],[93.1945,25.89904],[93.1969,25.89806],[93.19866,25.89413],[93.20699,25.88056],[93.22075,25.86243],[93.22149,25.86227],[93.22203,25.85994],[93.22721,25.85567],[93.23069,25.85358],[93.2317,25.85229],[93.23541,25.85124],[93.23923,25.85111],[93.24086,25.84639],[93.23795,25.84369],[93.23795,25.8411],[93.23942,25.83992],[93.23981,25.83863],[93.24118,25.83749],[93.24133,25.83404],[93.2438,25.83102],[93.24503,25.82192],[93.24478,25.81893],[93.2438,25.81558],[93.23995,25.80944],[93.2405,25.8073],[93.24677,25.80947],[93.24592,25.79969],[93.24611,25.79901],[93.2476,25.79826],[93.24786,25.79767],[93.24642,25.79569],[93.24515,25.7952],[93.24606,25.7941],[93.24562,25.7926],[93.24729,25.7909],[93.24682,25.78887],[93.24781,25.78796],[93.24695,25.78289],[93.24383,25.77648],[93.24282,25.77531],[93.23962,25.77347],[93.23624,25.76888],[93.23396,25.76752],[93.23293,25.76612],[93.23131,25.76543],[93.22978,25.7654],[93.22871,25.76596],[93.22712,25.76552],[93.22855,25.76347],[93.22745,25.76201],[93.23,25.76038],[93.23106,25.75881],[93.22653,25.72746],[93.18242,25.72896],[93.17051,25.71837],[93.15853,25.72373],[93.15314,25.72053],[93.14838,25.72071],[93.14265,25.71857],[93.14214,25.71958],[93.14346,25.72172],[93.1437,25.72392],[93.14427,25.72506],[93.14662,25.72716],[93.1468,25.72917],[93.14859,25.73193],[93.14855,25.73406],[93.1449,25.73679],[93.14647,25.73801],[93.14582,25.7389],[93.14503,25.73872],[93.14281,25.73664],[93.14177,25.73677],[93.14134,25.74139],[93.13826,25.74319],[93.13782,25.74468],[93.13409,25.74585],[93.13152,25.74725],[93.12578,25.74874],[93.12879,25.75539],[93.12752,25.7578],[93.12953,25.76004],[93.12953,25.76097],[93.12643,25.76107],[93.12587,25.76152],[93.12558,25.76284],[93.12503,25.76306],[93.12133,25.76081],[93.1185,25.76072],[93.11462,25.76677],[93.11353,25.76696],[93.11039,25.76552],[93.10987,25.76609],[93.1092,25.7695],[93.10484,25.76982],[93.10589,25.77258],[93.10496,25.77377],[93.10222,25.77402],[93.09969,25.77349],[93.09881,25.77388],[93.0991,25.77649],[93.09845,25.77715],[93.09599,25.77616],[93.09629,25.77239],[93.09503,25.76983],[93.09044,25.7695],[93.09028,25.77032],[93.09157,25.77078],[93.09189,25.77139],[93.09112,25.77195],[93.08934,25.77165],[93.08665,25.76951],[93.08569,25.77114],[93.0841,25.76901],[93.08307,25.76862],[93.08137,25.7707],[93.08047,25.7711],[93.08009,25.77083],[93.08082,25.76931],[93.08057,25.76861],[93.07696,25.76769],[93.07526,25.76623],[93.07469,25.76645],[93.07472,25.76871],[93.0736,25.76941],[93.07289,25.7692],[93.0723,25.76712],[93.06811,25.76745],[93.06794,25.77069],[93.06753,25.77123],[93.06602,25.7712],[93.06659,25.77288],[93.06449,25.77463],[93.06477,25.77509],[93.06613,25.77517],[93.06614,25.7758],[93.06449,25.77603],[93.06367,25.77677],[93.06459,25.77731],[93.0675,25.77649],[93.07029,25.77874],[93.07359,25.77899],[93.07539,25.78291],[93.06697,25.78512],[93.05266,25.78968],[93.05095,25.79061],[93.03218,25.81003],[93.02893,25.81221],[93.02527,25.81686],[93.01316,25.83971],[92.99841,25.85017],[92.982,25.87555],[92.90705,25.86676],[92.88981,25.8653],[92.88769,25.86602],[92.887,25.86846],[92.88593,25.86895],[92.88359,25.86885],[92.87866,25.86709],[92.8707,25.86778],[92.8676,25.86853],[92.86585,25.86971],[92.86489,25.872],[92.86583,25.87695],[92.86555,25.87823],[92.8596,25.88237],[92.85798,25.88424],[92.85517,25.89101],[92.84883,25.89971],[92.84693,25.90663],[92.84714,25.90899],[92.84841,25.91135],[92.85167,25.91537],[92.8556,25.91873],[92.85622,25.91979],[92.85629,25.92186],[92.85489,25.92466],[92.85243,25.92576],[92.85044,25.92524],[92.8455,25.92064],[92.84255,25.9189],[92.8388,25.9178],[92.83493,25.91404],[92.83359,25.91358],[92.82998,25.91495],[92.82593,25.91971],[92.82173,25.92316],[92.81699,25.92434],[92.81401,25.92449],[92.8123,25.92395],[92.80937,25.92226],[92.80435,25.91784],[92.80198,25.91768],[92.80049,25.91864],[92.7987,25.92165],[92.79768,25.92977],[92.79496,25.93269],[92.79103,25.93556],[92.78983,25.93862],[92.79027,25.93951],[92.79467,25.94282],[92.79571,25.94469],[92.79556,25.94799],[92.79313,25.95318],[92.79317,25.95523],[92.79414,25.957],[92.79662,25.95831],[92.79925,25.95788],[92.80551,25.95335],[92.80637,25.95332],[92.80735,25.95436],[92.80738,25.95515],[92.80715,25.95648],[92.80604,25.95823],[92.79804,25.96423],[92.79474,25.96473],[92.79327,25.96417],[92.78992,25.9601],[92.78325,25.95571],[92.78076,25.95175],[92.77844,25.94908],[92.77655,25.94814],[92.77547,25.94819],[92.77355,25.94929],[92.76604,25.95674],[92.76272,25.96071],[92.76161,25.96386],[92.76183,25.96705],[92.76356,25.96965],[92.76835,25.97268],[92.76959,25.97515],[92.76938,25.97657],[92.76764,25.97911],[92.76245,25.98188],[92.76212,25.98414],[92.76318,25.98527],[92.77028,25.9883],[92.77048,25.98978],[92.76819,25.99176],[92.76613,25.99203],[92.76522,25.99174],[92.76229,25.9881],[92.76094,25.98726],[92.75919,25.98832],[92.75909,25.99108],[92.76048,25.99289],[92.76495,25.99545],[92.76756,25.99565],[92.77762,25.99378],[92.77869,25.99421],[92.77913,25.99594],[92.77844,25.99836],[92.77763,25.99939],[92.77532,26.00037],[92.77285,26.00031],[92.76741,25.99842],[92.75992,25.99909],[92.75836,25.99966],[92.75705,26.00096],[92.75709,26.00271],[92.75953,26.00557],[92.76264,26.00699],[92.76981,26.00675],[92.77748,26.0053],[92.77972,26.00545],[92.78232,26.00708],[92.78255,26.01018],[92.78169,26.01207],[92.77961,26.01428],[92.77654,26.01637],[92.77258,26.01764],[92.76865,26.01766],[92.7661,26.01691],[92.76096,26.01363],[92.75995,26.01364],[92.75869,26.01463],[92.75753,26.01831],[92.75797,26.02132],[92.75988,26.02335],[92.76502,26.02722],[92.76502,26.02922],[92.76427,26.03014],[92.76006,26.03278],[92.75562,26.03786],[92.75176,26.03891],[92.74858,26.03876],[92.74666,26.03796],[92.74559,26.03932],[92.74587,26.04095],[92.74831,26.04438],[92.75424,26.0499],[92.755,26.05308],[92.75444,26.05521],[92.75314,26.05693],[92.74763,26.05869],[92.74673,26.05992],[92.74796,26.06112],[92.74789,26.06163],[92.74679,26.06184],[92.72982,26.0599],[92.72919,26.06194],[92.72983,26.06566],[92.73266,26.07439],[92.73201,26.07696],[92.72945,26.08132],[92.73047,26.08324],[92.73317,26.08581],[92.73394,26.08902],[92.73175,26.09282],[92.72725,26.09258],[92.72199,26.09361],[92.71929,26.09669],[92.72173,26.10233],[92.72211,26.1067],[92.72057,26.10952],[92.71467,26.11594],[92.70838,26.12146],[92.70376,26.12723],[92.70235,26.13493],[92.7044,26.1384],[92.70723,26.13866],[92.72121,26.12788],[92.72571,26.12531],[92.73161,26.12634],[92.73738,26.13802],[92.74072,26.14276],[92.74573,26.14495],[92.7533,26.14572],[92.75766,26.14777],[92.75984,26.15175],[92.75971,26.15688],[92.75522,26.16689],[92.75368,26.17357],[92.75394,26.17639],[92.75548,26.18037],[92.76921,26.18422],[92.77383,26.19552],[92.77871,26.19744],[92.78743,26.19988],[92.79422,26.20078],[92.79467,26.20438],[92.80196,26.20183],[92.80326,26.20342],[92.8075,26.20406],[92.80854,26.20458],[92.81298,26.20487],[92.8144,26.20443],[92.81528,26.20525],[92.8175,26.20521],[92.81864,26.20582],[92.82293,26.20563],[92.82458,26.20464],[92.82722,26.20407],[92.82981,26.20519],[92.83435,26.20439],[92.84332,26.20493],[92.84452,26.20461],[92.84797,26.20163],[92.84982,26.20131],[92.85921,26.20167],[92.86883,26.20513],[92.8724,26.20547],[92.8733,26.20622],[92.88081,26.20625],[92.88145,26.20798]]]}},{"id":"30","type":"Feature","properties":{"state":"ASSAM","state_lgd":"18","district":"TAMULPUR","district_lgd":"766"},"geometry":{"type":"Polygon","coordinates":[[[91.44109,26.81483],[91.46395,26.80235],[91.49511,26.79121],[91.54455,26.7989],[91.59242,26.80519],[91.62552,26.82087],[91.6898,26.80645],[91.70454,26.81293],[91.70684,26.80391],[91.71308,26.78565],[91.71251,26.7741],[91.71358,26.77114],[91.71476,26.76415],[91.71691,26.75586],[91.72102,26.75052],[91.7222,26.74976],[91.72254,26.74909],[91.72229,26.74723],[91.72315,26.74482],[91.72525,26.74261],[91.72562,26.74128],[91.72734,26.7398],[91.72851,26.73755],[91.73108,26.73544],[91.73151,26.73451],[91.73087,26.73174],[91.73161,26.73121],[91.73318,26.73126],[91.73353,26.72959],[91.73504,26.72725],[91.73514,26.7251],[91.73387,26.72211],[91.73403,26.71667],[91.73308,26.71489],[91.73508,26.71355],[91.73597,26.71136],[91.73903,26.70685],[91.73887,26.70508],[91.74246,26.70076],[91.74085,26.69806],[91.73781,26.69593],[91.73772,26.69331],[91.73892,26.69181],[91.74409,26.68983],[91.74546,26.688],[91.74532,26.68649],[91.74361,26.6824],[91.74264,26.67578],[91.7421,26.67541],[91.74054,26.67612],[91.7407,26.67542],[91.74259,26.67396],[91.74207,26.67352],[91.74085,26.67403],[91.74038,26.67348],[91.74265,26.67284],[91.7432,26.67216],[91.74148,26.66985],[91.73753,26.67029],[91.7371,26.67103],[91.73572,26.67028],[91.73412,26.66383],[91.73445,26.66292],[91.73316,26.66203],[91.73356,26.66132],[91.73323,26.66052],[91.7353,26.66003],[91.73335,26.65819],[91.73292,26.6561],[91.73426,26.65548],[91.73916,26.65457],[91.74012,26.65395],[91.74037,26.65266],[91.74164,26.65166],[91.74018,26.65038],[91.74172,26.64992],[91.74169,26.64943],[91.73918,26.6492],[91.73964,26.64814],[91.7419,26.64817],[91.74689,26.6496],[91.7488,26.64663],[91.74884,26.6457],[91.74834,26.64521],[91.74608,26.64434],[91.74426,26.64433],[91.74119,26.64183],[91.74063,26.64058],[91.73884,26.64049],[91.73893,26.6381],[91.74043,26.63773],[91.74208,26.63659],[91.74409,26.6368],[91.74659,26.63835],[91.74645,26.63965],[91.74689,26.64015],[91.74755,26.63821],[91.74975,26.63734],[91.75025,26.63624],[91.74914,26.63385],[91.74764,26.63211],[91.74519,26.63203],[91.74326,26.63123],[91.74121,26.63128],[91.73971,26.63282],[91.73868,26.63223],[91.73585,26.63251],[91.73408,26.63182],[91.73307,26.63025],[91.73438,26.62893],[91.73613,26.62855],[91.737,26.62763],[91.73904,26.62727],[91.74482,26.6288],[91.74636,26.62692],[91.74596,26.62593],[91.7436,26.62461],[91.74314,26.61985],[91.73946,26.61759],[91.74035,26.61653],[91.73997,26.61569],[91.74031,26.61358],[91.74184,26.6128],[91.74396,26.61317],[91.74431,26.61234],[91.74177,26.60796],[91.73964,26.6077],[91.73751,26.60647],[91.73709,26.60557],[91.73737,26.60418],[91.73796,26.60285],[91.73917,26.60196],[91.74138,26.60149],[91.74725,26.60472],[91.74734,26.60542],[91.74928,26.60681],[91.75005,26.60581],[91.75078,26.60576],[91.75156,26.60499],[91.75089,26.60261],[91.75095,26.60078],[91.74986,26.59971],[91.74772,26.59878],[91.74761,26.5982],[91.74701,26.59831],[91.74511,26.59629],[91.74504,26.59466],[91.7444,26.59464],[91.74375,26.59311],[91.74449,26.59241],[91.74432,26.59176],[91.74532,26.58987],[91.74993,26.58759],[91.75037,26.58695],[91.75106,26.58761],[91.75267,26.58726],[91.75357,26.58789],[91.75627,26.59184],[91.75716,26.59216],[91.75643,26.59258],[91.75674,26.59338],[91.75996,26.5951],[91.76106,26.59491],[91.76255,26.59368],[91.76245,26.59111],[91.76134,26.58932],[91.76106,26.58736],[91.75994,26.58642],[91.76003,26.58554],[91.75776,26.58526],[91.75781,26.5843],[91.75709,26.58465],[91.75554,26.58408],[91.75382,26.58458],[91.7522,26.58406],[91.74975,26.58287],[91.74977,26.582],[91.74895,26.58148],[91.7491,26.58056],[91.74982,26.57926],[91.75132,26.57853],[91.75193,26.57764],[91.75498,26.57695],[91.75684,26.57724],[91.75742,26.57775],[91.75955,26.57766],[91.76247,26.57452],[91.76421,26.57379],[91.76477,26.57295],[91.76648,26.5734],[91.76603,26.57132],[91.76448,26.56924],[91.76383,26.56675],[91.76405,26.56577],[91.76718,26.56199],[91.76883,26.56158],[91.77143,26.55923],[91.7727,26.55901],[91.77319,26.55759],[91.77201,26.55379],[91.77253,26.55216],[91.77353,26.55105],[91.77527,26.5502],[91.7792,26.55031],[91.78012,26.54955],[91.78033,26.5478],[91.77815,26.54582],[91.77833,26.5435],[91.78069,26.54074],[91.78108,26.53839],[91.78214,26.53876],[91.78228,26.53765],[91.78299,26.53772],[91.78338,26.53667],[91.78533,26.53565],[91.78415,26.53382],[91.78253,26.5346],[91.78044,26.53455],[91.78041,26.53374],[91.77949,26.53363],[91.77698,26.52989],[91.77635,26.52981],[91.7755,26.52875],[91.77688,26.52652],[91.77818,26.52687],[91.77917,26.52852],[91.78379,26.52977],[91.78435,26.52934],[91.7842,26.52748],[91.78331,26.52529],[91.78207,26.52449],[91.77989,26.52411],[91.77758,26.52495],[91.77624,26.52422],[91.77575,26.52282],[91.77683,26.52139],[91.78212,26.52065],[91.78525,26.51898],[91.78462,26.51734],[91.78364,26.51665],[91.7799,26.51563],[91.77855,26.51478],[91.77775,26.51284],[91.77947,26.51313],[91.77958,26.51208],[91.78038,26.5122],[91.78124,26.51016],[91.78214,26.51003],[91.78355,26.50636],[91.78303,26.50417],[91.78389,26.50177],[91.78725,26.49804],[91.78613,26.49748],[91.7834,26.49825],[91.78189,26.49822],[91.78099,26.49754],[91.78069,26.4964],[91.78212,26.49489],[91.78381,26.49438],[91.78458,26.49345],[91.78729,26.49231],[91.7941,26.49244],[91.79909,26.49177],[91.80162,26.48987],[91.80152,26.48582],[91.79978,26.48449],[91.7998,26.47711],[91.79911,26.47726],[91.79654,26.47532],[91.78921,26.47576],[91.78785,26.47539],[91.77916,26.4797],[91.77925,26.48098],[91.77986,26.48182],[91.7629,26.48007],[91.75821,26.48239],[91.7522,26.48162],[91.75151,26.48535],[91.75263,26.48584],[91.75279,26.48664],[91.75119,26.48741],[91.75322,26.49215],[91.75302,26.49533],[91.74787,26.49662],[91.74038,26.49606],[91.73442,26.49643],[91.73375,26.49749],[91.73626,26.49965],[91.73766,26.50183],[91.72487,26.50306],[91.72628,26.49596],[91.72026,26.49351],[91.71869,26.49183],[91.71939,26.49038],[91.71932,26.48827],[91.71672,26.48412],[91.71636,26.48231],[91.71695,26.4805],[91.71832,26.4788],[91.71914,26.47873],[91.72009,26.47699],[91.71035,26.47701],[91.71036,26.47928],[91.70979,26.47895],[91.70985,26.47334],[91.7022,26.47078],[91.68902,26.46379],[91.68563,26.45503],[91.67666,26.44846],[91.6558,26.44957],[91.65385,26.44931],[91.63573,26.44985],[91.63272,26.4491],[91.63002,26.44632],[91.62839,26.44702],[91.62504,26.44724],[91.62438,26.44764],[91.62417,26.44814],[91.62471,26.44898],[91.62558,26.4495],[91.62729,26.44995],[91.63103,26.44997],[91.63208,26.4511],[91.63166,26.45243],[91.62905,26.45518],[91.62904,26.45671],[91.63002,26.45988],[91.62901,26.46096],[91.62831,26.46087],[91.6266,26.45622],[91.62493,26.456],[91.62428,26.45681],[91.62407,26.45928],[91.62455,26.46029],[91.62872,26.46367],[91.62922,26.46488],[91.62766,26.46582],[91.62427,26.46474],[91.62255,26.46573],[91.62216,26.46825],[91.62122,26.46947],[91.61996,26.46903],[91.61884,26.46757],[91.61796,26.46877],[91.62103,26.47453],[91.62244,26.47422],[91.62454,26.47086],[91.62578,26.47047],[91.62655,26.47089],[91.62579,26.47447],[91.62828,26.47935],[91.62819,26.48087],[91.6271,26.48119],[91.62549,26.48012],[91.62419,26.47637],[91.62318,26.47573],[91.62179,26.47604],[91.62119,26.47665],[91.62038,26.47967],[91.62285,26.48444],[91.62629,26.48356],[91.62929,26.48618],[91.62934,26.48713],[91.62884,26.48743],[91.62543,26.48677],[91.62392,26.48715],[91.62304,26.48937],[91.62416,26.49012],[91.62683,26.49019],[91.62756,26.49061],[91.62879,26.49431],[91.62756,26.49429],[91.62494,26.49291],[91.62153,26.48909],[91.62029,26.4888],[91.61766,26.48959],[91.61736,26.48875],[91.61793,26.48637],[91.61734,26.48603],[91.61567,26.48799],[91.61585,26.48946],[91.61936,26.49296],[91.61974,26.49424],[91.6178,26.49533],[91.61386,26.49438],[91.61315,26.49452],[91.61292,26.49525],[91.61483,26.49736],[91.61658,26.50073],[91.61493,26.50343],[91.62116,26.5048],[91.61919,26.50629],[91.61984,26.50899],[91.61911,26.51018],[91.62055,26.51198],[91.62066,26.51313],[91.60475,26.5128],[91.60103,26.51314],[91.59985,26.51349],[91.60015,26.51707],[91.59064,26.51487],[91.58921,26.51793],[91.58999,26.5211],[91.58975,26.52714],[91.58424,26.53014],[91.58482,26.53112],[91.58562,26.5368],[91.58664,26.53941],[91.58109,26.53901],[91.58018,26.55018],[91.57976,26.55136],[91.57753,26.55159],[91.57829,26.55272],[91.57815,26.5533],[91.57511,26.55576],[91.58337,26.5555],[91.58583,26.55628],[91.58547,26.56181],[91.58479,26.56337],[91.58427,26.56376],[91.58119,26.56275],[91.58039,26.56343],[91.5843,26.56891],[91.58294,26.56967],[91.58185,26.56952],[91.57842,26.57269],[91.56971,26.56942],[91.55043,26.56347],[91.54322,26.56159],[91.53003,26.55916],[91.52958,26.56347],[91.52905,26.56393],[91.52715,26.56379],[91.52565,26.563],[91.5237,26.56309],[91.52225,26.56574],[91.51925,26.56579],[91.51668,26.56816],[91.51367,26.56629],[91.5006,26.57255],[91.50022,26.57405],[91.50184,26.57573],[91.50393,26.57634],[91.50466,26.57753],[91.5026,26.57865],[91.50214,26.57948],[91.50176,26.58338],[91.49875,26.58706],[91.49878,26.58862],[91.50011,26.58973],[91.50196,26.59022],[91.50298,26.58997],[91.50468,26.58832],[91.50521,26.58568],[91.50571,26.58572],[91.50585,26.58643],[91.50415,26.59053],[91.50415,26.59347],[91.50341,26.5938],[91.50043,26.59357],[91.49942,26.59434],[91.49894,26.59548],[91.49938,26.59734],[91.50237,26.59969],[91.50278,26.60083],[91.50224,26.60164],[91.49889,26.60212],[91.49723,26.60287],[91.49315,26.60632],[91.49245,26.60578],[91.49196,26.60416],[91.49152,26.60398],[91.49091,26.60448],[91.48955,26.60648],[91.48924,26.60763],[91.48978,26.60906],[91.48783,26.61348],[91.48844,26.61468],[91.49337,26.61716],[91.49382,26.61795],[91.49229,26.62184],[91.49119,26.62795],[91.49248,26.62821],[91.49389,26.62673],[91.50704,26.62704],[91.5085,26.62742],[91.50921,26.6284],[91.50939,26.62995],[91.50564,26.64247],[91.5031,26.6429],[91.50109,26.64522],[91.50075,26.64656],[91.50189,26.64807],[91.50067,26.65158],[91.50152,26.65716],[91.50074,26.6626],[91.50038,26.66373],[91.4982,26.66466],[91.49655,26.6664],[91.49609,26.66779],[91.49731,26.66933],[91.49718,26.66996],[91.49497,26.67316],[91.4924,26.67917],[91.49081,26.68709],[91.49127,26.6892],[91.48995,26.69621],[91.48759,26.69988],[91.48319,26.70144],[91.48199,26.70267],[91.47998,26.70857],[91.47784,26.70997],[91.47463,26.71528],[91.47308,26.71695],[91.4698,26.71982],[91.46379,26.72184],[91.46008,26.72561],[91.45952,26.72831],[91.45795,26.73102],[91.4573,26.73332],[91.45613,26.7381],[91.45634,26.74214],[91.45529,26.7437],[91.45498,26.74531],[91.45705,26.7499],[91.45365,26.75233],[91.44254,26.76831],[91.44215,26.77076],[91.44369,26.7729],[91.44364,26.77398],[91.4419,26.77653],[91.44195,26.77997],[91.43996,26.78268],[91.43815,26.7882],[91.42757,26.80038],[91.42428,26.80311],[91.42068,26.80763],[91.41762,26.81559],[91.41398,26.81966],[91.41241,26.82358],[91.411,26.82932],[91.40823,26.83416],[91.40802,26.83608],[91.40678,26.83836],[91.40765,26.8396],[91.44109,26.81483]]]}},{"id":"31","type":"Feature","properties":{"state":"ASSAM","state_lgd":"18","district":"BISWANATH","district_lgd":"734"},"geometry":{"type":"Polygon","coordinates":[[[93.69778,26.99419],[93.69958,26.99337],[93.70087,26.99168],[93.70049,26.99102],[93.69895,26.99109],[93.69919,26.98893],[93.70102,26.98939],[93.70394,26.98772],[93.70439,26.98662],[93.70882,26.98543],[93.70847,26.98351],[93.71036,26.98379],[93.71094,26.98348],[93.71104,26.98051],[93.71185,26.98033],[93.71412,26.9809],[93.71558,26.97919],[93.71768,26.98073],[93.71879,26.98067],[93.7191,26.98012],[93.71832,26.97813],[93.72158,26.97637],[93.72116,26.97422],[93.72238,26.97302],[93.72361,26.96991],[93.72613,26.96977],[93.72873,26.97069],[93.73063,26.96911],[93.73209,26.96882],[93.7336,26.96783],[93.73655,26.96759],[93.7375,26.96654],[93.7386,26.96287],[93.74145,26.96048],[93.74431,26.94968],[93.74326,26.94667],[93.74356,26.943],[93.74191,26.94023],[93.74334,26.93922],[93.74369,26.93783],[93.74538,26.93772],[93.74596,26.93649],[93.74725,26.92899],[93.74698,26.9267],[93.74835,26.92363],[93.74773,26.92105],[93.74903,26.9191],[93.74869,26.9157],[93.74903,26.91406],[93.74796,26.91329],[93.74494,26.91252],[93.7418,26.9125],[93.74161,26.9121],[93.74231,26.91104],[93.73927,26.90938],[93.73957,26.90765],[93.74257,26.90402],[93.73951,26.89862],[93.74271,26.89804],[93.7442,26.89616],[93.75085,26.89353],[93.75203,26.89182],[93.7529,26.89145],[93.75811,26.89225],[93.76127,26.88999],[93.76434,26.89035],[93.77146,26.88877],[93.7751,26.88889],[93.77591,26.88818],[93.77614,26.88586],[93.77729,26.88391],[93.77834,26.88397],[93.77917,26.88561],[93.78041,26.88598],[93.78085,26.8852],[93.77968,26.88299],[93.78121,26.88178],[93.7799,26.87771],[93.77998,26.87689],[93.78105,26.87581],[93.78047,26.87353],[93.78665,26.86559],[93.7864,26.86479],[93.785,26.86406],[93.78573,26.86372],[93.78763,26.8639],[93.78758,26.86335],[93.78604,26.86206],[93.78876,26.86173],[93.78948,26.86097],[93.78787,26.85721],[93.78716,26.85711],[93.78552,26.85813],[93.78456,26.85802],[93.78123,26.8557],[93.77803,26.85502],[93.77764,26.85427],[93.77831,26.85226],[93.77802,26.85136],[93.77696,26.85093],[93.77465,26.85132],[93.77391,26.85059],[93.77386,26.84958],[93.77475,26.84793],[93.77215,26.8471],[93.76981,26.84545],[93.76991,26.84487],[93.76922,26.84414],[93.76576,26.84271],[93.7632,26.83993],[93.75962,26.83386],[93.75844,26.8307],[93.7601,26.82191],[93.75744,26.81725],[93.75571,26.81013],[93.75269,26.8055],[93.75094,26.80367],[93.74379,26.80165],[93.73823,26.80431],[93.73662,26.80609],[93.7354,26.80872],[93.73233,26.81116],[93.72449,26.81253],[93.71586,26.81579],[93.71236,26.81611],[93.71021,26.81559],[93.70827,26.8145],[93.70499,26.8097],[93.7007,26.80746],[93.69918,26.80619],[93.69607,26.80185],[93.68934,26.7976],[93.6753,26.79748],[93.67282,26.79862],[93.67148,26.80035],[93.67031,26.801],[93.66864,26.80022],[93.65905,26.79275],[93.65193,26.78926],[93.64868,26.78815],[93.64916,26.75765],[93.6508,26.75274],[93.65292,26.75005],[93.66284,26.73229],[93.67052,26.71209],[93.66725,26.71329],[93.66206,26.71243],[93.65093,26.70622],[93.64343,26.70777],[93.62441,26.71036],[93.61239,26.714],[93.6051,26.71516],[93.60096,26.71505],[93.5922,26.71883],[93.5897,26.71928],[93.58477,26.71917],[93.58138,26.71852],[93.57486,26.71932],[93.57199,26.72113],[93.56603,26.72224],[93.5616,26.7241],[93.55856,26.72644],[93.55792,26.72743],[93.55793,26.73153],[93.56173,26.73198],[93.55941,26.7348],[93.55682,26.73685],[93.54935,26.73907],[93.54307,26.74281],[93.53625,26.74558],[93.52243,26.75002],[93.51827,26.75224],[93.51662,26.75202],[93.51224,26.75305],[93.5041,26.75708],[93.50176,26.75696],[93.49561,26.75477],[93.49247,26.75428],[93.48932,26.7545],[93.48347,26.75606],[93.47597,26.75705],[93.45963,26.75516],[93.44096,26.74873],[93.43887,26.74835],[93.42564,26.7487],[93.417,26.74839],[93.41197,26.74962],[93.40934,26.75102],[93.40717,26.75154],[93.40181,26.75172],[93.39887,26.75133],[93.39064,26.74849],[93.38179,26.74708],[93.37731,26.74696],[93.37207,26.74586],[93.36625,26.7432],[93.36339,26.74069],[93.35238,26.73635],[93.34517,26.7317],[93.34201,26.72812],[93.34072,26.7258],[93.33643,26.71522],[93.33476,26.71384],[93.33382,26.71146],[93.33089,26.70883],[93.32865,26.70815],[93.32137,26.7076],[93.32042,26.70723],[93.31831,26.70479],[93.31668,26.70369],[93.31049,26.70111],[93.30392,26.70041],[93.29067,26.69747],[93.28802,26.69551],[93.28477,26.69086],[93.28477,26.69],[93.28606,26.6897],[93.28572,26.68897],[93.28388,26.68878],[93.27386,26.68532],[93.2674,26.68379],[93.26148,26.68317],[93.25713,26.68543],[93.25067,26.68732],[93.24665,26.68646],[93.24167,26.68386],[93.23304,26.66876],[93.22654,26.66056],[93.22589,26.65828],[93.22613,26.65007],[93.22458,26.6408],[93.22097,26.63248],[93.21978,26.63105],[93.2102,26.62801],[93.19254,26.62042],[93.16755,26.61204],[93.16483,26.61001],[93.16301,26.60787],[93.16188,26.60417],[93.16024,26.60147],[93.15484,26.59718],[93.14637,26.59226],[93.14004,26.59031],[93.13241,26.58705],[93.12428,26.58234],[93.11903,26.58018],[93.10983,26.57801],[93.10174,26.57679],[93.09855,26.57679],[93.09495,26.57768],[93.08393,26.58734],[93.07884,26.59093],[93.07533,26.59416],[93.07448,26.59618],[93.07111,26.59792],[93.06789,26.59809],[93.06016,26.59571],[93.05544,26.59502],[93.0335,26.59818],[93.02537,26.59696],[93.01376,26.59771],[93.00955,26.59863],[93.00017,26.60193],[92.9962,26.60401],[92.99518,26.60646],[92.99556,26.60913],[92.99669,26.61092],[92.99512,26.61123],[92.99308,26.61369],[92.98782,26.61379],[92.98473,26.61442],[92.98137,26.61646],[92.98012,26.61662],[92.97906,26.61811],[92.97404,26.61826],[92.97068,26.64596],[92.9637,26.64409],[92.95735,26.64827],[92.95328,26.64901],[92.94888,26.65045],[92.95891,26.65321],[92.96968,26.65538],[92.96915,26.6586],[92.96683,26.65873],[92.96698,26.66465],[92.96802,26.67112],[92.9681,26.67475],[92.96653,26.6816],[92.9638,26.68701],[92.96548,26.68754],[92.96357,26.69028],[92.96069,26.68993],[92.95991,26.69034],[92.96085,26.6909],[92.96026,26.6922],[92.96025,26.69389],[92.96355,26.69748],[92.96594,26.69902],[92.97035,26.69955],[92.97191,26.70029],[92.97224,26.70117],[92.97193,26.70171],[92.96857,26.70279],[92.96879,26.70457],[92.97082,26.70573],[92.97487,26.70621],[92.97909,26.70768],[92.98112,26.7093],[92.98292,26.71298],[92.98236,26.71563],[92.97699,26.72528],[92.97724,26.72652],[92.98025,26.72716],[92.98203,26.72834],[92.98247,26.72914],[92.98219,26.73097],[92.97981,26.73185],[92.97826,26.73334],[92.97849,26.73592],[92.97981,26.73815],[92.98003,26.73987],[92.979,26.7409],[92.97687,26.74106],[92.97094,26.738],[92.96895,26.73792],[92.96813,26.73901],[92.96615,26.74475],[92.96631,26.74653],[92.9681,26.7496],[92.96933,26.75347],[92.97028,26.7541],[92.97151,26.75422],[92.97623,26.75275],[92.97771,26.75359],[92.97814,26.75465],[92.9762,26.75736],[92.97644,26.76047],[92.97494,26.76225],[92.97295,26.76252],[92.97163,26.76222],[92.9682,26.76023],[92.96706,26.76033],[92.96619,26.76147],[92.96684,26.76413],[92.97124,26.7673],[92.97302,26.76934],[92.97218,26.77527],[92.97409,26.78074],[92.97274,26.78426],[92.97035,26.78519],[92.97216,26.78722],[92.97394,26.78734],[92.97277,26.79171],[92.97183,26.79205],[92.96689,26.79173],[92.96436,26.79274],[92.96604,26.79638],[92.96626,26.79844],[92.95784,26.79429],[92.95796,26.79769],[92.95693,26.79935],[92.95556,26.8],[92.95107,26.80078],[92.94996,26.80295],[92.9489,26.80394],[92.94713,26.80394],[92.94281,26.80598],[92.94268,26.80839],[92.94577,26.8141],[92.94699,26.82078],[92.94594,26.8217],[92.94455,26.82214],[92.94035,26.82135],[92.93922,26.82234],[92.94022,26.82678],[92.94186,26.82685],[92.94496,26.82564],[92.94784,26.82535],[92.95012,26.82621],[92.95148,26.82756],[92.94865,26.83038],[92.94802,26.83462],[92.94619,26.83735],[92.94628,26.83964],[92.94784,26.84371],[92.94708,26.84673],[92.94605,26.84827],[92.94603,26.84977],[92.9466,26.85084],[92.94775,26.85162],[92.95372,26.85346],[92.95701,26.85624],[92.95735,26.85814],[92.95563,26.86357],[92.95512,26.86911],[92.95618,26.873],[92.95927,26.87706],[92.9035,26.87876],[92.90504,26.88053],[92.90617,26.88101],[92.91068,26.88083],[92.9161,26.88187],[92.91909,26.88516],[92.92958,26.8901],[92.9334,26.89017],[92.93966,26.89377],[92.943,26.89627],[92.94659,26.90183],[92.95042,26.9048],[92.95141,26.90607],[92.95297,26.90729],[92.95577,26.90796],[92.95762,26.90923],[92.9582,26.90995],[92.9582,26.91272],[92.95926,26.9147],[92.96547,26.91985],[92.96867,26.92442],[92.97191,26.92724],[92.97807,26.92982],[92.98136,26.93322],[92.98286,26.93552],[92.99939,26.92577],[93.02186,26.91342],[93.0244,26.9135],[93.06272,26.92227],[93.08823,26.91439],[93.10737,26.92576],[93.13941,26.93017],[93.17256,26.936],[93.18037,26.93752],[93.20095,26.94322],[93.24682,26.95125],[93.26166,26.95353],[93.29777,26.95634],[93.3241,26.96008],[93.38049,26.95922],[93.44877,26.95078],[93.45796,26.94108],[93.46249,26.93788],[93.46495,26.93829],[93.47065,26.9366],[93.47201,26.937],[93.47473,26.93932],[93.48626,26.94228],[93.48826,26.93653],[93.4891,26.93618],[93.50728,26.94394],[93.52477,26.94853],[93.54101,26.94897],[93.54494,26.95123],[93.54915,26.95001],[93.55124,26.95063],[93.55671,26.95117],[93.55966,26.95271],[93.5655,26.9518],[93.57162,26.95181],[93.58667,26.95047],[93.61473,26.9603],[93.62497,26.96215],[93.62746,26.96316],[93.64471,26.96469],[93.66012,26.96696],[93.66729,26.96946],[93.67567,26.97459],[93.69367,26.989],[93.69486,26.99117],[93.69778,26.99419]]]}},{"id":"32","type":"Feature","properties":{"state":"ASSAM","state_lgd":"18","district":"BARPETA","district_lgd":"303"},"geometry":{"type":"Polygon","coordinates":[[[90.88056,26.58423],[90.87969,26.58299],[90.87544,26.58358],[90.87255,26.5824],[90.87015,26.58011],[90.86949,26.57791],[90.86964,26.57672],[90.87252,26.57595],[90.87135,26.57419],[90.87133,26.57305],[90.87457,26.5712],[90.87707,26.56099],[90.87727,26.55813],[90.87839,26.55676],[90.88301,26.55446],[90.88933,26.55325],[90.89114,26.55226],[90.89505,26.55507],[90.89621,26.55715],[90.8981,26.56343],[90.90185,26.56889],[90.90104,26.57072],[90.902,26.57252],[90.90805,26.57612],[90.90931,26.57625],[90.91088,26.57712],[90.91179,26.57865],[90.91832,26.57762],[90.92544,26.57574],[90.92511,26.57249],[90.92419,26.57153],[90.92304,26.57128],[90.9211,26.56716],[90.92108,26.56359],[90.92031,26.56235],[90.92199,26.55805],[90.92369,26.55612],[90.92664,26.55497],[90.93201,26.55483],[90.93373,26.55528],[90.93905,26.55041],[90.93937,26.54829],[90.93667,26.54597],[90.92705,26.54417],[90.91971,26.54391],[90.919,26.53799],[90.91918,26.53527],[90.91605,26.5278],[90.91534,26.52495],[90.91581,26.52307],[90.91988,26.52172],[90.92016,26.51857],[90.91721,26.51588],[90.9184,26.51479],[90.92037,26.5148],[90.92185,26.51541],[90.93099,26.51605],[90.93254,26.51344],[90.93602,26.51292],[90.93926,26.51309],[90.9397,26.51507],[90.94143,26.51587],[90.94346,26.51559],[90.94787,26.51265],[90.95097,26.51293],[90.95725,26.51185],[90.95897,26.51244],[90.961,26.515],[90.9629,26.51494],[90.96574,26.51581],[90.96574,26.51673],[90.964,26.51764],[90.95791,26.51664],[90.95563,26.5168],[90.95466,26.51836],[90.95405,26.51954],[90.95491,26.52219],[90.95858,26.52449],[90.95914,26.52545],[90.95775,26.53085],[90.95619,26.5321],[90.95295,26.53204],[90.95095,26.53268],[90.94944,26.53449],[90.94821,26.53757],[90.94805,26.53943],[90.94615,26.54027],[90.94354,26.53839],[90.9416,26.53796],[90.93839,26.53918],[90.93692,26.54049],[90.93676,26.54235],[90.94091,26.5464],[90.94272,26.54727],[90.94553,26.54778],[90.95191,26.54569],[90.95283,26.54621],[90.95553,26.55093],[90.95567,26.55526],[90.95705,26.55658],[90.9595,26.55755],[90.96188,26.5576],[90.9636,26.55833],[90.96382,26.55995],[90.96289,26.56375],[90.96619,26.56739],[90.96645,26.57041],[90.96745,26.5737],[90.96882,26.57521],[90.96817,26.57589],[90.96379,26.5746],[90.96244,26.57549],[90.9627,26.57644],[90.96403,26.57825],[90.97595,26.57711],[90.97544,26.58443],[90.97519,26.5848],[90.9709,26.58551],[90.96952,26.58781],[90.96871,26.59044],[90.98908,26.59052],[90.99017,26.59448],[90.99089,26.60096],[90.99482,26.60078],[90.99441,26.59885],[90.99457,26.59453],[90.99629,26.59011],[90.99681,26.5813],[90.99501,26.58039],[90.99464,26.57848],[90.99582,26.5718],[90.99445,26.57176],[90.98775,26.57479],[90.98531,26.57518],[90.98482,26.56406],[90.98595,26.55474],[90.98133,26.55446],[90.98176,26.54084],[90.9772,26.541],[90.97674,26.53969],[90.97687,26.5296],[90.97561,26.52571],[90.97605,26.52015],[90.9768,26.51781],[90.97675,26.50945],[90.97735,26.5012],[90.977,26.5],[90.97626,26.49919],[90.96972,26.49836],[90.96933,26.49184],[90.96718,26.49273],[90.96267,26.49333],[90.9623,26.49243],[90.96032,26.49143],[90.95105,26.49146],[90.95067,26.49016],[90.95189,26.48723],[90.95144,26.48522],[90.95028,26.486],[90.94788,26.48638],[90.94843,26.48541],[90.94951,26.48496],[90.95063,26.4827],[90.95192,26.48231],[90.95287,26.48137],[90.95189,26.478],[90.95094,26.47729],[90.94754,26.47734],[90.9463,26.4744],[90.94561,26.47399],[90.94298,26.47483],[90.94119,26.47481],[90.93694,26.47573],[90.93871,26.47367],[90.93966,26.46983],[90.94185,26.46865],[90.94462,26.46837],[90.95224,26.47112],[90.95606,26.47049],[90.95775,26.46882],[90.95815,26.46583],[90.96018,26.46366],[90.96018,26.46266],[90.95877,26.46186],[90.95817,26.46036],[90.95622,26.45864],[90.95445,26.45853],[90.95223,26.45972],[90.94793,26.45908],[90.94664,26.45686],[90.94776,26.45542],[90.94893,26.456],[90.9496,26.45765],[90.95061,26.45803],[90.95687,26.45494],[90.95809,26.4549],[90.95902,26.45566],[90.95845,26.45746],[90.95924,26.45869],[90.96176,26.45881],[90.96301,26.45991],[90.96442,26.46033],[90.96638,26.45953],[90.96634,26.45835],[90.96385,26.45666],[90.96363,26.45556],[90.9643,26.45456],[90.96415,26.45378],[90.95981,26.45102],[90.959,26.44977],[90.95836,26.44759],[90.95924,26.44522],[90.9568,26.44303],[90.95589,26.4409],[90.9562,26.43981],[90.95939,26.43768],[90.96325,26.43924],[90.96566,26.44209],[90.96736,26.44228],[90.9682,26.4429],[90.96691,26.44743],[90.96734,26.45551],[90.96994,26.45676],[90.97087,26.45665],[90.97161,26.45579],[90.97214,26.45381],[90.97297,26.45351],[90.97388,26.45374],[90.97431,26.45458],[90.97679,26.45499],[90.97813,26.45575],[90.97926,26.45519],[90.97691,26.44843],[90.97543,26.44744],[90.9733,26.44682],[90.97099,26.44673],[90.96967,26.44553],[90.96945,26.44471],[90.97036,26.44268],[90.97156,26.44238],[90.97665,26.43935],[90.97815,26.43943],[90.97997,26.44113],[90.97902,26.4443],[90.97966,26.44518],[90.98249,26.44489],[90.98355,26.44333],[90.98339,26.44108],[90.9809,26.43975],[90.97988,26.43781],[90.98023,26.43406],[90.97809,26.43149],[90.97577,26.42992],[90.97543,26.42835],[90.97624,26.42721],[90.97896,26.42642],[90.98198,26.42661],[90.98173,26.42215],[90.98209,26.41909],[90.98164,26.41631],[90.98398,26.41618],[90.98997,26.41719],[91.003,26.42166],[91.00354,26.42201],[91.00212,26.42497],[91.0023,26.42672],[91.00321,26.42733],[91.01152,26.42563],[91.02156,26.4252],[91.03148,26.42671],[91.03682,26.42829],[91.03768,26.42831],[91.03922,26.42576],[91.03972,26.42573],[91.04599,26.42779],[91.05672,26.42887],[91.05612,26.41604],[91.05673,26.4152],[91.05882,26.4151],[91.06212,26.41529],[91.06814,26.41919],[91.07317,26.42062],[91.07408,26.42306],[91.07542,26.42421],[91.07865,26.42467],[91.08012,26.42541],[91.0847,26.42583],[91.08783,26.42469],[91.08992,26.42238],[91.09087,26.41914],[91.0918,26.4182],[91.0946,26.41833],[91.09535,26.41783],[91.0955,26.41701],[91.09792,26.41629],[91.09808,26.41463],[91.09543,26.41306],[91.09548,26.4119],[91.11066,26.41211],[91.11179,26.41247],[91.11587,26.41772],[91.12304,26.39513],[91.12435,26.39444],[91.12698,26.39179],[91.13064,26.38988],[91.1325,26.3874],[91.13428,26.38354],[91.14923,26.38423],[91.15105,26.38655],[91.15423,26.38859],[91.15456,26.38737],[91.15374,26.38552],[91.15437,26.38472],[91.157,26.38553],[91.15898,26.38511],[91.16019,26.38634],[91.16293,26.38491],[91.16595,26.38434],[91.16693,26.38498],[91.1699,26.38568],[91.17517,26.3859],[91.18167,26.3818],[91.18498,26.38331],[91.18882,26.3833],[91.19482,26.38749],[91.20087,26.39357],[91.20433,26.39392],[91.20502,26.39435],[91.20556,26.39311],[91.207,26.39242],[91.21245,26.39116],[91.21559,26.39129],[91.21634,26.38981],[91.2166,26.38776],[91.21604,26.3818],[91.22088,26.38484],[91.2242,26.38456],[91.22533,26.38583],[91.23038,26.3886],[91.23655,26.39018],[91.24185,26.388],[91.23566,26.38091],[91.23558,26.37861],[91.23657,26.37686],[91.23868,26.37583],[91.24003,26.37604],[91.24077,26.37643],[91.2419,26.37912],[91.24395,26.38101],[91.2444,26.38094],[91.24532,26.37973],[91.24561,26.37789],[91.24678,26.37639],[91.24565,26.37373],[91.24573,26.37245],[91.24854,26.36711],[91.25152,26.36614],[91.25253,26.36359],[91.25569,26.36335],[91.25631,26.3642],[91.2575,26.36406],[91.2615,26.36314],[91.26237,26.36149],[91.26528,26.36079],[91.26589,26.36118],[91.2661,26.36276],[91.26406,26.36561],[91.26501,26.36759],[91.26491,26.37089],[91.26986,26.37179],[91.27191,26.37091],[91.27323,26.37183],[91.2755,26.37229],[91.27445,26.37506],[91.27711,26.37609],[91.27832,26.37756],[91.28226,26.3758],[91.28255,26.37517],[91.28211,26.37479],[91.28119,26.37484],[91.28049,26.37573],[91.27975,26.37547],[91.28017,26.37216],[91.27761,26.37145],[91.2709,26.3646],[91.27259,26.36234],[91.27504,26.35672],[91.27632,26.35626],[91.27911,26.35617],[91.2798,26.35571],[91.27978,26.3551],[91.27681,26.35207],[91.27632,26.34938],[91.27622,26.34711],[91.27652,26.34459],[91.27753,26.34194],[91.27728,26.34096],[91.27549,26.34063],[91.26914,26.34268],[91.26707,26.34057],[91.26612,26.33881],[91.26626,26.33718],[91.26763,26.33354],[91.26957,26.33041],[91.26982,26.32902],[91.26515,26.3226],[91.26301,26.31788],[91.26153,26.31736],[91.25794,26.31714],[91.25582,26.31486],[91.25542,26.3123],[91.25583,26.31151],[91.25894,26.31177],[91.26065,26.31079],[91.26188,26.30786],[91.26135,26.30423],[91.25992,26.30278],[91.25802,26.30227],[91.25338,26.30408],[91.25162,26.30434],[91.25072,26.30358],[91.25011,26.30191],[91.25043,26.29796],[91.25165,26.29585],[91.25348,26.2944],[91.25493,26.2939],[91.25721,26.29387],[91.25892,26.29452],[91.26,26.29415],[91.26136,26.29181],[91.26104,26.28934],[91.25272,26.28627],[91.24448,26.2822],[91.2397,26.27924],[91.23763,26.27926],[91.22761,26.28253],[91.22672,26.28245],[91.22168,26.27726],[91.21924,26.27554],[91.21876,26.27342],[91.21708,26.27103],[91.2168,26.26893],[91.21593,26.26751],[91.21607,26.26698],[91.21988,26.26574],[91.22107,26.26451],[91.22092,26.26405],[91.21848,26.26402],[91.21837,26.26028],[91.22597,26.2636],[91.23036,26.26394],[91.23804,26.26317],[91.24081,26.26117],[91.2408,26.26006],[91.23721,26.25061],[91.23182,26.2457],[91.22895,26.24383],[91.22093,26.24493],[91.2201,26.24346],[91.21541,26.23886],[91.21579,26.23375],[91.21977,26.22718],[91.21524,26.22171],[91.21531,26.22062],[91.21661,26.21854],[91.21866,26.21721],[91.22873,26.21592],[91.23215,26.21407],[91.23617,26.21122],[91.23783,26.2094],[91.23999,26.20486],[91.24136,26.2033],[91.24369,26.20235],[91.24784,26.20185],[91.24826,26.20136],[91.24841,26.20012],[91.24787,26.19914],[91.24417,26.19755],[91.23919,26.193],[91.2387,26.19058],[91.2394,26.18598],[91.23729,26.18028],[91.23487,26.18023],[91.22957,26.18216],[91.22462,26.18081],[91.22206,26.1794],[91.21264,26.18001],[91.20104,26.17758],[91.19183,26.17631],[91.18865,26.17534],[91.1838,26.17556],[91.17829,26.17502],[91.1736,26.17369],[91.16717,26.17094],[91.1452,26.15981],[91.13613,26.15954],[91.13273,26.15903],[91.11695,26.15468],[91.11531,26.15495],[91.11304,26.1578],[91.11002,26.15825],[91.10654,26.16175],[91.10156,26.16491],[91.09855,26.16527],[91.09008,26.16439],[91.0812,26.16174],[91.07805,26.16032],[91.06911,26.15436],[91.06307,26.14542],[91.05429,26.13837],[91.04978,26.13151],[91.04646,26.12993],[91.04099,26.12886],[91.03992,26.12783],[91.03718,26.1271],[91.03668,26.12363],[91.03166,26.12087],[91.02969,26.11918],[91.0252,26.11912],[91.02125,26.12015],[91.01964,26.12175],[91.01756,26.12501],[91.01542,26.12637],[91.00621,26.12814],[90.99564,26.12952],[91.00027,26.12526],[91.00757,26.11983],[91.00925,26.11732],[91.00964,26.11628],[91.00931,26.11559],[91.00754,26.11516],[91.00154,26.11921],[90.99936,26.11915],[90.99708,26.11997],[90.99233,26.119],[90.98274,26.11201],[90.95309,26.09589],[90.94509,26.09378],[90.9412,26.09356],[90.93588,26.09258],[90.93221,26.09787],[90.92693,26.09444],[90.92253,26.09307],[90.91815,26.08972],[90.88469,26.09406],[90.88259,26.09483],[90.87576,26.09509],[90.87124,26.09578],[90.85985,26.11245],[90.85477,26.11309],[90.8515,26.11485],[90.84831,26.11476],[90.84608,26.11352],[90.84465,26.11146],[90.84014,26.10888],[90.83899,26.10892],[90.83828,26.10948],[90.83733,26.11171],[90.8239,26.11866],[90.8199,26.1181],[90.81025,26.12127],[90.80081,26.12547],[90.77244,26.13295],[90.76229,26.13329],[90.74704,26.13606],[90.73331,26.13633],[90.73079,26.13395],[90.72305,26.13298],[90.71639,26.13028],[90.71437,26.12989],[90.7136,26.13032],[90.70797,26.146],[90.69897,26.14948],[90.69376,26.15065],[90.68623,26.16786],[90.68186,26.17453],[90.67803,26.17808],[90.67701,26.18026],[90.67624,26.18296],[90.6758,26.19075],[90.67233,26.1986],[90.66545,26.21783],[90.6624,26.22423],[90.6569,26.23063],[90.65422,26.23475],[90.65281,26.2381],[90.6616,26.24856],[90.67471,26.25467],[90.68377,26.25793],[90.7028,26.2561],[90.71761,26.26389],[90.72509,26.25655],[90.72582,26.25629],[90.73325,26.25796],[90.73314,26.26177],[90.73109,26.26853],[90.71998,26.26864],[90.72096,26.28113],[90.72031,26.28266],[90.72265,26.28463],[90.72978,26.2932],[90.73765,26.29788],[90.74401,26.30099],[90.74542,26.3011],[90.75,26.30646],[90.75182,26.30974],[90.759,26.3122],[90.76138,26.31198],[90.76268,26.31152],[90.76754,26.30646],[90.76915,26.30616],[90.77325,26.30363],[90.78081,26.30214],[90.78868,26.30252],[90.79672,26.30545],[90.80323,26.30562],[90.80656,26.31072],[90.80661,26.3121],[90.80489,26.31566],[90.80255,26.31904],[90.80057,26.32095],[90.79662,26.32151],[90.79072,26.32391],[90.78957,26.3297],[90.79746,26.33298],[90.80007,26.3356],[90.80168,26.33859],[90.80468,26.34254],[90.80477,26.34533],[90.80358,26.34747],[90.81095,26.35586],[90.8118,26.35844],[90.81402,26.36005],[90.81811,26.36688],[90.82435,26.36563],[90.83975,26.35798],[90.8409,26.3578],[90.84859,26.36072],[90.8572,26.36089],[90.85967,26.36218],[90.86143,26.36859],[90.86205,26.37323],[90.86171,26.37568],[90.86049,26.37827],[90.84673,26.39223],[90.84607,26.39459],[90.84659,26.39678],[90.84478,26.40224],[90.84554,26.40615],[90.84835,26.40855],[90.85319,26.41913],[90.857,26.42046],[90.86156,26.43112],[90.85604,26.4387],[90.85519,26.43955],[90.8493,26.44269],[90.84506,26.44397],[90.84177,26.4417],[90.84007,26.43931],[90.83679,26.43652],[90.83069,26.43197],[90.82964,26.43167],[90.82341,26.43248],[90.82109,26.4324],[90.81483,26.43011],[90.81054,26.42801],[90.79873,26.42684],[90.79387,26.42805],[90.79184,26.43159],[90.78963,26.43323],[90.78836,26.4377],[90.78718,26.43913],[90.78728,26.43994],[90.79009,26.44168],[90.79694,26.44426],[90.79883,26.44348],[90.80184,26.44059],[90.80793,26.43958],[90.81136,26.43818],[90.81636,26.43805],[90.82104,26.44073],[90.82721,26.4483],[90.82742,26.45273],[90.82717,26.45329],[90.82389,26.45468],[90.82024,26.45784],[90.81897,26.46037],[90.81964,26.46288],[90.81907,26.46384],[90.81643,26.46506],[90.81671,26.46775],[90.81889,26.47029],[90.81914,26.47168],[90.81817,26.47455],[90.8183,26.47566],[90.81775,26.47595],[90.81557,26.47534],[90.81316,26.47548],[90.80838,26.47646],[90.80731,26.47749],[90.80629,26.47727],[90.80374,26.47788],[90.8037,26.48092],[90.80241,26.48205],[90.80205,26.48309],[90.80394,26.48908],[90.80594,26.49322],[90.80587,26.49435],[90.80458,26.49612],[90.8086,26.50071],[90.81015,26.50055],[90.81361,26.49875],[90.81606,26.49471],[90.8193,26.49183],[90.82157,26.49063],[90.82361,26.49067],[90.82587,26.49352],[90.8264,26.49936],[90.82908,26.50153],[90.83503,26.50296],[90.83928,26.50315],[90.84174,26.50178],[90.8418,26.50005],[90.84536,26.50279],[90.84894,26.50698],[90.85134,26.51476],[90.85048,26.52398],[90.8517,26.52702],[90.85384,26.52861],[90.85376,26.52927],[90.85201,26.5299],[90.8551,26.53241],[90.85507,26.53291],[90.85415,26.5343],[90.85243,26.53548],[90.84966,26.53534],[90.84756,26.53371],[90.84507,26.5345],[90.84192,26.53749],[90.8379,26.53675],[90.83382,26.53844],[90.83191,26.53871],[90.83119,26.54206],[90.82924,26.54232],[90.82838,26.54309],[90.82817,26.55031],[90.82851,26.55151],[90.82786,26.55663],[90.82679,26.55882],[90.82116,26.56127],[90.81805,26.56375],[90.81742,26.56629],[90.81814,26.56859],[90.81897,26.56924],[90.82165,26.57001],[90.8237,26.57372],[90.82571,26.5755],[90.83105,26.57374],[90.83237,26.57307],[90.83321,26.5719],[90.83509,26.57123],[90.8441,26.57109],[90.84656,26.57148],[90.84739,26.57286],[90.84767,26.57717],[90.85077,26.57959],[90.85315,26.58242],[90.85051,26.583],[90.85418,26.5903],[90.85407,26.59171],[90.85339,26.59268],[90.85649,26.59828],[90.85818,26.59886],[90.86801,26.59978],[90.87027,26.60288],[90.87363,26.60898],[90.87455,26.61473],[90.87572,26.61734],[90.88064,26.62051],[90.8887,26.62371],[90.89456,26.62698],[90.89587,26.62039],[90.89566,26.61201],[90.89623,26.61137],[90.89634,26.60659],[90.89567,26.60368],[90.8964,26.60213],[90.89846,26.60066],[90.90026,26.60045],[90.90096,26.59956],[90.90066,26.59851],[90.89961,26.59773],[90.89728,26.5976],[90.89043,26.59534],[90.88559,26.59453],[90.88419,26.5938],[90.88423,26.59292],[90.88627,26.59092],[90.88653,26.58997],[90.88459,26.58722],[90.88056,26.58423]]]}},{"id":"33","type":"Feature","properties":{"state":"ASSAM","state_lgd":"18","district":"BAJALI","district_lgd":"771"},"geometry":{"type":"Polygon","coordinates":[[[91.15854,26.65129],[91.15829,26.65023],[91.15698,26.65134],[91.15567,26.64998],[91.15669,26.64869],[91.15593,26.64767],[91.15663,26.64658],[91.15642,26.64586],[91.15379,26.64624],[91.15384,26.64506],[91.15221,26.64457],[91.15113,26.64241],[91.15212,26.63932],[91.16199,26.63849],[91.16256,26.63056],[91.16555,26.6298],[91.16925,26.62804],[91.17441,26.62793],[91.17792,26.62882],[91.18402,26.62877],[91.18691,26.62828],[91.18702,26.62627],[91.18584,26.62538],[91.18428,26.62477],[91.18059,26.62449],[91.17733,26.62328],[91.17748,26.62198],[91.18753,26.62241],[91.18283,26.61606],[91.18179,26.6081],[91.18414,26.60549],[91.18765,26.60427],[91.19935,26.60432],[91.19952,26.60998],[91.19855,26.62342],[91.21077,26.62234],[91.21326,26.62173],[91.21551,26.62032],[91.21634,26.62087],[91.2168,26.62242],[91.21723,26.62248],[91.21872,26.62144],[91.21949,26.62168],[91.2199,26.61991],[91.22133,26.62068],[91.22142,26.62173],[91.22223,26.62232],[91.22706,26.62438],[91.22841,26.62464],[91.22952,26.62391],[91.231,26.62399],[91.23221,26.62176],[91.23226,26.62032],[91.2297,26.61703],[91.22998,26.61597],[91.23107,26.6151],[91.23422,26.6172],[91.23649,26.61724],[91.23456,26.61562],[91.23924,26.61558],[91.24616,26.61678],[91.25006,26.61707],[91.25021,26.61677],[91.24996,26.61393],[91.24832,26.60821],[91.24753,26.60781],[91.24589,26.60784],[91.24038,26.60878],[91.23986,26.61034],[91.23438,26.60845],[91.23547,26.60377],[91.2349,26.60212],[91.23538,26.60014],[91.2348,26.5973],[91.23792,26.59543],[91.2385,26.59348],[91.23817,26.58938],[91.23739,26.58721],[91.23747,26.58651],[91.23879,26.58636],[91.23874,26.58579],[91.23735,26.58356],[91.23873,26.58252],[91.2372,26.58187],[91.23931,26.57889],[91.23829,26.57764],[91.24351,26.57651],[91.24404,26.57564],[91.24652,26.57885],[91.25073,26.57832],[91.25161,26.5859],[91.25754,26.58496],[91.26902,26.58428],[91.26728,26.57495],[91.26218,26.57574],[91.26136,26.57674],[91.25851,26.57699],[91.2576,26.57223],[91.25836,26.5706],[91.26019,26.56915],[91.26358,26.56796],[91.26362,26.56727],[91.26576,26.56701],[91.27548,26.56625],[91.27635,26.56926],[91.28914,26.5677],[91.28989,26.56385],[91.28755,26.56566],[91.28446,26.56442],[91.28329,26.56277],[91.28419,26.56191],[91.28418,26.56132],[91.28232,26.56017],[91.2828,26.55894],[91.28011,26.55755],[91.2758,26.5568],[91.27567,26.55608],[91.27639,26.55482],[91.27446,26.55452],[91.27323,26.55226],[91.27216,26.55185],[91.27164,26.55062],[91.27092,26.55045],[91.26881,26.55294],[91.26734,26.5525],[91.26727,26.55176],[91.26808,26.55038],[91.27072,26.54902],[91.2704,26.54746],[91.26928,26.54764],[91.26744,26.54928],[91.2664,26.54925],[91.26571,26.54833],[91.26614,26.54525],[91.26573,26.54461],[91.26217,26.54554],[91.26081,26.54318],[91.25799,26.5431],[91.25825,26.54109],[91.25912,26.53991],[91.25892,26.53942],[91.2573,26.5391],[91.25708,26.54152],[91.25551,26.54218],[91.2546,26.54044],[91.25316,26.53994],[91.25289,26.53884],[91.2511,26.53765],[91.24978,26.53733],[91.24923,26.53828],[91.24817,26.53867],[91.24766,26.53775],[91.24773,26.5356],[91.24876,26.53425],[91.24791,26.53136],[91.24859,26.5291],[91.24782,26.52763],[91.24414,26.52555],[91.24406,26.52496],[91.24419,26.52381],[91.24859,26.5242],[91.24941,26.52377],[91.24928,26.52182],[91.24758,26.52031],[91.24833,26.51749],[91.24776,26.51078],[91.25018,26.51029],[91.25233,26.51059],[91.25437,26.50898],[91.25482,26.50655],[91.26007,26.50579],[91.26192,26.50164],[91.26468,26.49882],[91.26303,26.49681],[91.26351,26.49623],[91.26521,26.49623],[91.26556,26.49576],[91.26443,26.49391],[91.26582,26.49105],[91.26508,26.49038],[91.26343,26.48998],[91.26404,26.48849],[91.26382,26.48775],[91.26155,26.48775],[91.26099,26.48727],[91.26116,26.48688],[91.26321,26.48661],[91.26273,26.48594],[91.25782,26.48219],[91.25861,26.47846],[91.25804,26.47814],[91.25638,26.47869],[91.25569,26.4783],[91.25556,26.47425],[91.25221,26.47169],[91.25112,26.46941],[91.25069,26.46611],[91.24744,26.46469],[91.24653,26.463],[91.24276,26.46008],[91.24145,26.45838],[91.23809,26.45777],[91.23813,26.4497],[91.23479,26.44419],[91.232,26.44209],[91.23113,26.44048],[91.23045,26.4379],[91.23053,26.43286],[91.23235,26.42922],[91.23124,26.42737],[91.23128,26.42645],[91.23214,26.42519],[91.23444,26.42413],[91.23754,26.40955],[91.23872,26.40677],[91.24172,26.40453],[91.24131,26.40409],[91.23768,26.40402],[91.2356,26.40305],[91.23372,26.39992],[91.23396,26.39393],[91.2353,26.39118],[91.23655,26.39018],[91.23038,26.3886],[91.22533,26.38583],[91.2242,26.38456],[91.22088,26.38484],[91.21604,26.3818],[91.2166,26.38776],[91.21634,26.38981],[91.21559,26.39129],[91.21245,26.39116],[91.207,26.39242],[91.20556,26.39311],[91.20502,26.39435],[91.20433,26.39392],[91.20087,26.39357],[91.19482,26.38749],[91.18882,26.3833],[91.18498,26.38331],[91.18167,26.3818],[91.17517,26.3859],[91.1699,26.38568],[91.16693,26.38498],[91.16595,26.38434],[91.16293,26.38491],[91.16019,26.38634],[91.15898,26.38511],[91.157,26.38553],[91.15437,26.38472],[91.15374,26.38552],[91.15456,26.38737],[91.15423,26.38859],[91.15105,26.38655],[91.14923,26.38423],[91.13428,26.38354],[91.1325,26.3874],[91.13064,26.38988],[91.12698,26.39179],[91.12435,26.39444],[91.12304,26.39513],[91.11587,26.41772],[91.11179,26.41247],[91.11066,26.41211],[91.09548,26.4119],[91.09543,26.41306],[91.09808,26.41463],[91.09792,26.41629],[91.0955,26.41701],[91.09535,26.41783],[91.0946,26.41833],[91.0918,26.4182],[91.09087,26.41914],[91.08992,26.42238],[91.08783,26.42469],[91.08549,26.42565],[91.08382,26.42579],[91.08012,26.42541],[91.07865,26.42467],[91.07542,26.42421],[91.07408,26.42306],[91.07317,26.42062],[91.06814,26.41919],[91.06212,26.41529],[91.05673,26.4152],[91.05612,26.41604],[91.05672,26.42887],[91.04599,26.42779],[91.03972,26.42573],[91.03922,26.42576],[91.03768,26.42831],[91.03682,26.42829],[91.03148,26.42671],[91.02156,26.4252],[91.01152,26.42563],[91.00321,26.42733],[91.0023,26.42672],[91.00212,26.42497],[91.00354,26.42201],[91.003,26.42166],[90.98997,26.41719],[90.98398,26.41618],[90.98164,26.41631],[90.98209,26.41909],[90.98173,26.42215],[90.98198,26.42661],[90.98354,26.42665],[90.98857,26.42896],[90.98948,26.43041],[90.98981,26.43349],[90.99082,26.4338],[90.99292,26.43346],[90.99356,26.43477],[90.99306,26.43802],[90.99333,26.439],[90.99745,26.43756],[90.99897,26.43541],[91.00096,26.43386],[91.00261,26.43374],[91.00289,26.43526],[91.00416,26.43611],[91.00475,26.43568],[91.00515,26.4332],[91.0058,26.43344],[91.00636,26.43472],[91.00728,26.43439],[91.00704,26.43347],[91.00968,26.43361],[91.00954,26.43467],[91.01058,26.4351],[91.0098,26.43582],[91.00898,26.43579],[91.00884,26.43717],[91.01012,26.43706],[91.0103,26.43743],[91.00953,26.43904],[91.01172,26.43849],[91.01352,26.43859],[91.01331,26.43956],[91.01548,26.44017],[91.01638,26.44093],[91.01554,26.44231],[91.0173,26.44381],[91.01625,26.44567],[91.01461,26.44463],[91.01378,26.44548],[91.0142,26.4461],[91.01415,26.44904],[91.01569,26.44864],[91.0162,26.4489],[91.01604,26.4514],[91.0174,26.45217],[91.0166,26.45439],[91.0162,26.45469],[91.01556,26.45409],[91.01392,26.45593],[91.01233,26.45582],[91.01035,26.45655],[91.01018,26.45751],[91.01174,26.45816],[91.01145,26.45908],[91.00967,26.45921],[91.00889,26.45766],[91.00807,26.45774],[91.00658,26.4598],[91.00701,26.46197],[91.00462,26.46454],[91.00442,26.46596],[91.0041,26.46615],[91.00329,26.46523],[91.00274,26.46527],[91.00245,26.46717],[91.00147,26.46678],[91.00136,26.46765],[90.99722,26.47027],[90.99681,26.47285],[90.99725,26.47551],[90.99825,26.4781],[91.00005,26.48045],[91.00012,26.48286],[90.99925,26.48611],[91.00072,26.4899],[90.98506,26.49057],[90.98263,26.49179],[90.98394,26.49217],[90.98469,26.49298],[90.98518,26.49459],[90.98438,26.4953],[90.98447,26.4958],[90.9876,26.49931],[90.98844,26.49952],[90.98929,26.49909],[90.99105,26.49962],[90.99291,26.49866],[90.99419,26.49722],[90.99511,26.49868],[90.99518,26.50076],[90.99591,26.50236],[90.99417,26.50489],[90.99443,26.50766],[90.99537,26.51128],[90.99749,26.51365],[90.99792,26.51501],[90.99724,26.51747],[90.99662,26.51798],[90.99201,26.51762],[90.99122,26.51794],[90.99061,26.52008],[90.9906,26.52324],[90.99104,26.52403],[90.99337,26.52519],[90.99818,26.52436],[90.99929,26.5252],[90.99988,26.52672],[90.99983,26.52876],[91.0013,26.53043],[91.00253,26.53129],[91.00603,26.53193],[91.00683,26.53181],[91.00759,26.5309],[91.02197,26.53136],[91.02856,26.53106],[91.03923,26.52859],[91.04905,26.52972],[91.05274,26.52976],[91.05496,26.52949],[91.05721,26.52799],[91.0551,26.52572],[91.05472,26.5237],[91.05545,26.52193],[91.05929,26.51752],[91.05971,26.51649],[91.07263,26.51657],[91.07217,26.51853],[91.07299,26.52137],[91.07405,26.53382],[91.08229,26.53381],[91.08056,26.54746],[91.08092,26.55502],[91.08149,26.55664],[91.08342,26.5582],[91.09224,26.56179],[91.09508,26.5625],[91.09663,26.56276],[91.10545,26.56157],[91.11056,26.56156],[91.10901,26.56396],[91.10988,26.56598],[91.10967,26.56688],[91.10857,26.567],[91.10727,26.56606],[91.10628,26.56597],[91.10543,26.56664],[91.1054,26.56789],[91.10641,26.56931],[91.11056,26.57171],[91.11357,26.57151],[91.11777,26.57234],[91.11903,26.57313],[91.11921,26.57458],[91.12014,26.57557],[91.12002,26.5773],[91.12146,26.5792],[91.12254,26.58306],[91.11453,26.58357],[91.11397,26.58374],[91.11407,26.58434],[91.11506,26.58609],[91.11767,26.5888],[91.118,26.59155],[91.11869,26.59251],[91.12272,26.59399],[91.12409,26.59293],[91.1251,26.59281],[91.12636,26.59395],[91.12635,26.59767],[91.12477,26.59905],[91.12437,26.6],[91.12442,26.60061],[91.12638,26.60238],[91.12616,26.60441],[91.12909,26.60619],[91.12983,26.60511],[91.13,26.60322],[91.1292,26.5996],[91.12947,26.59888],[91.13183,26.59801],[91.13467,26.59816],[91.13875,26.59918],[91.14433,26.60226],[91.1441,26.60286],[91.14191,26.60389],[91.13974,26.60575],[91.14032,26.60714],[91.14276,26.61016],[91.14226,26.61148],[91.13932,26.61204],[91.12355,26.6122],[91.12305,26.61319],[91.12365,26.61655],[91.12229,26.61835],[91.11799,26.61992],[91.11705,26.62565],[91.11707,26.63253],[91.11295,26.63209],[91.1058,26.63284],[91.10219,26.6316],[91.09854,26.6294],[91.09789,26.63377],[91.09575,26.6396],[91.09698,26.64023],[91.0978,26.6388],[91.10024,26.63794],[91.11333,26.63804],[91.1135,26.64663],[91.11347,26.65189],[91.11167,26.65227],[91.09903,26.65234],[91.09598,26.65276],[91.09626,26.65353],[91.09571,26.65501],[91.09775,26.6618],[91.09835,26.66653],[91.10117,26.66502],[91.10294,26.66498],[91.10346,26.66404],[91.10328,26.66272],[91.10374,26.66236],[91.10425,26.66248],[91.10494,26.66385],[91.10548,26.66392],[91.10673,26.66269],[91.10903,26.66248],[91.11036,26.66317],[91.11124,26.66242],[91.11318,26.66235],[91.11402,26.66157],[91.11535,26.66266],[91.11682,26.66192],[91.12789,26.66121],[91.1325,26.65986],[91.13186,26.6593],[91.12972,26.65983],[91.12888,26.65929],[91.12939,26.65688],[91.1313,26.65735],[91.13091,26.6542],[91.12985,26.65239],[91.13036,26.65191],[91.13276,26.65204],[91.13252,26.65133],[91.13097,26.65128],[91.13031,26.65078],[91.13152,26.65059],[91.14022,26.65101],[91.1414,26.66188],[91.1458,26.66353],[91.14883,26.66023],[91.15742,26.65367],[91.15854,26.65129]]]}},{"id":"34","type":"Feature","properties":{"state":"ASSAM","state_lgd":"18","district":"SOUTH SALMARA","district_lgd":"664"},"geometry":{"type":"MultiPolygon","coordinates":[[[[89.9541,25.81303],[89.9555,25.81157],[89.9561,25.8094],[89.95481,25.80653],[89.95518,25.80456],[89.95604,25.80333],[89.95832,25.80204],[89.95857,25.80133],[89.95785,25.79994],[89.95488,25.79686],[89.95478,25.79588],[89.95592,25.79325],[89.95444,25.78764],[89.95509,25.78605],[89.95951,25.78279],[89.95971,25.78198],[89.95932,25.78067],[89.95537,25.77807],[89.95717,25.77693],[89.95728,25.7755],[89.95537,25.76838],[89.95313,25.76486],[89.94885,25.76184],[89.94809,25.7601],[89.94684,25.7592],[89.94489,25.75598],[89.94101,25.75531],[89.93764,25.75581],[89.93612,25.75519],[89.93514,25.75302],[89.93686,25.75063],[89.93774,25.74822],[89.93777,25.7457],[89.93633,25.7444],[89.93155,25.74177],[89.92876,25.73941],[89.9267,25.73845],[89.92316,25.73849],[89.91588,25.74131],[89.91298,25.74197],[89.90675,25.74512],[89.90318,25.74634],[89.89934,25.74714],[89.89669,25.74641],[89.89474,25.74497],[89.89443,25.74196],[89.89363,25.7397],[89.89466,25.73736],[89.89433,25.73536],[89.89485,25.73312],[89.89569,25.73155],[89.89867,25.72957],[89.89913,25.72642],[89.90027,25.72557],[89.9026,25.72526],[89.90322,25.72335],[89.90511,25.72201],[89.90573,25.71889],[89.90693,25.71794],[89.90724,25.71652],[89.90815,25.71541],[89.91206,25.71186],[89.91348,25.70856],[89.91532,25.7066],[89.91738,25.70616],[89.91871,25.70515],[89.92073,25.70025],[89.92332,25.69624],[89.92358,25.69449],[89.92448,25.69383],[89.92703,25.69331],[89.93314,25.69097],[89.93387,25.68966],[89.93627,25.68975],[89.93746,25.6883],[89.93715,25.68667],[89.93752,25.68587],[89.93908,25.68542],[89.94012,25.68456],[89.94442,25.67926],[89.94469,25.67843],[89.94413,25.67422],[89.94292,25.67223],[89.94342,25.67178],[89.94477,25.67244],[89.94619,25.67085],[89.94744,25.67103],[89.94546,25.66815],[89.94715,25.66615],[89.94634,25.66354],[89.94876,25.65779],[89.95083,25.65522],[89.95314,25.65364],[89.96293,25.64948],[89.96347,25.64786],[89.96485,25.6468],[89.96919,25.64491],[89.97233,25.64207],[89.97469,25.64063],[89.97916,25.63878],[89.98095,25.63575],[89.98072,25.63461],[89.98116,25.63344],[89.98219,25.63156],[89.98335,25.63055],[89.98278,25.62786],[89.98318,25.62679],[89.98459,25.62704],[89.98581,25.62618],[89.99175,25.62408],[89.99339,25.62491],[89.99543,25.62458],[89.99716,25.62261],[89.99811,25.62268],[89.99932,25.6236],[90.00259,25.62419],[90.00585,25.62413],[90.00722,25.62222],[90.00658,25.62023],[90.00882,25.61799],[90.01299,25.61656],[90.01387,25.61583],[90.01458,25.6148],[90.0145,25.61261],[90.01598,25.61029],[90.01781,25.6092],[90.01974,25.60708],[90.02101,25.60654],[90.02415,25.60677],[90.02556,25.60565],[90.02798,25.60587],[90.02887,25.6054],[90.02811,25.60474],[90.02458,25.60396],[90.02048,25.60399],[90.0193,25.6045],[90.01843,25.60139],[90.01552,25.60186],[90.01253,25.60047],[90.00879,25.60032],[90.00458,25.59944],[90.0017,25.60121],[89.99739,25.58591],[89.99551,25.58627],[89.99183,25.58933],[89.98771,25.59155],[89.98536,25.5917],[89.9828,25.59094],[89.97854,25.58696],[89.97542,25.57611],[89.97216,25.57349],[89.97,25.57328],[89.96802,25.57419],[89.96516,25.57364],[89.9605,25.57445],[89.95913,25.57389],[89.95723,25.57222],[89.9538,25.57079],[89.94717,25.57045],[89.94106,25.56826],[89.93955,25.56731],[89.93687,25.5644],[89.92857,25.56414],[89.92448,25.56452],[89.91225,25.56317],[89.91035,25.56197],[89.90959,25.56045],[89.90901,25.56047],[89.90853,25.56133],[89.90747,25.56135],[89.90501,25.55965],[89.90326,25.55964],[89.90157,25.55894],[89.90058,25.55902],[89.89988,25.56046],[89.89865,25.56051],[89.89782,25.55997],[89.89674,25.55808],[89.89247,25.55584],[89.89011,25.55498],[89.88659,25.55528],[89.8853,25.55499],[89.87836,25.55033],[89.87692,25.54847],[89.8764,25.54557],[89.87508,25.54476],[89.87495,25.54373],[89.87555,25.54157],[89.87747,25.54007],[89.87883,25.5377],[89.87607,25.53652],[89.86808,25.52987],[89.86761,25.52726],[89.86794,25.52424],[89.86883,25.52149],[89.87149,25.52192],[89.87127,25.5197],[89.87174,25.51853],[89.87307,25.51961],[89.87347,25.51945],[89.87335,25.51689],[89.87435,25.51804],[89.87734,25.51962],[89.87995,25.518],[89.88349,25.51911],[89.88336,25.51838],[89.88075,25.51721],[89.8807,25.51674],[89.88411,25.51424],[89.88594,25.50792],[89.88553,25.50751],[89.88088,25.50682],[89.87741,25.5074],[89.87287,25.50742],[89.87418,25.50631],[89.8744,25.5049],[89.87567,25.50385],[89.87592,25.50123],[89.87681,25.5008],[89.87639,25.49999],[89.87628,25.49663],[89.87669,25.4955],[89.87623,25.49269],[89.8739,25.48794],[89.87228,25.48594],[89.87197,25.4819],[89.87115,25.47926],[89.87169,25.47735],[89.87089,25.47585],[89.86543,25.47169],[89.85654,25.46776],[89.85448,25.46735],[89.85225,25.46588],[89.85214,25.46718],[89.85164,25.46754],[89.85225,25.47243],[89.85058,25.47367],[89.84929,25.47392],[89.84963,25.48194],[89.85042,25.48448],[89.84992,25.4847],[89.8505,25.48573],[89.84911,25.48866],[89.84931,25.4928],[89.84986,25.49371],[89.85297,25.49484],[89.8552,25.49746],[89.85369,25.50178],[89.85391,25.50424],[89.85564,25.50353],[89.85803,25.50652],[89.86679,25.50793],[89.8682,25.50853],[89.86964,25.51091],[89.8696,25.51163],[89.86871,25.51256],[89.86716,25.5132],[89.86572,25.51313],[89.8657,25.51375],[89.86013,25.51682],[89.86024,25.51761],[89.85127,25.53863],[89.85678,25.5407],[89.86,25.5425],[89.86301,25.5432],[89.86604,25.54619],[89.86619,25.55405],[89.86729,25.56219],[89.87039,25.56808],[89.87281,25.56929],[89.87318,25.57017],[89.87326,25.57148],[89.87215,25.57317],[89.87323,25.57468],[89.87565,25.58123],[89.87513,25.58472],[89.87329,25.58761],[89.87487,25.59357],[89.8788,25.60154],[89.88061,25.6087],[89.8812,25.61446],[89.88251,25.6172],[89.88178,25.61944],[89.88179,25.62586],[89.88034,25.6352],[89.87952,25.63804],[89.87814,25.63942],[89.87109,25.66255],[89.87014,25.66337],[89.87012,25.66282],[89.86788,25.66349],[89.86756,25.66255],[89.86681,25.66277],[89.86355,25.66555],[89.86063,25.6714],[89.85853,25.67974],[89.85493,25.68295],[89.85171,25.68697],[89.84669,25.69562],[89.84866,25.69854],[89.84929,25.70186],[89.85081,25.70351],[89.85193,25.70664],[89.85182,25.70922],[89.85053,25.71296],[89.84926,25.71512],[89.83787,25.71478],[89.83471,25.71607],[89.83277,25.71894],[89.8308,25.72471],[89.8285,25.72789],[89.82694,25.73261],[89.82733,25.73623],[89.82696,25.74036],[89.83081,25.74405],[89.83649,25.75095],[89.84135,25.75899],[89.84026,25.7672],[89.83842,25.77562],[89.83398,25.78295],[89.83395,25.78836],[89.83253,25.78958],[89.84531,25.79186],[89.84802,25.79163],[89.8531,25.79045],[89.85923,25.78785],[89.86135,25.7882],[89.86241,25.78903],[89.86348,25.78891],[89.86584,25.78726],[89.87215,25.78441],[89.88219,25.78278],[89.88586,25.78259],[89.88955,25.78705],[89.89599,25.79073],[89.89633,25.79196],[89.89843,25.79327],[89.90387,25.79583],[89.904,25.7972],[89.90328,25.79996],[89.90432,25.80179],[89.90621,25.80337],[89.90905,25.80496],[89.91266,25.80568],[89.92811,25.81597],[89.93003,25.81454],[89.93502,25.81581],[89.94192,25.8163],[89.94474,25.81767],[89.94861,25.82049],[89.94916,25.8233],[89.95128,25.82242],[89.95183,25.82161],[89.9514,25.81766],[89.94966,25.81576],[89.9541,25.81303]]],[[[90.00135,25.92398],[90.005,25.92381],[90.00964,25.92471],[90.01217,25.92437],[90.01135,25.92317],[90.0109,25.91982],[90.01079,25.91247],[90.01135,25.90861],[90.01226,25.90654],[90.01308,25.90599],[90.01556,25.90598],[90.01632,25.90541],[90.01663,25.90272],[90.01808,25.89941],[90.01932,25.89791],[90.0214,25.89665],[90.0245,25.89603],[90.02242,25.89369],[90.01916,25.89229],[90.01902,25.89117],[90.0175,25.88999],[90.01678,25.88849],[90.01544,25.88745],[90.01386,25.88506],[90.01098,25.88457],[90.00565,25.87908],[90.00772,25.87809],[90.01293,25.87266],[90.01467,25.8722],[90.01784,25.87216],[90.02133,25.8713],[90.02326,25.87035],[90.02366,25.86701],[90.02197,25.86208],[90.02052,25.85911],[90.01725,25.85698],[90.01699,25.85364],[90.01637,25.85219],[90.01089,25.84788],[90.00689,25.84606],[89.99624,25.84375],[89.99596,25.84312],[89.99777,25.83892],[89.99724,25.83707],[89.98644,25.83438],[89.97966,25.83472],[89.97809,25.8328],[89.97771,25.82952],[89.9742,25.82829],[89.97254,25.82673],[89.97039,25.82697],[89.96829,25.82805],[89.96739,25.82908],[89.96615,25.83233],[89.96522,25.83287],[89.96397,25.83266],[89.96363,25.83178],[89.96457,25.82813],[89.96722,25.82281],[89.96706,25.82197],[89.96577,25.82145],[89.96327,25.82176],[89.96207,25.81998],[89.96119,25.81951],[89.95909,25.82039],[89.95693,25.82046],[89.95438,25.82223],[89.95427,25.82433],[89.95588,25.82598],[89.96018,25.82736],[89.96082,25.82883],[89.96027,25.82987],[89.95941,25.82991],[89.95408,25.82729],[89.953,25.82732],[89.95407,25.83198],[89.95565,25.83467],[89.9577,25.83676],[89.96214,25.83945],[89.9615,25.84335],[89.96175,25.84681],[89.95912,25.84893],[89.95364,25.86028],[89.95206,25.8618],[89.95375,25.867],[89.95594,25.87169],[89.9553,25.87554],[89.95789,25.87936],[89.96025,25.88171],[89.96804,25.88602],[89.97163,25.88899],[89.97819,25.89182],[89.98152,25.89391],[89.98498,25.8949],[89.98659,25.89711],[89.9877,25.90007],[89.98944,25.90217],[89.99704,25.9084],[89.99712,25.9182],[89.99034,25.92453],[89.98749,25.92938],[89.99342,25.93045],[89.99491,25.93217],[89.9981,25.92972],[90.00135,25.92398]]]]}}]}