{"type":"FeatureCollection","features":[{"id":"0","type":"Feature","properties":{"state":"MANIPUR","state_lgd":"14","district":"BISHNUPUR","district_lgd":"275"},"geometry":{"type":"Polygon","coordinates":[[[93.87107,24.71857],[93.87052,24.71529],[93.87877,24.71305],[93.87825,24.71052],[93.87881,24.70884],[93.87837,24.70617],[93.8753,24.70234],[93.87655,24.70179],[93.88182,24.70104],[93.88647,24.70119],[93.88734,24.69823],[93.88663,24.69655],[93.88367,24.69491],[93.88356,24.6916],[93.88468,24.68846],[93.88288,24.68413],[93.88366,24.67789],[93.87871,24.67346],[93.87684,24.6676],[93.87544,24.66574],[93.86635,24.66158],[93.86477,24.65924],[93.85646,24.66138],[93.84176,24.66733],[93.83945,24.66771],[93.83844,24.66847],[93.8369,24.67085],[93.83482,24.67931],[93.83156,24.6857],[93.82978,24.6818],[93.82712,24.67789],[93.8264,24.67768],[93.82575,24.67806],[93.82427,24.68055],[93.82332,24.68125],[93.82071,24.68223],[93.81259,24.67951],[93.80761,24.67886],[93.80394,24.67631],[93.80204,24.67404],[93.80098,24.67019],[93.80068,24.66352],[93.79926,24.66076],[93.80294,24.65572],[93.80443,24.64943],[93.80881,24.64645],[93.81083,24.64434],[93.81379,24.6431],[93.81433,24.64223],[93.81297,24.63611],[93.81167,24.63356],[93.80486,24.62624],[93.80462,24.62375],[93.80622,24.618],[93.81215,24.61297],[93.81724,24.61573],[93.82299,24.614],[93.82643,24.61362],[93.82933,24.61395],[93.8317,24.61314],[93.83502,24.61043],[93.83603,24.60864],[93.83573,24.60734],[93.8297,24.59801],[93.82916,24.59455],[93.83154,24.59135],[93.84587,24.58637],[93.85026,24.58409],[93.85203,24.58176],[93.85221,24.57987],[93.85044,24.57461],[93.85115,24.57342],[93.85245,24.5727],[93.8574,24.57539],[93.85912,24.57736],[93.86064,24.57785],[93.86101,24.57959],[93.86251,24.58076],[93.86244,24.58276],[93.86104,24.58515],[93.86229,24.5865],[93.86267,24.58916],[93.86368,24.59158],[93.86311,24.59348],[93.86343,24.59565],[93.86575,24.59813],[93.86703,24.59873],[93.86808,24.59884],[93.87018,24.5979],[93.87159,24.59786],[93.87028,24.59586],[93.86886,24.59141],[93.86832,24.58789],[93.86033,24.56637],[93.86667,24.56562],[93.86969,24.56426],[93.87129,24.56285],[93.88029,24.559],[93.8813,24.557],[93.88204,24.55296],[93.87846,24.55394],[93.87659,24.55396],[93.87215,24.55096],[93.87105,24.54758],[93.87131,24.54361],[93.86978,24.54059],[93.86958,24.53724],[93.86827,24.53352],[93.86856,24.53211],[93.87029,24.52931],[93.86824,24.52471],[93.86924,24.52226],[93.87119,24.52025],[93.87175,24.51999],[93.87334,24.52056],[93.8753,24.52059],[93.8766,24.51921],[93.87711,24.51643],[93.87492,24.51292],[93.87585,24.51126],[93.87879,24.5101],[93.88293,24.50922],[93.88344,24.50875],[93.88299,24.50806],[93.87828,24.50544],[93.8764,24.50294],[93.87445,24.49821],[93.87567,24.49658],[93.88079,24.49379],[93.88251,24.49158],[93.88219,24.48904],[93.88093,24.48665],[93.87646,24.48344],[93.87211,24.47806],[93.87172,24.47538],[93.87266,24.47159],[93.87138,24.46959],[93.86836,24.46694],[93.86413,24.46682],[93.86194,24.46576],[93.86118,24.46483],[93.86116,24.46247],[93.85816,24.46072],[93.85402,24.45718],[93.85433,24.45628],[93.85805,24.45644],[93.86011,24.45545],[93.85638,24.4526],[93.85447,24.45011],[93.85416,24.44836],[93.85582,24.44452],[93.85579,24.44366],[93.85153,24.43995],[93.85038,24.43729],[93.85022,24.43528],[93.84956,24.43437],[93.84802,24.43366],[93.84564,24.43506],[93.84468,24.43491],[93.84136,24.43025],[93.83992,24.42928],[93.83875,24.42656],[93.83963,24.42461],[93.84325,24.41973],[93.84764,24.41679],[93.8483,24.41539],[93.84819,24.4142],[93.84702,24.41317],[93.84063,24.41208],[93.83969,24.41004],[93.84142,24.40261],[93.84275,24.40115],[93.84718,24.39852],[93.84611,24.39512],[93.84736,24.39],[93.84661,24.38725],[93.84674,24.38539],[93.85143,24.38097],[93.85236,24.37931],[93.85185,24.37784],[93.84953,24.37656],[93.84712,24.37635],[93.84671,24.37544],[93.84698,24.372],[93.84885,24.36658],[93.85099,24.36403],[93.85344,24.36229],[93.85437,24.36066],[93.85373,24.35883],[93.85027,24.356],[93.84984,24.35481],[93.8511,24.35256],[93.85303,24.35177],[93.85402,24.35188],[93.85634,24.35485],[93.85798,24.35554],[93.86216,24.35588],[93.86356,24.35505],[93.8639,24.35422],[93.86308,24.35211],[93.86039,24.34957],[93.858,24.34775],[93.85347,24.34547],[93.85201,24.34343],[93.85243,24.34187],[93.85428,24.34125],[93.8601,24.33724],[93.86401,24.33512],[93.86467,24.33398],[93.86029,24.32926],[93.85954,24.325],[93.85801,24.32502],[93.85544,24.32835],[93.85475,24.32868],[93.85406,24.32843],[93.85573,24.32022],[93.85753,24.31607],[93.85737,24.31563],[93.85429,24.31418],[93.85409,24.31358],[93.8547,24.31222],[93.85549,24.31178],[93.86324,24.3136],[93.86461,24.31365],[93.8654,24.3132],[93.86832,24.30761],[93.86934,24.30052],[93.87173,24.2968],[93.87041,24.29371],[93.86727,24.29127],[93.86723,24.29069],[93.8755,24.28545],[93.87947,24.28201],[93.87911,24.28024],[93.87811,24.27915],[93.87406,24.27839],[93.87243,24.27268],[93.8684,24.26893],[93.86522,24.26693],[93.86395,24.26244],[93.86298,24.26125],[93.86263,24.26208],[93.86384,24.26725],[93.86792,24.27093],[93.86845,24.27245],[93.87004,24.27365],[93.86962,24.27511],[93.86742,24.27772],[93.86966,24.27813],[93.87058,24.28002],[93.87233,24.28096],[93.87017,24.28172],[93.86778,24.28338],[93.8671,24.28466],[93.8682,24.28526],[93.8684,24.28587],[93.86307,24.28951],[93.86313,24.29011],[93.86562,24.29004],[93.86597,24.29053],[93.86416,24.2926],[93.86054,24.29411],[93.86045,24.29513],[93.86284,24.29627],[93.86247,24.29683],[93.86078,24.29775],[93.8599,24.29728],[93.85712,24.29747],[93.85765,24.29972],[93.86048,24.30018],[93.86149,24.30105],[93.86114,24.30152],[93.85748,24.30221],[93.85702,24.30263],[93.85868,24.30381],[93.85656,24.30441],[93.85698,24.30577],[93.85504,24.3066],[93.85493,24.30725],[93.85639,24.30929],[93.85181,24.30858],[93.84889,24.30575],[93.84582,24.30364],[93.84473,24.30364],[93.8446,24.30456],[93.8469,24.30656],[93.84866,24.3104],[93.85098,24.31145],[93.85099,24.3135],[93.85005,24.31425],[93.84798,24.31444],[93.84532,24.31288],[93.8441,24.31291],[93.84205,24.31399],[93.84048,24.31399],[93.83837,24.3121],[93.83694,24.3139],[93.83702,24.3144],[93.83925,24.31593],[93.83756,24.31708],[93.83753,24.31782],[93.83944,24.31814],[93.83894,24.3191],[93.83952,24.31955],[93.83933,24.32022],[93.84068,24.32067],[93.84029,24.32173],[93.83763,24.32232],[93.83681,24.3231],[93.83611,24.32548],[93.83719,24.32604],[93.84097,24.32533],[93.84231,24.32576],[93.84408,24.32486],[93.84522,24.32524],[93.84577,24.32613],[93.84332,24.32787],[93.84275,24.33023],[93.84217,24.33058],[93.8405,24.33393],[93.83967,24.33438],[93.83638,24.33442],[93.83496,24.33517],[93.83717,24.33716],[93.84251,24.33712],[93.84587,24.33796],[93.84734,24.33918],[93.84693,24.3399],[93.8461,24.34002],[93.84329,24.33924],[93.84274,24.34095],[93.84012,24.34061],[93.83965,24.34112],[93.83979,24.34191],[93.83852,24.34257],[93.83853,24.34323],[93.83921,24.34359],[93.84276,24.34331],[93.84257,24.34431],[93.84313,24.34538],[93.84231,24.34611],[93.84389,24.34662],[93.84271,24.34744],[93.84087,24.34745],[93.83977,24.3485],[93.83838,24.34868],[93.83999,24.34972],[93.83985,24.35082],[93.84173,24.3508],[93.84159,24.35164],[93.84262,24.35247],[93.84151,24.35373],[93.842,24.35473],[93.8415,24.35525],[93.84067,24.35539],[93.83949,24.35437],[93.83803,24.35395],[93.83775,24.35547],[93.83659,24.35591],[93.83652,24.35636],[93.8382,24.3581],[93.83782,24.36269],[93.83732,24.36299],[93.83548,24.36189],[93.8322,24.36136],[93.83164,24.36057],[93.83099,24.36048],[93.83006,24.36163],[93.82757,24.36154],[93.82513,24.36278],[93.82365,24.36047],[93.82081,24.36024],[93.82039,24.3561],[93.82101,24.34985],[93.8203,24.3492],[93.81904,24.35052],[93.81701,24.35099],[93.81668,24.35337],[93.81552,24.35524],[93.81544,24.35786],[93.8144,24.35867],[93.81285,24.35892],[93.8093,24.35446],[93.80935,24.35344],[93.80996,24.34875],[93.81293,24.34645],[93.81457,24.34363],[93.81226,24.34333],[93.81054,24.34399],[93.80909,24.34269],[93.8077,24.3452],[93.80654,24.34594],[93.80395,24.35136],[93.80453,24.35479],[93.80574,24.35622],[93.80594,24.3573],[93.80791,24.3594],[93.80747,24.36245],[93.80467,24.36236],[93.80226,24.35916],[93.80122,24.35888],[93.80097,24.35922],[93.80288,24.36164],[93.8027,24.36228],[93.80184,24.36213],[93.79946,24.36028],[93.79889,24.36182],[93.79812,24.36205],[93.79444,24.3565],[93.79347,24.35575],[93.79386,24.35784],[93.79526,24.35939],[93.79609,24.36133],[93.7987,24.36364],[93.79822,24.36539],[93.79889,24.36657],[93.79582,24.36689],[93.79546,24.3656],[93.79401,24.36426],[93.79286,24.36383],[93.79193,24.36403],[93.79073,24.36249],[93.78718,24.36015],[93.78233,24.35937],[93.78133,24.3586],[93.77913,24.35902],[93.7784,24.36007],[93.7808,24.36102],[93.78143,24.36144],[93.78135,24.36203],[93.77617,24.3636],[93.77533,24.36455],[93.7762,24.36488],[93.78297,24.36442],[93.78325,24.36507],[93.78089,24.36691],[93.78097,24.36752],[93.7843,24.3667],[93.78712,24.36689],[93.78949,24.36759],[93.78968,24.37024],[93.78805,24.37118],[93.78861,24.37348],[93.7834,24.37459],[93.78154,24.37432],[93.78031,24.37553],[93.77582,24.37489],[93.77272,24.37306],[93.77188,24.37299],[93.77136,24.37395],[93.77314,24.37691],[93.77225,24.37727],[93.76936,24.37654],[93.76918,24.37822],[93.76758,24.3791],[93.76771,24.37976],[93.769,24.38033],[93.77388,24.38007],[93.77044,24.38428],[93.76987,24.38687],[93.77075,24.38919],[93.77206,24.39018],[93.77279,24.38903],[93.77327,24.38601],[93.77463,24.38226],[93.77917,24.37876],[93.78228,24.37786],[93.78347,24.3781],[93.78106,24.38096],[93.78178,24.38132],[93.78107,24.38389],[93.78148,24.38623],[93.7828,24.38484],[93.78339,24.3811],[93.78487,24.38022],[93.7855,24.37727],[93.78597,24.37705],[93.78867,24.37693],[93.78999,24.37603],[93.79109,24.37596],[93.79244,24.37661],[93.79456,24.37649],[93.79503,24.37605],[93.79511,24.37404],[93.79596,24.37334],[93.79668,24.37355],[93.79694,24.37444],[93.79887,24.37631],[93.80139,24.37656],[93.80259,24.37433],[93.80322,24.3743],[93.8039,24.37626],[93.80579,24.37662],[93.80537,24.37806],[93.80431,24.3788],[93.80563,24.37901],[93.80582,24.38065],[93.80489,24.38156],[93.80487,24.38227],[93.80658,24.38363],[93.80511,24.38489],[93.80515,24.38556],[93.80666,24.38655],[93.80626,24.38878],[93.80834,24.38946],[93.81219,24.38968],[93.81292,24.39101],[93.81227,24.39205],[93.80892,24.39342],[93.80702,24.39566],[93.80717,24.39749],[93.80584,24.39847],[93.80451,24.39801],[93.80459,24.39604],[93.80394,24.39482],[93.80282,24.39536],[93.80104,24.3939],[93.79964,24.39431],[93.79795,24.3932],[93.79736,24.39381],[93.79707,24.39545],[93.79465,24.39496],[93.79373,24.39591],[93.79298,24.39528],[93.79235,24.39544],[93.7922,24.39791],[93.79546,24.39872],[93.79432,24.40128],[93.79255,24.40149],[93.78397,24.40048],[93.78324,24.4014],[93.78306,24.40271],[93.78413,24.40532],[93.78616,24.40771],[93.79065,24.40912],[93.79061,24.41033],[93.78792,24.41175],[93.78918,24.41268],[93.78834,24.41367],[93.78952,24.41453],[93.78944,24.41583],[93.79101,24.41648],[93.79302,24.4154],[93.79548,24.4155],[93.79293,24.41866],[93.79213,24.42043],[93.79222,24.42184],[93.79374,24.42174],[93.79269,24.42316],[93.79279,24.42441],[93.79771,24.42293],[93.79966,24.42341],[93.79909,24.42425],[93.79741,24.42521],[93.79718,24.42602],[93.79898,24.42691],[93.79818,24.42852],[93.79885,24.4298],[93.80038,24.43088],[93.80052,24.43172],[93.79923,24.43197],[93.79745,24.43046],[93.79524,24.42983],[93.79313,24.43028],[93.79193,24.42887],[93.78717,24.42995],[93.78408,24.42903],[93.78172,24.42932],[93.78306,24.4264],[93.7822,24.42507],[93.78422,24.42512],[93.78595,24.42435],[93.78607,24.42292],[93.78746,24.42212],[93.78668,24.42116],[93.78694,24.41986],[93.78611,24.41977],[93.78555,24.4191],[93.78732,24.41761],[93.78652,24.41696],[93.78631,24.41593],[93.78478,24.41507],[93.78398,24.41399],[93.78211,24.41376],[93.7802,24.41249],[93.77972,24.4128],[93.77971,24.41478],[93.77897,24.41503],[93.77874,24.41606],[93.7767,24.41469],[93.77574,24.4149],[93.77393,24.4167],[93.77282,24.41644],[93.77338,24.41442],[93.7754,24.41206],[93.77609,24.41032],[93.77507,24.40861],[93.77562,24.40563],[93.77478,24.40572],[93.77428,24.40653],[93.77394,24.40608],[93.77294,24.4047],[93.77327,24.40306],[93.77285,24.40184],[93.76826,24.40148],[93.7678,24.40291],[93.76717,24.40327],[93.76614,24.40241],[93.76468,24.40221],[93.76246,24.40419],[93.76232,24.40555],[93.76122,24.40502],[93.75937,24.40533],[93.75781,24.40666],[93.75797,24.40255],[93.75705,24.40257],[93.75642,24.4032],[93.75443,24.40332],[93.75304,24.40394],[93.7529,24.405],[93.752,24.40565],[93.75139,24.40523],[93.75029,24.40554],[93.74958,24.40831],[93.74893,24.40903],[93.74681,24.4094],[93.74372,24.40725],[93.74506,24.40544],[93.74347,24.4047],[93.74394,24.40275],[93.74103,24.40029],[93.74059,24.4025],[93.73992,24.40255],[93.7383,24.40095],[93.73741,24.39729],[93.73652,24.39821],[93.73557,24.40085],[93.73305,24.40356],[93.73299,24.4045],[93.73083,24.40642],[93.73154,24.40824],[93.73277,24.4095],[93.73194,24.41275],[93.73112,24.41344],[93.72796,24.41341],[93.72584,24.41467],[93.72431,24.41674],[93.72693,24.41883],[93.72173,24.4198],[93.71892,24.42121],[93.71432,24.42499],[93.7049,24.43003],[93.7032,24.43171],[93.70377,24.43309],[93.70839,24.43329],[93.70912,24.43394],[93.70823,24.43655],[93.70916,24.43718],[93.70939,24.43808],[93.71095,24.4389],[93.71015,24.44076],[93.71084,24.44173],[93.71123,24.44443],[93.71218,24.4454],[93.71181,24.44634],[93.71301,24.4483],[93.71182,24.44858],[93.7119,24.44905],[93.71383,24.45049],[93.71407,24.45292],[93.71481,24.45242],[93.71517,24.45353],[93.7163,24.45371],[93.71642,24.45462],[93.71812,24.45725],[93.72144,24.45848],[93.72155,24.45881],[93.72032,24.45968],[93.72051,24.46037],[93.72326,24.46151],[93.72322,24.46185],[93.7209,24.46245],[93.72335,24.46321],[93.72354,24.46377],[93.72122,24.46533],[93.71998,24.46497],[93.71965,24.46626],[93.71886,24.46686],[93.72049,24.46949],[93.72294,24.46993],[93.72291,24.47082],[93.72101,24.4716],[93.71778,24.47134],[93.71767,24.47285],[93.71912,24.47223],[93.72227,24.47324],[93.72176,24.47388],[93.7222,24.475],[93.72695,24.48226],[93.72607,24.48477],[93.72724,24.48444],[93.72837,24.48505],[93.72995,24.4846],[93.73024,24.48503],[93.72723,24.48759],[93.72924,24.48774],[93.72954,24.4885],[93.72808,24.49092],[93.72821,24.49225],[93.72692,24.49328],[93.72761,24.49404],[93.72781,24.49546],[93.72542,24.49627],[93.72699,24.49688],[93.72729,24.50005],[93.72839,24.50078],[93.72512,24.50404],[93.72695,24.50603],[93.72727,24.50807],[93.73116,24.51044],[93.73203,24.51216],[93.7305,24.51558],[93.73137,24.51803],[93.73038,24.51826],[93.72924,24.51763],[93.72863,24.51946],[93.72955,24.52066],[93.73065,24.52014],[93.73242,24.52109],[93.73181,24.52282],[93.72999,24.52362],[93.72991,24.5241],[93.73068,24.52466],[93.73142,24.52632],[93.7306,24.52696],[93.73134,24.52764],[93.73066,24.52945],[93.73139,24.53087],[93.73137,24.53302],[93.73028,24.53491],[93.7327,24.53792],[93.73229,24.54187],[93.73316,24.54551],[93.73159,24.54657],[93.73224,24.54911],[93.73001,24.55077],[93.73015,24.554],[93.73064,24.55485],[93.72847,24.55576],[93.72832,24.5562],[93.72895,24.55717],[93.73142,24.55665],[93.73186,24.5571],[93.73201,24.55883],[93.73093,24.56179],[93.7328,24.56145],[93.73303,24.5622],[93.73181,24.56346],[93.73105,24.5654],[93.72867,24.56699],[93.73073,24.56723],[93.7298,24.57002],[93.72654,24.57053],[93.72555,24.57126],[93.72607,24.5717],[93.72945,24.57143],[93.72951,24.57195],[93.72795,24.57341],[93.7297,24.57312],[93.73027,24.57348],[93.73009,24.57519],[93.73085,24.57635],[93.72963,24.57831],[93.73035,24.57872],[93.73169,24.57865],[93.73156,24.58043],[93.73251,24.57964],[93.73522,24.58006],[93.73482,24.58168],[93.73526,24.58486],[93.73469,24.58751],[93.73585,24.58814],[93.73556,24.58981],[93.7368,24.59026],[93.73717,24.5909],[93.73715,24.59513],[93.73521,24.59955],[93.73656,24.59955],[93.73697,24.6],[93.7347,24.60229],[93.73506,24.60386],[93.73468,24.60445],[93.73659,24.60475],[93.73554,24.60627],[93.73629,24.60659],[93.73732,24.60631],[93.73741,24.60732],[93.73875,24.60713],[93.73919,24.60756],[93.73907,24.6094],[93.73792,24.61179],[93.73686,24.61288],[93.73515,24.61305],[93.7347,24.61369],[93.73493,24.62129],[93.73677,24.62294],[93.73842,24.62308],[93.73851,24.62413],[93.73955,24.62392],[93.74212,24.6253],[93.74242,24.62902],[93.74587,24.63813],[93.74679,24.63969],[93.74902,24.6414],[93.75021,24.64389],[93.75033,24.64711],[93.74975,24.64887],[93.75008,24.65194],[93.75123,24.65549],[93.75083,24.65685],[93.75155,24.66252],[93.74875,24.669],[93.74882,24.67142],[93.74998,24.6728],[93.75026,24.67408],[93.74951,24.67824],[93.7498,24.68186],[93.7523,24.68434],[93.75348,24.68625],[93.75528,24.68697],[93.75759,24.68687],[93.76279,24.68478],[93.76347,24.68487],[93.76425,24.68682],[93.76539,24.68775],[93.76633,24.69057],[93.76851,24.69311],[93.76814,24.69499],[93.76652,24.69827],[93.76825,24.69841],[93.7692,24.69953],[93.7698,24.7009],[93.7696,24.70425],[93.77075,24.70528],[93.77153,24.70747],[93.77107,24.71109],[93.76965,24.71554],[93.77071,24.71676],[93.77081,24.71963],[93.77196,24.72143],[93.77222,24.72346],[93.7718,24.72526],[93.77471,24.72938],[93.77445,24.73118],[93.77244,24.73357],[93.77867,24.73841],[93.7851,24.73743],[93.79079,24.74007],[93.79434,24.73879],[93.7983,24.7402],[93.80143,24.73884],[93.80497,24.73621],[93.81011,24.73379],[93.81285,24.7349],[93.81676,24.73327],[93.8187,24.7333],[93.82155,24.73255],[93.82313,24.7314],[93.82626,24.73075],[93.82769,24.72996],[93.82897,24.72847],[93.82841,24.72371],[93.8315,24.72204],[93.83418,24.7216],[93.83824,24.72712],[93.8493,24.73052],[93.85479,24.73399],[93.85846,24.73567],[93.86324,24.73905],[93.8671,24.73999],[93.86879,24.73895],[93.86982,24.73473],[93.87123,24.72574],[93.87107,24.71857]]]}},{"id":"1","type":"Feature","properties":{"state":"MANIPUR","state_lgd":"14","district":"CHANDEL","district_lgd":"280"},"geometry":{"type":"Polygon","coordinates":[[[93.96428,24.50339],[93.96684,24.50206],[93.96867,24.50269],[93.96973,24.50251],[93.97144,24.50036],[93.97032,24.49875],[93.96777,24.49842],[93.96531,24.49344],[93.96514,24.49212],[93.96813,24.49025],[93.96775,24.48796],[93.97145,24.48479],[93.97214,24.48513],[93.97229,24.48611],[93.97306,24.48693],[93.97715,24.48652],[93.98019,24.48741],[93.98092,24.48825],[93.98181,24.48838],[93.98263,24.48653],[93.98383,24.48529],[93.98319,24.48305],[93.9786,24.48432],[93.97669,24.4829],[93.97739,24.48187],[93.97741,24.47922],[93.97835,24.47778],[93.97969,24.4769],[93.97762,24.47441],[93.9784,24.47316],[93.97745,24.47149],[93.97894,24.46964],[93.97781,24.46746],[93.97891,24.46471],[93.97848,24.46353],[93.97962,24.46247],[93.98111,24.46232],[93.98362,24.46022],[93.98715,24.46627],[93.99236,24.46862],[93.9933,24.46774],[93.99467,24.46765],[93.99605,24.46559],[93.99603,24.46503],[93.99431,24.46474],[93.99457,24.46357],[93.9959,24.4635],[93.99668,24.46228],[94.00207,24.46055],[94.00296,24.45951],[94.00442,24.45947],[94.00441,24.45888],[94.00261,24.45723],[94.0032,24.45583],[94.00291,24.45496],[94.0021,24.45474],[94.00042,24.45541],[94.0,24.45504],[94.00094,24.45363],[94.00126,24.45182],[94.002,24.45139],[94.00288,24.44825],[94.0057,24.44669],[94.0049,24.44559],[94.00321,24.44585],[94.0006,24.44832],[93.99844,24.44813],[93.99674,24.44952],[93.99593,24.44835],[93.9946,24.44957],[93.9935,24.4499],[93.99299,24.44945],[93.99417,24.44731],[93.99089,24.44729],[93.99055,24.44687],[93.99093,24.44657],[93.99312,24.44661],[93.99319,24.44566],[93.99697,24.4466],[93.9986,24.44618],[93.9993,24.44714],[94.0,24.44717],[94.00107,24.4467],[94.00446,24.44334],[94.00577,24.44463],[94.00909,24.44485],[94.01065,24.4441],[94.01247,24.44483],[94.01254,24.44422],[94.01154,24.44345],[94.01272,24.44217],[94.01053,24.44035],[94.01091,24.43969],[94.01211,24.44022],[94.0127,24.43891],[94.01245,24.43851],[94.01123,24.43843],[94.0114,24.43723],[94.01251,24.43744],[94.01401,24.4355],[94.01646,24.43498],[94.01901,24.43602],[94.02092,24.43857],[94.02114,24.44372],[94.0226,24.44489],[94.02383,24.44518],[94.02442,24.44689],[94.02615,24.44626],[94.02865,24.44656],[94.03039,24.44385],[94.03079,24.4471],[94.03316,24.44694],[94.03353,24.44823],[94.03453,24.44852],[94.0375,24.44793],[94.03879,24.44908],[94.04336,24.4456],[94.04388,24.44337],[94.04676,24.43957],[94.04687,24.43882],[94.04863,24.43757],[94.04987,24.43505],[94.05077,24.4352],[94.05257,24.43461],[94.05354,24.4333],[94.05421,24.43343],[94.05451,24.43221],[94.05586,24.432],[94.05659,24.43043],[94.06069,24.42858],[94.06155,24.42766],[94.06246,24.42776],[94.06356,24.42674],[94.06431,24.42459],[94.06391,24.42353],[94.06429,24.42154],[94.06584,24.42099],[94.06705,24.41906],[94.06822,24.41861],[94.07256,24.41843],[94.0758,24.41742],[94.0774,24.41581],[94.07813,24.41414],[94.08172,24.41161],[94.08382,24.40912],[94.08724,24.40803],[94.08902,24.40685],[94.09059,24.40664],[94.09275,24.403],[94.09537,24.40078],[94.09688,24.39993],[94.10101,24.39887],[94.10357,24.40079],[94.10382,24.40278],[94.10455,24.40326],[94.1071,24.40277],[94.11219,24.40025],[94.1142,24.40039],[94.11416,24.39816],[94.11608,24.39518],[94.11641,24.39324],[94.11837,24.39194],[94.12216,24.3919],[94.12345,24.39227],[94.12487,24.39114],[94.12579,24.39146],[94.12849,24.391],[94.12975,24.39023],[94.13111,24.39163],[94.13288,24.39033],[94.13373,24.38831],[94.13552,24.38766],[94.13945,24.38915],[94.14062,24.38905],[94.14227,24.38836],[94.14303,24.38721],[94.14518,24.38659],[94.14633,24.38341],[94.14689,24.38355],[94.14696,24.38524],[94.14771,24.3853],[94.15066,24.3807],[94.15679,24.37829],[94.15771,24.37746],[94.15842,24.37767],[94.15873,24.37608],[94.16047,24.37366],[94.16224,24.37269],[94.16264,24.37129],[94.16018,24.36771],[94.15828,24.36621],[94.15467,24.36175],[94.15479,24.35946],[94.15349,24.35858],[94.15397,24.35691],[94.15271,24.35606],[94.15342,24.35503],[94.15519,24.35459],[94.15564,24.35408],[94.15211,24.3532],[94.15353,24.35215],[94.15263,24.35137],[94.15294,24.35056],[94.15683,24.35006],[94.15681,24.34959],[94.15459,24.34833],[94.15377,24.34724],[94.15189,24.34665],[94.15124,24.34509],[94.14508,24.34416],[94.14298,24.34318],[94.14083,24.33834],[94.14096,24.33457],[94.14053,24.33328],[94.14141,24.32764],[94.1426,24.32588],[94.14301,24.32396],[94.14415,24.32287],[94.14641,24.32185],[94.14448,24.31997],[94.14508,24.31881],[94.14878,24.31791],[94.14998,24.31567],[94.15068,24.31541],[94.15374,24.31467],[94.15643,24.31516],[94.15575,24.31277],[94.15618,24.31202],[94.16327,24.30731],[94.16563,24.30678],[94.16687,24.30596],[94.17005,24.30157],[94.17156,24.3007],[94.17443,24.30005],[94.17746,24.29557],[94.18343,24.29145],[94.1955,24.28975],[94.19655,24.2889],[94.20069,24.28841],[94.20174,24.2875],[94.20423,24.28237],[94.20582,24.28103],[94.21245,24.2775],[94.21706,24.27626],[94.22012,24.27601],[94.22122,24.27214],[94.22417,24.26853],[94.22572,24.2658],[94.22736,24.26432],[94.23299,24.26219],[94.23551,24.26077],[94.2407,24.2603],[94.24677,24.25633],[94.24891,24.25682],[94.25273,24.25609],[94.25469,24.25512],[94.25573,24.25389],[94.25336,24.25227],[94.25172,24.25039],[94.24922,24.25164],[94.24852,24.25119],[94.24836,24.25041],[94.25026,24.24818],[94.24991,24.24712],[94.24806,24.24753],[94.24562,24.24671],[94.24411,24.24761],[94.23849,24.2463],[94.23532,24.248],[94.23325,24.24651],[94.23129,24.24838],[94.23071,24.24657],[94.22749,24.24853],[94.22536,24.2476],[94.2249,24.24695],[94.22524,24.24533],[94.22137,24.24339],[94.21976,24.24137],[94.22004,24.24015],[94.21936,24.23906],[94.22057,24.23728],[94.22038,24.23689],[94.21829,24.23545],[94.21566,24.23444],[94.21275,24.23004],[94.21147,24.22946],[94.21021,24.23028],[94.20904,24.22918],[94.20704,24.22906],[94.20479,24.22727],[94.20434,24.22614],[94.20273,24.22536],[94.20237,24.22379],[94.19833,24.22001],[94.19824,24.21866],[94.19737,24.21824],[94.19525,24.21874],[94.18894,24.21457],[94.18577,24.2134],[94.18497,24.21223],[94.18147,24.21226],[94.18067,24.21151],[94.17805,24.21131],[94.17665,24.20551],[94.17536,24.20385],[94.17538,24.20212],[94.17247,24.19717],[94.172,24.19454],[94.17117,24.19318],[94.1718,24.19166],[94.17139,24.18751],[94.17011,24.18502],[94.16412,24.18349],[94.16419,24.17876],[94.16528,24.177],[94.16487,24.1753],[94.16404,24.17404],[94.16079,24.17204],[94.15978,24.16959],[94.1602,24.16794],[94.15808,24.16318],[94.15704,24.15874],[94.15699,24.15594],[94.15415,24.15057],[94.15352,24.14696],[94.15479,24.14519],[94.15561,24.14182],[94.15666,24.14144],[94.15735,24.14229],[94.15808,24.14151],[94.16041,24.1413],[94.1587,24.13936],[94.15908,24.13852],[94.16122,24.13828],[94.16239,24.13662],[94.16378,24.13671],[94.16378,24.13509],[94.16552,24.13539],[94.16787,24.13483],[94.17084,24.13546],[94.17344,24.13385],[94.17619,24.13414],[94.17741,24.13277],[94.17964,24.1335],[94.18042,24.13173],[94.17966,24.13079],[94.1798,24.13018],[94.18238,24.13074],[94.18336,24.12898],[94.18455,24.12923],[94.1851,24.1287],[94.18643,24.12859],[94.18747,24.12584],[94.18874,24.1269],[94.19014,24.12675],[94.19054,24.12552],[94.18978,24.12425],[94.19071,24.12391],[94.19256,24.12414],[94.19494,24.12298],[94.19426,24.12141],[94.1966,24.12243],[94.19779,24.12179],[94.19989,24.12237],[94.2021,24.12188],[94.20414,24.11974],[94.20636,24.12192],[94.20682,24.12174],[94.20687,24.12026],[94.21007,24.12145],[94.21001,24.12025],[94.21214,24.1169],[94.21276,24.11635],[94.21442,24.11634],[94.21488,24.115],[94.2165,24.11483],[94.21727,24.11627],[94.21825,24.11684],[94.21848,24.11548],[94.22124,24.11504],[94.2211,24.1138],[94.22352,24.11388],[94.22336,24.11512],[94.22539,24.11403],[94.22737,24.11587],[94.22687,24.11841],[94.22842,24.12047],[94.22953,24.12038],[94.23045,24.11865],[94.23175,24.11884],[94.23085,24.12162],[94.22895,24.12341],[94.22928,24.12381],[94.23123,24.12317],[94.23257,24.1221],[94.23473,24.12163],[94.23421,24.12033],[94.23455,24.11974],[94.2378,24.1188],[94.23935,24.12007],[94.24118,24.11993],[94.24203,24.11899],[94.24164,24.11517],[94.24281,24.11406],[94.24306,24.11256],[94.24677,24.11338],[94.24744,24.11163],[94.2493,24.11006],[94.25099,24.10947],[94.25203,24.10678],[94.25482,24.10533],[94.25412,24.09212],[94.25154,24.08191],[94.24583,24.07155],[94.24273,24.06854],[94.23895,24.05778],[94.23661,24.05694],[94.23068,24.05742],[94.22995,24.05547],[94.23447,24.04306],[94.234,24.03929],[94.21578,24.01362],[94.19855,23.98791],[94.18734,23.9646],[94.18686,23.94128],[94.18479,23.93877],[94.18061,23.93692],[94.17603,23.93327],[94.16937,23.93134],[94.16535,23.92964],[94.1622,23.91958],[94.15846,23.88772],[94.15696,23.86352],[94.15503,23.85524],[94.15397,23.85315],[94.15147,23.85247],[94.14081,23.85384],[94.13763,23.85242],[94.13571,23.84914],[94.13314,23.84149],[94.12556,23.8333],[94.12067,23.83285],[94.1085,23.84755],[94.10229,23.8561],[94.09535,23.87154],[94.0843,23.88143],[94.06902,23.88127],[94.06217,23.88057],[94.04682,23.88818],[94.03315,23.89724],[94.01934,23.91198],[94.00526,23.91895],[93.9985,23.92002],[93.9954,23.92379],[93.9935,23.92441],[93.99347,23.92527],[93.99131,23.92595],[93.99155,23.92711],[93.9912,23.92756],[93.98875,23.92822],[93.98511,23.92684],[93.9807,23.92875],[93.97699,23.92658],[93.97573,23.92469],[93.97467,23.92578],[93.9693,23.92642],[93.9676,23.92835],[93.96409,23.92964],[93.96194,23.92949],[93.96221,23.92829],[93.96159,23.92792],[93.95833,23.92946],[93.95783,23.93062],[93.95683,23.93081],[93.95442,23.93246],[93.95514,23.9343],[93.95305,23.9363],[93.94997,23.94179],[93.94755,23.94277],[93.94595,23.94444],[93.94474,23.94491],[93.94423,23.94626],[93.93962,23.94698],[93.93803,23.94803],[93.93577,23.94838],[93.93046,23.95025],[93.92804,23.94962],[93.92498,23.95083],[93.92081,23.95114],[93.91949,23.95173],[93.91639,23.95102],[93.91541,23.9514],[93.91216,23.95038],[93.90577,23.95047],[93.90259,23.94995],[93.89891,23.95083],[93.8937,23.95314],[93.89374,23.95169],[93.89231,23.94981],[93.88732,23.94535],[93.88528,23.94446],[93.88288,23.94182],[93.8783,23.94234],[93.87199,23.94126],[93.8698,23.93835],[93.8607,23.93318],[93.85937,23.93197],[93.85297,23.93281],[93.85037,23.93193],[93.84735,23.93252],[93.84449,23.93232],[93.84181,23.93145],[93.83999,23.93202],[93.83474,23.93018],[93.83327,23.92734],[93.83129,23.92659],[93.82481,23.92653],[93.82184,23.92407],[93.81966,23.9237],[93.8188,23.92385],[93.81836,23.92475],[93.81645,23.9255],[93.81596,23.92633],[93.8133,23.92592],[93.81126,23.92671],[93.80738,23.92708],[93.80671,23.9279],[93.8047,23.92863],[93.80402,23.92972],[93.80181,23.93072],[93.79977,23.93264],[93.80084,23.93829],[93.79974,23.93946],[93.79964,23.94147],[93.79837,23.94179],[93.79912,23.94292],[93.79793,23.94388],[93.79847,23.94523],[93.79768,23.9463],[93.79763,23.94767],[93.79494,23.95056],[93.79386,23.95117],[93.79253,23.95123],[93.79239,23.95259],[93.79087,23.95326],[93.7909,23.95399],[93.78987,23.95534],[93.78911,23.95543],[93.78803,23.95676],[93.78725,23.95877],[93.78611,23.95878],[93.78518,23.9617],[93.7828,23.96109],[93.78168,23.96131],[93.77947,23.96301],[93.78004,23.9645],[93.77808,23.965],[93.77634,23.96679],[93.77499,23.96705],[93.77457,23.96821],[93.77409,23.96827],[93.77326,23.96742],[93.77287,23.9685],[93.77174,23.96892],[93.77186,23.96942],[93.77314,23.9699],[93.77217,23.97082],[93.77359,23.97108],[93.77259,23.97169],[93.77052,23.97448],[93.77051,23.97534],[93.77123,23.97628],[93.77008,23.97648],[93.77014,23.97819],[93.769,23.97915],[93.76887,23.98024],[93.76788,23.98135],[93.76862,23.98236],[93.76744,23.98278],[93.76728,23.98398],[93.76556,23.98464],[93.76552,23.98567],[93.76476,23.98628],[93.76531,23.98709],[93.76456,23.98859],[93.76495,23.99006],[93.76217,23.99121],[93.76327,23.99346],[93.76231,23.99351],[93.76228,23.99431],[93.76341,23.99466],[93.76199,23.99618],[93.76137,24.00003],[93.75973,24.00081],[93.75928,24.00151],[93.75939,24.00366],[93.75777,24.00304],[93.75678,24.00386],[93.75518,24.00427],[93.7542,24.00542],[93.7536,24.00464],[93.75299,24.00505],[93.75204,24.00474],[93.7509,24.00503],[93.7473,24.00279],[93.74558,24.00314],[93.7442,24.00268],[93.74303,24.00467],[93.74072,24.0057],[93.73986,24.00721],[93.73954,24.01145],[93.73989,24.01489],[93.74257,24.01755],[93.74469,24.02764],[93.74702,24.03149],[93.74764,24.03409],[93.75101,24.03964],[93.7542,24.0417],[93.75485,24.04259],[93.75514,24.04876],[93.75838,24.05302],[93.75907,24.05847],[93.76195,24.06405],[93.76141,24.06744],[93.76598,24.07193],[93.76596,24.07649],[93.76664,24.07923],[93.77001,24.08371],[93.76956,24.09114],[93.77382,24.0947],[93.77458,24.09588],[93.7758,24.10048],[93.77573,24.10605],[93.77327,24.11191],[93.77296,24.11387],[93.77132,24.11558],[93.77132,24.11801],[93.77229,24.12347],[93.77507,24.12691],[93.77509,24.13014],[93.77661,24.13375],[93.7794,24.13708],[93.78125,24.14103],[93.78295,24.14181],[93.78572,24.14205],[93.78898,24.14517],[93.79322,24.14717],[93.79625,24.14673],[93.80047,24.1489],[93.80224,24.15043],[93.80643,24.15626],[93.80868,24.15843],[93.81,24.16135],[93.8097,24.16538],[93.81047,24.16728],[93.81168,24.16871],[93.81896,24.17486],[93.82577,24.17782],[93.82666,24.18047],[93.83108,24.18434],[93.83339,24.18547],[93.83609,24.18582],[93.83695,24.18669],[93.83759,24.18861],[93.83772,24.19407],[93.84014,24.1971],[93.84422,24.19777],[93.84499,24.19961],[93.84525,24.20319],[93.84665,24.20658],[93.8486,24.20857],[93.85108,24.21379],[93.8528,24.21416],[93.85393,24.21348],[93.85728,24.2091],[93.86042,24.20673],[93.86124,24.20672],[93.86379,24.20828],[93.86649,24.20789],[93.87021,24.20873],[93.87139,24.20753],[93.87413,24.20077],[93.87668,24.19917],[93.87859,24.19922],[93.88393,24.20202],[93.88477,24.20288],[93.88624,24.20201],[93.88708,24.20351],[93.88894,24.20395],[93.89094,24.20269],[93.89407,24.20193],[93.89736,24.19942],[93.90023,24.20337],[93.90068,24.20474],[93.89949,24.20654],[93.89478,24.20794],[93.89204,24.20928],[93.89078,24.21034],[93.89029,24.21154],[93.89489,24.21884],[93.89466,24.22332],[93.89291,24.2261],[93.89291,24.22703],[93.89358,24.2276],[93.89566,24.22755],[93.89639,24.22826],[93.89924,24.2338],[93.89943,24.23719],[93.90026,24.23755],[93.90239,24.2368],[93.90271,24.23751],[93.90364,24.23751],[93.90282,24.24077],[93.89963,24.24406],[93.89762,24.25027],[93.89889,24.25084],[93.89873,24.25225],[93.90078,24.252],[93.90178,24.25233],[93.90284,24.25401],[93.90199,24.25457],[93.90039,24.25307],[93.89801,24.2533],[93.89715,24.25364],[93.89636,24.25522],[93.89466,24.25678],[93.89427,24.2583],[93.89317,24.25726],[93.8923,24.25767],[93.8908,24.25943],[93.89015,24.26104],[93.89033,24.2622],[93.89246,24.26392],[93.88853,24.26457],[93.88826,24.26529],[93.88933,24.26678],[93.89167,24.2679],[93.8901,24.26899],[93.88772,24.26949],[93.88622,24.26869],[93.88554,24.26869],[93.88498,24.2693],[93.88436,24.27152],[93.89022,24.27226],[93.89318,24.27359],[93.89387,24.27466],[93.89032,24.27455],[93.89024,24.27556],[93.89195,24.27779],[93.89158,24.27839],[93.89031,24.2776],[93.88954,24.27823],[93.88853,24.27598],[93.88712,24.27682],[93.88609,24.2757],[93.88543,24.27618],[93.88574,24.27819],[93.88447,24.27877],[93.88455,24.27935],[93.88644,24.28022],[93.8867,24.28092],[93.88614,24.28217],[93.88432,24.28391],[93.88513,24.28817],[93.88294,24.28925],[93.8842,24.29173],[93.88096,24.29296],[93.88072,24.2942],[93.88296,24.29685],[93.88379,24.29702],[93.8858,24.29662],[93.88615,24.2952],[93.88726,24.29442],[93.89122,24.29625],[93.89274,24.29604],[93.89381,24.29535],[93.90146,24.29458],[93.90018,24.29652],[93.90098,24.29829],[93.89792,24.3016],[93.89744,24.30269],[93.89857,24.3059],[93.89677,24.30625],[93.89671,24.30711],[93.89612,24.30709],[93.8987,24.31036],[93.89884,24.31177],[93.89781,24.31167],[93.89666,24.30976],[93.89557,24.30993],[93.8942,24.31129],[93.89182,24.3109],[93.89052,24.31203],[93.89044,24.31276],[93.89131,24.31384],[93.89037,24.31591],[93.89136,24.31679],[93.89049,24.31772],[93.89068,24.31817],[93.89252,24.31893],[93.89316,24.32034],[93.89692,24.32158],[93.89752,24.32268],[93.89692,24.32399],[93.89717,24.32495],[93.89933,24.32561],[93.89829,24.32939],[93.90109,24.33007],[93.90107,24.33084],[93.89943,24.33243],[93.89603,24.33445],[93.8948,24.33705],[93.8951,24.3416],[93.89476,24.34566],[93.89325,24.35134],[93.89515,24.3523],[93.89572,24.3552],[93.89675,24.35528],[93.89799,24.35436],[93.89931,24.35555],[93.89961,24.35826],[93.90341,24.35698],[93.90353,24.35774],[93.90277,24.35829],[93.89976,24.35872],[93.8992,24.36277],[93.89734,24.36336],[93.89678,24.36436],[93.8972,24.36593],[93.89802,24.36667],[93.90047,24.36651],[93.90337,24.36701],[93.90305,24.36796],[93.90081,24.36843],[93.89985,24.3694],[93.90041,24.37088],[93.90334,24.37046],[93.90377,24.3709],[93.90235,24.37235],[93.90322,24.37387],[93.90199,24.37507],[93.9026,24.37676],[93.90265,24.37892],[93.90811,24.37969],[93.90962,24.37933],[93.90973,24.3779],[93.91067,24.37734],[93.91073,24.37632],[93.91168,24.3754],[93.9116,24.37775],[93.91041,24.38121],[93.90785,24.38341],[93.9066,24.38533],[93.90924,24.3852],[93.91231,24.38278],[93.91623,24.37617],[93.91626,24.37705],[93.91489,24.38008],[93.91562,24.38044],[93.91438,24.38106],[93.91397,24.38183],[93.91489,24.38567],[93.91315,24.38732],[93.91433,24.38913],[93.91431,24.39016],[93.91368,24.39071],[93.91129,24.39095],[93.91053,24.39171],[93.91029,24.39339],[93.91072,24.39508],[93.91252,24.39712],[93.91131,24.40122],[93.91058,24.40192],[93.91413,24.40294],[93.91455,24.40482],[93.9125,24.40593],[93.91193,24.40468],[93.91,24.40459],[93.90882,24.40515],[93.90862,24.40588],[93.91114,24.40725],[93.91069,24.40882],[93.91262,24.40904],[93.91208,24.41039],[93.91279,24.41118],[93.91437,24.41059],[93.91467,24.40884],[93.91621,24.40747],[93.9173,24.41018],[93.9179,24.41042],[93.91853,24.40936],[93.91996,24.40863],[93.92049,24.41018],[93.92244,24.41111],[93.9194,24.41565],[93.91947,24.4163],[93.92083,24.41736],[93.92116,24.41925],[93.92041,24.4206],[93.9206,24.42135],[93.92173,24.42228],[93.92533,24.42128],[93.92533,24.42083],[93.92368,24.41956],[93.92514,24.41767],[93.92642,24.41726],[93.92634,24.41564],[93.92691,24.41537],[93.92664,24.41413],[93.92529,24.41413],[93.92585,24.411],[93.92734,24.40931],[93.92604,24.40653],[93.92696,24.40669],[93.92917,24.40949],[93.9291,24.4109],[93.93076,24.41356],[93.9305,24.41463],[93.9322,24.4153],[93.93234,24.41961],[93.93569,24.41936],[93.93689,24.41795],[93.93781,24.41759],[93.94016,24.41987],[93.94042,24.42153],[93.94161,24.42269],[93.94411,24.42333],[93.94696,24.42285],[93.94974,24.42366],[93.94645,24.42455],[93.94499,24.42433],[93.94186,24.42499],[93.93981,24.42448],[93.93834,24.42473],[93.93591,24.42696],[93.93591,24.42748],[93.93718,24.42865],[93.93455,24.42965],[93.9337,24.4329],[93.93449,24.43319],[93.93656,24.43245],[93.93833,24.43276],[93.94019,24.43195],[93.94019,24.43321],[93.94162,24.43385],[93.94267,24.43271],[93.94423,24.43297],[93.94447,24.43128],[93.94563,24.43195],[93.94728,24.43077],[93.94852,24.43074],[93.94815,24.43197],[93.94874,24.43356],[93.94509,24.4341],[93.94438,24.43467],[93.94462,24.43507],[93.94918,24.43567],[93.95255,24.43522],[93.95558,24.43669],[93.95646,24.43834],[93.9541,24.43972],[93.95281,24.44223],[93.95219,24.44245],[93.95097,24.44185],[93.94768,24.4427],[93.94559,24.44216],[93.94452,24.44431],[93.94157,24.44132],[93.93994,24.44168],[93.93924,24.44263],[93.94065,24.44357],[93.94526,24.44887],[93.94696,24.44875],[93.9519,24.44685],[93.95498,24.4463],[93.95552,24.44636],[93.95789,24.44987],[93.96258,24.45087],[93.96283,24.45324],[93.96016,24.45422],[93.95981,24.4551],[93.96046,24.45747],[93.96198,24.45846],[93.96223,24.45957],[93.96204,24.46127],[93.96112,24.46304],[93.96105,24.46695],[93.96351,24.46796],[93.96609,24.47088],[93.96449,24.47144],[93.96296,24.47333],[93.96028,24.47465],[93.95949,24.47446],[93.95951,24.47329],[93.95859,24.47233],[93.95748,24.47188],[93.95577,24.47228],[93.95731,24.47384],[93.95837,24.47614],[93.95965,24.47751],[93.96253,24.47707],[93.96348,24.47768],[93.96349,24.47941],[93.96422,24.48037],[93.96368,24.48282],[93.96406,24.48543],[93.96286,24.48755],[93.96369,24.49138],[93.96261,24.49279],[93.96276,24.4947],[93.96088,24.49571],[93.96171,24.49671],[93.96013,24.49858],[93.96179,24.49915],[93.96168,24.49971],[93.96264,24.50078],[93.96194,24.50167],[93.963,24.50311],[93.96428,24.50339]]]}},{"id":"2","type":"Feature","properties":{"state":"MANIPUR","state_lgd":"14","district":"CHURACHANDPUR","district_lgd":"274"},"geometry":{"type":"Polygon","coordinates":[[[93.73919,24.60756],[93.73875,24.60713],[93.73741,24.60732],[93.73732,24.60631],[93.73629,24.60659],[93.73554,24.60627],[93.73659,24.60475],[93.73468,24.60445],[93.73506,24.60386],[93.7347,24.60229],[93.73697,24.6],[93.73656,24.59955],[93.73521,24.59955],[93.73715,24.59513],[93.73717,24.5909],[93.7368,24.59026],[93.73556,24.58981],[93.73585,24.58814],[93.73469,24.58751],[93.73526,24.58486],[93.73482,24.58168],[93.73522,24.58006],[93.73251,24.57964],[93.73156,24.58043],[93.73169,24.57865],[93.73035,24.57872],[93.72963,24.57831],[93.73085,24.57635],[93.73009,24.57519],[93.73027,24.57348],[93.7297,24.57312],[93.72795,24.57341],[93.72951,24.57195],[93.72945,24.57143],[93.72607,24.5717],[93.72555,24.57126],[93.72654,24.57053],[93.7298,24.57002],[93.73073,24.56723],[93.72867,24.56699],[93.73105,24.5654],[93.73181,24.56346],[93.73303,24.5622],[93.7328,24.56145],[93.73093,24.56179],[93.73201,24.55883],[93.73186,24.5571],[93.73142,24.55665],[93.72895,24.55717],[93.72832,24.5562],[93.72847,24.55576],[93.73064,24.55485],[93.73015,24.554],[93.73001,24.55077],[93.73224,24.54911],[93.73159,24.54657],[93.73316,24.54551],[93.73229,24.54187],[93.7327,24.53792],[93.73028,24.53491],[93.73137,24.53302],[93.73139,24.53087],[93.73066,24.52945],[93.73134,24.52764],[93.7306,24.52696],[93.73142,24.52632],[93.73068,24.52466],[93.72991,24.5241],[93.72999,24.52362],[93.73181,24.52282],[93.73242,24.52109],[93.73065,24.52014],[93.72955,24.52066],[93.72863,24.51946],[93.72924,24.51763],[93.73038,24.51826],[93.73137,24.51803],[93.7305,24.51558],[93.73203,24.51216],[93.73116,24.51044],[93.72727,24.50807],[93.72695,24.50603],[93.72512,24.50404],[93.72839,24.50078],[93.72729,24.50005],[93.72699,24.49688],[93.72542,24.49627],[93.72781,24.49546],[93.72761,24.49404],[93.72692,24.49328],[93.72821,24.49225],[93.72808,24.49092],[93.72954,24.4885],[93.72924,24.48774],[93.72723,24.48759],[93.73024,24.48503],[93.72995,24.4846],[93.72837,24.48505],[93.72724,24.48444],[93.72607,24.48477],[93.72695,24.48226],[93.7222,24.475],[93.72176,24.47388],[93.72227,24.47324],[93.71912,24.47223],[93.71767,24.47285],[93.71778,24.47134],[93.72101,24.4716],[93.72291,24.47082],[93.72294,24.46993],[93.72049,24.46949],[93.71886,24.46686],[93.71965,24.46626],[93.71998,24.46497],[93.72122,24.46533],[93.72354,24.46377],[93.72335,24.46321],[93.7209,24.46245],[93.72322,24.46185],[93.72326,24.46151],[93.72051,24.46037],[93.72032,24.45968],[93.72155,24.45881],[93.72144,24.45848],[93.71812,24.45725],[93.71642,24.45462],[93.7163,24.45371],[93.71517,24.45353],[93.71481,24.45242],[93.71407,24.45292],[93.71383,24.45049],[93.7119,24.44905],[93.71182,24.44858],[93.71301,24.4483],[93.71181,24.44634],[93.71218,24.4454],[93.71123,24.44443],[93.71084,24.44173],[93.71015,24.44076],[93.71095,24.4389],[93.70939,24.43808],[93.70916,24.43718],[93.70823,24.43655],[93.70912,24.43394],[93.70839,24.43329],[93.70377,24.43309],[93.7032,24.43157],[93.70451,24.4303],[93.70741,24.42894],[93.7087,24.42777],[93.71432,24.42499],[93.71892,24.42121],[93.72173,24.4198],[93.72693,24.41883],[93.72431,24.41674],[93.72584,24.41467],[93.72796,24.41341],[93.73112,24.41344],[93.73194,24.41275],[93.73277,24.4095],[93.73154,24.40824],[93.73083,24.40642],[93.73299,24.4045],[93.73305,24.40356],[93.73557,24.40085],[93.73652,24.39821],[93.73741,24.39729],[93.7383,24.40095],[93.73992,24.40255],[93.74059,24.4025],[93.74103,24.40029],[93.74394,24.40275],[93.74347,24.4047],[93.74506,24.40544],[93.74372,24.40725],[93.74681,24.4094],[93.74893,24.40903],[93.74958,24.40831],[93.75029,24.40554],[93.75139,24.40523],[93.752,24.40565],[93.7529,24.405],[93.75304,24.40394],[93.75443,24.40332],[93.75642,24.4032],[93.75705,24.40257],[93.75797,24.40255],[93.75781,24.40666],[93.75937,24.40533],[93.76122,24.40502],[93.76232,24.40555],[93.76246,24.40419],[93.76468,24.40221],[93.76614,24.40241],[93.76717,24.40327],[93.7678,24.40291],[93.76826,24.40148],[93.77285,24.40184],[93.77327,24.40306],[93.77294,24.4047],[93.77394,24.40608],[93.77428,24.40653],[93.77478,24.40572],[93.77562,24.40563],[93.77507,24.40861],[93.77609,24.41032],[93.7754,24.41206],[93.77338,24.41442],[93.77282,24.41644],[93.77393,24.4167],[93.77574,24.4149],[93.7767,24.41469],[93.77874,24.41606],[93.77897,24.41503],[93.77971,24.41478],[93.77972,24.4128],[93.7802,24.41249],[93.78211,24.41376],[93.78398,24.41399],[93.78478,24.41507],[93.78631,24.41593],[93.78652,24.41696],[93.78732,24.41761],[93.78555,24.4191],[93.78611,24.41977],[93.78694,24.41986],[93.78668,24.42116],[93.78746,24.42212],[93.78607,24.42292],[93.78595,24.42435],[93.78422,24.42512],[93.7822,24.42507],[93.78306,24.4264],[93.78172,24.42932],[93.78408,24.42903],[93.78717,24.42995],[93.79193,24.42887],[93.79313,24.43028],[93.79524,24.42983],[93.79745,24.43046],[93.79923,24.43197],[93.80052,24.43172],[93.80038,24.43088],[93.79885,24.4298],[93.79818,24.42852],[93.79898,24.42691],[93.79718,24.42602],[93.79741,24.42521],[93.79909,24.42425],[93.79966,24.42341],[93.79771,24.42293],[93.79279,24.42441],[93.79269,24.42316],[93.79374,24.42174],[93.79222,24.42184],[93.79213,24.42043],[93.79293,24.41866],[93.79548,24.4155],[93.79302,24.4154],[93.79101,24.41648],[93.78944,24.41583],[93.78952,24.41453],[93.78834,24.41367],[93.78918,24.41268],[93.78792,24.41175],[93.79061,24.41033],[93.79065,24.40912],[93.78616,24.40771],[93.78413,24.40532],[93.78306,24.40271],[93.78324,24.4014],[93.78397,24.40048],[93.79255,24.40149],[93.79432,24.40128],[93.79546,24.39872],[93.7922,24.39791],[93.79235,24.39544],[93.79298,24.39528],[93.79373,24.39591],[93.79465,24.39496],[93.79707,24.39545],[93.79736,24.39381],[93.79795,24.3932],[93.79964,24.39431],[93.80104,24.3939],[93.80282,24.39536],[93.80394,24.39482],[93.80459,24.39604],[93.80451,24.39801],[93.80584,24.39847],[93.80717,24.39749],[93.80702,24.39566],[93.80892,24.39342],[93.81227,24.39205],[93.81292,24.39101],[93.81219,24.38968],[93.80834,24.38946],[93.80626,24.38878],[93.80666,24.38655],[93.80515,24.38556],[93.80511,24.38489],[93.80658,24.38363],[93.80487,24.38227],[93.80489,24.38156],[93.80582,24.38065],[93.80563,24.37901],[93.80431,24.3788],[93.80537,24.37806],[93.80579,24.37662],[93.8039,24.37626],[93.80322,24.3743],[93.80259,24.37433],[93.80139,24.37656],[93.79887,24.37631],[93.79694,24.37444],[93.79668,24.37355],[93.79596,24.37334],[93.79511,24.37404],[93.79503,24.37605],[93.79456,24.37649],[93.79244,24.37661],[93.79109,24.37596],[93.78999,24.37603],[93.78867,24.37693],[93.78597,24.37705],[93.7855,24.37727],[93.78487,24.38022],[93.78339,24.3811],[93.7828,24.38484],[93.78148,24.38623],[93.78107,24.38389],[93.78178,24.38132],[93.78106,24.38096],[93.78347,24.3781],[93.78228,24.37786],[93.77917,24.37876],[93.77463,24.38226],[93.77327,24.38601],[93.77279,24.38903],[93.77206,24.39018],[93.77075,24.38919],[93.76987,24.38687],[93.77044,24.38428],[93.77388,24.38007],[93.769,24.38033],[93.76771,24.37976],[93.76758,24.3791],[93.76918,24.37822],[93.76936,24.37654],[93.77225,24.37727],[93.77314,24.37691],[93.77136,24.37395],[93.77188,24.37299],[93.77272,24.37306],[93.77582,24.37489],[93.78031,24.37553],[93.78154,24.37432],[93.7834,24.37459],[93.78861,24.37348],[93.78805,24.37118],[93.78968,24.37024],[93.78949,24.36759],[93.78712,24.36689],[93.7843,24.3667],[93.78097,24.36752],[93.78089,24.36691],[93.78325,24.36507],[93.78297,24.36442],[93.7762,24.36488],[93.77533,24.36455],[93.77617,24.3636],[93.78135,24.36203],[93.78143,24.36144],[93.7808,24.36102],[93.7784,24.36007],[93.77913,24.35902],[93.78133,24.3586],[93.78233,24.35937],[93.78718,24.36015],[93.79073,24.36249],[93.79193,24.36403],[93.79286,24.36383],[93.79401,24.36426],[93.79546,24.3656],[93.79582,24.36689],[93.79889,24.36657],[93.79822,24.36539],[93.7987,24.36364],[93.79609,24.36133],[93.79526,24.35939],[93.79386,24.35784],[93.79347,24.35575],[93.79444,24.3565],[93.79812,24.36205],[93.79889,24.36182],[93.79946,24.36028],[93.80184,24.36213],[93.8027,24.36228],[93.80288,24.36164],[93.80097,24.35922],[93.80122,24.35888],[93.80226,24.35916],[93.80467,24.36236],[93.80747,24.36245],[93.80791,24.3594],[93.80594,24.3573],[93.80574,24.35622],[93.80453,24.35479],[93.80395,24.35136],[93.80654,24.34594],[93.8077,24.3452],[93.80909,24.34269],[93.81054,24.34399],[93.81226,24.34333],[93.81457,24.34363],[93.81293,24.34645],[93.80996,24.34875],[93.80935,24.35344],[93.8093,24.35446],[93.81285,24.35892],[93.8144,24.35867],[93.81544,24.35786],[93.81552,24.35524],[93.81668,24.35337],[93.81701,24.35099],[93.81904,24.35052],[93.8203,24.3492],[93.82101,24.34985],[93.82039,24.3561],[93.82081,24.36024],[93.82365,24.36047],[93.82513,24.36278],[93.82757,24.36154],[93.83006,24.36163],[93.83099,24.36048],[93.83164,24.36057],[93.8322,24.36136],[93.83548,24.36189],[93.83732,24.36299],[93.83782,24.36269],[93.8382,24.3581],[93.83652,24.35636],[93.83659,24.35591],[93.83775,24.35547],[93.83803,24.35395],[93.83949,24.35437],[93.84067,24.35539],[93.8415,24.35525],[93.842,24.35473],[93.84151,24.35373],[93.84262,24.35247],[93.84159,24.35164],[93.84173,24.3508],[93.83985,24.35082],[93.83999,24.34972],[93.83838,24.34868],[93.83977,24.3485],[93.84087,24.34745],[93.84271,24.34744],[93.84389,24.34662],[93.84231,24.34611],[93.84313,24.34538],[93.84257,24.34431],[93.84276,24.34331],[93.83921,24.34359],[93.83853,24.34323],[93.83852,24.34257],[93.83979,24.34191],[93.83965,24.34112],[93.84012,24.34061],[93.84274,24.34095],[93.84329,24.33924],[93.8461,24.34002],[93.84693,24.3399],[93.84734,24.33918],[93.84587,24.33796],[93.84251,24.33712],[93.83717,24.33716],[93.83496,24.33517],[93.83638,24.33442],[93.83967,24.33438],[93.8405,24.33393],[93.84217,24.33058],[93.84275,24.33023],[93.84332,24.32787],[93.84577,24.32613],[93.84522,24.32524],[93.84408,24.32486],[93.84231,24.32576],[93.84097,24.32533],[93.83719,24.32604],[93.83611,24.32548],[93.83681,24.3231],[93.83763,24.32232],[93.84029,24.32173],[93.84068,24.32067],[93.83933,24.32022],[93.83952,24.31955],[93.83894,24.3191],[93.83944,24.31814],[93.83753,24.31782],[93.83756,24.31708],[93.83925,24.31593],[93.83702,24.3144],[93.83694,24.3139],[93.83837,24.3121],[93.84048,24.31399],[93.84205,24.31399],[93.8441,24.31291],[93.84532,24.31288],[93.84798,24.31444],[93.85005,24.31425],[93.85099,24.3135],[93.85098,24.31145],[93.84866,24.3104],[93.8469,24.30656],[93.8446,24.30456],[93.84473,24.30364],[93.84582,24.30364],[93.84889,24.30575],[93.85181,24.30858],[93.85639,24.30929],[93.85493,24.30725],[93.85504,24.3066],[93.85698,24.30577],[93.85656,24.30441],[93.85868,24.30381],[93.85702,24.30263],[93.85748,24.30221],[93.86114,24.30152],[93.86149,24.30105],[93.86048,24.30018],[93.85765,24.29972],[93.85712,24.29747],[93.8599,24.29728],[93.86078,24.29775],[93.86247,24.29683],[93.86284,24.29627],[93.86045,24.29513],[93.86054,24.29411],[93.86416,24.2926],[93.86597,24.29053],[93.86562,24.29004],[93.86313,24.29011],[93.86307,24.28951],[93.8684,24.28587],[93.8682,24.28526],[93.8671,24.28466],[93.86778,24.28338],[93.87017,24.28172],[93.87233,24.28096],[93.87058,24.28002],[93.86966,24.27813],[93.86742,24.27772],[93.86962,24.27511],[93.87004,24.27365],[93.86845,24.27245],[93.86792,24.27093],[93.86384,24.26725],[93.86263,24.26208],[93.86298,24.26125],[93.86236,24.2593],[93.86273,24.25663],[93.86492,24.25397],[93.86509,24.25315],[93.86478,24.25135],[93.86286,24.2493],[93.8622,24.24711],[93.86338,24.24581],[93.8667,24.24529],[93.86731,24.24447],[93.86738,24.24313],[93.86501,24.24003],[93.86178,24.23874],[93.86097,24.2365],[93.85914,24.23417],[93.86055,24.23222],[93.86156,24.23171],[93.87403,24.23053],[93.87853,24.22926],[93.87989,24.2279],[93.87984,24.22447],[93.87878,24.22244],[93.87655,24.22088],[93.87019,24.22018],[93.8685,24.21961],[93.86747,24.21759],[93.8688,24.21454],[93.8686,24.21343],[93.86482,24.20901],[93.86124,24.20672],[93.86005,24.20687],[93.85832,24.20813],[93.85539,24.21204],[93.85343,24.21383],[93.85234,24.21417],[93.85085,24.21363],[93.8486,24.20857],[93.84665,24.20658],[93.84525,24.20319],[93.84499,24.19961],[93.84422,24.19777],[93.84014,24.1971],[93.83772,24.19407],[93.83753,24.18808],[93.83644,24.18611],[93.8326,24.18522],[93.83108,24.18434],[93.82666,24.18047],[93.82577,24.17782],[93.81896,24.17486],[93.81168,24.16871],[93.81047,24.16728],[93.8097,24.16538],[93.81,24.16135],[93.80868,24.15843],[93.80643,24.15626],[93.80258,24.15083],[93.80081,24.14916],[93.79625,24.14673],[93.7939,24.14725],[93.79087,24.14623],[93.78849,24.1448],[93.78572,24.14205],[93.7816,24.14129],[93.78065,24.14016],[93.7794,24.13708],[93.77661,24.13375],[93.77509,24.13014],[93.77507,24.12691],[93.77229,24.12347],[93.77126,24.11736],[93.77132,24.11558],[93.77296,24.11387],[93.77327,24.11191],[93.77562,24.1066],[93.7757,24.09974],[93.77432,24.09526],[93.76956,24.09114],[93.77001,24.08371],[93.76664,24.07923],[93.76596,24.07649],[93.76598,24.07193],[93.76141,24.06744],[93.76195,24.06405],[93.75907,24.05847],[93.75838,24.05302],[93.75514,24.04876],[93.75485,24.04259],[93.7542,24.0417],[93.75119,24.03985],[93.74764,24.03409],[93.74702,24.03149],[93.74447,24.02701],[93.74257,24.01755],[93.73989,24.01489],[93.73954,24.01145],[93.73995,24.00684],[93.74072,24.0057],[93.74303,24.00467],[93.7442,24.00278],[93.74409,23.99937],[93.74209,23.997],[93.74144,23.99724],[93.74193,23.99849],[93.74141,24.00179],[93.74085,24.00215],[93.74003,24.00206],[93.73851,24.0004],[93.7357,23.9994],[93.73294,23.99956],[93.73079,23.99903],[93.7277,23.99903],[93.72502,23.99729],[93.72403,23.9972],[93.7218,23.99779],[93.7174,24.00045],[93.70917,24.00207],[93.70366,24.00389],[93.70015,24.00418],[93.69717,24.00528],[93.69613,24.00623],[93.69355,24.00642],[93.69091,24.00851],[93.68983,24.00857],[93.68859,24.00773],[93.68721,24.00767],[93.68443,24.00606],[93.68206,24.00715],[93.6797,24.00586],[93.67534,24.00566],[93.67409,24.00482],[93.67328,24.00338],[93.67164,24.00235],[93.66853,24.00278],[93.66773,24.00161],[93.66574,24.00176],[93.6653,24.00241],[93.66322,24.00149],[93.65955,24.00287],[93.65749,24.00179],[93.65571,24.00258],[93.65465,24.00244],[93.65496,24.00328],[93.65365,24.00475],[93.65392,24.00582],[93.65341,24.00624],[93.65432,24.0082],[93.65298,24.00902],[93.64786,24.00857],[93.64419,24.00904],[93.64245,24.00869],[93.6391,24.00995],[93.6355,24.01061],[93.63189,24.00907],[93.629,24.00872],[93.6275,24.00957],[93.62657,24.01107],[93.62335,24.01092],[93.61724,24.00703],[93.61658,24.00521],[93.61487,24.00326],[93.61346,23.99846],[93.61186,23.99732],[93.61379,23.99227],[93.61234,23.99064],[93.61208,23.98896],[93.61024,23.98546],[93.60938,23.98473],[93.60783,23.98063],[93.60897,23.97762],[93.60776,23.97437],[93.60816,23.97162],[93.60746,23.97129],[93.60209,23.97264],[93.60088,23.97205],[93.59896,23.97239],[93.5989,23.96938],[93.5984,23.96926],[93.59744,23.9702],[93.59733,23.9675],[93.59642,23.96554],[93.59252,23.9638],[93.59326,23.96265],[93.59135,23.96177],[93.59166,23.96059],[93.59063,23.96063],[93.58786,23.95959],[93.58683,23.96003],[93.58517,23.95995],[93.58251,23.9624],[93.58105,23.96223],[93.57979,23.96265],[93.57942,23.96369],[93.57788,23.96445],[93.57631,23.96679],[93.57544,23.96647],[93.57355,23.96672],[93.57395,23.96751],[93.5737,23.96893],[93.57171,23.96923],[93.57146,23.97024],[93.57044,23.97046],[93.57122,23.97203],[93.57038,23.97336],[93.57101,23.97455],[93.57094,23.9775],[93.57045,23.97754],[93.56979,23.97667],[93.56901,23.9777],[93.56754,23.97819],[93.56739,23.97918],[93.56633,23.97918],[93.5648,23.98025],[93.56374,23.98004],[93.5639,23.97897],[93.56276,23.97887],[93.56189,23.97953],[93.56203,23.98107],[93.56102,23.98099],[93.55977,23.98207],[93.55855,23.98141],[93.55744,23.98142],[93.5573,23.97822],[93.55587,23.97766],[93.55481,23.97632],[93.55477,23.97553],[93.55567,23.97437],[93.55407,23.97218],[93.5553,23.97003],[93.5536,23.96897],[93.55278,23.96609],[93.55337,23.96427],[93.55123,23.9636],[93.55266,23.96257],[93.55276,23.96184],[93.5522,23.96131],[93.55008,23.96166],[93.5507,23.96032],[93.55011,23.95916],[93.54778,23.95822],[93.54547,23.95842],[93.54358,23.96086],[93.54159,23.96032],[93.53923,23.96076],[93.53449,23.95928],[93.53185,23.95734],[93.53153,23.95621],[93.53001,23.95455],[93.52662,23.95516],[93.52492,23.95636],[93.52393,23.95453],[93.52253,23.95387],[93.51949,23.95062],[93.51736,23.9455],[93.5148,23.94255],[93.51041,23.94332],[93.50476,23.94219],[93.50309,23.94306],[93.50257,23.94475],[93.50007,23.94442],[93.49892,23.94554],[93.49692,23.94881],[93.49538,23.94962],[93.4967,23.95092],[93.49682,23.95184],[93.49494,23.95346],[93.49417,23.95356],[93.49363,23.95304],[93.49277,23.95057],[93.49143,23.95041],[93.49069,23.95109],[93.48967,23.95115],[93.48941,23.95189],[93.4902,23.95326],[93.49012,23.95439],[93.48876,23.95456],[93.4882,23.95534],[93.48641,23.95577],[93.48629,23.95623],[93.48708,23.95668],[93.48614,23.95722],[93.48545,23.95663],[93.48329,23.95752],[93.48146,23.95716],[93.48098,23.95804],[93.47964,23.95843],[93.47936,23.9597],[93.47842,23.95951],[93.47791,23.96048],[93.47714,23.96051],[93.47681,23.96151],[93.47507,23.9615],[93.47339,23.96381],[93.47147,23.96472],[93.4718,23.96555],[93.47035,23.96641],[93.46918,23.96798],[93.46901,23.96921],[93.46765,23.97017],[93.46764,23.9709],[93.46631,23.97148],[93.46616,23.9734],[93.46462,23.97292],[93.4635,23.97337],[93.4611,23.97735],[93.46054,23.98071],[93.46265,23.98364],[93.46266,23.98716],[93.46379,23.99104],[93.46331,23.99306],[93.46362,23.99406],[93.46287,23.99473],[93.462,23.99745],[93.46114,23.99863],[93.45815,23.99924],[93.45388,23.9988],[93.45311,23.9995],[93.45267,24.00057],[93.45354,24.00187],[93.45408,24.00505],[93.45406,24.01147],[93.45309,24.01362],[93.45024,24.01529],[93.44649,24.01412],[93.44454,24.01419],[93.44321,24.01371],[93.44079,24.01472],[93.43792,24.01675],[93.43721,24.01868],[93.43307,24.02401],[93.43274,24.0252],[93.43327,24.02712],[93.43114,24.02856],[93.43146,24.02952],[93.43003,24.03108],[93.43007,24.03238],[93.42898,24.03299],[93.42966,24.03467],[93.42853,24.03566],[93.42954,24.03593],[93.42992,24.03653],[93.4276,24.03721],[93.42835,24.03852],[93.428,24.04107],[93.42679,24.04214],[93.42736,24.04291],[93.42654,24.04353],[93.42675,24.04442],[93.42588,24.04432],[93.42584,24.04495],[93.42501,24.04536],[93.42553,24.04612],[93.42477,24.04725],[93.4248,24.04902],[93.42593,24.05071],[93.42449,24.05302],[93.42469,24.05461],[93.42412,24.05659],[93.42241,24.05878],[93.42139,24.06268],[93.42167,24.06403],[93.42097,24.06378],[93.41994,24.06463],[93.42004,24.06625],[93.41865,24.06749],[93.41718,24.06767],[93.41588,24.06923],[93.4169,24.06993],[93.41695,24.07141],[93.41442,24.07234],[93.4141,24.07407],[93.41322,24.0738],[93.41239,24.07265],[93.412,24.07264],[93.41154,24.0743],[93.41027,24.07309],[93.41003,24.0747],[93.40892,24.07576],[93.40958,24.07657],[93.40822,24.07689],[93.4073,24.07617],[93.40672,24.07635],[93.40751,24.07812],[93.40699,24.07905],[93.40722,24.0797],[93.40552,24.07936],[93.40511,24.08075],[93.40299,24.08118],[93.40283,24.08225],[93.40207,24.08249],[93.40181,24.08334],[93.39899,24.08518],[93.39711,24.08423],[93.39644,24.08284],[93.39484,24.08409],[93.39214,24.08282],[93.39005,24.08265],[93.388,24.08372],[93.38729,24.0855],[93.38574,24.08569],[93.38482,24.08672],[93.38389,24.08663],[93.38442,24.08569],[93.3844,24.08521],[93.3839,24.08522],[93.38188,24.08721],[93.38072,24.08731],[93.37975,24.08835],[93.37799,24.08788],[93.37724,24.08913],[93.37647,24.08893],[93.37617,24.08962],[93.37293,24.09076],[93.37171,24.0905],[93.37001,24.091],[93.3678,24.09006],[93.36663,24.09166],[93.36531,24.09159],[93.36456,24.09212],[93.36038,24.09169],[93.35941,24.09081],[93.35875,24.09085],[93.35782,24.09165],[93.35931,24.09319],[93.35939,24.09394],[93.35704,24.09409],[93.35682,24.09535],[93.35451,24.09604],[93.35412,24.09709],[93.35449,24.09889],[93.35127,24.0979],[93.34829,24.09889],[93.35078,24.10019],[93.34844,24.10124],[93.34877,24.10181],[93.34997,24.10152],[93.34866,24.10365],[93.34882,24.10451],[93.35341,24.10415],[93.35815,24.10561],[93.36331,24.10789],[93.37036,24.10754],[93.37601,24.11406],[93.38547,24.11954],[93.38961,24.12362],[93.39104,24.1262],[93.39128,24.1307],[93.39061,24.13256],[93.39337,24.13777],[93.3982,24.13888],[93.40261,24.13862],[93.40652,24.14027],[93.41058,24.14014],[93.41396,24.14069],[93.41576,24.14165],[93.41708,24.14125],[93.41832,24.14154],[93.41836,24.14227],[93.41983,24.14345],[93.41906,24.14522],[93.41974,24.14858],[93.42106,24.14851],[93.42108,24.15001],[93.42224,24.15025],[93.42273,24.15316],[93.42406,24.15271],[93.42523,24.15329],[93.42271,24.15576],[93.42248,24.15709],[93.42296,24.15866],[93.42156,24.16265],[93.4223,24.16428],[93.42444,24.16612],[93.42491,24.16798],[93.42435,24.16991],[93.42466,24.17208],[93.42675,24.17561],[93.42415,24.17816],[93.42406,24.17886],[93.42551,24.18079],[93.42686,24.17966],[93.42749,24.17996],[93.42763,24.18251],[93.42844,24.18517],[93.42735,24.18643],[93.42443,24.18445],[93.4239,24.18434],[93.42344,24.18488],[93.42398,24.1866],[93.42763,24.1875],[93.42813,24.18886],[93.42756,24.19002],[93.42299,24.19222],[93.42362,24.19326],[93.42615,24.1936],[93.42584,24.19597],[93.42495,24.19661],[93.42337,24.19518],[93.42253,24.19634],[93.42115,24.19592],[93.4197,24.19635],[93.41743,24.19762],[93.41713,24.19932],[93.41871,24.20034],[93.41991,24.19979],[93.4212,24.20013],[93.42162,24.20092],[93.42134,24.20357],[93.42173,24.20397],[93.4259,24.20099],[93.43028,24.2019],[93.43379,24.2038],[93.43522,24.20576],[93.4375,24.20658],[93.44018,24.20926],[93.44229,24.21278],[93.4466,24.2158],[93.45029,24.21763],[93.45553,24.22458],[93.4573,24.22475],[93.46223,24.22289],[93.46605,24.22534],[93.46704,24.2255],[93.468,24.22462],[93.46897,24.2252],[93.46903,24.22591],[93.46831,24.22659],[93.46467,24.22675],[93.46135,24.22852],[93.45812,24.23088],[93.45716,24.23306],[93.45707,24.23528],[93.45999,24.23745],[93.46158,24.24094],[93.46415,24.24174],[93.46676,24.24405],[93.46662,24.24781],[93.46529,24.25077],[93.46413,24.25123],[93.46246,24.25061],[93.46196,24.25109],[93.46313,24.2532],[93.46309,24.25578],[93.46245,24.25617],[93.46055,24.25553],[93.46006,24.25727],[93.46022,24.2578],[93.46169,24.25832],[93.46233,24.25946],[93.46482,24.26101],[93.46439,24.26229],[93.46134,24.26373],[93.46331,24.26792],[93.46152,24.26883],[93.45908,24.26918],[93.45869,24.26986],[93.45995,24.27043],[93.46235,24.26961],[93.46354,24.27021],[93.46451,24.2685],[93.46607,24.2672],[93.46741,24.26745],[93.46641,24.26936],[93.46855,24.27029],[93.46794,24.27199],[93.4708,24.2763],[93.46901,24.27768],[93.47131,24.27925],[93.46988,24.28055],[93.4728,24.28078],[93.47179,24.28255],[93.47306,24.28373],[93.47444,24.28612],[93.47416,24.28832],[93.47506,24.29171],[93.47624,24.29403],[93.47764,24.29499],[93.476,24.29516],[93.47583,24.29618],[93.47871,24.30048],[93.47781,24.30219],[93.47914,24.30307],[93.47967,24.30535],[93.48103,24.30631],[93.48084,24.30691],[93.47874,24.30761],[93.48201,24.30902],[93.48119,24.31171],[93.48244,24.31507],[93.4848,24.31656],[93.48498,24.31869],[93.4867,24.31997],[93.48781,24.32021],[93.4879,24.32194],[93.4886,24.323],[93.48535,24.32504],[93.48591,24.32596],[93.48781,24.32627],[93.48655,24.32769],[93.48678,24.32905],[93.48763,24.32976],[93.48778,24.33115],[93.49032,24.33193],[93.48953,24.3331],[93.49197,24.33284],[93.49259,24.33315],[93.49224,24.33401],[93.4903,24.335],[93.4889,24.33651],[93.49054,24.33898],[93.49002,24.34177],[93.49397,24.35043],[93.49544,24.35077],[93.49562,24.35295],[93.49683,24.35336],[93.49809,24.35652],[93.49979,24.3578],[93.50057,24.359],[93.50061,24.36063],[93.49797,24.36287],[93.49082,24.36255],[93.48915,24.36326],[93.48795,24.36502],[93.48638,24.36623],[93.48579,24.37125],[93.48299,24.37524],[93.48026,24.37697],[93.47756,24.3808],[93.47498,24.38191],[93.47255,24.38439],[93.46942,24.38291],[93.46723,24.38386],[93.46419,24.38373],[93.46099,24.38317],[93.45496,24.38117],[93.45327,24.3805],[93.45237,24.3796],[93.45085,24.37584],[93.44914,24.37422],[93.44593,24.37319],[93.4418,24.37368],[93.43993,24.37224],[93.4354,24.37011],[93.43043,24.37286],[93.42444,24.37953],[93.42018,24.38325],[93.41692,24.38893],[93.4153,24.39066],[93.41313,24.39101],[93.4082,24.3887],[93.40471,24.39117],[93.40357,24.39111],[93.4002,24.38935],[93.39773,24.38878],[93.3914,24.3895],[93.38622,24.39113],[93.38291,24.39349],[93.38043,24.39392],[93.37807,24.39302],[93.37911,24.39531],[93.3766,24.39782],[93.37531,24.39809],[93.37216,24.39725],[93.37158,24.39759],[93.37197,24.39847],[93.3749,24.40016],[93.37388,24.40137],[93.37202,24.4025],[93.37179,24.4053],[93.37225,24.40633],[93.37014,24.40738],[93.36767,24.40671],[93.36656,24.40733],[93.36653,24.40835],[93.36833,24.41054],[93.36906,24.41226],[93.37271,24.41062],[93.37383,24.4106],[93.37346,24.41209],[93.37602,24.41443],[93.37595,24.41617],[93.3772,24.4172],[93.37477,24.41885],[93.37498,24.41977],[93.37617,24.42023],[93.37577,24.42259],[93.37331,24.42411],[93.37584,24.42444],[93.37434,24.42699],[93.37446,24.43011],[93.37508,24.43142],[93.3746,24.433],[93.37661,24.43423],[93.3773,24.43639],[93.37846,24.43723],[93.37879,24.43962],[93.37832,24.44171],[93.3787,24.44301],[93.376,24.44531],[93.37244,24.44444],[93.37069,24.44488],[93.3694,24.44628],[93.3677,24.45152],[93.36907,24.45265],[93.37069,24.45212],[93.37035,24.45421],[93.37181,24.45443],[93.37513,24.45726],[93.3759,24.45874],[93.37596,24.46154],[93.37708,24.46288],[93.37609,24.46314],[93.37602,24.46363],[93.38087,24.46677],[93.38317,24.4714],[93.3827,24.47434],[93.37953,24.47737],[93.38033,24.47881],[93.3833,24.48007],[93.38374,24.48077],[93.38127,24.48329],[93.38149,24.48494],[93.38215,24.48543],[93.38557,24.48576],[93.38606,24.48636],[93.38353,24.48937],[93.38331,24.49042],[93.38371,24.49503],[93.38654,24.49983],[93.38679,24.50206],[93.38808,24.50281],[93.39383,24.50394],[93.39765,24.50603],[93.39928,24.50835],[93.40278,24.51116],[93.40298,24.5141],[93.40344,24.51466],[93.40851,24.5164],[93.40741,24.51942],[93.40449,24.52197],[93.39903,24.52159],[93.3962,24.52087],[93.39479,24.52108],[93.39243,24.52267],[93.39119,24.52535],[93.38995,24.52643],[93.38528,24.5258],[93.38244,24.52643],[93.3816,24.53082],[93.38036,24.53221],[93.37999,24.53341],[93.38415,24.54207],[93.38492,24.54727],[93.38588,24.54942],[93.38576,24.55137],[93.38897,24.5573],[93.38999,24.56136],[93.38965,24.56439],[93.38762,24.56747],[93.39222,24.56798],[93.39527,24.56733],[93.39639,24.56609],[93.39723,24.56294],[93.39901,24.56087],[93.40019,24.55592],[93.40609,24.55182],[93.41198,24.55139],[93.42112,24.55302],[93.42721,24.55344],[93.43609,24.55034],[93.43793,24.54675],[93.44361,24.54258],[93.44751,24.54044],[93.4495,24.5402],[93.45365,24.54126],[93.45725,24.53995],[93.45994,24.54002],[93.46291,24.53935],[93.46594,24.53976],[93.46946,24.54149],[93.47205,24.54114],[93.47423,24.54221],[93.48126,24.54376],[93.48414,24.5456],[93.48882,24.55379],[93.49369,24.55493],[93.49607,24.55681],[93.50195,24.55757],[93.50724,24.56039],[93.50807,24.56104],[93.51047,24.56569],[93.51339,24.56597],[93.51524,24.56486],[93.51733,24.56458],[93.51897,24.56308],[93.52357,24.56145],[93.52496,24.56015],[93.53108,24.55691],[93.53245,24.55683],[93.53557,24.55826],[93.53532,24.56047],[93.53669,24.56344],[93.53649,24.56654],[93.53548,24.56917],[93.53864,24.5718],[93.53938,24.57652],[93.54172,24.5783],[93.54639,24.57907],[93.54929,24.58258],[93.55215,24.58269],[93.55442,24.58178],[93.55716,24.58236],[93.55883,24.58434],[93.55875,24.58647],[93.56343,24.58871],[93.56632,24.59067],[93.56794,24.59282],[93.57162,24.59125],[93.57325,24.58873],[93.57352,24.58599],[93.57603,24.5846],[93.57847,24.58148],[93.58043,24.58108],[93.5807,24.58068],[93.57999,24.57771],[93.5858,24.57583],[93.58638,24.57333],[93.58738,24.57226],[93.58791,24.56952],[93.59198,24.56867],[93.59308,24.56714],[93.59592,24.56644],[93.59566,24.56972],[93.59914,24.57061],[93.60045,24.57168],[93.60476,24.57086],[93.60902,24.57563],[93.61208,24.57789],[93.61353,24.58037],[93.61476,24.58557],[93.61633,24.58796],[93.618,24.59378],[93.62102,24.60155],[93.62466,24.60302],[93.62801,24.60623],[93.63078,24.60572],[93.63272,24.60159],[93.63521,24.59958],[93.64123,24.59663],[93.64411,24.59599],[93.64836,24.59263],[93.65098,24.59615],[93.65285,24.60245],[93.65805,24.60628],[93.66193,24.6085],[93.66432,24.6087],[93.66617,24.60812],[93.66994,24.60809],[93.67113,24.60763],[93.67244,24.60782],[93.67759,24.60705],[93.68131,24.60908],[93.68913,24.611],[93.69107,24.61219],[93.69749,24.61282],[93.69977,24.61202],[93.70296,24.60841],[93.70524,24.60883],[93.70941,24.60685],[93.71169,24.60699],[93.71397,24.60625],[93.71564,24.60624],[93.71665,24.60666],[93.71972,24.60999],[93.7206,24.61159],[93.72268,24.61344],[93.72413,24.61748],[93.72236,24.61995],[93.7224,24.62053],[93.73019,24.61894],[93.73477,24.61691],[93.73481,24.6134],[93.73686,24.61288],[93.73792,24.61179],[93.73907,24.6094],[93.73919,24.60756]]]}},{"id":"3","type":"Feature","properties":{"state":"MANIPUR","state_lgd":"14","district":"IMPHAL EAST","district_lgd":"278"},"geometry":{"type":"Polygon","coordinates":[[[94.0294,25.04702],[94.02536,25.04111],[94.02608,25.03938],[94.02394,25.03358],[94.0257,25.03059],[94.02771,25.02859],[94.03072,25.0275],[94.03052,25.02657],[94.02828,25.02466],[94.02752,25.0234],[94.02868,25.02248],[94.0324,25.02163],[94.03226,25.02088],[94.03043,25.01939],[94.03038,25.01845],[94.03151,25.01754],[94.03307,25.01734],[94.03418,25.01657],[94.03471,25.01747],[94.03985,25.01919],[94.04185,25.01913],[94.04246,25.0201],[94.04377,25.0182],[94.04339,25.0168],[94.04721,25.01382],[94.04705,25.01289],[94.04607,25.01239],[94.04523,25.01236],[94.04464,25.01295],[94.04289,25.0125],[94.04174,25.01351],[94.04115,25.0153],[94.03925,25.01578],[94.0379,25.01458],[94.03784,25.01353],[94.03723,25.0122],[94.03649,25.01181],[94.03601,25.01021],[94.0347,25.01038],[94.03359,25.01162],[94.03235,25.01163],[94.03241,25.01284],[94.02955,25.01173],[94.02876,25.01007],[94.0277,25.00938],[94.02752,25.00835],[94.03006,25.00635],[94.02919,25.00424],[94.02961,25.00287],[94.0286,25.00138],[94.02868,24.99959],[94.03003,24.99899],[94.03206,24.99894],[94.03512,25.00079],[94.03571,25.00203],[94.03704,25.0026],[94.03748,25.00385],[94.04017,25.005],[94.04058,25.00181],[94.04318,25.00151],[94.04392,25.00185],[94.04508,25.00146],[94.04506,25.00058],[94.04267,24.99825],[94.04258,24.9968],[94.04624,24.99652],[94.04903,24.99746],[94.04923,24.99622],[94.04884,24.99481],[94.04665,24.9933],[94.04312,24.99387],[94.0403,24.993],[94.037,24.99387],[94.03425,24.9935],[94.0319,24.99372],[94.03156,24.98772],[94.0304,24.98605],[94.03702,24.98635],[94.04045,24.98442],[94.0437,24.9841],[94.04492,24.98356],[94.04648,24.98271],[94.04661,24.9818],[94.04521,24.97859],[94.04448,24.97799],[94.03937,24.9778],[94.03646,24.97998],[94.03554,24.98004],[94.03299,24.97856],[94.02994,24.97599],[94.03037,24.97321],[94.02951,24.97019],[94.02829,24.96813],[94.02771,24.96388],[94.02865,24.96384],[94.0334,24.96709],[94.03583,24.96754],[94.04012,24.96969],[94.0414,24.96972],[94.04199,24.96894],[94.04256,24.96498],[94.04255,24.95766],[94.04219,24.95684],[94.03984,24.95578],[94.0388,24.95478],[94.03885,24.95423],[94.04105,24.95429],[94.04143,24.95299],[94.04406,24.95174],[94.04691,24.95224],[94.04724,24.95414],[94.0496,24.95504],[94.05107,24.95824],[94.05365,24.95727],[94.05616,24.95853],[94.05777,24.96116],[94.05761,24.96167],[94.05467,24.96359],[94.05461,24.96434],[94.05516,24.96464],[94.05818,24.96384],[94.06147,24.96444],[94.06158,24.96564],[94.06026,24.96999],[94.06278,24.97234],[94.06415,24.97249],[94.06355,24.96959],[94.06366,24.96659],[94.0654,24.9657],[94.06895,24.96776],[94.06917,24.97028],[94.07043,24.97115],[94.07045,24.96866],[94.06985,24.96713],[94.06817,24.96624],[94.06617,24.96334],[94.05823,24.95796],[94.05688,24.95301],[94.0555,24.95134],[94.05556,24.94934],[94.05397,24.94799],[94.05495,24.94554],[94.05435,24.94494],[94.05353,24.94509],[94.0521,24.94614],[94.04906,24.94713],[94.04705,24.94644],[94.04396,24.94376],[94.04509,24.94299],[94.04887,24.94279],[94.05057,24.94214],[94.05222,24.93745],[94.05332,24.93675],[94.05562,24.9369],[94.05794,24.94006],[94.05933,24.93515],[94.05864,24.93254],[94.05767,24.93127],[94.05775,24.92902],[94.05707,24.92695],[94.06016,24.92912],[94.06098,24.92772],[94.06427,24.92637],[94.06515,24.92652],[94.06909,24.92931],[94.06925,24.92866],[94.06772,24.92656],[94.0675,24.92451],[94.06827,24.92461],[94.06963,24.92657],[94.07029,24.92672],[94.0716,24.92452],[94.07319,24.92407],[94.07161,24.92262],[94.07089,24.92153],[94.07067,24.91953],[94.06941,24.91833],[94.06705,24.91868],[94.06553,24.91758],[94.06301,24.91908],[94.06049,24.91778],[94.0583,24.91783],[94.05682,24.91673],[94.05649,24.91558],[94.05343,24.91304],[94.05348,24.91224],[94.05513,24.91098],[94.05913,24.91034],[94.05989,24.90954],[94.06022,24.90799],[94.05891,24.90694],[94.05387,24.90763],[94.05272,24.90723],[94.05277,24.90643],[94.05343,24.90583],[94.05716,24.90414],[94.05656,24.90354],[94.05321,24.90318],[94.05294,24.90258],[94.05683,24.90004],[94.05806,24.89858],[94.05825,24.89697],[94.05586,24.89646],[94.05443,24.8954],[94.05051,24.89589],[94.05031,24.89499],[94.05212,24.89355],[94.0536,24.89031],[94.05398,24.88926],[94.05382,24.88671],[94.05459,24.88466],[94.0564,24.88326],[94.06062,24.87652],[94.06259,24.87657],[94.0655,24.87922],[94.06719,24.87902],[94.06785,24.87937],[94.06801,24.88117],[94.07218,24.88337],[94.07431,24.88557],[94.07519,24.88572],[94.07645,24.88502],[94.07897,24.88477],[94.08017,24.88517],[94.08006,24.88572],[94.07902,24.88602],[94.07886,24.88647],[94.07995,24.88707],[94.08187,24.88772],[94.08488,24.88752],[94.08521,24.88812],[94.08488,24.88872],[94.08351,24.88967],[94.0834,24.89022],[94.08597,24.89206],[94.08635,24.89421],[94.08957,24.8968],[94.08957,24.89765],[94.08736,24.89995],[94.0833,24.89944],[94.08108,24.89975],[94.08091,24.90025],[94.08362,24.90172],[94.08426,24.90319],[94.0874,24.90433],[94.09046,24.90362],[94.09358,24.90456],[94.09458,24.90358],[94.09482,24.90139],[94.09593,24.90105],[94.09708,24.90147],[94.09898,24.90336],[94.09991,24.90776],[94.10221,24.90693],[94.10331,24.90748],[94.1032,24.90853],[94.105,24.91349],[94.10626,24.91506],[94.10516,24.91709],[94.1058,24.91848],[94.10485,24.91952],[94.1021,24.92103],[94.10128,24.92543],[94.10472,24.92243],[94.1062,24.92203],[94.1067,24.92243],[94.10719,24.92388],[94.10642,24.92841],[94.10658,24.93001],[94.10713,24.92991],[94.10954,24.92666],[94.11146,24.92047],[94.11267,24.91867],[94.11431,24.91817],[94.11541,24.92052],[94.11826,24.92227],[94.11809,24.92407],[94.11979,24.92737],[94.11748,24.93033],[94.11316,24.934],[94.11168,24.9368],[94.11152,24.9383],[94.11365,24.93771],[94.11846,24.9334],[94.12071,24.93259],[94.12236,24.93427],[94.12194,24.93645],[94.1228,24.93668],[94.12458,24.93656],[94.12922,24.93454],[94.13101,24.9333],[94.1315,24.93219],[94.13125,24.92765],[94.13189,24.9267],[94.13518,24.92765],[94.13581,24.92748],[94.13469,24.9257],[94.13402,24.9223],[94.13531,24.92012],[94.13804,24.92305],[94.13923,24.92312],[94.13965,24.92206],[94.13828,24.92119],[94.13811,24.91968],[94.1367,24.91884],[94.13568,24.91681],[94.13466,24.91634],[94.13236,24.91364],[94.13321,24.91069],[94.13297,24.91046],[94.13128,24.91232],[94.13049,24.91223],[94.12762,24.90981],[94.12807,24.90881],[94.12934,24.9081],[94.13107,24.905],[94.13072,24.90461],[94.12793,24.90772],[94.12705,24.90808],[94.125,24.90787],[94.12289,24.90503],[94.1176,24.89551],[94.11758,24.89442],[94.11593,24.8909],[94.11515,24.88622],[94.11412,24.8839],[94.10742,24.87997],[94.10581,24.87811],[94.106,24.87237],[94.10504,24.8688],[94.10874,24.87009],[94.10931,24.86957],[94.10579,24.86775],[94.10447,24.86503],[94.10782,24.86569],[94.10829,24.86549],[94.10864,24.86397],[94.11052,24.86277],[94.11002,24.86217],[94.10927,24.86223],[94.10572,24.86345],[94.10433,24.86276],[94.10368,24.86142],[94.10352,24.86025],[94.10519,24.85962],[94.10519,24.85819],[94.10676,24.85842],[94.10869,24.85775],[94.1084,24.85508],[94.10371,24.85579],[94.10265,24.85537],[94.1029,24.85456],[94.10535,24.85394],[94.1057,24.85271],[94.10541,24.84973],[94.10454,24.84978],[94.10319,24.8513],[94.1026,24.85051],[94.10326,24.84865],[94.10298,24.84822],[94.10048,24.84986],[94.09787,24.84991],[94.09492,24.85105],[94.09399,24.85066],[94.09114,24.85064],[94.08915,24.85108],[94.08695,24.85052],[94.08586,24.84951],[94.08588,24.84859],[94.08883,24.84753],[94.08999,24.84535],[94.093,24.84347],[94.09213,24.84289],[94.08827,24.8425],[94.08833,24.84186],[94.08937,24.84161],[94.08899,24.84072],[94.08965,24.83915],[94.09068,24.84015],[94.09131,24.83889],[94.0937,24.83812],[94.09348,24.83743],[94.09132,24.83701],[94.09091,24.83592],[94.09088,24.835],[94.09329,24.83332],[94.09197,24.8314],[94.09063,24.83166],[94.09232,24.82848],[94.09948,24.8249],[94.10067,24.82355],[94.10487,24.82614],[94.10631,24.82606],[94.1054,24.82508],[94.1052,24.82388],[94.1027,24.82225],[94.10437,24.82196],[94.10616,24.82034],[94.10818,24.8196],[94.10647,24.81947],[94.10735,24.81844],[94.10663,24.81725],[94.10603,24.81863],[94.1047,24.81955],[94.1038,24.82142],[94.10207,24.82087],[94.09985,24.8215],[94.09894,24.82104],[94.09621,24.8225],[94.09203,24.82225],[94.08981,24.82145],[94.08821,24.81746],[94.08953,24.81546],[94.08749,24.81523],[94.08655,24.81374],[94.08627,24.81182],[94.08655,24.81091],[94.09343,24.80779],[94.09189,24.80713],[94.0849,24.80766],[94.08455,24.80654],[94.0855,24.80517],[94.08754,24.80376],[94.08756,24.80253],[94.08719,24.80225],[94.08424,24.80259],[94.08415,24.80104],[94.08553,24.79887],[94.08283,24.79872],[94.08252,24.79786],[94.08371,24.79606],[94.0865,24.79586],[94.08719,24.79537],[94.0859,24.79483],[94.08509,24.79274],[94.08123,24.79417],[94.0796,24.79374],[94.07938,24.79274],[94.08108,24.79105],[94.08121,24.78988],[94.08077,24.78942],[94.07819,24.78908],[94.07788,24.78653],[94.08049,24.78488],[94.08021,24.78198],[94.07895,24.78207],[94.07742,24.7829],[94.0767,24.7813],[94.07592,24.78141],[94.07554,24.78588],[94.07535,24.78646],[94.07507,24.78626],[94.07247,24.77526],[94.07259,24.77443],[94.07332,24.77403],[94.07504,24.77469],[94.07561,24.77412],[94.07385,24.77264],[94.07364,24.7706],[94.07194,24.76897],[94.07182,24.7676],[94.07295,24.76691],[94.07295,24.76572],[94.07257,24.76529],[94.07113,24.76534],[94.07072,24.76414],[94.07201,24.76322],[94.07216,24.76254],[94.0705,24.76319],[94.06991,24.76289],[94.069,24.76045],[94.06972,24.7585],[94.06909,24.7559],[94.07095,24.75441],[94.07132,24.75318],[94.06878,24.75229],[94.07028,24.75077],[94.06961,24.74979],[94.06832,24.74976],[94.06618,24.75057],[94.06542,24.75012],[94.06712,24.74825],[94.06833,24.74519],[94.06754,24.74493],[94.06576,24.7456],[94.06618,24.74332],[94.06545,24.7429],[94.06543,24.74169],[94.06485,24.7413],[94.0631,24.74176],[94.06182,24.74274],[94.06082,24.74247],[94.06048,24.74187],[94.06205,24.74008],[94.06161,24.73929],[94.05847,24.73972],[94.05784,24.7407],[94.05705,24.74053],[94.0559,24.74106],[94.05517,24.7406],[94.05517,24.73984],[94.05614,24.73888],[94.05486,24.738],[94.05491,24.73705],[94.05941,24.736],[94.05996,24.73533],[94.05918,24.7348],[94.05692,24.73487],[94.05643,24.73418],[94.05426,24.73358],[94.05347,24.73105],[94.05567,24.73048],[94.05627,24.72983],[94.0579,24.72962],[94.05842,24.72885],[94.06012,24.72854],[94.05664,24.72699],[94.05279,24.72804],[94.05208,24.72696],[94.0524,24.72541],[94.05093,24.72472],[94.05104,24.72388],[94.0522,24.7231],[94.05026,24.72176],[94.05228,24.71901],[94.05395,24.71801],[94.05578,24.71825],[94.05997,24.72078],[94.06078,24.72057],[94.06106,24.71976],[94.05727,24.71705],[94.05408,24.71576],[94.05371,24.71517],[94.05398,24.71459],[94.05518,24.71411],[94.05906,24.71392],[94.05876,24.71319],[94.05597,24.71228],[94.05761,24.71202],[94.05916,24.71068],[94.05456,24.70941],[94.05893,24.70803],[94.05906,24.70521],[94.05804,24.70463],[94.05401,24.7048],[94.05252,24.70391],[94.05333,24.70279],[94.0556,24.70155],[94.05341,24.70059],[94.05333,24.69999],[94.05492,24.69846],[94.05278,24.69672],[94.05496,24.69521],[94.05338,24.69382],[94.0554,24.69287],[94.05872,24.69359],[94.05864,24.69428],[94.05709,24.69519],[94.05717,24.69598],[94.06039,24.69749],[94.05861,24.69913],[94.06104,24.7021],[94.06131,24.7027],[94.06065,24.70363],[94.06164,24.70526],[94.06313,24.70639],[94.06787,24.70605],[94.07161,24.70451],[94.07161,24.70065],[94.07103,24.69856],[94.07215,24.69699],[94.07262,24.69397],[94.07761,24.69358],[94.078,24.69191],[94.08174,24.69174],[94.08375,24.69214],[94.08695,24.69365],[94.09039,24.69358],[94.09321,24.69438],[94.09823,24.69462],[94.10469,24.70223],[94.10531,24.70232],[94.10677,24.70146],[94.10828,24.70153],[94.10855,24.7035],[94.10993,24.70511],[94.11091,24.70525],[94.11207,24.70639],[94.11537,24.7069],[94.11637,24.70841],[94.11673,24.70834],[94.11758,24.70487],[94.11851,24.70458],[94.11988,24.70697],[94.11994,24.70836],[94.11951,24.71033],[94.11735,24.71328],[94.1173,24.71565],[94.11871,24.71787],[94.12578,24.72083],[94.12646,24.72035],[94.12663,24.71771],[94.12588,24.71636],[94.12671,24.71434],[94.12508,24.71237],[94.12621,24.71132],[94.12796,24.71116],[94.12568,24.71035],[94.12626,24.70909],[94.12616,24.70656],[94.12694,24.70545],[94.12985,24.70518],[94.13005,24.70479],[94.12701,24.70433],[94.12463,24.70456],[94.12453,24.70335],[94.12528,24.70222],[94.12375,24.70259],[94.12327,24.70218],[94.12282,24.69965],[94.12325,24.69885],[94.12553,24.69789],[94.12558,24.6975],[94.12345,24.69711],[94.12069,24.69734],[94.11555,24.69947],[94.11286,24.6976],[94.1089,24.69618],[94.10677,24.69614],[94.10477,24.69667],[94.10307,24.6963],[94.10104,24.69521],[94.10024,24.69414],[94.1005,24.69141],[94.09935,24.68988],[94.09714,24.69039],[94.09518,24.69143],[94.09245,24.6911],[94.09159,24.69222],[94.09021,24.69261],[94.08536,24.68983],[94.08165,24.69044],[94.08049,24.68962],[94.0798,24.68751],[94.07899,24.68677],[94.07823,24.68672],[94.07754,24.68729],[94.07736,24.68968],[94.07665,24.68991],[94.07471,24.68614],[94.07347,24.6851],[94.07276,24.68565],[94.0729,24.68783],[94.07094,24.68813],[94.06886,24.68561],[94.07007,24.684],[94.06984,24.6837],[94.0677,24.684],[94.06539,24.68596],[94.06448,24.68605],[94.06115,24.68451],[94.05934,24.68261],[94.0566,24.68324],[94.05537,24.6829],[94.05329,24.68311],[94.05256,24.68225],[94.05164,24.67907],[94.04972,24.68188],[94.04766,24.67955],[94.04555,24.67829],[94.04324,24.67841],[94.03939,24.67761],[94.03946,24.67692],[94.04157,24.67449],[94.03836,24.67268],[94.03839,24.67094],[94.03714,24.67021],[94.03584,24.67029],[94.03469,24.67228],[94.03475,24.67317],[94.03644,24.67285],[94.03712,24.67323],[94.03629,24.67555],[94.03514,24.67561],[94.03274,24.67336],[94.03269,24.67225],[94.03387,24.66961],[94.03307,24.66884],[94.03159,24.66983],[94.03057,24.67267],[94.02896,24.67454],[94.02761,24.67539],[94.02559,24.67518],[94.02524,24.67398],[94.02687,24.6725],[94.02533,24.6707],[94.0246,24.66701],[94.02388,24.66682],[94.02238,24.66793],[94.02101,24.6708],[94.01918,24.66917],[94.01996,24.66731],[94.02013,24.6638],[94.019,24.6625],[94.02076,24.65999],[94.02048,24.6582],[94.01242,24.65658],[94.01135,24.65128],[94.00889,24.65514],[94.00636,24.66227],[94.00273,24.66547],[94.00439,24.66796],[94.00618,24.66877],[94.00724,24.6719],[94.00494,24.67554],[94.00442,24.6781],[94.00351,24.67914],[94.00422,24.68182],[94.0039,24.685],[94.00208,24.68691],[94.0,24.68587],[93.99635,24.68964],[93.99644,24.69167],[93.99374,24.69093],[93.99342,24.69178],[93.99375,24.6939],[93.99243,24.6932],[93.99164,24.69334],[93.99155,24.69468],[93.98941,24.69639],[93.98871,24.69829],[93.98757,24.69824],[93.98292,24.70043],[93.98034,24.69757],[93.97913,24.69134],[93.97963,24.68941],[93.97767,24.68781],[93.97822,24.68683],[93.9781,24.68455],[93.97632,24.68276],[93.97517,24.68038],[93.97432,24.67979],[93.97353,24.6811],[93.97207,24.68204],[93.97069,24.68207],[93.96845,24.68133],[93.96742,24.68031],[93.96684,24.67857],[93.96461,24.677],[93.96256,24.67448],[93.96162,24.67453],[93.95822,24.67296],[93.95775,24.67328],[93.95749,24.67462],[93.9582,24.67622],[93.95811,24.67727],[93.95545,24.68115],[93.95346,24.68259],[93.95296,24.68348],[93.95334,24.68474],[93.95559,24.68278],[93.95844,24.6827],[93.9592,24.68318],[93.9609,24.68679],[93.96122,24.68902],[93.96292,24.69117],[93.96263,24.69321],[93.96125,24.69447],[93.96106,24.69724],[93.95965,24.69906],[93.95784,24.70024],[93.95552,24.69968],[93.95385,24.70113],[93.95397,24.70166],[93.95535,24.70219],[93.9557,24.70278],[93.95605,24.70436],[93.95562,24.70585],[93.95623,24.70738],[93.95594,24.7084],[93.95248,24.70842],[93.95086,24.70776],[93.94788,24.70768],[93.94691,24.70809],[93.94547,24.70986],[93.94549,24.71367],[93.94467,24.7164],[93.9434,24.71738],[93.94291,24.71976],[93.94195,24.72039],[93.9411,24.72026],[93.94055,24.7217],[93.93335,24.7508],[93.93648,24.76537],[93.93602,24.76595],[93.93295,24.7667],[93.93357,24.77366],[93.93495,24.77618],[93.93578,24.78043],[93.93696,24.78111],[93.93742,24.782],[93.93866,24.78176],[93.94032,24.78219],[93.9399,24.78337],[93.94336,24.79092],[93.94271,24.79193],[93.94319,24.79331],[93.94123,24.79494],[93.9439,24.79764],[93.94445,24.79962],[93.94303,24.80334],[93.94462,24.8036],[93.94648,24.80613],[93.94569,24.8085],[93.94337,24.80925],[93.94437,24.81026],[93.9442,24.81231],[93.94221,24.81349],[93.9382,24.81456],[93.94055,24.82561],[93.94489,24.82544],[93.94574,24.83134],[93.94481,24.83328],[93.94048,24.8356],[93.93853,24.8376],[93.93788,24.83869],[93.93784,24.84237],[93.93713,24.84438],[93.9349,24.84541],[93.93213,24.84401],[93.93013,24.846],[93.92883,24.84853],[93.92416,24.84889],[93.91857,24.85171],[93.918,24.85305],[93.9185,24.85423],[93.92276,24.85702],[93.9232,24.85773],[93.92304,24.85885],[93.91973,24.8592],[93.90819,24.85494],[93.90393,24.85398],[93.90207,24.85753],[93.89917,24.85877],[93.8992,24.85976],[93.90115,24.86245],[93.90553,24.86438],[93.90711,24.86789],[93.90923,24.87026],[93.91326,24.87187],[93.91414,24.87388],[93.91647,24.87511],[93.91681,24.87633],[93.91656,24.87917],[93.91875,24.87936],[93.91905,24.88028],[93.91783,24.88169],[93.91802,24.88347],[93.91724,24.88427],[93.91366,24.88486],[93.91142,24.88688],[93.90996,24.88466],[93.90809,24.88342],[93.90694,24.88202],[93.9059,24.88166],[93.90659,24.88289],[93.90644,24.88347],[93.90273,24.88669],[93.90334,24.88787],[93.90478,24.88842],[93.90338,24.89132],[93.90405,24.89157],[93.90501,24.89067],[93.90524,24.89177],[93.9025,24.89513],[93.89985,24.89689],[93.89904,24.89861],[93.89801,24.90596],[93.89695,24.90813],[93.89757,24.90869],[93.90533,24.90955],[93.90998,24.9106],[93.91634,24.91027],[93.91855,24.91077],[93.91572,24.9068],[93.91343,24.90465],[93.91196,24.90012],[93.9135,24.90014],[93.91942,24.9029],[93.92333,24.9029],[93.92461,24.90332],[93.92693,24.90509],[93.92904,24.90416],[93.93132,24.90426],[93.93264,24.90503],[93.93294,24.90415],[93.9325,24.90212],[93.93128,24.89975],[93.92925,24.89743],[93.9302,24.89635],[93.93309,24.89639],[93.9339,24.89601],[93.93508,24.89304],[93.93692,24.89372],[93.93762,24.89503],[93.94069,24.89688],[93.94353,24.89622],[93.94572,24.89717],[93.95012,24.89804],[93.9508,24.89869],[93.95121,24.9005],[93.95266,24.90194],[93.94653,24.90319],[93.94649,24.90441],[93.95273,24.90643],[93.95501,24.90778],[93.95645,24.90946],[93.95806,24.91011],[93.95902,24.91269],[93.961,24.91474],[93.95975,24.91615],[93.95736,24.91644],[93.95543,24.91449],[93.94531,24.91211],[93.94455,24.91271],[93.94675,24.91619],[93.94722,24.91896],[93.95032,24.91973],[93.95368,24.92211],[93.95512,24.92257],[93.96242,24.92291],[93.96321,24.92645],[93.96238,24.92863],[93.9612,24.92982],[93.95671,24.93138],[93.9546,24.93048],[93.95118,24.93077],[93.9489,24.93252],[93.95193,24.9352],[93.95094,24.93752],[93.95256,24.93877],[93.95617,24.93837],[93.95821,24.93688],[93.9621,24.9359],[93.96329,24.93603],[93.96647,24.93934],[93.96915,24.9375],[93.96978,24.93608],[93.96873,24.93368],[93.96888,24.9327],[93.96995,24.93207],[93.97186,24.93238],[93.97404,24.93155],[93.97468,24.93074],[93.9746,24.92811],[93.97563,24.92734],[93.97499,24.92552],[93.97556,24.923],[93.97403,24.92151],[93.97484,24.9198],[93.97746,24.91827],[93.97773,24.91714],[93.97723,24.915],[93.97982,24.91603],[93.98046,24.9193],[93.98467,24.92015],[93.98386,24.92147],[93.98211,24.92212],[93.98438,24.92285],[93.98405,24.92421],[93.98538,24.9249],[93.98482,24.92598],[93.98276,24.92593],[93.98213,24.92633],[93.98172,24.92957],[93.98441,24.93567],[93.98368,24.93754],[93.98108,24.93859],[93.98353,24.94072],[93.98408,24.94233],[93.98346,24.94319],[93.98098,24.94177],[93.97931,24.94144],[93.97845,24.94295],[93.97903,24.94438],[93.98175,24.9468],[93.9816,24.94753],[93.97852,24.94862],[93.97288,24.94773],[93.96948,24.94873],[93.96824,24.94965],[93.96635,24.94863],[93.96501,24.94855],[93.96415,24.94921],[93.96366,24.9506],[93.96498,24.95242],[93.96441,24.95354],[93.95796,24.95193],[93.95375,24.95148],[93.95198,24.953],[93.95635,24.95492],[93.95908,24.95736],[93.95943,24.95818],[93.95524,24.96256],[93.95344,24.9652],[93.95396,24.96542],[93.95884,24.96214],[93.96414,24.95991],[93.96437,24.96052],[93.96389,24.96153],[93.9658,24.96258],[93.96669,24.96445],[93.96978,24.96487],[93.971,24.96328],[93.97288,24.96307],[93.97179,24.95728],[93.97196,24.95651],[93.97309,24.95557],[93.97538,24.95513],[93.97873,24.95528],[93.98297,24.95718],[93.98418,24.95693],[93.9865,24.955],[93.99172,24.95393],[93.99335,24.95471],[93.99437,24.95676],[93.99407,24.958],[93.99259,24.9599],[93.99292,24.96135],[93.986,24.96522],[93.98199,24.96952],[93.98354,24.96952],[93.98707,24.96801],[93.99123,24.96879],[93.9967,24.9681],[93.9978,24.96463],[93.99913,24.96368],[94.00121,24.96103],[94.00293,24.96004],[94.0015,24.95622],[94.0018,24.95518],[94.00301,24.95434],[94.00311,24.95324],[94.00146,24.95205],[94.00078,24.95085],[94.00288,24.95005],[94.00514,24.95112],[94.00739,24.95361],[94.00674,24.95509],[94.00716,24.95596],[94.00834,24.95603],[94.00988,24.95754],[94.012,24.95869],[94.00979,24.95897],[94.00897,24.95956],[94.0091,24.9616],[94.01059,24.96279],[94.01157,24.96453],[94.01536,24.96504],[94.01098,24.9696],[94.01171,24.96981],[94.01456,24.96905],[94.01555,24.96943],[94.01665,24.9819],[94.02015,24.99879],[94.01865,24.9995],[94.01566,24.99849],[94.0139,24.99874],[94.00942,24.99784],[94.00768,24.99806],[94.00401,24.99619],[94.00256,24.99608],[93.99943,24.99243],[93.99674,24.99109],[93.9938,24.99046],[93.99279,24.98973],[93.99047,24.9896],[93.99022,24.99083],[93.99215,24.99175],[93.99058,24.99243],[93.99173,24.99311],[93.99474,24.99347],[93.99689,24.99509],[93.99908,24.99538],[93.99917,24.99663],[94.00033,24.99719],[93.99971,24.99882],[94.00171,24.99988],[94.00184,25.00074],[94.00272,25.00089],[94.00346,25.00408],[94.00412,25.00273],[94.0049,25.00284],[94.0053,25.00359],[94.00627,25.00207],[94.00767,25.00178],[94.00865,25.00222],[94.00949,25.00362],[94.0116,25.00271],[94.0148,25.00307],[94.01558,25.0042],[94.01741,25.00385],[94.01867,25.00428],[94.01949,25.00689],[94.01896,25.0087],[94.02018,25.00964],[94.02071,25.0145],[94.0216,25.01696],[94.02122,25.01866],[94.01885,25.02157],[94.01415,25.03039],[94.01416,25.03321],[94.01529,25.0353],[94.01659,25.03638],[94.01634,25.03814],[94.01278,25.03718],[94.01111,25.03736],[94.01064,25.03651],[94.00993,25.037],[94.00961,25.03661],[94.01009,25.0358],[94.0094,25.03604],[94.00903,25.03532],[94.00841,25.03569],[94.00723,25.03536],[94.0071,25.03459],[94.00632,25.0349],[94.00497,25.03463],[94.00532,25.03538],[94.00271,25.03604],[94.00188,25.03507],[94.00172,25.03386],[94.0,25.0327],[93.9977,25.03202],[93.99756,25.03086],[93.99543,25.03118],[93.99497,25.03168],[93.99718,25.0323],[94.00254,25.03692],[94.01021,25.04007],[94.01244,25.0417],[94.01622,25.0426],[94.01555,25.04486],[94.01604,25.04527],[94.01819,25.04505],[94.02011,25.04671],[94.02145,25.05093],[94.02302,25.05181],[94.02498,25.05475],[94.02482,25.05788],[94.02583,25.05789],[94.02736,25.05473],[94.02834,25.05371],[94.03123,25.05262],[94.03163,25.05176],[94.03143,25.05042],[94.03038,25.04997],[94.0294,25.04702]]]}},{"id":"4","type":"Feature","properties":{"state":"MANIPUR","state_lgd":"14","district":"IMPHAL WEST","district_lgd":"277"},"geometry":{"type":"Polygon","coordinates":[[[93.87857,24.9884],[93.88347,24.98587],[93.8862,24.98619],[93.88669,24.98574],[93.88777,24.98574],[93.89369,24.98282],[93.90003,24.9821],[93.9008,24.98129],[93.90105,24.97827],[93.9018,24.97718],[93.90482,24.97593],[93.90651,24.97653],[93.90694,24.97374],[93.90745,24.97351],[93.90951,24.97395],[93.91082,24.97306],[93.91299,24.97309],[93.91411,24.97239],[93.91379,24.97049],[93.91025,24.96916],[93.90825,24.96958],[93.90645,24.96906],[93.90677,24.96807],[93.9092,24.9664],[93.90882,24.96473],[93.90757,24.96413],[93.90494,24.96476],[93.9046,24.96411],[93.90489,24.96106],[93.90209,24.96125],[93.90152,24.95799],[93.90015,24.9583],[93.89829,24.95692],[93.89689,24.9576],[93.89569,24.95763],[93.89179,24.95539],[93.89045,24.95382],[93.89124,24.95029],[93.88978,24.94766],[93.89076,24.9456],[93.89011,24.94439],[93.88684,24.94173],[93.88669,24.93924],[93.88845,24.93812],[93.89263,24.9372],[93.89531,24.93915],[93.89652,24.93898],[93.8975,24.93566],[93.89552,24.93276],[93.89588,24.93185],[93.89779,24.93177],[93.90121,24.9333],[93.90378,24.93375],[93.90458,24.9333],[93.90452,24.93124],[93.90532,24.9301],[93.90843,24.92917],[93.90712,24.93235],[93.90758,24.93517],[93.90911,24.93593],[93.90856,24.9374],[93.9093,24.93868],[93.90842,24.94003],[93.90964,24.94542],[93.9105,24.94665],[93.91265,24.94781],[93.91445,24.95175],[93.91567,24.95317],[93.91585,24.95457],[93.91777,24.95587],[93.91857,24.95989],[93.92021,24.96107],[93.91983,24.96281],[93.92136,24.96396],[93.9245,24.96861],[93.92528,24.96821],[93.92614,24.96478],[93.92668,24.96435],[93.9311,24.96763],[93.93191,24.96771],[93.92874,24.96129],[93.927,24.96004],[93.92751,24.9584],[93.92661,24.95621],[93.925,24.95487],[93.92497,24.95392],[93.92332,24.95078],[93.92426,24.94809],[93.92258,24.94586],[93.92114,24.94174],[93.92205,24.93978],[93.92123,24.93815],[93.92158,24.93621],[93.92306,24.93391],[93.92188,24.93077],[93.92249,24.9273],[93.92288,24.92686],[93.92452,24.92693],[93.92419,24.92545],[93.92513,24.92592],[93.92549,24.92567],[93.92419,24.92418],[93.92351,24.9224],[93.92109,24.92069],[93.92069,24.91481],[93.91718,24.9138],[93.91862,24.91152],[93.91855,24.91077],[93.91634,24.91027],[93.90998,24.9106],[93.90533,24.90955],[93.89757,24.90869],[93.89695,24.90813],[93.89801,24.90596],[93.89904,24.89861],[93.89985,24.89689],[93.9025,24.89513],[93.90524,24.89177],[93.90501,24.89067],[93.90405,24.89157],[93.90338,24.89132],[93.90478,24.88842],[93.90334,24.88787],[93.90273,24.88669],[93.90644,24.88347],[93.90659,24.88289],[93.9059,24.88166],[93.90694,24.88202],[93.90809,24.88342],[93.90996,24.88466],[93.91142,24.88688],[93.91366,24.88486],[93.91724,24.88427],[93.91802,24.88347],[93.91783,24.88169],[93.91905,24.88028],[93.91875,24.87936],[93.91656,24.87917],[93.91681,24.87633],[93.91647,24.87511],[93.91414,24.87388],[93.91326,24.87187],[93.90923,24.87026],[93.90711,24.86789],[93.90553,24.86438],[93.90115,24.86245],[93.89901,24.85926],[93.89972,24.85835],[93.90207,24.85753],[93.90393,24.85398],[93.90819,24.85494],[93.91973,24.8592],[93.92244,24.85918],[93.92304,24.85885],[93.9232,24.85773],[93.92276,24.85702],[93.9185,24.85423],[93.918,24.85305],[93.91857,24.85171],[93.92416,24.84889],[93.92883,24.84853],[93.93013,24.846],[93.93213,24.84401],[93.9349,24.84541],[93.93713,24.84438],[93.93784,24.84237],[93.93788,24.83869],[93.93853,24.8376],[93.94048,24.8356],[93.94481,24.83328],[93.94581,24.83104],[93.94489,24.82544],[93.94055,24.82561],[93.9382,24.81456],[93.94221,24.81349],[93.9442,24.81231],[93.94437,24.81026],[93.94337,24.80925],[93.94524,24.80884],[93.9465,24.80694],[93.94626,24.80563],[93.9452,24.80413],[93.94462,24.8036],[93.94303,24.80334],[93.94445,24.79962],[93.9439,24.79764],[93.94123,24.79494],[93.94319,24.79331],[93.94271,24.79193],[93.94336,24.79092],[93.9399,24.78337],[93.94032,24.78219],[93.93866,24.78176],[93.93742,24.782],[93.93696,24.78111],[93.93578,24.78043],[93.93495,24.77618],[93.93357,24.77366],[93.93305,24.77013],[93.93295,24.7667],[93.93602,24.76595],[93.93648,24.76537],[93.93335,24.7508],[93.9411,24.72026],[93.94002,24.71786],[93.93726,24.71573],[93.92833,24.71311],[93.92576,24.70749],[93.92579,24.70566],[93.92387,24.70405],[93.92056,24.70382],[93.91663,24.7056],[93.91552,24.70497],[93.9125,24.69999],[93.91103,24.69972],[93.90655,24.70081],[93.90443,24.70006],[93.90403,24.69943],[93.90731,24.69326],[93.9048,24.68696],[93.90479,24.68508],[93.90556,24.68392],[93.90942,24.68194],[93.90819,24.68011],[93.90588,24.67957],[93.90488,24.67851],[93.90412,24.67659],[93.90461,24.67525],[93.90534,24.6746],[93.90857,24.67463],[93.91164,24.67368],[93.91463,24.67392],[93.91732,24.67211],[93.91732,24.67114],[93.91432,24.66648],[93.91444,24.66528],[93.91584,24.66446],[93.91751,24.66426],[93.92254,24.66491],[93.92824,24.66326],[93.93064,24.66498],[93.93196,24.66529],[93.93282,24.66489],[93.93442,24.66273],[93.93474,24.65701],[93.93364,24.65393],[93.9348,24.64871],[93.93404,24.64824],[93.93228,24.64898],[93.92809,24.65306],[93.92689,24.65347],[93.92604,24.6531],[93.91998,24.64405],[93.91949,24.64022],[93.91753,24.63904],[93.90886,24.63671],[93.90587,24.634],[93.9004,24.63097],[93.90001,24.62822],[93.90087,24.62159],[93.89979,24.61931],[93.88891,24.61635],[93.88884,24.61472],[93.89187,24.61314],[93.89406,24.60965],[93.89875,24.60789],[93.90177,24.60909],[93.90506,24.61328],[93.90641,24.61434],[93.91009,24.61337],[93.9116,24.61203],[93.91206,24.60877],[93.91057,24.60158],[93.91121,24.59773],[93.91023,24.59534],[93.91113,24.59294],[93.90976,24.5923],[93.90567,24.59243],[93.90475,24.59144],[93.90566,24.58805],[93.90983,24.58449],[93.91126,24.58259],[93.91168,24.57355],[93.90946,24.56997],[93.90933,24.56758],[93.90673,24.56663],[93.90584,24.56565],[93.9056,24.56221],[93.90059,24.55951],[93.89919,24.55717],[93.89738,24.55644],[93.89266,24.55618],[93.88532,24.55304],[93.88228,24.55295],[93.8813,24.557],[93.88029,24.559],[93.87129,24.56285],[93.86969,24.56426],[93.86667,24.56562],[93.86033,24.56637],[93.86832,24.58789],[93.86886,24.59141],[93.87028,24.59586],[93.87159,24.59786],[93.87018,24.5979],[93.86808,24.59884],[93.86703,24.59873],[93.86575,24.59813],[93.86343,24.59565],[93.86311,24.59348],[93.86368,24.59158],[93.86267,24.58916],[93.86229,24.5865],[93.86104,24.58515],[93.86244,24.58276],[93.86251,24.58076],[93.86101,24.57959],[93.86064,24.57785],[93.85912,24.57736],[93.8574,24.57539],[93.85245,24.5727],[93.85115,24.57342],[93.85044,24.57461],[93.85221,24.57987],[93.85203,24.58176],[93.85026,24.58409],[93.84587,24.58637],[93.83154,24.59135],[93.82916,24.59455],[93.8297,24.59801],[93.83573,24.60734],[93.83603,24.60864],[93.83502,24.61043],[93.8317,24.61314],[93.82933,24.61395],[93.82643,24.61362],[93.82299,24.614],[93.81724,24.61573],[93.81215,24.61297],[93.80622,24.618],[93.80462,24.62375],[93.80486,24.62624],[93.81167,24.63356],[93.81297,24.63611],[93.81433,24.64223],[93.81379,24.6431],[93.81083,24.64434],[93.80881,24.64645],[93.80443,24.64943],[93.80294,24.65572],[93.79926,24.66076],[93.80068,24.66352],[93.80098,24.67019],[93.80204,24.67404],[93.80394,24.67631],[93.80761,24.67886],[93.81259,24.67951],[93.82071,24.68223],[93.82332,24.68125],[93.82427,24.68055],[93.82575,24.67806],[93.8264,24.67768],[93.82712,24.67789],[93.82978,24.6818],[93.83156,24.6857],[93.83482,24.67931],[93.8369,24.67085],[93.83844,24.66847],[93.83945,24.66771],[93.84176,24.66733],[93.85646,24.66138],[93.86477,24.65924],[93.86635,24.66158],[93.87544,24.66574],[93.87684,24.6676],[93.87871,24.67346],[93.88366,24.67789],[93.88288,24.68413],[93.88468,24.68846],[93.88356,24.6916],[93.88367,24.69491],[93.88663,24.69655],[93.88734,24.69823],[93.88647,24.70119],[93.88182,24.70104],[93.87655,24.70179],[93.8753,24.70234],[93.87837,24.70617],[93.87881,24.70884],[93.87825,24.71052],[93.87877,24.71305],[93.87052,24.71529],[93.87134,24.72179],[93.87123,24.72574],[93.86879,24.73895],[93.8671,24.73999],[93.86324,24.73905],[93.85846,24.73567],[93.85479,24.73399],[93.8493,24.73052],[93.83824,24.72712],[93.83418,24.7216],[93.8315,24.72204],[93.82841,24.72371],[93.82897,24.72847],[93.82769,24.72996],[93.82626,24.73075],[93.82313,24.7314],[93.82155,24.73255],[93.8187,24.7333],[93.81676,24.73327],[93.81285,24.7349],[93.81011,24.73379],[93.80497,24.73621],[93.80143,24.73884],[93.7983,24.7402],[93.79434,24.73879],[93.79079,24.74007],[93.7851,24.73743],[93.77867,24.73841],[93.77244,24.73357],[93.7708,24.73387],[93.76987,24.73512],[93.77131,24.73628],[93.77231,24.74015],[93.77371,24.73987],[93.77549,24.74117],[93.77622,24.74068],[93.77696,24.74086],[93.77668,24.74538],[93.77844,24.747],[93.77862,24.74887],[93.77936,24.74966],[93.77891,24.75091],[93.7803,24.75119],[93.77928,24.75354],[93.77951,24.75389],[93.7813,24.7537],[93.78196,24.75434],[93.78251,24.75669],[93.78411,24.75852],[93.78327,24.75991],[93.78408,24.76093],[93.78438,24.76319],[93.78613,24.76253],[93.78735,24.76382],[93.78735,24.76465],[93.78871,24.7645],[93.78806,24.76601],[93.78888,24.76651],[93.7885,24.76753],[93.78889,24.76812],[93.7898,24.76653],[93.79201,24.76475],[93.79261,24.76547],[93.79258,24.76678],[93.79078,24.76734],[93.79129,24.77056],[93.78947,24.77053],[93.789,24.77094],[93.78907,24.77362],[93.79197,24.77761],[93.79185,24.77906],[93.7915,24.78012],[93.79024,24.78051],[93.7903,24.78223],[93.7888,24.78291],[93.78781,24.78466],[93.78678,24.78511],[93.78739,24.78584],[93.78746,24.78749],[93.78672,24.792],[93.78533,24.7939],[93.78454,24.79774],[93.78265,24.79906],[93.78292,24.80292],[93.78168,24.80458],[93.78335,24.80743],[93.78489,24.80707],[93.78589,24.80748],[93.78719,24.81026],[93.78581,24.81166],[93.78554,24.81442],[93.78733,24.81572],[93.78839,24.81723],[93.78804,24.81886],[93.78935,24.81984],[93.79023,24.82225],[93.79251,24.82456],[93.79514,24.82567],[93.79759,24.82745],[93.79875,24.83049],[93.80256,24.83224],[93.80544,24.83273],[93.80867,24.83586],[93.80894,24.83821],[93.8098,24.83978],[93.80962,24.84597],[93.81036,24.84714],[93.81069,24.85025],[93.80929,24.85297],[93.80929,24.85636],[93.81081,24.85821],[93.80957,24.85915],[93.80783,24.86161],[93.80686,24.86414],[93.80692,24.86529],[93.81069,24.87222],[93.81577,24.8723],[93.81799,24.87413],[93.81825,24.87598],[93.81769,24.87956],[93.81822,24.88134],[93.82036,24.88295],[93.82085,24.88435],[93.82068,24.88709],[93.82231,24.88795],[93.82276,24.89094],[93.82478,24.89092],[93.82574,24.89196],[93.82613,24.89385],[93.82737,24.89462],[93.82696,24.89709],[93.8282,24.89976],[93.82771,24.90172],[93.83007,24.90642],[93.83157,24.90824],[93.83049,24.9104],[93.83068,24.91404],[93.83127,24.91596],[93.83298,24.9178],[93.83419,24.92096],[93.83622,24.92334],[93.83689,24.92484],[93.84182,24.92619],[93.84396,24.928],[93.84441,24.92902],[93.84599,24.92959],[93.84649,24.93141],[93.84528,24.93233],[93.84339,24.93666],[93.84323,24.93824],[93.84447,24.94088],[93.8442,24.94461],[93.84768,24.94818],[93.84683,24.95114],[93.84745,24.95444],[93.84785,24.95512],[93.84975,24.95617],[93.85945,24.95793],[93.8629,24.95971],[93.86408,24.9613],[93.86461,24.96305],[93.86609,24.96367],[93.86545,24.96544],[93.86545,24.9677],[93.86698,24.97061],[93.8674,24.97311],[93.86878,24.97605],[93.87087,24.97871],[93.87265,24.97985],[93.87328,24.98132],[93.8734,24.9864],[93.87485,24.98765],[93.87711,24.98762],[93.87857,24.9884]]]}},{"id":"5","type":"Feature","properties":{"state":"MANIPUR","state_lgd":"14","district":"JIRIBAM","district_lgd":"658"},"geometry":{"type":"Polygon","coordinates":[[[93.22524,24.86502],[93.23831,24.85356],[93.23458,24.8446],[93.22912,24.82917],[93.22709,24.82032],[93.21959,24.80007],[93.21256,24.79299],[93.21058,24.79177],[93.19755,24.78645],[93.18939,24.78696],[93.17546,24.78598],[93.17392,24.78522],[93.17163,24.78286],[93.16768,24.77987],[93.16534,24.77712],[93.16188,24.77187],[93.1604,24.76849],[93.15566,24.74787],[93.14936,24.73631],[93.14553,24.73149],[93.14223,24.72523],[93.14072,24.72057],[93.13704,24.71235],[93.13193,24.70395],[93.12868,24.70059],[93.12676,24.68945],[93.12196,24.68071],[93.11914,24.6704],[93.11622,24.65086],[93.11486,24.64562],[93.11514,24.62862],[93.11773,24.61936],[93.11988,24.61625],[93.13274,24.60571],[93.13765,24.60496],[93.14366,24.60249],[93.14557,24.60098],[93.14639,24.59917],[93.14847,24.59679],[93.14725,24.59294],[93.14693,24.58771],[93.14566,24.58291],[93.14075,24.57012],[93.13458,24.56268],[93.12532,24.5549],[93.12434,24.55565],[93.12118,24.55663],[93.11724,24.55902],[93.11484,24.55957],[93.11332,24.56053],[93.11206,24.56252],[93.10929,24.56341],[93.10718,24.5629],[93.106,24.56408],[93.10509,24.56432],[93.10302,24.56337],[93.10213,24.56416],[93.10062,24.56397],[93.09961,24.56528],[93.09857,24.56434],[93.09708,24.56434],[93.09648,24.56278],[93.09463,24.56305],[93.09355,24.56366],[93.09449,24.56434],[93.09374,24.56519],[93.09409,24.56654],[93.09313,24.56661],[93.09264,24.56779],[93.09123,24.56868],[93.09083,24.57033],[93.08923,24.57074],[93.0882,24.57245],[93.08929,24.57358],[93.09288,24.58131],[93.09632,24.58162],[93.10082,24.58079],[93.10297,24.58105],[93.10405,24.58164],[93.10436,24.58238],[93.10396,24.58506],[93.10158,24.58759],[93.09746,24.59018],[93.09178,24.59221],[93.08769,24.59211],[93.08027,24.59011],[93.07195,24.59868],[93.07115,24.60064],[93.07184,24.60295],[93.07394,24.60561],[93.0781,24.60922],[93.08421,24.6136],[93.08409,24.61482],[93.08327,24.61576],[93.07714,24.62008],[93.07568,24.62454],[93.07629,24.62659],[93.07872,24.62885],[93.08081,24.62902],[93.08521,24.62817],[93.08655,24.62873],[93.08728,24.62967],[93.08796,24.63468],[93.08763,24.63699],[93.08327,24.6469],[93.08288,24.64859],[93.08319,24.64981],[93.08456,24.65196],[93.08625,24.65273],[93.09404,24.65222],[93.09537,24.65283],[93.0962,24.65535],[93.09647,24.66426],[93.10402,24.6737],[93.10391,24.67785],[93.10278,24.68029],[93.10081,24.68073],[93.09855,24.68011],[93.09228,24.67686],[93.09094,24.67668],[93.09011,24.67717],[93.08985,24.67972],[93.09173,24.68288],[93.09229,24.68548],[93.09126,24.68803],[93.08898,24.6915],[93.08342,24.69813],[93.08262,24.70112],[93.08184,24.70216],[93.07901,24.70455],[93.07434,24.70646],[93.07355,24.70781],[93.07539,24.71093],[93.07738,24.71296],[93.07803,24.71291],[93.07972,24.7107],[93.08292,24.70867],[93.08528,24.70881],[93.08662,24.70953],[93.0901,24.71432],[93.09079,24.71818],[93.09325,24.71891],[93.09295,24.72008],[93.09037,24.72139],[93.09065,24.72508],[93.09589,24.72421],[93.09622,24.72955],[93.0971,24.73195],[93.1017,24.73638],[93.10635,24.73957],[93.10776,24.74144],[93.10732,24.74265],[93.10449,24.74481],[93.10272,24.74685],[93.10182,24.74638],[93.1016,24.74277],[93.10081,24.7426],[93.09988,24.74317],[93.09833,24.74675],[93.10112,24.74958],[93.09825,24.75437],[93.10238,24.75922],[93.10361,24.7672],[93.10329,24.76942],[93.10028,24.7736],[93.10052,24.77942],[93.10131,24.78025],[93.10439,24.78052],[93.10522,24.78111],[93.10543,24.78262],[93.1043,24.78631],[93.10611,24.78844],[93.10474,24.79044],[93.10481,24.79128],[93.10537,24.79171],[93.10752,24.79125],[93.10839,24.79184],[93.10798,24.79487],[93.10975,24.79663],[93.1114,24.80058],[93.11016,24.80516],[93.11018,24.80796],[93.10943,24.81148],[93.11123,24.81326],[93.11528,24.81428],[93.12019,24.81866],[93.12137,24.81922],[93.12199,24.81862],[93.12194,24.81662],[93.1179,24.80925],[93.11801,24.80841],[93.11886,24.80766],[93.12099,24.80748],[93.12703,24.80876],[93.13039,24.80535],[93.13176,24.80521],[93.13277,24.80569],[93.13398,24.80962],[93.13483,24.81058],[93.13636,24.81067],[93.13857,24.80999],[93.13836,24.80896],[93.13516,24.80864],[93.13471,24.80813],[93.13499,24.80759],[93.13712,24.80657],[93.13906,24.80274],[93.1411,24.80126],[93.14175,24.79728],[93.1434,24.79645],[93.14626,24.79744],[93.14792,24.79616],[93.15051,24.79532],[93.15117,24.79468],[93.15115,24.79228],[93.1485,24.78908],[93.14845,24.78798],[93.14899,24.78746],[93.15034,24.78742],[93.15424,24.78871],[93.15618,24.79133],[93.15987,24.79338],[93.16109,24.79623],[93.17068,24.80185],[93.17247,24.80185],[93.17357,24.80123],[93.17359,24.796],[93.17469,24.7938],[93.17615,24.79385],[93.17789,24.79515],[93.17935,24.79721],[93.17995,24.80307],[93.18058,24.80321],[93.18223,24.80249],[93.19112,24.80395],[93.19422,24.80902],[93.19695,24.81136],[93.19678,24.81243],[93.19006,24.81864],[93.19189,24.82458],[93.19591,24.83091],[93.19545,24.83151],[93.19165,24.83299],[93.19161,24.8344],[93.19327,24.83557],[93.19671,24.83406],[93.19779,24.83416],[93.19933,24.83548],[93.2006,24.83795],[93.20041,24.83926],[93.19969,24.83948],[93.19679,24.83675],[93.19611,24.83669],[93.19175,24.84002],[93.19231,24.84276],[93.19354,24.84398],[93.19543,24.84433],[93.19997,24.84152],[93.2011,24.84134],[93.20155,24.84206],[93.20078,24.84464],[93.20126,24.84854],[93.19812,24.85301],[93.19495,24.85323],[93.19483,24.85385],[93.19741,24.8553],[93.19955,24.85515],[93.20112,24.85436],[93.20239,24.85124],[93.20318,24.85084],[93.20407,24.85105],[93.20589,24.85277],[93.20687,24.85576],[93.20757,24.85614],[93.21003,24.85608],[93.21163,24.85885],[93.21361,24.86063],[93.21392,24.864],[93.21503,24.86557],[93.2169,24.86535],[93.21783,24.86709],[93.21993,24.86864],[93.22131,24.86719],[93.22524,24.86502]]]}},{"id":"6","type":"Feature","properties":{"state":"MANIPUR","state_lgd":"14","district":"KAKCHING","district_lgd":"651"},"geometry":{"type":"Polygon","coordinates":[[[93.88927,24.55454],[93.91519,24.54857],[93.9278,24.54666],[93.94175,24.54296],[93.94758,24.54005],[93.95232,24.53658],[93.95691,24.53427],[93.9667,24.52819],[93.97302,24.5258],[93.98432,24.52327],[94.00425,24.51395],[94.00755,24.51348],[94.0095,24.51224],[94.01082,24.51249],[94.01185,24.51158],[94.01297,24.51152],[94.01481,24.50959],[94.01402,24.50816],[94.01622,24.50312],[94.01409,24.50001],[94.01257,24.49649],[94.01406,24.4961],[94.01761,24.4974],[94.01922,24.49505],[94.02057,24.49602],[94.02027,24.49436],[94.02166,24.49111],[94.02166,24.48948],[94.01978,24.48807],[94.02044,24.48692],[94.02022,24.48428],[94.01844,24.48257],[94.01755,24.48308],[94.01703,24.48281],[94.01686,24.48104],[94.01496,24.48019],[94.01591,24.47791],[94.01785,24.47682],[94.01838,24.47396],[94.01756,24.46907],[94.0198,24.46288],[94.01997,24.46018],[94.02098,24.45798],[94.02128,24.45549],[94.02309,24.45468],[94.0246,24.45504],[94.02608,24.4569],[94.02716,24.4597],[94.02857,24.4604],[94.03114,24.46034],[94.03382,24.46097],[94.03452,24.45949],[94.03658,24.4583],[94.03731,24.45877],[94.03776,24.46039],[94.03824,24.4606],[94.03905,24.45926],[94.03951,24.4592],[94.0398,24.46104],[94.04221,24.46147],[94.04058,24.46253],[94.04046,24.46312],[94.04185,24.46372],[94.04413,24.46384],[94.04656,24.46579],[94.04864,24.46537],[94.05208,24.46696],[94.05332,24.46271],[94.04887,24.45829],[94.04545,24.45666],[94.04286,24.45437],[94.04236,24.45412],[94.04098,24.455],[94.03964,24.45227],[94.04028,24.4504],[94.0375,24.44793],[94.03453,24.44852],[94.03353,24.44823],[94.03316,24.44694],[94.03079,24.4471],[94.03039,24.44385],[94.02865,24.44656],[94.02615,24.44626],[94.02442,24.44689],[94.02383,24.44518],[94.0226,24.44489],[94.02114,24.44372],[94.02092,24.43857],[94.01956,24.43657],[94.0171,24.43502],[94.01504,24.43504],[94.01392,24.43556],[94.01251,24.43744],[94.0114,24.43723],[94.01123,24.43843],[94.0127,24.43871],[94.01222,24.44013],[94.01091,24.43969],[94.01053,24.4401],[94.01272,24.44217],[94.01154,24.44345],[94.01254,24.44422],[94.01247,24.44483],[94.01065,24.4441],[94.00909,24.44485],[94.00577,24.44463],[94.00446,24.44334],[94.00107,24.4467],[94.0,24.44717],[93.9993,24.44714],[93.9986,24.44618],[93.99697,24.4466],[93.99319,24.44566],[93.99312,24.44661],[93.99055,24.44687],[93.99141,24.44738],[93.99417,24.44731],[93.99299,24.44945],[93.9935,24.4499],[93.9946,24.44957],[93.99593,24.44835],[93.99674,24.44952],[93.99844,24.44813],[94.0006,24.44832],[94.00321,24.44585],[94.0049,24.44559],[94.0057,24.44669],[94.00288,24.44825],[94.002,24.45139],[94.00126,24.45182],[94.00094,24.45363],[94.0,24.45504],[94.00042,24.45541],[94.0021,24.45474],[94.00291,24.45496],[94.0032,24.45583],[94.00261,24.45723],[94.00441,24.45888],[94.00442,24.45947],[94.00296,24.45951],[94.00207,24.46055],[93.99668,24.46228],[93.9959,24.4635],[93.99457,24.46357],[93.99431,24.46474],[93.99603,24.46503],[93.99605,24.46559],[93.99467,24.46765],[93.9933,24.46774],[93.99236,24.46862],[93.98715,24.46627],[93.98362,24.46022],[93.98111,24.46232],[93.97962,24.46247],[93.97891,24.4631],[93.97842,24.46372],[93.97891,24.46471],[93.97781,24.46702],[93.97891,24.46981],[93.97745,24.47149],[93.9784,24.47316],[93.97768,24.47467],[93.97969,24.4769],[93.97835,24.47778],[93.97741,24.47922],[93.97739,24.48187],[93.97661,24.48258],[93.9776,24.48393],[93.9786,24.48432],[93.98319,24.48305],[93.98383,24.48529],[93.98263,24.48653],[93.98202,24.48817],[93.98134,24.48841],[93.98019,24.48741],[93.97715,24.48652],[93.97306,24.48693],[93.97198,24.48493],[93.97121,24.48482],[93.96931,24.48702],[93.96775,24.48796],[93.96818,24.48958],[93.96787,24.4907],[93.96514,24.49212],[93.96704,24.49748],[93.96777,24.49842],[93.97032,24.49875],[93.97141,24.50002],[93.97126,24.50078],[93.97085,24.50078],[93.96973,24.50251],[93.96867,24.50269],[93.96684,24.50206],[93.96428,24.50339],[93.963,24.50311],[93.96194,24.50167],[93.96264,24.50078],[93.96168,24.49971],[93.96179,24.49915],[93.96013,24.49858],[93.96171,24.49671],[93.96088,24.49571],[93.96276,24.4947],[93.96261,24.49279],[93.96369,24.49138],[93.96286,24.48755],[93.96406,24.48543],[93.96368,24.48282],[93.96422,24.48037],[93.96349,24.47941],[93.96348,24.47768],[93.96253,24.47707],[93.95965,24.47751],[93.95837,24.47614],[93.95731,24.47384],[93.95577,24.47228],[93.95748,24.47188],[93.95859,24.47233],[93.95951,24.47329],[93.95949,24.47446],[93.96028,24.47465],[93.96296,24.47333],[93.96449,24.47144],[93.96609,24.47088],[93.96351,24.46796],[93.96105,24.46695],[93.96112,24.46304],[93.96204,24.46127],[93.96223,24.45957],[93.96198,24.45846],[93.96046,24.45747],[93.95981,24.4551],[93.96016,24.45422],[93.96283,24.45324],[93.96258,24.45087],[93.95789,24.44987],[93.95552,24.44636],[93.95498,24.4463],[93.9519,24.44685],[93.94696,24.44875],[93.94526,24.44887],[93.94065,24.44357],[93.93924,24.44263],[93.93994,24.44168],[93.94157,24.44132],[93.94452,24.44431],[93.94559,24.44216],[93.94768,24.4427],[93.95097,24.44185],[93.95219,24.44245],[93.95281,24.44223],[93.9541,24.43972],[93.95646,24.43834],[93.95558,24.43669],[93.95255,24.43522],[93.94918,24.43567],[93.94462,24.43507],[93.94438,24.43467],[93.94509,24.4341],[93.94874,24.43356],[93.94815,24.43197],[93.94852,24.43074],[93.94728,24.43077],[93.94563,24.43195],[93.94447,24.43128],[93.94423,24.43297],[93.94267,24.43271],[93.94162,24.43385],[93.94019,24.43321],[93.94019,24.43195],[93.93833,24.43276],[93.93656,24.43245],[93.93449,24.43319],[93.9337,24.4329],[93.93455,24.42965],[93.93718,24.42865],[93.93591,24.42748],[93.93591,24.42696],[93.93834,24.42473],[93.93981,24.42448],[93.94186,24.42499],[93.94499,24.42433],[93.94645,24.42455],[93.94974,24.42366],[93.94696,24.42285],[93.94411,24.42333],[93.94161,24.42269],[93.94042,24.42153],[93.94016,24.41987],[93.93781,24.41759],[93.93689,24.41795],[93.93569,24.41936],[93.93234,24.41961],[93.9322,24.4153],[93.9305,24.41463],[93.93076,24.41356],[93.9291,24.4109],[93.92917,24.40949],[93.92664,24.40657],[93.92601,24.40684],[93.92734,24.40931],[93.92585,24.411],[93.92529,24.41413],[93.92664,24.41413],[93.92691,24.41537],[93.92634,24.41564],[93.92642,24.41726],[93.92514,24.41767],[93.92368,24.41956],[93.92533,24.42083],[93.92533,24.42128],[93.92173,24.42228],[93.92109,24.42194],[93.92041,24.4206],[93.92116,24.41925],[93.92083,24.41736],[93.91947,24.4163],[93.9194,24.41565],[93.92244,24.41111],[93.92049,24.41018],[93.91996,24.40863],[93.91853,24.40936],[93.9179,24.41042],[93.9173,24.41018],[93.91621,24.40747],[93.91467,24.40884],[93.91437,24.41059],[93.91279,24.41118],[93.91208,24.41039],[93.91262,24.40904],[93.91069,24.40882],[93.91114,24.40725],[93.90856,24.40566],[93.91,24.40459],[93.91193,24.40468],[93.9125,24.40593],[93.91455,24.40482],[93.91413,24.40294],[93.91058,24.40192],[93.91131,24.40122],[93.91252,24.39712],[93.91072,24.39508],[93.91029,24.39339],[93.91053,24.39171],[93.91129,24.39095],[93.91368,24.39071],[93.91431,24.39016],[93.91433,24.38913],[93.91315,24.38732],[93.91489,24.38567],[93.91397,24.38183],[93.91438,24.38106],[93.91562,24.38044],[93.91489,24.38008],[93.91626,24.37705],[93.91623,24.37617],[93.91231,24.38278],[93.90924,24.3852],[93.90666,24.38537],[93.90785,24.38341],[93.91041,24.38121],[93.9116,24.37775],[93.91168,24.3754],[93.91073,24.37632],[93.91067,24.37734],[93.90973,24.3779],[93.90962,24.37933],[93.90811,24.37969],[93.90265,24.37892],[93.9026,24.37676],[93.90199,24.37507],[93.90322,24.37387],[93.90235,24.37235],[93.90377,24.3709],[93.90334,24.37046],[93.90041,24.37088],[93.89985,24.3694],[93.90081,24.36843],[93.90305,24.36796],[93.90337,24.36701],[93.90047,24.36651],[93.89802,24.36667],[93.8972,24.36593],[93.89681,24.36469],[93.89734,24.36336],[93.8992,24.36277],[93.89976,24.35872],[93.90213,24.35847],[93.90353,24.35774],[93.90321,24.35688],[93.90204,24.35771],[93.90093,24.35754],[93.89961,24.35826],[93.89931,24.35555],[93.89799,24.35436],[93.89675,24.35528],[93.89572,24.3552],[93.89515,24.3523],[93.89325,24.35134],[93.89476,24.34566],[93.8951,24.3416],[93.8948,24.33705],[93.89603,24.33445],[93.89943,24.33243],[93.90107,24.33084],[93.90109,24.33007],[93.89829,24.32939],[93.89933,24.32561],[93.89717,24.32495],[93.89692,24.32399],[93.89752,24.32268],[93.89692,24.32158],[93.89316,24.32034],[93.89252,24.31893],[93.89068,24.31817],[93.89049,24.31772],[93.89136,24.31679],[93.89037,24.31555],[93.89131,24.31384],[93.89044,24.31276],[93.89052,24.31203],[93.89182,24.3109],[93.8942,24.31129],[93.896,24.30976],[93.89711,24.31001],[93.8982,24.31199],[93.89884,24.31177],[93.8987,24.31036],[93.89612,24.30709],[93.89671,24.30711],[93.89677,24.30625],[93.89857,24.3059],[93.89744,24.30269],[93.89792,24.3016],[93.90098,24.29829],[93.90018,24.29652],[93.90146,24.29458],[93.89381,24.29535],[93.89274,24.29604],[93.89122,24.29625],[93.88726,24.29442],[93.88615,24.2952],[93.8858,24.29662],[93.88379,24.29702],[93.88296,24.29685],[93.88072,24.2942],[93.88096,24.29296],[93.8842,24.29173],[93.88294,24.28925],[93.88513,24.28817],[93.88432,24.28391],[93.88614,24.28217],[93.8867,24.28092],[93.88644,24.28022],[93.88455,24.27935],[93.88447,24.27877],[93.88574,24.27819],[93.88543,24.27618],[93.88609,24.2757],[93.88712,24.27682],[93.88853,24.27598],[93.88954,24.27823],[93.89031,24.2776],[93.89158,24.27839],[93.89195,24.27779],[93.89024,24.27556],[93.89032,24.27455],[93.89387,24.27466],[93.89318,24.27359],[93.89022,24.27226],[93.88436,24.27152],[93.88498,24.2693],[93.88554,24.26869],[93.88622,24.26869],[93.88772,24.26949],[93.8901,24.26899],[93.89167,24.2679],[93.88933,24.26678],[93.88826,24.26529],[93.88853,24.26457],[93.89246,24.26392],[93.89033,24.2622],[93.89015,24.26104],[93.8908,24.25943],[93.8923,24.25767],[93.89317,24.25726],[93.89427,24.2583],[93.89466,24.25678],[93.89636,24.25522],[93.89715,24.25364],[93.89801,24.2533],[93.90039,24.25307],[93.90199,24.25457],[93.90284,24.25401],[93.90178,24.25233],[93.90078,24.252],[93.89873,24.25225],[93.89889,24.25084],[93.89762,24.25027],[93.89963,24.24406],[93.90282,24.24077],[93.90364,24.23751],[93.90271,24.23751],[93.90239,24.2368],[93.90026,24.23755],[93.89943,24.23719],[93.89924,24.2338],[93.89639,24.22826],[93.89566,24.22755],[93.89358,24.2276],[93.89291,24.22703],[93.89291,24.2261],[93.89466,24.22332],[93.89489,24.21884],[93.89029,24.21154],[93.89078,24.21034],[93.89204,24.20928],[93.89478,24.20794],[93.89949,24.20654],[93.90069,24.20465],[93.89736,24.19942],[93.89407,24.20193],[93.89094,24.20269],[93.88894,24.20395],[93.88708,24.20351],[93.88624,24.20201],[93.88477,24.20288],[93.88393,24.20202],[93.87951,24.19967],[93.87719,24.19912],[93.875,24.19995],[93.87413,24.20077],[93.87139,24.20753],[93.87021,24.20873],[93.86649,24.20789],[93.86379,24.20828],[93.86621,24.21041],[93.86874,24.21377],[93.86747,24.21759],[93.8679,24.21903],[93.87019,24.22018],[93.87604,24.22067],[93.87841,24.22207],[93.88,24.22494],[93.87968,24.22833],[93.87811,24.22944],[93.87403,24.23053],[93.86156,24.23171],[93.86055,24.23222],[93.85914,24.23417],[93.86097,24.2365],[93.86178,24.23874],[93.86501,24.24003],[93.86701,24.24219],[93.86745,24.24347],[93.8667,24.24529],[93.86338,24.24581],[93.86215,24.24754],[93.86286,24.2493],[93.86478,24.25135],[93.86497,24.25217],[93.86503,24.2537],[93.86273,24.25663],[93.86236,24.2593],[93.86271,24.26078],[93.86395,24.26244],[93.8648,24.2661],[93.86568,24.26743],[93.8684,24.26893],[93.87243,24.27268],[93.87406,24.27839],[93.87811,24.27915],[93.87911,24.28024],[93.87947,24.28201],[93.8755,24.28545],[93.86723,24.29069],[93.86727,24.29127],[93.87041,24.29371],[93.87173,24.2968],[93.86934,24.30052],[93.86832,24.30761],[93.8654,24.3132],[93.86461,24.31365],[93.86324,24.3136],[93.85549,24.31178],[93.8547,24.31222],[93.85409,24.31358],[93.85429,24.31418],[93.85737,24.31563],[93.85753,24.31607],[93.85573,24.32022],[93.85406,24.32843],[93.85475,24.32868],[93.85544,24.32835],[93.85801,24.32502],[93.85954,24.325],[93.86029,24.32926],[93.86467,24.33398],[93.86401,24.33512],[93.8601,24.33724],[93.85428,24.34125],[93.85243,24.34187],[93.85201,24.34343],[93.85347,24.34547],[93.858,24.34775],[93.86039,24.34957],[93.86308,24.35211],[93.8639,24.35422],[93.86356,24.35505],[93.86216,24.35588],[93.85798,24.35554],[93.85634,24.35485],[93.85402,24.35188],[93.85303,24.35177],[93.8511,24.35256],[93.84984,24.35481],[93.85027,24.356],[93.85373,24.35883],[93.85437,24.36066],[93.85344,24.36229],[93.85099,24.36403],[93.84885,24.36658],[93.84698,24.372],[93.84671,24.37544],[93.84712,24.37635],[93.84953,24.37656],[93.85185,24.37784],[93.85236,24.37931],[93.85143,24.38097],[93.84674,24.38539],[93.84661,24.38725],[93.84736,24.39],[93.84611,24.39512],[93.84718,24.39852],[93.84275,24.40115],[93.84142,24.40261],[93.83969,24.41004],[93.84063,24.41208],[93.84702,24.41317],[93.84819,24.4142],[93.8483,24.41539],[93.84764,24.41679],[93.84325,24.41973],[93.83963,24.42461],[93.83875,24.42656],[93.83992,24.42928],[93.84136,24.43025],[93.84468,24.43491],[93.84564,24.43506],[93.84802,24.43366],[93.84956,24.43437],[93.85022,24.43528],[93.85038,24.43729],[93.85153,24.43995],[93.85579,24.44366],[93.85582,24.44452],[93.85416,24.44836],[93.85447,24.45011],[93.85638,24.4526],[93.86011,24.45545],[93.85805,24.45644],[93.85433,24.45628],[93.85402,24.45718],[93.85816,24.46072],[93.86116,24.46247],[93.86118,24.46483],[93.86194,24.46576],[93.86413,24.46682],[93.86836,24.46694],[93.87138,24.46959],[93.87266,24.47159],[93.87172,24.47538],[93.87211,24.47806],[93.87646,24.48344],[93.88093,24.48665],[93.88219,24.48904],[93.88251,24.49158],[93.88079,24.49379],[93.87567,24.49658],[93.87445,24.49821],[93.8764,24.50294],[93.87828,24.50544],[93.88299,24.50806],[93.88344,24.50875],[93.88293,24.50922],[93.87879,24.5101],[93.87585,24.51126],[93.87492,24.51292],[93.87711,24.51643],[93.87644,24.51948],[93.8748,24.52067],[93.87152,24.52004],[93.86936,24.52209],[93.86831,24.5241],[93.86843,24.52553],[93.87031,24.52952],[93.86856,24.53211],[93.86827,24.53352],[93.86958,24.53724],[93.86978,24.54059],[93.87131,24.54361],[93.87105,24.54758],[93.87215,24.55096],[93.87659,24.55396],[93.87846,24.55394],[93.88147,24.553],[93.88484,24.55297],[93.88927,24.55454]]]}},{"id":"7","type":"Feature","properties":{"state":"MANIPUR","state_lgd":"14","district":"KAMJANG","district_lgd":"670"},"geometry":{"type":"Polygon","coordinates":[[[94.62381,25.18137],[94.62495,25.18116],[94.62643,25.17984],[94.62883,25.17541],[94.63077,25.17464],[94.63476,25.172],[94.6366,25.17012],[94.63704,25.16887],[94.64014,25.16615],[94.6483,25.16828],[94.64981,25.16722],[94.65253,25.16643],[94.65328,25.16566],[94.65548,25.16541],[94.66103,25.16345],[94.6646,25.16272],[94.66903,25.15759],[94.67377,25.15659],[94.67734,25.15457],[94.67756,25.15135],[94.67995,25.1493],[94.68274,25.15037],[94.68567,25.15242],[94.68715,25.15406],[94.6877,25.15631],[94.68923,25.15781],[94.69004,25.15784],[94.6918,25.15594],[94.69372,25.15596],[94.69671,25.15495],[94.70063,25.151],[94.70291,25.14542],[94.70777,25.14417],[94.70988,25.1413],[94.71183,25.14056],[94.71547,25.13796],[94.71894,25.13843],[94.71978,25.13784],[94.7217,25.13754],[94.72548,25.13549],[94.72886,25.13448],[94.73387,25.13425],[94.73643,25.13487],[94.73701,25.13422],[94.73723,25.13198],[94.7384,25.13086],[94.7382,25.13006],[94.73867,25.12937],[94.73809,25.12837],[94.74034,25.12696],[94.74068,25.12465],[94.74019,25.12264],[94.74072,25.12038],[94.7396,25.11699],[94.73642,25.11268],[94.73619,25.11032],[94.73768,25.10817],[94.73969,25.10685],[94.73973,25.1052],[94.74079,25.10383],[94.7394,25.09711],[94.74042,25.09532],[94.73966,25.09231],[94.74049,25.09068],[94.74089,25.08826],[94.74274,25.0847],[94.74447,25.0833],[94.74407,25.08191],[94.74489,25.08064],[94.74184,25.07183],[94.73786,25.06543],[94.73849,25.06483],[94.74126,25.06408],[94.74337,25.06268],[94.74469,25.06003],[94.74408,25.05643],[94.74198,25.05215],[94.74224,25.05059],[94.74423,25.04721],[94.74411,25.04631],[94.74255,25.045],[94.74324,25.04359],[94.742,25.04269],[94.74282,25.04105],[94.74212,25.03884],[94.74416,25.03727],[94.74263,25.03543],[94.74134,25.03486],[94.74096,25.03277],[94.73765,25.02765],[94.73858,25.02356],[94.73478,25.01994],[94.73351,25.01776],[94.73272,25.01509],[94.72904,25.01213],[94.72772,25.01017],[94.72911,25.00566],[94.72658,25.0024],[94.72695,25.00033],[94.72663,24.99958],[94.72327,24.99813],[94.71976,24.99498],[94.716,24.99301],[94.7137,24.99249],[94.71316,24.99176],[94.70896,24.98928],[94.7059,24.98635],[94.70446,24.98382],[94.70265,24.98246],[94.70253,24.9802],[94.70142,24.97851],[94.70105,24.97449],[94.69984,24.97305],[94.69917,24.97116],[94.69659,24.96847],[94.69754,24.96603],[94.69607,24.96379],[94.69714,24.96268],[94.69641,24.96042],[94.69665,24.95955],[94.70164,24.95585],[94.70184,24.95277],[94.70396,24.95181],[94.70603,24.94975],[94.70666,24.94859],[94.70651,24.94601],[94.70744,24.9422],[94.70952,24.93892],[94.71292,24.93642],[94.7134,24.93437],[94.71232,24.93172],[94.71024,24.9289],[94.70272,24.92966],[94.70193,24.92938],[94.7018,24.92529],[94.70095,24.92274],[94.69658,24.91813],[94.6949,24.91279],[94.6937,24.9121],[94.69323,24.90585],[94.69043,24.90317],[94.69077,24.89909],[94.68685,24.89153],[94.68795,24.88806],[94.68343,24.88726],[94.67951,24.88434],[94.67555,24.8802],[94.67399,24.87509],[94.66561,24.87407],[94.66297,24.87064],[94.6611,24.87201],[94.65983,24.87233],[94.65729,24.8711],[94.6542,24.8677],[94.65307,24.86517],[94.65295,24.86335],[94.64853,24.86062],[94.64842,24.85894],[94.6506,24.85635],[94.65045,24.85522],[94.6476,24.85249],[94.64519,24.84922],[94.6426,24.8482],[94.6411,24.84627],[94.63899,24.84535],[94.63797,24.84311],[94.63358,24.84012],[94.63186,24.83946],[94.63346,24.83703],[94.63366,24.83553],[94.63248,24.83102],[94.63264,24.8234],[94.63124,24.82082],[94.63103,24.81932],[94.6291,24.81691],[94.62916,24.81524],[94.63002,24.81431],[94.63006,24.8116],[94.62918,24.8087],[94.62999,24.80743],[94.62966,24.80297],[94.62912,24.80166],[94.62593,24.79954],[94.62523,24.79602],[94.62329,24.79385],[94.62213,24.78842],[94.61902,24.78463],[94.61879,24.7832],[94.61961,24.7815],[94.61861,24.7798],[94.62064,24.77782],[94.62194,24.77538],[94.6225,24.77121],[94.62466,24.76986],[94.62417,24.76878],[94.62447,24.76778],[94.62538,24.76777],[94.62609,24.76613],[94.62777,24.76513],[94.62696,24.76397],[94.62796,24.76368],[94.62912,24.76128],[94.62936,24.75697],[94.62841,24.75482],[94.62702,24.75428],[94.62596,24.75222],[94.62439,24.7516],[94.62227,24.74933],[94.62024,24.74849],[94.61896,24.74627],[94.6168,24.74562],[94.61513,24.74353],[94.61423,24.74112],[94.61267,24.74018],[94.61338,24.73854],[94.61321,24.737],[94.61064,24.73319],[94.61107,24.72882],[94.60906,24.72824],[94.60842,24.72604],[94.60945,24.72483],[94.60675,24.72254],[94.60621,24.72156],[94.6062,24.71991],[94.60735,24.71805],[94.60512,24.71231],[94.6047,24.71196],[94.60294,24.71215],[94.60275,24.71068],[94.60163,24.70948],[94.59152,24.70951],[94.58512,24.70542],[94.58012,24.70904],[94.5782,24.71172],[94.57816,24.71482],[94.57965,24.71639],[94.57943,24.72371],[94.57814,24.72344],[94.57501,24.71645],[94.57275,24.71293],[94.5711,24.71253],[94.5679,24.71458],[94.55531,24.71483],[94.54966,24.71277],[94.54807,24.70953],[94.54827,24.70638],[94.55009,24.6981],[94.55272,24.68994],[94.5531,24.68276],[94.55114,24.66981],[94.55007,24.65893],[94.54446,24.6449],[94.52921,24.61802],[94.51854,24.60401],[94.50013,24.58425],[94.49225,24.57463],[94.48635,24.57003],[94.47935,24.56637],[94.46658,24.56153],[94.46154,24.55795],[94.45725,24.55241],[94.4521,24.5415],[94.447,24.52746],[94.43867,24.51007],[94.4252,24.48612],[94.42282,24.4835],[94.42074,24.48028],[94.4091,24.47929],[94.40548,24.47798],[94.406,24.48393],[94.40516,24.48432],[94.40332,24.48312],[94.40221,24.48315],[94.40169,24.48589],[94.39979,24.48754],[94.39893,24.48752],[94.39771,24.48457],[94.39616,24.48365],[94.3957,24.48416],[94.39665,24.48627],[94.39587,24.48834],[94.39519,24.48835],[94.39386,24.48715],[94.39319,24.48481],[94.39193,24.48415],[94.39131,24.48445],[94.3906,24.48627],[94.38912,24.48658],[94.38763,24.48802],[94.38492,24.4884],[94.38484,24.48917],[94.38578,24.49003],[94.38597,24.49105],[94.38351,24.4918],[94.38133,24.49397],[94.38067,24.49609],[94.37781,24.49624],[94.37642,24.49422],[94.3754,24.49378],[94.37478,24.49399],[94.37442,24.49565],[94.37759,24.49811],[94.37899,24.50029],[94.37932,24.50181],[94.37856,24.50242],[94.37491,24.50183],[94.37476,24.50269],[94.37598,24.50473],[94.37159,24.50718],[94.3706,24.50871],[94.37146,24.50941],[94.37352,24.50815],[94.37522,24.50811],[94.3757,24.50905],[94.37469,24.51065],[94.37671,24.5128],[94.37562,24.51313],[94.37379,24.5122],[94.37119,24.51168],[94.36848,24.51265],[94.36578,24.512],[94.36506,24.51348],[94.36858,24.5155],[94.36911,24.51606],[94.36904,24.51688],[94.36776,24.51785],[94.36325,24.51795],[94.36157,24.51873],[94.36453,24.52396],[94.36298,24.52605],[94.36385,24.52798],[94.36371,24.52982],[94.36755,24.53264],[94.3679,24.53358],[94.36959,24.5345],[94.36744,24.53603],[94.3678,24.53827],[94.36867,24.5388],[94.37047,24.53865],[94.37044,24.53962],[94.36863,24.54223],[94.37104,24.54415],[94.37134,24.5454],[94.37302,24.54732],[94.37298,24.54788],[94.36953,24.54792],[94.36675,24.54859],[94.36338,24.54756],[94.36247,24.54877],[94.35916,24.55089],[94.35798,24.55014],[94.35582,24.54665],[94.35466,24.54623],[94.35217,24.54903],[94.35191,24.5503],[94.35004,24.55239],[94.3484,24.55289],[94.34687,24.55225],[94.33654,24.55035],[94.33531,24.54949],[94.33112,24.54899],[94.32992,24.55112],[94.32795,24.55211],[94.32772,24.55304],[94.33063,24.55451],[94.33237,24.55675],[94.33208,24.55788],[94.33066,24.55866],[94.33057,24.56028],[94.33151,24.56165],[94.33324,24.56241],[94.33315,24.56363],[94.33379,24.56453],[94.33348,24.5652],[94.33041,24.56681],[94.32983,24.56612],[94.33088,24.56506],[94.33087,24.56444],[94.3266,24.56507],[94.3277,24.56803],[94.32474,24.57031],[94.31808,24.56825],[94.31714,24.56894],[94.31323,24.56936],[94.31086,24.57089],[94.30894,24.57404],[94.3091,24.57567],[94.307,24.57632],[94.30689,24.58083],[94.30513,24.58141],[94.30452,24.58206],[94.30413,24.58558],[94.30226,24.5837],[94.30145,24.58186],[94.30037,24.58238],[94.29902,24.58408],[94.29672,24.58336],[94.29281,24.58446],[94.29033,24.5865],[94.28893,24.58891],[94.28924,24.59182],[94.2866,24.593],[94.28569,24.59732],[94.28509,24.59803],[94.28269,24.59801],[94.28261,24.59984],[94.28205,24.60067],[94.28107,24.6002],[94.28023,24.59867],[94.27677,24.5991],[94.27363,24.59792],[94.27289,24.5967],[94.27129,24.59583],[94.26778,24.59766],[94.2673,24.59744],[94.26711,24.59598],[94.26659,24.59556],[94.26384,24.59607],[94.26,24.60058],[94.25803,24.60174],[94.25772,24.60336],[94.2567,24.60431],[94.25707,24.60535],[94.25608,24.60609],[94.25601,24.60714],[94.25507,24.60836],[94.25458,24.61136],[94.25353,24.61211],[94.25274,24.6143],[94.25045,24.61658],[94.24929,24.61675],[94.24805,24.61764],[94.2427,24.61576],[94.239,24.61561],[94.23572,24.61469],[94.23034,24.61742],[94.22321,24.61919],[94.22001,24.61873],[94.21812,24.61893],[94.21514,24.61684],[94.21195,24.61603],[94.2092,24.61793],[94.20501,24.61979],[94.20227,24.62451],[94.20097,24.62572],[94.1979,24.62558],[94.19402,24.62727],[94.19129,24.62755],[94.18926,24.62883],[94.18835,24.62888],[94.18637,24.62761],[94.18433,24.62863],[94.17813,24.63028],[94.17633,24.63193],[94.16805,24.63308],[94.16716,24.63176],[94.16334,24.62843],[94.16207,24.62611],[94.16204,24.62263],[94.15628,24.62262],[94.15502,24.62157],[94.15116,24.61995],[94.14775,24.61675],[94.14163,24.61584],[94.13992,24.61658],[94.13514,24.61594],[94.13382,24.61608],[94.13144,24.61727],[94.12843,24.61762],[94.12704,24.61699],[94.1291,24.61526],[94.12944,24.61405],[94.12887,24.61352],[94.12731,24.61342],[94.12518,24.61505],[94.12434,24.61631],[94.12576,24.61667],[94.12466,24.61831],[94.12431,24.62073],[94.12258,24.62532],[94.11981,24.62653],[94.11935,24.62815],[94.11791,24.62836],[94.11623,24.63005],[94.113,24.63611],[94.11208,24.63862],[94.11139,24.64775],[94.10896,24.65094],[94.10798,24.65152],[94.10741,24.65289],[94.10723,24.65448],[94.10787,24.65485],[94.10833,24.65632],[94.10798,24.65701],[94.10348,24.65896],[94.10273,24.65975],[94.10319,24.6608],[94.1051,24.66202],[94.10798,24.66233],[94.10983,24.66096],[94.11012,24.65933],[94.11294,24.65616],[94.11335,24.65485],[94.11456,24.65469],[94.11935,24.65015],[94.12333,24.64889],[94.1246,24.64899],[94.11687,24.65664],[94.11577,24.65975],[94.11502,24.66059],[94.11588,24.66279],[94.11444,24.66416],[94.11323,24.66865],[94.11329,24.67039],[94.11461,24.67155],[94.11565,24.67176],[94.11975,24.67155],[94.12061,24.67134],[94.12379,24.66891],[94.12685,24.66807],[94.12875,24.66828],[94.12961,24.6697],[94.12811,24.67112],[94.12419,24.67186],[94.12159,24.67313],[94.11981,24.67329],[94.11865,24.67518],[94.11669,24.67603],[94.11557,24.67716],[94.11555,24.67801],[94.11364,24.67945],[94.11377,24.68028],[94.1183,24.68282],[94.12063,24.68102],[94.12111,24.68196],[94.1205,24.68418],[94.12153,24.68534],[94.12283,24.68572],[94.12434,24.68483],[94.12493,24.68318],[94.12627,24.68453],[94.12945,24.68301],[94.13115,24.68315],[94.13295,24.68243],[94.13477,24.68409],[94.14228,24.68435],[94.1417,24.68538],[94.14175,24.68725],[94.14386,24.68726],[94.14467,24.68666],[94.14662,24.68629],[94.15191,24.68653],[94.15303,24.68692],[94.15302,24.68749],[94.15367,24.68784],[94.15497,24.68803],[94.15578,24.68763],[94.15683,24.68872],[94.15789,24.68818],[94.15876,24.68925],[94.16063,24.68935],[94.16148,24.69207],[94.16329,24.69234],[94.16444,24.69323],[94.16436,24.69442],[94.16564,24.69518],[94.1669,24.69775],[94.16861,24.6989],[94.17017,24.7022],[94.17172,24.70315],[94.17073,24.70441],[94.17144,24.70723],[94.17319,24.70936],[94.17552,24.71021],[94.17671,24.71289],[94.17731,24.71318],[94.17782,24.71237],[94.17849,24.71221],[94.18201,24.71442],[94.18394,24.71412],[94.18549,24.71505],[94.18694,24.71493],[94.18783,24.71624],[94.18505,24.71762],[94.18302,24.71923],[94.1821,24.72126],[94.17802,24.72591],[94.17248,24.73455],[94.17407,24.73871],[94.17682,24.74263],[94.17713,24.74413],[94.17926,24.74795],[94.17872,24.75077],[94.17577,24.75313],[94.17537,24.75495],[94.1785,24.75979],[94.17803,24.7644],[94.17908,24.76767],[94.17323,24.77402],[94.17246,24.77654],[94.16894,24.7781],[94.16651,24.77831],[94.16599,24.77876],[94.16654,24.77954],[94.16581,24.77999],[94.16379,24.78639],[94.16308,24.78667],[94.16245,24.79186],[94.16069,24.79498],[94.15901,24.79555],[94.15802,24.79689],[94.15354,24.79759],[94.15215,24.79871],[94.15003,24.79813],[94.14716,24.79858],[94.14566,24.79743],[94.144,24.79742],[94.14135,24.7997],[94.13953,24.79932],[94.13887,24.80043],[94.13716,24.80109],[94.13636,24.80262],[94.13576,24.80265],[94.13478,24.80122],[94.13317,24.80269],[94.13329,24.80465],[94.13515,24.80742],[94.13621,24.81164],[94.1394,24.81437],[94.14069,24.81633],[94.14079,24.81905],[94.13868,24.82107],[94.13986,24.82297],[94.13899,24.82622],[94.13927,24.82737],[94.14125,24.82919],[94.1419,24.82885],[94.14211,24.82758],[94.14303,24.82721],[94.14626,24.82782],[94.14714,24.82896],[94.14639,24.83023],[94.14368,24.83078],[94.14621,24.83201],[94.14564,24.83337],[94.14577,24.83484],[94.14397,24.83569],[94.1431,24.83782],[94.14391,24.83922],[94.1466,24.83951],[94.14682,24.84078],[94.14454,24.84321],[94.14423,24.84486],[94.14013,24.84723],[94.14024,24.84801],[94.14217,24.84897],[94.14111,24.85055],[94.14113,24.85215],[94.13964,24.85305],[94.13563,24.85748],[94.13654,24.85984],[94.13851,24.8596],[94.14137,24.85824],[94.14237,24.85852],[94.14288,24.8593],[94.14304,24.86105],[94.14253,24.86243],[94.14332,24.86461],[94.14219,24.86916],[94.14281,24.87147],[94.14208,24.87152],[94.14013,24.86974],[94.13946,24.87029],[94.1413,24.87375],[94.1439,24.87381],[94.14431,24.87167],[94.14575,24.87236],[94.14685,24.8771],[94.14675,24.87929],[94.14748,24.88339],[94.15011,24.88375],[94.15283,24.88293],[94.15409,24.88365],[94.15584,24.88369],[94.1563,24.88417],[94.1544,24.8864],[94.15453,24.88976],[94.1569,24.89242],[94.15711,24.89345],[94.15624,24.89522],[94.15837,24.89662],[94.15855,24.89792],[94.15803,24.89934],[94.15583,24.89909],[94.15574,24.90027],[94.15782,24.90397],[94.15728,24.90474],[94.15574,24.90509],[94.15562,24.90571],[94.15981,24.90914],[94.15971,24.91064],[94.15819,24.91207],[94.1589,24.91577],[94.15998,24.91591],[94.16381,24.91438],[94.16463,24.91444],[94.16527,24.9151],[94.16609,24.91941],[94.16654,24.9199],[94.16908,24.92018],[94.17011,24.92087],[94.16814,24.92337],[94.16881,24.9254],[94.16735,24.92647],[94.16667,24.92763],[94.1668,24.9305],[94.16819,24.93435],[94.1661,24.93552],[94.16598,24.93616],[94.16732,24.93745],[94.17055,24.93659],[94.17182,24.93691],[94.1719,24.93749],[94.17025,24.93924],[94.17259,24.94147],[94.17387,24.94379],[94.17362,24.94522],[94.17196,24.94633],[94.1718,24.94681],[94.17244,24.94753],[94.1754,24.94711],[94.17746,24.94948],[94.18378,24.95033],[94.19147,24.94707],[94.19252,24.94711],[94.19405,24.94804],[94.19532,24.94747],[94.19656,24.94778],[94.19701,24.94733],[94.19721,24.9453],[94.19789,24.94485],[94.19849,24.94549],[94.1986,24.94702],[94.20067,24.94907],[94.20167,24.95288],[94.20115,24.95534],[94.20217,24.95508],[94.20262,24.95374],[94.20415,24.9525],[94.20543,24.94996],[94.20708,24.95006],[94.20871,24.95163],[94.21234,24.95233],[94.21464,24.95424],[94.21541,24.9562],[94.21661,24.95725],[94.21688,24.96283],[94.21786,24.96394],[94.22018,24.96267],[94.22017,24.96344],[94.22399,24.96296],[94.2278,24.96437],[94.22975,24.96333],[94.23058,24.96409],[94.23263,24.96423],[94.23337,24.96357],[94.2347,24.9636],[94.23684,24.96288],[94.23745,24.96342],[94.23768,24.96451],[94.23723,24.96555],[94.23762,24.96591],[94.24202,24.96539],[94.24376,24.96474],[94.24671,24.9657],[94.25097,24.96418],[94.25171,24.9644],[94.25362,24.96681],[94.25474,24.96714],[94.2619,24.96729],[94.26392,24.96681],[94.26548,24.96552],[94.26926,24.96503],[94.27112,24.9642],[94.27598,24.96442],[94.27993,24.9618],[94.28135,24.96014],[94.28291,24.95966],[94.28475,24.96011],[94.28616,24.95935],[94.28678,24.9582],[94.28873,24.95806],[94.292,24.95919],[94.29346,24.9589],[94.29402,24.95793],[94.29346,24.95646],[94.29496,24.95613],[94.2963,24.95844],[94.29859,24.95878],[94.29887,24.96229],[94.30072,24.96176],[94.3018,24.96214],[94.30291,24.96126],[94.30346,24.96136],[94.30369,24.96411],[94.306,24.96654],[94.30528,24.96818],[94.30628,24.97021],[94.31428,24.97187],[94.32354,24.97546],[94.32536,24.9763],[94.32735,24.97849],[94.33045,24.98031],[94.33481,24.9806],[94.33816,24.97961],[94.3433,24.97643],[94.34747,24.97628],[94.34953,24.97711],[94.35358,24.98067],[94.35556,24.98155],[94.36369,24.98391],[94.36933,24.9833],[94.37394,24.98488],[94.37265,24.9822],[94.37423,24.97998],[94.37332,24.97803],[94.37383,24.97579],[94.37337,24.9739],[94.37464,24.97224],[94.37481,24.97016],[94.37568,24.96908],[94.3757,24.96818],[94.37707,24.96731],[94.37778,24.96563],[94.37745,24.96457],[94.37966,24.96266],[94.37865,24.96078],[94.38041,24.95855],[94.38029,24.95707],[94.38174,24.95675],[94.38433,24.9548],[94.38855,24.9507],[94.38871,24.94984],[94.38756,24.94788],[94.38801,24.94528],[94.38986,24.94913],[94.39181,24.95054],[94.39515,24.95195],[94.39612,24.95336],[94.39822,24.95349],[94.40489,24.96193],[94.40657,24.96212],[94.40726,24.96268],[94.40751,24.964],[94.40619,24.96777],[94.4062,24.96911],[94.40811,24.97099],[94.4094,24.97386],[94.41102,24.97488],[94.41188,24.97752],[94.4153,24.98025],[94.41542,24.98134],[94.41761,24.98447],[94.41765,24.98612],[94.41987,24.98761],[94.42203,24.98786],[94.42283,24.98925],[94.42715,24.99221],[94.42801,24.99385],[94.42928,24.99481],[94.42954,24.99657],[94.43078,24.99795],[94.43088,24.99964],[94.43313,25.00416],[94.43261,25.00583],[94.43439,25.0093],[94.43428,25.0122],[94.43537,25.01551],[94.43775,25.0175],[94.44006,25.02214],[94.44253,25.02349],[94.44385,25.02574],[94.44594,25.02737],[94.44875,25.02686],[94.45276,25.02368],[94.46288,25.02017],[94.46814,25.02216],[94.47281,25.02302],[94.47528,25.02455],[94.47847,25.02555],[94.47946,25.02608],[94.48134,25.0283],[94.48478,25.03002],[94.48888,25.02982],[94.49133,25.02805],[94.49387,25.02787],[94.49491,25.02702],[94.49625,25.02763],[94.4982,25.02562],[94.50004,25.02969],[94.50177,25.03172],[94.50582,25.03188],[94.50874,25.03326],[94.51101,25.03376],[94.51292,25.03502],[94.51536,25.0376],[94.5231,25.03558],[94.52556,25.0361],[94.52596,25.03669],[94.52577,25.03781],[94.53088,25.04405],[94.53229,25.04748],[94.53488,25.04901],[94.53785,25.04897],[94.53993,25.05028],[94.54308,25.0489],[94.54366,25.04672],[94.5453,25.04656],[94.54895,25.04519],[94.55699,25.04675],[94.5634,25.05215],[94.56597,25.05492],[94.56686,25.05659],[94.56306,25.05782],[94.5581,25.05722],[94.55598,25.06383],[94.55426,25.06719],[94.55716,25.07062],[94.55989,25.07172],[94.56492,25.07485],[94.56772,25.07846],[94.56787,25.08218],[94.56708,25.08522],[94.56899,25.08846],[94.56957,25.09304],[94.57093,25.09693],[94.56701,25.09899],[94.56675,25.10134],[94.56463,25.1032],[94.56403,25.10603],[94.56214,25.10772],[94.5622,25.10899],[94.56425,25.11002],[94.56534,25.1113],[94.56907,25.10953],[94.57248,25.11313],[94.57413,25.11408],[94.57659,25.11447],[94.57831,25.11638],[94.58337,25.12011],[94.58478,25.12069],[94.58807,25.12583],[94.58804,25.12753],[94.58624,25.13375],[94.58688,25.13553],[94.58688,25.14063],[94.58579,25.14178],[94.58476,25.14205],[94.58423,25.14292],[94.58161,25.14391],[94.58123,25.14507],[94.58151,25.14683],[94.58376,25.1519],[94.58378,25.1545],[94.5847,25.15501],[94.58764,25.15518],[94.58909,25.15619],[94.59009,25.15817],[94.59337,25.16096],[94.59729,25.16079],[94.59799,25.16122],[94.59981,25.16393],[94.59988,25.16735],[94.60148,25.17508],[94.60306,25.17691],[94.60332,25.17814],[94.60544,25.18166],[94.6072,25.18112],[94.61129,25.18201],[94.61476,25.18454],[94.61976,25.18667],[94.62198,25.18507],[94.6227,25.18278],[94.62381,25.18137]]]}},{"id":"8","type":"Feature","properties":{"state":"MANIPUR","state_lgd":"14","district":"KANGPOKPI","district_lgd":"679"},"geometry":{"type":"Polygon","coordinates":[[[93.97516,25.26655],[93.97933,25.26605],[93.98073,25.26666],[93.98328,25.26666],[93.98558,25.26547],[93.98761,25.26349],[93.99339,25.25969],[93.99674,25.25866],[93.99834,25.25765],[94.00001,25.25505],[94.00179,25.24889],[94.00342,25.24831],[94.00406,25.24686],[94.00701,25.24489],[94.00745,25.24162],[94.01042,25.24019],[94.0097,25.2385],[94.00731,25.23603],[94.00669,25.23289],[94.00571,25.23217],[94.006,25.22903],[94.00427,25.22863],[94.00266,25.22727],[94.0025,25.22675],[94.00326,25.22639],[94.00182,25.22577],[94.00091,25.22412],[94.00094,25.22352],[94.0023,25.2231],[94.00155,25.22216],[94.00137,25.22076],[94.00042,25.2198],[94.00042,25.21749],[93.99705,25.2139],[93.99729,25.20742],[93.99683,25.20605],[93.99527,25.20507],[93.99448,25.20348],[93.99673,25.20232],[94.00163,25.20113],[94.00543,25.19904],[94.01256,25.19687],[94.0156,25.19542],[94.01687,25.19546],[94.01908,25.19463],[94.02119,25.19195],[94.02221,25.19195],[94.02325,25.18952],[94.02486,25.18861],[94.02668,25.18675],[94.02821,25.18704],[94.0297,25.1857],[94.02987,25.1839],[94.03107,25.18234],[94.03108,25.18094],[94.0316,25.18044],[94.03178,25.17798],[94.03403,25.17607],[94.03513,25.17391],[94.03728,25.17208],[94.03865,25.17236],[94.04289,25.17167],[94.04267,25.17092],[94.0447,25.16977],[94.04572,25.16734],[94.04759,25.16637],[94.04804,25.16518],[94.05224,25.16575],[94.05329,25.16543],[94.05468,25.16681],[94.05529,25.16576],[94.05587,25.16717],[94.05779,25.1682],[94.05951,25.16844],[94.0617,25.16796],[94.06307,25.16681],[94.06703,25.16746],[94.06716,25.16585],[94.06924,25.16714],[94.07393,25.16846],[94.07594,25.16786],[94.07759,25.16624],[94.08079,25.16634],[94.09112,25.16936],[94.09546,25.17146],[94.09856,25.17163],[94.1003,25.17238],[94.1153,25.17521],[94.11789,25.17614],[94.11906,25.17776],[94.12297,25.17612],[94.12718,25.17844],[94.13727,25.1779],[94.13763,25.17941],[94.14239,25.18377],[94.14709,25.18644],[94.15087,25.18951],[94.15151,25.19034],[94.15139,25.19292],[94.15052,25.19481],[94.16201,25.1905],[94.16685,25.18603],[94.17055,25.18477],[94.17334,25.18433],[94.17546,25.18454],[94.18707,25.17881],[94.19517,25.17747],[94.19418,25.17636],[94.19175,25.17653],[94.19183,25.17575],[94.19267,25.1752],[94.19245,25.174],[94.19168,25.17327],[94.1907,25.17343],[94.19066,25.17159],[94.18912,25.16974],[94.18715,25.16888],[94.18553,25.16977],[94.18418,25.1688],[94.18185,25.16929],[94.18129,25.16778],[94.17963,25.16792],[94.1792,25.16589],[94.178,25.16593],[94.17679,25.16527],[94.17655,25.16445],[94.17823,25.1628],[94.18098,25.16193],[94.18144,25.15991],[94.18074,25.15882],[94.18025,25.15862],[94.17803,25.15956],[94.17636,25.16111],[94.17339,25.1609],[94.17264,25.1603],[94.17296,25.15931],[94.1757,25.15675],[94.17489,25.15478],[94.17304,25.15304],[94.17274,25.15062],[94.1722,25.15049],[94.17082,25.15183],[94.16799,25.15122],[94.16792,25.1489],[94.16625,25.14752],[94.16651,25.14248],[94.16603,25.14183],[94.16507,25.14175],[94.16189,25.14346],[94.16098,25.14305],[94.16059,25.14231],[94.16076,25.14134],[94.16289,25.13877],[94.16311,25.13684],[94.16463,25.1353],[94.16471,25.13336],[94.16011,25.13363],[94.15833,25.13274],[94.15731,25.13297],[94.15672,25.1337],[94.15697,25.13611],[94.15758,25.13706],[94.15724,25.13784],[94.15224,25.13371],[94.15213,25.13286],[94.15323,25.13064],[94.15094,25.13133],[94.14978,25.13258],[94.1497,25.13441],[94.14912,25.13451],[94.14757,25.1333],[94.1481,25.13168],[94.14729,25.13027],[94.14687,25.12992],[94.14563,25.13006],[94.14473,25.12892],[94.14697,25.12789],[94.14688,25.12695],[94.14282,25.12387],[94.14175,25.12138],[94.14044,25.12088],[94.13926,25.11908],[94.1379,25.11858],[94.13591,25.11958],[94.13228,25.11887],[94.1319,25.11704],[94.13383,25.11557],[94.13509,25.11301],[94.13439,25.11251],[94.13335,25.11308],[94.13058,25.11306],[94.12958,25.1122],[94.12902,25.11088],[94.13046,25.11021],[94.12967,25.1089],[94.13014,25.10739],[94.12838,25.10777],[94.12924,25.10548],[94.12878,25.10341],[94.12954,25.10127],[94.12745,25.09867],[94.12602,25.09847],[94.12479,25.09735],[94.12441,25.09482],[94.11968,25.09249],[94.11836,25.09075],[94.11896,25.08914],[94.11995,25.0885],[94.11993,25.08645],[94.12161,25.08644],[94.12225,25.08473],[94.12187,25.08284],[94.12329,25.08316],[94.12344,25.08276],[94.12276,25.07936],[94.122,25.07825],[94.12127,25.07936],[94.12057,25.07956],[94.11983,25.07719],[94.11816,25.07761],[94.11749,25.07703],[94.11801,25.07521],[94.11931,25.07453],[94.11916,25.07401],[94.11754,25.07364],[94.11845,25.0731],[94.11869,25.07204],[94.11872,25.0706],[94.11742,25.07017],[94.11882,25.06935],[94.1189,25.06564],[94.12018,25.06529],[94.12327,25.06543],[94.12277,25.06414],[94.12384,25.06346],[94.12308,25.06258],[94.1241,25.06185],[94.12355,25.06082],[94.12378,25.05967],[94.12253,25.05841],[94.12361,25.05752],[94.12513,25.05793],[94.1259,25.05717],[94.12372,25.05497],[94.12448,25.0534],[94.12627,25.05286],[94.12832,25.05383],[94.12898,25.05371],[94.12998,25.05319],[94.13065,25.05181],[94.13199,25.05208],[94.13256,25.05093],[94.13338,25.05167],[94.13478,25.05217],[94.13583,25.05203],[94.13639,25.05255],[94.13712,25.05155],[94.1387,25.05155],[94.13848,25.05069],[94.14108,25.05024],[94.14041,25.04885],[94.14174,25.04849],[94.14143,25.04634],[94.14345,25.0442],[94.14279,25.04091],[94.14447,25.04042],[94.14544,25.03874],[94.14699,25.03858],[94.14708,25.03814],[94.14606,25.03743],[94.14613,25.03644],[94.14817,25.03608],[94.14866,25.03525],[94.14824,25.03365],[94.14896,25.0318],[94.14732,25.03026],[94.14726,25.02753],[94.14976,25.02496],[94.15037,25.02086],[94.14918,25.01889],[94.14916,25.01666],[94.1481,25.01337],[94.14835,25.01161],[94.14743,25.01],[94.14749,25.00564],[94.14616,25.00318],[94.14522,24.99893],[94.15054,24.98267],[94.15266,24.97837],[94.15309,24.97869],[94.15348,24.97841],[94.15438,24.97626],[94.15453,24.97235],[94.15414,24.97054],[94.15308,24.96892],[94.15285,24.96592],[94.15429,24.96402],[94.15673,24.96247],[94.15783,24.96037],[94.15921,24.95895],[94.15995,24.95582],[94.1622,24.95143],[94.16342,24.94686],[94.16688,24.94275],[94.17026,24.94139],[94.17109,24.94013],[94.17028,24.9389],[94.17195,24.93719],[94.17055,24.93659],[94.16732,24.93745],[94.16598,24.93616],[94.1661,24.93552],[94.16819,24.93435],[94.1668,24.9305],[94.16667,24.92763],[94.16735,24.92647],[94.16881,24.9254],[94.16814,24.92337],[94.17011,24.92087],[94.16908,24.92018],[94.16654,24.9199],[94.16609,24.91941],[94.16527,24.9151],[94.16463,24.91444],[94.16381,24.91438],[94.15998,24.91591],[94.1589,24.91577],[94.15819,24.91207],[94.15971,24.91064],[94.15981,24.90914],[94.15562,24.90571],[94.15574,24.90509],[94.15728,24.90474],[94.15782,24.90397],[94.15574,24.90027],[94.15583,24.89909],[94.15803,24.89934],[94.15855,24.89792],[94.15837,24.89662],[94.15624,24.89522],[94.15711,24.89345],[94.1569,24.89242],[94.15453,24.88976],[94.1544,24.8864],[94.15625,24.88448],[94.1562,24.88395],[94.15409,24.88365],[94.15283,24.88293],[94.15011,24.88375],[94.14748,24.88339],[94.14675,24.87929],[94.14685,24.8771],[94.14575,24.87236],[94.14431,24.87167],[94.1439,24.87381],[94.1413,24.87375],[94.13946,24.87029],[94.14013,24.86974],[94.14208,24.87152],[94.14281,24.87147],[94.14219,24.86916],[94.14332,24.86461],[94.14253,24.86243],[94.14304,24.86105],[94.14267,24.8588],[94.14137,24.85824],[94.13851,24.8596],[94.13654,24.85984],[94.13563,24.85748],[94.13964,24.85305],[94.14113,24.85215],[94.14111,24.85055],[94.14217,24.84897],[94.14024,24.84801],[94.14013,24.84723],[94.14423,24.84486],[94.14454,24.84321],[94.14682,24.84078],[94.1466,24.83951],[94.14391,24.83922],[94.1431,24.83782],[94.14397,24.83569],[94.14577,24.83484],[94.14564,24.83337],[94.14621,24.83201],[94.14368,24.83078],[94.14639,24.83023],[94.14714,24.82896],[94.14626,24.82782],[94.14303,24.82721],[94.14211,24.82758],[94.1419,24.82885],[94.14125,24.82919],[94.13927,24.82737],[94.13899,24.82622],[94.13986,24.82297],[94.13868,24.82107],[94.14079,24.81905],[94.14069,24.81633],[94.1394,24.81437],[94.13621,24.81164],[94.13515,24.80742],[94.13329,24.80465],[94.13317,24.80269],[94.13478,24.80122],[94.13576,24.80265],[94.13636,24.80262],[94.13716,24.80109],[94.13887,24.80043],[94.13953,24.79932],[94.14135,24.7997],[94.144,24.79742],[94.14566,24.79743],[94.14716,24.79858],[94.15003,24.79813],[94.15215,24.79871],[94.15354,24.79759],[94.15802,24.79689],[94.15901,24.79555],[94.16069,24.79498],[94.16245,24.79186],[94.16308,24.78667],[94.16379,24.78639],[94.16581,24.77999],[94.16654,24.77954],[94.16599,24.77876],[94.16651,24.77831],[94.16894,24.7781],[94.17246,24.77654],[94.17323,24.77402],[94.17908,24.76767],[94.17803,24.7644],[94.1785,24.75979],[94.17537,24.75495],[94.17577,24.75313],[94.17872,24.75077],[94.17926,24.74795],[94.17713,24.74413],[94.17682,24.74263],[94.17407,24.73871],[94.17248,24.73455],[94.17802,24.72591],[94.1821,24.72126],[94.18302,24.71923],[94.18775,24.71597],[94.18694,24.71493],[94.18549,24.71505],[94.18394,24.71412],[94.18258,24.71452],[94.18116,24.71412],[94.18082,24.71338],[94.17987,24.71332],[94.17849,24.71221],[94.17782,24.71237],[94.17731,24.71318],[94.17671,24.71289],[94.17552,24.71021],[94.17319,24.70936],[94.17144,24.70723],[94.17073,24.70441],[94.17172,24.70315],[94.17017,24.7022],[94.16861,24.6989],[94.1669,24.69775],[94.16564,24.69518],[94.16436,24.69442],[94.16444,24.69323],[94.16329,24.69234],[94.16148,24.69207],[94.16072,24.6894],[94.15876,24.68925],[94.15789,24.68818],[94.15683,24.68872],[94.15578,24.68763],[94.15497,24.68803],[94.15367,24.68784],[94.15302,24.68749],[94.15303,24.68692],[94.15191,24.68653],[94.14662,24.68629],[94.14467,24.68666],[94.14386,24.68726],[94.14175,24.68725],[94.1417,24.68538],[94.14239,24.68444],[94.14167,24.68411],[94.14038,24.684],[94.13838,24.68518],[94.12914,24.68679],[94.12508,24.68927],[94.12417,24.69137],[94.12325,24.69198],[94.11685,24.69217],[94.11447,24.69286],[94.11058,24.69267],[94.1097,24.69401],[94.11217,24.69538],[94.10852,24.69614],[94.11286,24.6976],[94.11555,24.69947],[94.12069,24.69734],[94.12345,24.69711],[94.12558,24.6975],[94.12553,24.69789],[94.12325,24.69885],[94.12282,24.69965],[94.12327,24.70218],[94.12375,24.70259],[94.12528,24.70222],[94.12453,24.70335],[94.12463,24.70456],[94.12701,24.70433],[94.13005,24.70479],[94.12985,24.70518],[94.12694,24.70545],[94.12616,24.70656],[94.12626,24.70909],[94.12568,24.71035],[94.12796,24.71116],[94.12621,24.71132],[94.12508,24.71237],[94.12671,24.71434],[94.12588,24.71636],[94.12663,24.71771],[94.12608,24.72085],[94.11871,24.71787],[94.1173,24.71565],[94.11735,24.71328],[94.11951,24.71033],[94.11994,24.70836],[94.11988,24.70697],[94.11851,24.70458],[94.11758,24.70487],[94.11673,24.70834],[94.11637,24.70841],[94.11537,24.7069],[94.11207,24.70639],[94.11091,24.70525],[94.10993,24.70511],[94.10855,24.7035],[94.10828,24.70153],[94.10677,24.70146],[94.10531,24.70232],[94.10469,24.70223],[94.09823,24.69462],[94.09321,24.69438],[94.09039,24.69358],[94.08695,24.69365],[94.08375,24.69214],[94.08174,24.69174],[94.078,24.69191],[94.07761,24.69358],[94.07262,24.69397],[94.07215,24.69699],[94.07103,24.69856],[94.07161,24.70065],[94.07161,24.70451],[94.06787,24.70605],[94.06313,24.70639],[94.06164,24.70526],[94.06065,24.70363],[94.06131,24.7027],[94.06104,24.7021],[94.05861,24.69913],[94.06039,24.69749],[94.05717,24.69598],[94.05709,24.69519],[94.05864,24.69428],[94.05872,24.69359],[94.05574,24.69284],[94.05331,24.69397],[94.05496,24.69521],[94.05278,24.69672],[94.05492,24.69846],[94.05328,24.70026],[94.05383,24.7009],[94.0556,24.70155],[94.05333,24.70279],[94.05252,24.70391],[94.05401,24.7048],[94.05859,24.70475],[94.05916,24.70566],[94.05888,24.70688],[94.05921,24.70764],[94.05702,24.70893],[94.05456,24.70941],[94.05916,24.71068],[94.05761,24.71202],[94.05597,24.71228],[94.05876,24.71319],[94.05906,24.71392],[94.05518,24.71411],[94.05398,24.71459],[94.05379,24.71545],[94.05727,24.71705],[94.06106,24.71976],[94.06078,24.72057],[94.05997,24.72078],[94.05578,24.71825],[94.05395,24.71801],[94.05228,24.71901],[94.05028,24.72145],[94.05039,24.72216],[94.0522,24.7231],[94.05104,24.72388],[94.05093,24.72472],[94.0524,24.72541],[94.05208,24.72696],[94.05279,24.72804],[94.05664,24.72699],[94.06012,24.72854],[94.05842,24.72885],[94.0579,24.72962],[94.05627,24.72983],[94.05567,24.73048],[94.05347,24.73105],[94.05426,24.73358],[94.05643,24.73418],[94.05692,24.73487],[94.05918,24.7348],[94.05996,24.73533],[94.05941,24.736],[94.05491,24.73705],[94.05486,24.738],[94.05614,24.73888],[94.05517,24.73984],[94.05517,24.7406],[94.0559,24.74106],[94.05705,24.74053],[94.05784,24.7407],[94.05847,24.73972],[94.06161,24.73929],[94.06205,24.74008],[94.06048,24.74187],[94.06082,24.74247],[94.06182,24.74274],[94.0631,24.74176],[94.06485,24.7413],[94.06543,24.74169],[94.06545,24.7429],[94.06618,24.74332],[94.06576,24.7456],[94.06754,24.74493],[94.06833,24.74519],[94.06712,24.74825],[94.06542,24.75012],[94.06618,24.75057],[94.06832,24.74976],[94.06961,24.74979],[94.07028,24.75077],[94.06878,24.75229],[94.07132,24.75318],[94.07095,24.75441],[94.06909,24.7559],[94.06972,24.7585],[94.069,24.76045],[94.06991,24.76289],[94.0705,24.76319],[94.07216,24.76254],[94.07201,24.76322],[94.07072,24.76414],[94.07113,24.76534],[94.07257,24.76529],[94.07295,24.76572],[94.07295,24.76691],[94.07182,24.7676],[94.07194,24.76897],[94.07364,24.7706],[94.07385,24.77264],[94.07561,24.77412],[94.07504,24.77469],[94.07332,24.77403],[94.07259,24.77443],[94.07247,24.77526],[94.07507,24.78626],[94.07535,24.78646],[94.07554,24.78588],[94.07592,24.78141],[94.0767,24.7813],[94.07742,24.7829],[94.07895,24.78207],[94.08021,24.78198],[94.08049,24.78488],[94.07788,24.78653],[94.07819,24.78908],[94.08077,24.78942],[94.08121,24.78988],[94.08108,24.79105],[94.07938,24.79274],[94.0796,24.79374],[94.08123,24.79417],[94.08509,24.79274],[94.0859,24.79483],[94.08719,24.79537],[94.0865,24.79586],[94.08371,24.79606],[94.08252,24.79786],[94.08283,24.79872],[94.08553,24.79887],[94.08415,24.80104],[94.08424,24.80259],[94.08719,24.80225],[94.08756,24.80253],[94.08754,24.80376],[94.0855,24.80517],[94.08455,24.80654],[94.0849,24.80766],[94.09189,24.80713],[94.09343,24.80779],[94.08655,24.81091],[94.08655,24.81374],[94.08749,24.81523],[94.08953,24.81546],[94.08821,24.81746],[94.08827,24.81832],[94.09009,24.82176],[94.09476,24.82248],[94.09621,24.8225],[94.09894,24.82104],[94.09985,24.8215],[94.10207,24.82087],[94.1038,24.82142],[94.1047,24.81955],[94.10603,24.81863],[94.10663,24.81725],[94.10735,24.81844],[94.10647,24.81947],[94.10818,24.8196],[94.10616,24.82034],[94.10437,24.82196],[94.1027,24.82225],[94.1052,24.82388],[94.1054,24.82508],[94.10631,24.82606],[94.10487,24.82614],[94.10067,24.82355],[94.09948,24.8249],[94.09232,24.82848],[94.09063,24.83166],[94.09197,24.8314],[94.09329,24.83332],[94.09088,24.835],[94.09091,24.83592],[94.09132,24.83701],[94.09348,24.83743],[94.0937,24.83812],[94.09131,24.83889],[94.09068,24.84015],[94.08965,24.83915],[94.08899,24.84072],[94.08937,24.84161],[94.08833,24.84186],[94.08827,24.8425],[94.09213,24.84289],[94.093,24.84347],[94.08999,24.84535],[94.08883,24.84753],[94.08588,24.84859],[94.08586,24.84951],[94.08695,24.85052],[94.08915,24.85108],[94.09114,24.85064],[94.09399,24.85066],[94.09492,24.85105],[94.09787,24.84991],[94.10048,24.84986],[94.10298,24.84822],[94.10326,24.84865],[94.1026,24.85051],[94.10319,24.8513],[94.10454,24.84978],[94.10541,24.84973],[94.1057,24.85271],[94.10535,24.85394],[94.1029,24.85456],[94.10265,24.85537],[94.10371,24.85579],[94.1084,24.85508],[94.10869,24.85775],[94.10676,24.85842],[94.10519,24.85819],[94.10519,24.85962],[94.10352,24.86025],[94.10368,24.86142],[94.10433,24.86276],[94.10572,24.86345],[94.10927,24.86223],[94.11002,24.86217],[94.11052,24.86277],[94.10864,24.86397],[94.10829,24.86549],[94.10782,24.86569],[94.10447,24.86503],[94.10579,24.86775],[94.10931,24.86957],[94.10874,24.87009],[94.10504,24.8688],[94.106,24.87237],[94.10581,24.87811],[94.10742,24.87997],[94.11412,24.8839],[94.11515,24.88622],[94.11593,24.8909],[94.11758,24.89442],[94.1176,24.89551],[94.12289,24.90503],[94.125,24.90787],[94.12705,24.90808],[94.12793,24.90772],[94.13072,24.90461],[94.13107,24.905],[94.12934,24.9081],[94.12807,24.90881],[94.12762,24.90981],[94.13049,24.91223],[94.13128,24.91232],[94.13297,24.91046],[94.13321,24.91069],[94.13236,24.91364],[94.13466,24.91634],[94.13568,24.91681],[94.1367,24.91884],[94.13811,24.91968],[94.13828,24.92119],[94.13965,24.92206],[94.13923,24.92312],[94.13804,24.92305],[94.13531,24.92012],[94.13402,24.9223],[94.13469,24.9257],[94.13581,24.92748],[94.13518,24.92765],[94.13189,24.9267],[94.13125,24.92765],[94.1315,24.93219],[94.13101,24.9333],[94.12922,24.93454],[94.12458,24.93656],[94.1228,24.93668],[94.12194,24.93645],[94.12236,24.93427],[94.12071,24.93259],[94.11846,24.9334],[94.11365,24.93771],[94.11152,24.9383],[94.11168,24.9368],[94.11316,24.934],[94.11748,24.93033],[94.11979,24.92737],[94.11809,24.92407],[94.11826,24.92227],[94.11541,24.92052],[94.11431,24.91817],[94.11267,24.91867],[94.11146,24.92047],[94.10954,24.92666],[94.10713,24.92991],[94.10658,24.93001],[94.10642,24.92841],[94.10719,24.92388],[94.1067,24.92243],[94.1062,24.92203],[94.10472,24.92243],[94.10128,24.92543],[94.1021,24.92103],[94.10485,24.91952],[94.1058,24.91848],[94.10516,24.91709],[94.10626,24.91506],[94.105,24.91349],[94.1032,24.90853],[94.10331,24.90748],[94.10221,24.90693],[94.09991,24.90776],[94.09898,24.90336],[94.09708,24.90147],[94.09593,24.90105],[94.09482,24.90139],[94.09458,24.90358],[94.09358,24.90456],[94.09046,24.90362],[94.0874,24.90433],[94.08426,24.90319],[94.08362,24.90172],[94.08091,24.90025],[94.08108,24.89975],[94.0833,24.89944],[94.08736,24.89995],[94.08957,24.89765],[94.08957,24.8968],[94.08635,24.89421],[94.08597,24.89206],[94.0834,24.89022],[94.08351,24.88967],[94.08488,24.88872],[94.08521,24.88812],[94.08488,24.88752],[94.08187,24.88772],[94.07995,24.88707],[94.07886,24.88647],[94.07902,24.88602],[94.08006,24.88572],[94.08017,24.88517],[94.07897,24.88477],[94.07645,24.88502],[94.07519,24.88572],[94.07431,24.88557],[94.07218,24.88337],[94.06801,24.88117],[94.06785,24.87937],[94.06719,24.87902],[94.0655,24.87922],[94.06259,24.87657],[94.06062,24.87652],[94.0564,24.88326],[94.05459,24.88466],[94.05382,24.88671],[94.05398,24.88926],[94.0536,24.89031],[94.05212,24.89355],[94.05031,24.89499],[94.05051,24.89589],[94.05443,24.8954],[94.05586,24.89646],[94.05825,24.89697],[94.05806,24.89858],[94.05683,24.90004],[94.05294,24.90258],[94.05321,24.90318],[94.05656,24.90354],[94.05716,24.90414],[94.05343,24.90583],[94.05277,24.90643],[94.05272,24.90723],[94.05387,24.90763],[94.05891,24.90694],[94.06022,24.90799],[94.05989,24.90954],[94.05913,24.91034],[94.05513,24.91098],[94.05348,24.91224],[94.05343,24.91304],[94.05649,24.91558],[94.05682,24.91673],[94.0583,24.91783],[94.06049,24.91778],[94.06301,24.91908],[94.06553,24.91758],[94.06705,24.91868],[94.06941,24.91833],[94.07067,24.91953],[94.07089,24.92153],[94.07161,24.92262],[94.07319,24.92407],[94.0716,24.92452],[94.07029,24.92672],[94.06963,24.92657],[94.06827,24.92461],[94.0675,24.92451],[94.06772,24.92656],[94.06925,24.92866],[94.06909,24.92931],[94.06515,24.92652],[94.06427,24.92637],[94.06098,24.92772],[94.06016,24.92912],[94.05707,24.92695],[94.05775,24.92902],[94.05767,24.93127],[94.05864,24.93254],[94.05933,24.93515],[94.05794,24.94006],[94.05562,24.9369],[94.05332,24.93675],[94.05222,24.93745],[94.05057,24.94214],[94.04887,24.94279],[94.04509,24.94299],[94.04396,24.94376],[94.04705,24.94644],[94.04906,24.94713],[94.0521,24.94614],[94.05353,24.94509],[94.05435,24.94494],[94.05495,24.94554],[94.05397,24.94799],[94.05556,24.94934],[94.0555,24.95134],[94.05688,24.95301],[94.05823,24.95796],[94.06617,24.96334],[94.06817,24.96624],[94.06985,24.96713],[94.07045,24.96866],[94.07043,24.97115],[94.06917,24.97028],[94.06895,24.96776],[94.0654,24.9657],[94.06366,24.96659],[94.06355,24.96959],[94.06415,24.97249],[94.06278,24.97234],[94.06026,24.96999],[94.06158,24.96564],[94.06147,24.96444],[94.05818,24.96384],[94.05516,24.96464],[94.05461,24.96434],[94.05467,24.96359],[94.05761,24.96167],[94.05777,24.96116],[94.05616,24.95853],[94.05365,24.95727],[94.05107,24.95824],[94.0496,24.95504],[94.04724,24.95414],[94.04691,24.95224],[94.04406,24.95174],[94.04143,24.95299],[94.04105,24.95429],[94.03885,24.95423],[94.0388,24.95478],[94.03984,24.95578],[94.04219,24.95684],[94.04255,24.95766],[94.04256,24.96498],[94.04199,24.96894],[94.0414,24.96972],[94.04012,24.96969],[94.03583,24.96754],[94.0334,24.96709],[94.02865,24.96384],[94.02771,24.96388],[94.02829,24.96813],[94.02951,24.97019],[94.03037,24.97321],[94.02994,24.97599],[94.03299,24.97856],[94.03554,24.98004],[94.03646,24.97998],[94.03937,24.9778],[94.04448,24.97799],[94.04521,24.97859],[94.04661,24.9818],[94.04648,24.98271],[94.04492,24.98356],[94.0437,24.9841],[94.04045,24.98442],[94.03702,24.98635],[94.0304,24.98605],[94.03156,24.98772],[94.0319,24.99372],[94.03425,24.9935],[94.037,24.99387],[94.0403,24.993],[94.04312,24.99387],[94.04665,24.9933],[94.04884,24.99481],[94.04923,24.99622],[94.04903,24.99746],[94.04624,24.99652],[94.04258,24.9968],[94.04267,24.99825],[94.04506,25.00058],[94.04508,25.00146],[94.04392,25.00185],[94.04318,25.00151],[94.04058,25.00181],[94.04017,25.005],[94.03748,25.00385],[94.03704,25.0026],[94.03571,25.00203],[94.03512,25.00079],[94.03206,24.99894],[94.03003,24.99899],[94.02868,24.99959],[94.0286,25.00138],[94.02961,25.00287],[94.02919,25.00424],[94.03006,25.00635],[94.02752,25.00835],[94.0277,25.00938],[94.02876,25.01007],[94.02955,25.01173],[94.03241,25.01284],[94.03235,25.01163],[94.03359,25.01162],[94.0347,25.01038],[94.03601,25.01021],[94.03649,25.01181],[94.03723,25.0122],[94.03784,25.01353],[94.0379,25.01458],[94.03925,25.01578],[94.04115,25.0153],[94.04174,25.01351],[94.04289,25.0125],[94.04464,25.01295],[94.04523,25.01236],[94.04607,25.01239],[94.04705,25.01289],[94.04721,25.01382],[94.04339,25.0168],[94.04377,25.0182],[94.04246,25.0201],[94.04185,25.01913],[94.03985,25.01919],[94.03471,25.01747],[94.03418,25.01657],[94.03307,25.01734],[94.03151,25.01754],[94.03038,25.01845],[94.03043,25.01939],[94.03226,25.02088],[94.0324,25.02163],[94.02868,25.02248],[94.02752,25.0234],[94.02828,25.02466],[94.03052,25.02657],[94.03072,25.0275],[94.02771,25.02859],[94.0257,25.03059],[94.02394,25.03358],[94.02608,25.03938],[94.02536,25.04111],[94.0294,25.04702],[94.03038,25.04997],[94.03143,25.05042],[94.03163,25.05176],[94.03123,25.05262],[94.02834,25.05371],[94.02736,25.05473],[94.02583,25.05789],[94.02482,25.05788],[94.02498,25.05475],[94.02302,25.05181],[94.02145,25.05093],[94.02011,25.04671],[94.01819,25.04505],[94.01604,25.04527],[94.01555,25.04486],[94.01622,25.0426],[94.01244,25.0417],[94.01021,25.04007],[94.00254,25.03692],[93.99718,25.0323],[93.99497,25.03168],[93.99543,25.03118],[93.99756,25.03086],[93.9977,25.03202],[94.0,25.0327],[94.00172,25.03386],[94.00188,25.03507],[94.00271,25.03604],[94.00532,25.03538],[94.00497,25.03463],[94.00632,25.0349],[94.0071,25.03459],[94.00723,25.03536],[94.00841,25.03569],[94.00903,25.03532],[94.0094,25.03604],[94.01009,25.0358],[94.00961,25.03661],[94.00993,25.037],[94.01064,25.03651],[94.01111,25.03736],[94.01278,25.03718],[94.01634,25.03814],[94.01659,25.03638],[94.01529,25.0353],[94.01416,25.03321],[94.01415,25.03039],[94.01885,25.02157],[94.02122,25.01866],[94.0216,25.01696],[94.02071,25.0145],[94.02018,25.00964],[94.01896,25.0087],[94.01949,25.00689],[94.019,25.00458],[94.01741,25.00385],[94.01535,25.00415],[94.0148,25.00307],[94.0116,25.00271],[94.00949,25.00362],[94.00865,25.00222],[94.00767,25.00178],[94.00627,25.00207],[94.0053,25.00359],[94.0049,25.00284],[94.00412,25.00273],[94.00346,25.00408],[94.00272,25.00089],[94.00184,25.00074],[94.00171,24.99988],[93.99971,24.99882],[94.00033,24.99719],[93.99917,24.99663],[93.99908,24.99538],[93.99689,24.99509],[93.99411,24.99325],[93.99072,24.99274],[93.99058,24.99243],[93.99215,24.99175],[93.99012,24.99046],[93.99047,24.9896],[93.99279,24.98973],[93.9938,24.99046],[93.99783,24.99154],[94.0004,24.99326],[94.00256,24.99608],[94.00401,24.99619],[94.00768,24.99806],[94.00942,24.99784],[94.0139,24.99874],[94.01566,24.99849],[94.01783,24.99945],[94.01997,24.99898],[94.01665,24.9819],[94.01555,24.96943],[94.01456,24.96905],[94.01171,24.96981],[94.01098,24.9696],[94.01536,24.96504],[94.01157,24.96453],[94.01106,24.96402],[94.01059,24.96279],[94.00878,24.96109],[94.00882,24.96016],[94.00979,24.95897],[94.012,24.95869],[94.00988,24.95754],[94.00834,24.95603],[94.00716,24.95596],[94.00674,24.95509],[94.00739,24.95361],[94.00514,24.95112],[94.00288,24.95005],[94.00078,24.95085],[94.00146,24.95205],[94.00311,24.95324],[94.00301,24.95434],[94.0018,24.95518],[94.0015,24.95622],[94.00293,24.96004],[94.00121,24.96103],[93.99913,24.96368],[93.9978,24.96463],[93.9967,24.9681],[93.99123,24.96879],[93.98707,24.96801],[93.98354,24.96952],[93.98199,24.96952],[93.986,24.96522],[93.99292,24.96135],[93.99259,24.9599],[93.99407,24.958],[93.99437,24.95676],[93.99335,24.95471],[93.99172,24.95393],[93.9865,24.955],[93.98418,24.95693],[93.98297,24.95718],[93.97873,24.95528],[93.97538,24.95513],[93.97309,24.95557],[93.97196,24.95651],[93.97179,24.95728],[93.97288,24.96307],[93.971,24.96328],[93.96978,24.96487],[93.96669,24.96445],[93.9658,24.96258],[93.96389,24.96153],[93.96437,24.96052],[93.96414,24.95991],[93.95884,24.96214],[93.95396,24.96542],[93.95344,24.9652],[93.95524,24.96256],[93.95943,24.95818],[93.95908,24.95736],[93.95635,24.95492],[93.95198,24.953],[93.95375,24.95148],[93.95796,24.95193],[93.96441,24.95354],[93.96498,24.95242],[93.96366,24.9506],[93.96415,24.94921],[93.96501,24.94855],[93.96635,24.94863],[93.96824,24.94965],[93.96948,24.94873],[93.97288,24.94773],[93.97852,24.94862],[93.9816,24.94753],[93.98133,24.94619],[93.9787,24.94388],[93.97854,24.94232],[93.97931,24.94144],[93.98001,24.94144],[93.98317,24.94309],[93.98394,24.94277],[93.98411,24.94185],[93.98353,24.94072],[93.98108,24.93859],[93.98368,24.93754],[93.98441,24.93567],[93.98304,24.93201],[93.98192,24.93052],[93.98181,24.92802],[93.98245,24.92598],[93.98482,24.92598],[93.98538,24.92475],[93.98405,24.92421],[93.98438,24.92285],[93.98211,24.92212],[93.98386,24.92147],[93.98467,24.92015],[93.98046,24.9193],[93.97982,24.91603],[93.97723,24.915],[93.97773,24.91714],[93.97746,24.91827],[93.97484,24.9198],[93.97403,24.92151],[93.97556,24.923],[93.97499,24.92552],[93.97563,24.92734],[93.9746,24.92811],[93.97468,24.93074],[93.97404,24.93155],[93.97186,24.93238],[93.96995,24.93207],[93.96888,24.9327],[93.96873,24.93368],[93.96978,24.93608],[93.96816,24.93842],[93.96684,24.93933],[93.9662,24.93927],[93.96297,24.93586],[93.95821,24.93688],[93.95617,24.93837],[93.95256,24.93877],[93.95153,24.93813],[93.95094,24.93752],[93.95193,24.9352],[93.9489,24.93252],[93.95118,24.93077],[93.9546,24.93048],[93.95671,24.93138],[93.9612,24.92982],[93.96238,24.92863],[93.96321,24.92645],[93.96242,24.92291],[93.95512,24.92257],[93.95368,24.92211],[93.95032,24.91973],[93.94722,24.91896],[93.94675,24.91619],[93.94455,24.91271],[93.94531,24.91211],[93.95543,24.91449],[93.95736,24.91644],[93.95975,24.91615],[93.961,24.91474],[93.95902,24.91269],[93.95806,24.91011],[93.95645,24.90946],[93.95501,24.90778],[93.95273,24.90643],[93.94649,24.90441],[93.94653,24.90319],[93.95266,24.90194],[93.95121,24.9005],[93.9508,24.89869],[93.95012,24.89804],[93.94572,24.89717],[93.94353,24.89622],[93.94069,24.89688],[93.93762,24.89503],[93.93692,24.89372],[93.93508,24.89304],[93.9339,24.89601],[93.93309,24.89639],[93.9302,24.89635],[93.92925,24.89743],[93.93128,24.89975],[93.9325,24.90212],[93.93294,24.90415],[93.93264,24.90503],[93.93132,24.90426],[93.92904,24.90416],[93.92693,24.90509],[93.92461,24.90332],[93.92333,24.9029],[93.91942,24.9029],[93.9135,24.90014],[93.91196,24.90012],[93.91343,24.90465],[93.91572,24.9068],[93.91855,24.91077],[93.91862,24.91152],[93.91718,24.9138],[93.92069,24.91481],[93.92109,24.92069],[93.92351,24.9224],[93.92419,24.92418],[93.92547,24.92558],[93.92513,24.92592],[93.92419,24.92545],[93.92452,24.92693],[93.92288,24.92686],[93.92249,24.9273],[93.92188,24.93077],[93.92306,24.93391],[93.92158,24.93621],[93.92123,24.93815],[93.92205,24.93978],[93.92114,24.94174],[93.92258,24.94586],[93.92426,24.94809],[93.92332,24.95078],[93.92497,24.95392],[93.925,24.95487],[93.92661,24.95621],[93.92751,24.9584],[93.927,24.96004],[93.92874,24.96129],[93.93191,24.96771],[93.9311,24.96763],[93.92668,24.96435],[93.92614,24.96478],[93.92528,24.96821],[93.9245,24.96861],[93.92136,24.96396],[93.91983,24.96281],[93.92021,24.96107],[93.91857,24.95989],[93.91777,24.95587],[93.91585,24.95457],[93.91567,24.95317],[93.91445,24.95175],[93.91265,24.94781],[93.9105,24.94665],[93.90964,24.94542],[93.90842,24.94003],[93.9093,24.93868],[93.90856,24.9374],[93.90911,24.93593],[93.90758,24.93517],[93.90712,24.93235],[93.90851,24.92976],[93.90826,24.92909],[93.90658,24.92947],[93.90478,24.93065],[93.90458,24.9333],[93.90378,24.93375],[93.90121,24.9333],[93.89779,24.93177],[93.89588,24.93185],[93.89552,24.93276],[93.8975,24.93566],[93.89617,24.93919],[93.89531,24.93915],[93.89263,24.9372],[93.88749,24.93852],[93.88659,24.93978],[93.88684,24.94173],[93.89011,24.94439],[93.89076,24.9456],[93.88978,24.94766],[93.89124,24.95029],[93.89027,24.9534],[93.89104,24.95454],[93.89569,24.95763],[93.89689,24.9576],[93.89829,24.95692],[93.90015,24.9583],[93.90152,24.95799],[93.90209,24.96125],[93.90489,24.96106],[93.9046,24.96411],[93.90494,24.96476],[93.90757,24.96413],[93.90882,24.96473],[93.9092,24.9664],[93.90677,24.96807],[93.90645,24.96906],[93.90825,24.96958],[93.91025,24.96916],[93.91411,24.9709],[93.91382,24.97291],[93.91082,24.97306],[93.90951,24.97395],[93.90745,24.97351],[93.90694,24.97374],[93.90651,24.97653],[93.90482,24.97593],[93.9018,24.97718],[93.90105,24.97827],[93.9008,24.98129],[93.90003,24.9821],[93.89369,24.98282],[93.88777,24.98574],[93.88669,24.98574],[93.8862,24.98619],[93.88347,24.98587],[93.87857,24.9884],[93.87711,24.98762],[93.87485,24.98765],[93.87323,24.98582],[93.87328,24.98132],[93.87265,24.97985],[93.87087,24.97871],[93.86908,24.97667],[93.8674,24.97311],[93.86698,24.97061],[93.86545,24.9677],[93.86545,24.96544],[93.86609,24.96367],[93.86461,24.96305],[93.86364,24.96049],[93.8604,24.95824],[93.85204,24.95675],[93.84975,24.95617],[93.84785,24.95512],[93.84683,24.95114],[93.84768,24.94818],[93.8442,24.94461],[93.84447,24.94088],[93.84323,24.93824],[93.84339,24.93666],[93.84528,24.93233],[93.84649,24.93141],[93.84599,24.92959],[93.84441,24.92902],[93.84396,24.928],[93.84182,24.92619],[93.83689,24.92484],[93.83622,24.92334],[93.83419,24.92096],[93.83298,24.9178],[93.83127,24.91596],[93.83068,24.91404],[93.83049,24.9104],[93.83157,24.90824],[93.83007,24.90642],[93.82771,24.90172],[93.8282,24.89976],[93.82696,24.89709],[93.82737,24.89462],[93.82613,24.89385],[93.82574,24.89196],[93.82478,24.89092],[93.82276,24.89094],[93.82231,24.88795],[93.82068,24.88709],[93.82085,24.88435],[93.82036,24.88295],[93.81822,24.88134],[93.81769,24.87956],[93.81825,24.87598],[93.81799,24.87413],[93.81577,24.8723],[93.81069,24.87222],[93.80675,24.86479],[93.80783,24.86161],[93.80957,24.85915],[93.81081,24.85821],[93.80929,24.85636],[93.80929,24.85297],[93.81069,24.85025],[93.81036,24.84714],[93.80962,24.84597],[93.8098,24.83978],[93.80894,24.83821],[93.80867,24.83586],[93.80544,24.83273],[93.80256,24.83224],[93.79875,24.83049],[93.79759,24.82745],[93.79514,24.82567],[93.79251,24.82456],[93.79023,24.82225],[93.78935,24.81984],[93.78804,24.81886],[93.78839,24.81723],[93.78733,24.81572],[93.78554,24.81442],[93.78581,24.81166],[93.78719,24.81026],[93.78589,24.80748],[93.78489,24.80707],[93.78335,24.80743],[93.78168,24.80458],[93.78292,24.80292],[93.78265,24.79906],[93.78454,24.79774],[93.78533,24.7939],[93.78672,24.792],[93.78746,24.78749],[93.78739,24.78584],[93.78678,24.78511],[93.78781,24.78466],[93.7888,24.78291],[93.7903,24.78223],[93.79024,24.78051],[93.7915,24.78012],[93.79185,24.77906],[93.79197,24.77761],[93.78907,24.77362],[93.789,24.77094],[93.78947,24.77053],[93.79129,24.77056],[93.79078,24.76734],[93.79258,24.76678],[93.79261,24.76547],[93.79201,24.76475],[93.7898,24.76653],[93.78889,24.76812],[93.7885,24.76753],[93.78888,24.76651],[93.78806,24.76601],[93.78871,24.7645],[93.78735,24.76465],[93.78735,24.76382],[93.78613,24.76253],[93.78438,24.76319],[93.78408,24.76093],[93.78327,24.75991],[93.78411,24.75852],[93.78251,24.75669],[93.78196,24.75434],[93.7813,24.7537],[93.77951,24.75389],[93.77928,24.75354],[93.7803,24.75119],[93.77891,24.75091],[93.77936,24.74966],[93.77862,24.74887],[93.77844,24.747],[93.77668,24.74538],[93.77696,24.74086],[93.77622,24.74068],[93.77549,24.74117],[93.77371,24.73987],[93.77231,24.74015],[93.77131,24.73628],[93.76987,24.73512],[93.7708,24.73387],[93.77266,24.73349],[93.77374,24.73233],[93.77471,24.72938],[93.7718,24.72526],[93.77222,24.72346],[93.77196,24.72143],[93.77081,24.71963],[93.77071,24.71676],[93.76965,24.71554],[93.77107,24.71109],[93.77153,24.70747],[93.77075,24.70528],[93.7696,24.70425],[93.7698,24.7009],[93.7692,24.69953],[93.76825,24.69841],[93.76652,24.69827],[93.76814,24.69499],[93.76851,24.69311],[93.76633,24.69057],[93.76539,24.68775],[93.76425,24.68682],[93.76347,24.68487],[93.76279,24.68478],[93.75759,24.68687],[93.75528,24.68697],[93.75348,24.68625],[93.7523,24.68434],[93.7498,24.68186],[93.74951,24.67824],[93.75026,24.67408],[93.74998,24.6728],[93.74882,24.67142],[93.74875,24.669],[93.75155,24.66252],[93.75083,24.65685],[93.75123,24.65549],[93.75008,24.65194],[93.74975,24.64887],[93.75033,24.64711],[93.75021,24.64389],[93.74902,24.6414],[93.74679,24.63969],[93.74587,24.63813],[93.74242,24.62902],[93.74212,24.6253],[93.73955,24.62392],[93.73851,24.62413],[93.73814,24.62286],[93.73677,24.62294],[93.73482,24.62129],[93.73469,24.62204],[93.73564,24.62315],[93.73588,24.62439],[93.73753,24.6257],[93.73765,24.62747],[93.73669,24.62778],[93.73634,24.62685],[93.73507,24.6273],[93.73479,24.62814],[93.73391,24.6285],[93.73225,24.62772],[93.73023,24.62441],[93.72923,24.62451],[93.72886,24.62504],[93.7293,24.62795],[93.72815,24.62812],[93.72643,24.62994],[93.72622,24.62925],[93.72365,24.62933],[93.72336,24.62994],[93.72397,24.63089],[93.72282,24.63177],[93.72253,24.6327],[93.72202,24.63268],[93.72195,24.63125],[93.72149,24.63089],[93.72057,24.63302],[93.71871,24.63378],[93.71795,24.63508],[93.7185,24.63797],[93.71812,24.63856],[93.71546,24.64038],[93.71289,24.64097],[93.71072,24.64295],[93.70824,24.64402],[93.70782,24.64462],[93.71341,24.65175],[93.71586,24.65335],[93.71849,24.65749],[93.72002,24.65869],[93.72579,24.65851],[93.73199,24.66165],[93.73296,24.66372],[93.73321,24.66468],[93.73238,24.66693],[93.72987,24.67086],[93.73002,24.6729],[93.73073,24.67425],[93.73022,24.67708],[93.72802,24.67893],[93.72658,24.68159],[93.72559,24.6858],[93.72611,24.68766],[93.72388,24.69172],[93.72754,24.6918],[93.72947,24.69258],[93.73292,24.69749],[93.73622,24.69916],[93.73677,24.70121],[93.73908,24.70433],[93.73583,24.70792],[93.73586,24.70976],[93.73543,24.71025],[93.73275,24.71125],[93.73251,24.71216],[93.73333,24.71342],[93.73327,24.71437],[93.73181,24.71737],[93.72952,24.72012],[93.73077,24.72724],[93.72963,24.73458],[93.72618,24.74244],[93.72706,24.74698],[93.7279,24.74768],[93.73238,24.74849],[93.7353,24.74825],[93.73567,24.75084],[93.73734,24.75259],[93.73734,24.75454],[93.74007,24.7619],[93.74276,24.76333],[93.7437,24.76448],[93.74367,24.76617],[93.7415,24.76701],[93.74127,24.76819],[93.74289,24.76955],[93.74711,24.77508],[93.7474,24.77669],[93.74927,24.78058],[93.74914,24.78315],[93.75152,24.78567],[93.75101,24.7865],[93.74886,24.78698],[93.74797,24.7877],[93.74804,24.7894],[93.7489,24.79111],[93.75,24.79153],[93.75182,24.78904],[93.75638,24.78831],[93.75676,24.78848],[93.75631,24.79056],[93.75804,24.79193],[93.75176,24.79462],[93.74981,24.79599],[93.74988,24.79883],[93.75063,24.79988],[93.75077,24.80117],[93.74962,24.80412],[93.75109,24.80573],[93.74963,24.8061],[93.74771,24.80588],[93.74668,24.80659],[93.74417,24.80714],[93.74412,24.80782],[93.74514,24.80797],[93.74581,24.80861],[93.74722,24.81076],[93.74764,24.8124],[93.74956,24.81412],[93.74908,24.81755],[93.74999,24.81915],[93.7502,24.82088],[93.74933,24.82419],[93.74958,24.82535],[93.75031,24.82638],[93.75481,24.82714],[93.75567,24.82892],[93.75881,24.82859],[93.76131,24.82998],[93.76274,24.83169],[93.76228,24.83506],[93.76106,24.83748],[93.76201,24.83905],[93.76152,24.84181],[93.76236,24.84406],[93.76501,24.84312],[93.76637,24.84446],[93.76845,24.84536],[93.76987,24.84775],[93.77159,24.84835],[93.77218,24.84902],[93.77156,24.85153],[93.77198,24.85287],[93.77119,24.85346],[93.77103,24.85428],[93.77171,24.85559],[93.77168,24.85695],[93.77017,24.85835],[93.77013,24.86068],[93.76924,24.86124],[93.76824,24.86417],[93.76934,24.86774],[93.76919,24.86949],[93.76789,24.87079],[93.7669,24.87388],[93.7652,24.87593],[93.76425,24.87861],[93.76145,24.88258],[93.76368,24.88998],[93.76631,24.89332],[93.76691,24.89565],[93.76512,24.89644],[93.76104,24.90111],[93.75871,24.90446],[93.75854,24.90684],[93.75917,24.90806],[93.76433,24.91095],[93.76851,24.91423],[93.76933,24.91517],[93.77034,24.91802],[93.77275,24.91988],[93.77419,24.92258],[93.77725,24.92433],[93.77695,24.9278],[93.77778,24.92886],[93.77722,24.92988],[93.77738,24.93178],[93.78154,24.9397],[93.78176,24.94576],[93.78682,24.94747],[93.78823,24.95022],[93.79258,24.95018],[93.79314,24.9513],[93.79291,24.95354],[93.79801,24.95377],[93.79825,24.9558],[93.79986,24.95739],[93.79821,24.96084],[93.79765,24.96464],[93.79785,24.96671],[93.80083,24.96846],[93.80032,24.97057],[93.80054,24.97344],[93.79933,24.9762],[93.79882,24.97976],[93.79711,24.98164],[93.79478,24.98631],[93.78897,24.9909],[93.79121,24.99163],[93.793,24.99281],[93.79348,24.99534],[93.79252,24.9989],[93.78924,25.00294],[93.78888,25.00557],[93.78786,25.00692],[93.78931,25.00884],[93.79089,25.0164],[93.79213,25.01762],[93.7963,25.01855],[93.79919,25.02041],[93.80076,25.02085],[93.80226,25.02095],[93.80567,25.01928],[93.80799,25.01921],[93.81248,25.01816],[93.81545,25.01948],[93.81693,25.02067],[93.81739,25.02204],[93.81731,25.02564],[93.81607,25.03128],[93.81416,25.0351],[93.81101,25.03831],[93.81057,25.03997],[93.80853,25.04303],[93.81006,25.04651],[93.80877,25.0487],[93.8084,25.05038],[93.80638,25.05233],[93.80509,25.05271],[93.80326,25.05458],[93.80101,25.056],[93.79838,25.05941],[93.79761,25.06269],[93.79643,25.06438],[93.79619,25.06683],[93.79469,25.06974],[93.79644,25.08033],[93.79563,25.08125],[93.79523,25.08288],[93.79404,25.08337],[93.7936,25.08434],[93.79377,25.08684],[93.79531,25.09083],[93.79467,25.09302],[93.79566,25.09477],[93.79471,25.09802],[93.79698,25.09985],[93.79734,25.10104],[93.79522,25.10404],[93.79513,25.10754],[93.79212,25.11123],[93.79183,25.11446],[93.78989,25.11584],[93.78958,25.11712],[93.78785,25.11862],[93.78676,25.12074],[93.78419,25.12298],[93.78334,25.12624],[93.78254,25.12666],[93.78089,25.1259],[93.78001,25.12605],[93.78046,25.12898],[93.77883,25.13221],[93.77851,25.13622],[93.77544,25.14106],[93.77561,25.1436],[93.77412,25.14512],[93.77402,25.14773],[93.77231,25.14976],[93.77316,25.15158],[93.77291,25.15383],[93.77332,25.15407],[93.77661,25.1525],[93.77749,25.15277],[93.77785,25.15327],[93.77743,25.15677],[93.77778,25.15835],[93.77924,25.16018],[93.78089,25.16006],[93.78244,25.16103],[93.78411,25.16673],[93.78862,25.16719],[93.79138,25.16683],[93.79257,25.16728],[93.79296,25.16828],[93.79119,25.1735],[93.79399,25.17346],[93.79715,25.17593],[93.79773,25.17706],[93.79763,25.17835],[93.79658,25.1801],[93.7972,25.18363],[93.79897,25.18504],[93.80197,25.1845],[93.8023,25.18842],[93.80521,25.19231],[93.8073,25.19388],[93.80925,25.19809],[93.81218,25.20162],[93.81117,25.20623],[93.81555,25.20671],[93.81724,25.20749],[93.81785,25.20913],[93.81757,25.21226],[93.8213,25.21685],[93.82202,25.21943],[93.82713,25.22318],[93.82825,25.22305],[93.83081,25.22142],[93.83395,25.22273],[93.83827,25.22204],[93.83962,25.22336],[93.84414,25.2256],[93.84534,25.22733],[93.84878,25.2274],[93.8536,25.22882],[93.85506,25.2309],[93.85588,25.23571],[93.85898,25.23746],[93.863,25.2438],[93.8653,25.24423],[93.86773,25.24656],[93.86853,25.24985],[93.87009,25.25109],[93.8723,25.25045],[93.87355,25.25099],[93.87938,25.25564],[93.88245,25.25586],[93.885,25.25743],[93.88624,25.26039],[93.88784,25.26243],[93.88948,25.26353],[93.89193,25.26416],[93.89692,25.26922],[93.90031,25.27048],[93.90246,25.27206],[93.90593,25.27363],[93.90744,25.27384],[93.90913,25.27292],[93.9126,25.26988],[93.91673,25.26823],[93.92615,25.27062],[93.92816,25.2723],[93.9307,25.27332],[93.93402,25.2737],[93.93691,25.2746],[93.93902,25.27594],[93.94416,25.2776],[93.95288,25.28169],[93.96812,25.26974],[93.97516,25.26655]]]}},{"id":"9","type":"Feature","properties":{"state":"MANIPUR","state_lgd":"14","district":"NONEY","district_lgd":"659"},"geometry":{"type":"Polygon","coordinates":[[[93.58851,24.84397],[93.59039,24.84034],[93.59286,24.83781],[93.59477,24.83388],[93.59673,24.83155],[93.59783,24.83128],[93.60073,24.83235],[93.60468,24.83262],[93.60967,24.83099],[93.61025,24.83038],[93.61105,24.82783],[93.61245,24.81769],[93.61506,24.81347],[93.62004,24.80713],[93.62284,24.79668],[93.62463,24.79644],[93.633,24.79338],[93.6395,24.79216],[93.64224,24.79095],[93.65026,24.79152],[93.65459,24.79249],[93.65517,24.79307],[93.65702,24.79309],[93.6695,24.78717],[93.67156,24.78675],[93.67513,24.78744],[93.67625,24.78442],[93.67756,24.78378],[93.68056,24.78354],[93.68343,24.78494],[93.68697,24.78484],[93.69517,24.77882],[93.69559,24.7769],[93.6989,24.77292],[93.70096,24.77168],[93.70254,24.77132],[93.70489,24.76959],[93.70716,24.76426],[93.71051,24.75993],[93.7126,24.75853],[93.721,24.75075],[93.72528,24.74932],[93.72719,24.74712],[93.72618,24.74244],[93.72963,24.73458],[93.73077,24.72724],[93.72952,24.72012],[93.73181,24.71737],[93.73327,24.71437],[93.73333,24.71342],[93.73251,24.71216],[93.73275,24.71125],[93.73543,24.71025],[93.73586,24.70976],[93.73583,24.70792],[93.73908,24.70433],[93.73677,24.70121],[93.73622,24.69916],[93.73292,24.69749],[93.72947,24.69258],[93.72754,24.6918],[93.72388,24.69172],[93.72611,24.68766],[93.72559,24.6858],[93.72658,24.68159],[93.72802,24.67893],[93.73022,24.67708],[93.73073,24.67425],[93.73002,24.6729],[93.72987,24.67086],[93.73238,24.66693],[93.73321,24.66468],[93.73199,24.66165],[93.72579,24.65851],[93.72392,24.65836],[93.72088,24.6589],[93.71916,24.65803],[93.71586,24.65335],[93.71341,24.65175],[93.70782,24.64462],[93.70824,24.64402],[93.71072,24.64295],[93.71289,24.64097],[93.71546,24.64038],[93.71812,24.63856],[93.7185,24.63797],[93.71795,24.63508],[93.71871,24.63378],[93.72057,24.63302],[93.72149,24.63089],[93.72195,24.63125],[93.72202,24.63268],[93.72253,24.6327],[93.72282,24.63177],[93.72397,24.63089],[93.72336,24.62994],[93.72365,24.62933],[93.72622,24.62925],[93.72643,24.62994],[93.72815,24.62812],[93.7293,24.62795],[93.72886,24.62504],[93.72923,24.62451],[93.73023,24.62441],[93.73225,24.62772],[93.73391,24.6285],[93.73479,24.62814],[93.73507,24.6273],[93.73634,24.62685],[93.73669,24.62778],[93.73765,24.62747],[93.73753,24.6257],[93.73588,24.62439],[93.73564,24.62315],[93.73469,24.62204],[93.73477,24.61691],[93.73019,24.61894],[93.7224,24.62053],[93.72236,24.61995],[93.72413,24.61748],[93.72268,24.61344],[93.7206,24.61159],[93.71972,24.60999],[93.71665,24.60666],[93.71564,24.60624],[93.71397,24.60625],[93.71169,24.60699],[93.70941,24.60685],[93.70524,24.60883],[93.70296,24.60841],[93.69977,24.61202],[93.69749,24.61282],[93.69107,24.61219],[93.68913,24.611],[93.68131,24.60908],[93.67759,24.60705],[93.67244,24.60782],[93.67113,24.60763],[93.66994,24.60809],[93.66617,24.60812],[93.66432,24.6087],[93.66193,24.6085],[93.65805,24.60628],[93.65285,24.60245],[93.65098,24.59615],[93.64836,24.59263],[93.64411,24.59599],[93.64123,24.59663],[93.63521,24.59958],[93.63272,24.60159],[93.63078,24.60572],[93.62801,24.60623],[93.62466,24.60302],[93.62102,24.60155],[93.618,24.59378],[93.61633,24.58796],[93.61476,24.58557],[93.61353,24.58037],[93.61208,24.57789],[93.60902,24.57563],[93.60476,24.57086],[93.60045,24.57168],[93.59914,24.57061],[93.59566,24.56972],[93.59592,24.56644],[93.59308,24.56714],[93.59198,24.56867],[93.58791,24.56952],[93.58738,24.57226],[93.58638,24.57333],[93.5858,24.57583],[93.57999,24.57771],[93.5807,24.58068],[93.58043,24.58108],[93.57847,24.58148],[93.57603,24.5846],[93.57352,24.58599],[93.57325,24.58873],[93.57162,24.59125],[93.56794,24.59282],[93.56632,24.59067],[93.56343,24.58871],[93.55875,24.58647],[93.55883,24.58434],[93.55716,24.58236],[93.55442,24.58178],[93.55215,24.58269],[93.54929,24.58258],[93.54639,24.57907],[93.54172,24.5783],[93.53938,24.57652],[93.53864,24.5718],[93.53548,24.56917],[93.53649,24.56654],[93.53669,24.56344],[93.53532,24.56047],[93.53557,24.55826],[93.53245,24.55683],[93.53108,24.55691],[93.52496,24.56015],[93.52357,24.56145],[93.51897,24.56308],[93.51733,24.56458],[93.51524,24.56486],[93.51339,24.56597],[93.51047,24.56569],[93.50807,24.56104],[93.50724,24.56039],[93.50195,24.55757],[93.49607,24.55681],[93.49369,24.55493],[93.48882,24.55379],[93.48414,24.5456],[93.48126,24.54376],[93.47423,24.54221],[93.47205,24.54114],[93.46946,24.54149],[93.46594,24.53976],[93.46291,24.53935],[93.45994,24.54002],[93.45725,24.53995],[93.45365,24.54126],[93.4495,24.5402],[93.44751,24.54044],[93.44361,24.54258],[93.43793,24.54675],[93.43609,24.55034],[93.42721,24.55344],[93.42112,24.55302],[93.41198,24.55139],[93.40609,24.55182],[93.40019,24.55592],[93.39901,24.56087],[93.39723,24.56294],[93.39639,24.56609],[93.39527,24.56733],[93.39222,24.56798],[93.38844,24.5673],[93.38329,24.56924],[93.38118,24.56889],[93.37889,24.57028],[93.36629,24.57304],[93.35877,24.57686],[93.35618,24.57741],[93.35059,24.57749],[93.34342,24.5785],[93.33892,24.57614],[93.33805,24.57262],[93.336,24.57003],[93.33353,24.56848],[93.33263,24.56871],[93.33159,24.57013],[93.33046,24.57034],[93.32488,24.56806],[93.31882,24.56809],[93.31149,24.56588],[93.3072,24.5654],[93.3023,24.56573],[93.29609,24.56814],[93.28754,24.56939],[93.28247,24.56843],[93.28031,24.56724],[93.27985,24.56606],[93.28081,24.56495],[93.28353,24.56443],[93.28363,24.56261],[93.28041,24.55926],[93.27772,24.5546],[93.27429,24.55066],[93.2724,24.54731],[93.26968,24.5477],[93.26906,24.54762],[93.26856,24.54691],[93.26894,24.54486],[93.26957,24.54455],[93.2732,24.54475],[93.27366,24.5443],[93.27327,24.54325],[93.27112,24.54083],[93.26763,24.53972],[93.25948,24.52691],[93.25936,24.52533],[93.26031,24.52441],[93.26262,24.52374],[93.26586,24.52362],[93.26655,24.52312],[93.26649,24.52178],[93.26441,24.51905],[93.26357,24.51628],[93.26353,24.51509],[93.26451,24.5124],[93.26424,24.51176],[93.26324,24.51123],[93.26159,24.51139],[93.25992,24.51064],[93.25649,24.5114],[93.25286,24.5112],[93.2466,24.51412],[93.24503,24.51694],[93.24439,24.5173],[93.24009,24.51527],[93.23523,24.51504],[93.23264,24.51298],[93.23173,24.51021],[93.22536,24.50081],[93.22239,24.49685],[93.22027,24.49508],[93.21755,24.50076],[93.21603,24.50114],[93.21355,24.50088],[93.21121,24.50253],[93.21062,24.50562],[93.20888,24.50987],[93.20663,24.51277],[93.20198,24.51576],[93.19624,24.51595],[93.19452,24.51665],[93.19237,24.52299],[93.19124,24.52432],[93.1879,24.52326],[93.18645,24.52383],[93.18499,24.52524],[93.18404,24.5254],[93.1836,24.52505],[93.18241,24.5224],[93.18303,24.51896],[93.18268,24.51593],[93.18131,24.51463],[93.18057,24.51471],[93.1804,24.51712],[93.17812,24.5178],[93.17626,24.51937],[93.17433,24.51961],[93.17173,24.51915],[93.17197,24.52248],[93.17294,24.52612],[93.17185,24.52953],[93.17265,24.53061],[93.17522,24.53102],[93.17729,24.5321],[93.17715,24.53763],[93.1783,24.54286],[93.18043,24.54632],[93.18298,24.54925],[93.18751,24.55019],[93.18862,24.5509],[93.18951,24.55453],[93.19102,24.55773],[93.1946,24.56027],[93.19674,24.56363],[93.19721,24.56504],[93.19591,24.56686],[93.19372,24.56745],[93.19105,24.56713],[93.18996,24.56743],[93.18957,24.56843],[93.19034,24.57041],[93.19123,24.57106],[93.19301,24.57114],[93.19564,24.57236],[93.19801,24.57241],[93.19973,24.57168],[93.20272,24.56837],[93.20384,24.56821],[93.20544,24.56894],[93.20651,24.57083],[93.20417,24.57327],[93.20387,24.57417],[93.20574,24.57702],[93.20594,24.57813],[93.20544,24.5787],[93.2023,24.57924],[93.20183,24.57986],[93.20154,24.58211],[93.20222,24.58577],[93.20332,24.58758],[93.20493,24.58906],[93.20668,24.58814],[93.20893,24.58572],[93.21044,24.5861],[93.21426,24.58916],[93.21698,24.59361],[93.21574,24.59824],[93.21675,24.60038],[93.21663,24.60147],[93.21362,24.60662],[93.213,24.60851],[93.21442,24.61742],[93.21117,24.62214],[93.20967,24.62748],[93.21093,24.62877],[93.21354,24.62879],[93.21659,24.62803],[93.21913,24.62822],[93.22002,24.62871],[93.2216,24.63329],[93.22211,24.63901],[93.21968,24.6435],[93.21622,24.64659],[93.21367,24.6499],[93.21288,24.65589],[93.20821,24.66158],[93.208,24.66273],[93.20892,24.66538],[93.21206,24.66752],[93.21351,24.66711],[93.2152,24.66467],[93.21712,24.66508],[93.21789,24.66659],[93.2181,24.66952],[93.21917,24.6713],[93.21888,24.67231],[93.21763,24.67347],[93.21568,24.67402],[93.21066,24.67101],[93.20817,24.67061],[93.20595,24.67112],[93.20429,24.67429],[93.20423,24.67538],[93.20651,24.67893],[93.20663,24.68185],[93.20873,24.68812],[93.21279,24.69188],[93.21356,24.69432],[93.21635,24.6991],[93.21582,24.69994],[93.21434,24.70021],[93.21063,24.70019],[93.20613,24.69946],[93.205,24.70027],[93.20509,24.70168],[93.20382,24.70501],[93.20556,24.70735],[93.2088,24.70917],[93.21429,24.70922],[93.22021,24.70729],[93.22198,24.70581],[93.22638,24.69906],[93.22815,24.69431],[93.2289,24.69039],[93.22816,24.68637],[93.22832,24.68424],[93.22925,24.682],[93.23016,24.68105],[93.23535,24.6786],[93.24724,24.6746],[93.25168,24.67111],[93.25533,24.66916],[93.27075,24.66665],[93.27486,24.66715],[93.28057,24.66888],[93.28482,24.67079],[93.29152,24.67522],[93.29486,24.67874],[93.29483,24.68231],[93.29593,24.68709],[93.29623,24.69163],[93.2976,24.6961],[93.29638,24.70094],[93.29475,24.70247],[93.2949,24.70415],[93.29555,24.70503],[93.29667,24.70592],[93.29775,24.7061],[93.30095,24.70584],[93.30361,24.70484],[93.30681,24.70287],[93.30844,24.70247],[93.31116,24.69954],[93.313,24.69917],[93.31564,24.70089],[93.31797,24.70551],[93.32264,24.70949],[93.3259,24.71619],[93.32892,24.71758],[93.33379,24.71802],[93.33654,24.721],[93.33688,24.72258],[93.33627,24.72469],[93.33343,24.7275],[93.32916,24.72879],[93.3247,24.72826],[93.32134,24.72844],[93.31959,24.72916],[93.31912,24.73102],[93.32448,24.73832],[93.3296,24.74313],[93.33481,24.7462],[93.33563,24.74759],[93.33512,24.74974],[93.32986,24.75587],[93.32886,24.75804],[93.32866,24.76154],[93.33049,24.764],[93.33264,24.76472],[93.34043,24.76081],[93.34721,24.75916],[93.35087,24.76005],[93.3576,24.76285],[93.35997,24.76517],[93.35982,24.76736],[93.35369,24.77566],[93.35334,24.7775],[93.35466,24.78164],[93.3612,24.78872],[93.36019,24.79239],[93.3579,24.79736],[93.35762,24.79934],[93.35836,24.80191],[93.3616,24.80642],[93.36178,24.80844],[93.36114,24.81202],[93.36342,24.81948],[93.36409,24.82039],[93.36791,24.81991],[93.37381,24.82175],[93.37894,24.82182],[93.38339,24.82102],[93.394,24.81718],[93.39478,24.81641],[93.39675,24.81217],[93.39852,24.81151],[93.39949,24.81231],[93.40103,24.81689],[93.40296,24.81821],[93.40298,24.81889],[93.40145,24.82044],[93.40044,24.82261],[93.40058,24.8254],[93.40189,24.82651],[93.40529,24.82741],[93.4071,24.8288],[93.406,24.83182],[93.40387,24.83412],[93.40301,24.83577],[93.40431,24.83737],[93.40851,24.83852],[93.41159,24.84258],[93.41881,24.84613],[93.42136,24.84465],[93.42625,24.84355],[93.43055,24.84372],[93.43409,24.84445],[93.43582,24.84305],[93.43889,24.84389],[93.4411,24.84369],[93.44242,24.84476],[93.44469,24.84836],[93.44967,24.85109],[93.45149,24.8513],[93.45464,24.85045],[93.46003,24.85076],[93.46205,24.85016],[93.4637,24.85095],[93.46549,24.84973],[93.4654,24.84483],[93.46632,24.84335],[93.46967,24.84316],[93.47279,24.83994],[93.47499,24.83945],[93.48411,24.83562],[93.48359,24.83264],[93.48495,24.83066],[93.48665,24.82984],[93.4899,24.82969],[93.49637,24.82819],[93.49898,24.82815],[93.50071,24.82732],[93.50548,24.82741],[93.50678,24.82706],[93.50862,24.82592],[93.50957,24.82373],[93.51378,24.82365],[93.51604,24.82154],[93.52262,24.81994],[93.52555,24.81716],[93.5293,24.81707],[93.53106,24.81651],[93.536,24.81354],[93.53762,24.81164],[93.54091,24.81035],[93.54183,24.81013],[93.54538,24.81075],[93.54634,24.80853],[93.547,24.80809],[93.54785,24.80832],[93.54959,24.81014],[93.55048,24.81013],[93.5514,24.80881],[93.55162,24.80742],[93.55259,24.8073],[93.55708,24.8091],[93.55738,24.81123],[93.55594,24.81147],[93.55594,24.81266],[93.55923,24.81439],[93.56069,24.81731],[93.56363,24.81694],[93.56624,24.81502],[93.57197,24.81561],[93.57109,24.81792],[93.56574,24.81852],[93.56535,24.81894],[93.56694,24.82034],[93.57098,24.82157],[93.57166,24.82218],[93.57129,24.82333],[93.57008,24.82431],[93.56794,24.823],[93.56703,24.82336],[93.567,24.82574],[93.56811,24.83248],[93.57084,24.83206],[93.57203,24.83316],[93.57673,24.83443],[93.57768,24.83515],[93.57744,24.83611],[93.57502,24.83724],[93.57459,24.83803],[93.57471,24.83947],[93.57718,24.83888],[93.57811,24.84042],[93.57759,24.84198],[93.57518,24.84388],[93.57518,24.84637],[93.57609,24.84631],[93.58032,24.84328],[93.58128,24.84393],[93.5813,24.84645],[93.58171,24.84669],[93.58566,24.84479],[93.58851,24.84397]]]}},{"id":"10","type":"Feature","properties":{"state":"MANIPUR","state_lgd":"14","district":"PHERZAWL","district_lgd":"718"},"geometry":{"type":"Polygon","coordinates":[[[93.18613,24.71095],[93.20106,24.70916],[93.20033,24.70392],[93.20118,24.70182],[93.20223,24.70107],[93.205,24.70027],[93.20613,24.69946],[93.21063,24.70019],[93.21434,24.70021],[93.21582,24.69994],[93.21635,24.6991],[93.21356,24.69432],[93.21279,24.69188],[93.20873,24.68812],[93.20663,24.68185],[93.20651,24.67893],[93.20408,24.67502],[93.20556,24.67153],[93.20817,24.67061],[93.21066,24.67101],[93.21568,24.67402],[93.21713,24.67385],[93.21888,24.67231],[93.21917,24.6713],[93.2181,24.66952],[93.21789,24.66659],[93.21712,24.66508],[93.2152,24.66467],[93.21351,24.66711],[93.21206,24.66752],[93.20892,24.66538],[93.208,24.66273],[93.20821,24.66158],[93.21288,24.65589],[93.21367,24.6499],[93.21622,24.64659],[93.21968,24.6435],[93.22143,24.6409],[93.22211,24.63901],[93.22207,24.63681],[93.2216,24.63329],[93.22002,24.62871],[93.21913,24.62822],[93.21659,24.62803],[93.21354,24.62879],[93.21093,24.62877],[93.20967,24.62748],[93.21117,24.62214],[93.21442,24.61742],[93.213,24.60851],[93.21362,24.60662],[93.21663,24.60147],[93.21675,24.60038],[93.21574,24.59824],[93.21701,24.59431],[93.21683,24.59315],[93.21426,24.58916],[93.21044,24.5861],[93.20893,24.58572],[93.20668,24.58814],[93.20493,24.58906],[93.20332,24.58758],[93.20222,24.58577],[93.20154,24.58211],[93.20183,24.57986],[93.2023,24.57924],[93.20544,24.5787],[93.20594,24.57813],[93.20574,24.57702],[93.20387,24.57417],[93.20417,24.57327],[93.20651,24.57083],[93.20544,24.56894],[93.20384,24.56821],[93.20272,24.56837],[93.19973,24.57168],[93.19801,24.57241],[93.19564,24.57236],[93.19301,24.57114],[93.19123,24.57106],[93.19034,24.57041],[93.18957,24.56843],[93.18996,24.56743],[93.19105,24.56713],[93.19372,24.56745],[93.19591,24.56686],[93.19721,24.56504],[93.19674,24.56363],[93.1946,24.56027],[93.19102,24.55773],[93.18951,24.55453],[93.18862,24.5509],[93.18751,24.55019],[93.18298,24.54925],[93.18043,24.54632],[93.1783,24.54286],[93.17715,24.53763],[93.17729,24.5321],[93.17522,24.53102],[93.17265,24.53061],[93.17185,24.52953],[93.17294,24.52612],[93.17197,24.52248],[93.17173,24.51915],[93.17433,24.51961],[93.17626,24.51937],[93.17812,24.5178],[93.1804,24.51712],[93.18057,24.51471],[93.18131,24.51463],[93.18268,24.51593],[93.18303,24.51896],[93.18241,24.5224],[93.1836,24.52505],[93.18404,24.5254],[93.18499,24.52524],[93.18645,24.52383],[93.1879,24.52326],[93.19124,24.52432],[93.19237,24.52299],[93.19452,24.51665],[93.19624,24.51595],[93.20198,24.51576],[93.20663,24.51277],[93.20888,24.50987],[93.21062,24.50562],[93.21121,24.50253],[93.21355,24.50088],[93.21603,24.50114],[93.21755,24.50076],[93.22027,24.49508],[93.22239,24.49685],[93.22536,24.50081],[93.23173,24.51021],[93.23264,24.51298],[93.23523,24.51504],[93.24009,24.51527],[93.24439,24.5173],[93.24503,24.51694],[93.2466,24.51412],[93.25286,24.5112],[93.25649,24.5114],[93.25992,24.51064],[93.26159,24.51139],[93.26324,24.51123],[93.26424,24.51176],[93.26451,24.5124],[93.26353,24.51509],[93.26357,24.51628],[93.26441,24.51905],[93.26649,24.52178],[93.26655,24.52312],[93.26586,24.52362],[93.26262,24.52374],[93.26031,24.52441],[93.25936,24.52533],[93.25948,24.52691],[93.26763,24.53972],[93.27112,24.54083],[93.27358,24.54388],[93.2732,24.54475],[93.26957,24.54455],[93.26894,24.54486],[93.26845,24.54601],[93.26873,24.54733],[93.26968,24.5477],[93.2724,24.54731],[93.27429,24.55066],[93.27772,24.5546],[93.28041,24.55926],[93.28391,24.5631],[93.28353,24.56443],[93.28081,24.56495],[93.27999,24.5656],[93.27992,24.56654],[93.28118,24.56791],[93.28754,24.56939],[93.29609,24.56814],[93.3023,24.56573],[93.3072,24.5654],[93.31149,24.56588],[93.31882,24.56809],[93.32488,24.56806],[93.33046,24.57034],[93.33159,24.57013],[93.33263,24.56871],[93.33353,24.56848],[93.336,24.57003],[93.33805,24.57262],[93.33892,24.57614],[93.34398,24.57862],[93.3487,24.57768],[93.35478,24.57761],[93.35877,24.57686],[93.36629,24.57304],[93.37889,24.57028],[93.38118,24.56889],[93.38329,24.56924],[93.38739,24.56759],[93.38965,24.56439],[93.38999,24.56136],[93.38897,24.5573],[93.38576,24.55137],[93.38588,24.54942],[93.38492,24.54727],[93.38415,24.54207],[93.37999,24.53341],[93.38036,24.53221],[93.3816,24.53082],[93.38244,24.52643],[93.38528,24.5258],[93.38995,24.52643],[93.39119,24.52535],[93.39243,24.52267],[93.39479,24.52108],[93.3962,24.52087],[93.39903,24.52159],[93.40449,24.52197],[93.40741,24.51942],[93.40851,24.5164],[93.40344,24.51466],[93.40298,24.5141],[93.40278,24.51116],[93.39928,24.50835],[93.39765,24.50603],[93.39383,24.50394],[93.38808,24.50281],[93.38679,24.50206],[93.38654,24.49983],[93.38371,24.49503],[93.38331,24.49042],[93.38353,24.48937],[93.38606,24.48636],[93.38557,24.48576],[93.38215,24.48543],[93.38149,24.48494],[93.38127,24.48329],[93.38374,24.48077],[93.3833,24.48007],[93.38033,24.47881],[93.37953,24.47737],[93.3827,24.47434],[93.38317,24.4714],[93.38087,24.46677],[93.37602,24.46363],[93.37609,24.46314],[93.37708,24.46288],[93.37596,24.46154],[93.3759,24.45874],[93.37513,24.45726],[93.37181,24.45443],[93.37035,24.45421],[93.37069,24.45212],[93.36907,24.45265],[93.3677,24.45152],[93.3694,24.44628],[93.37069,24.44488],[93.37244,24.44444],[93.376,24.44531],[93.3787,24.44301],[93.37832,24.44171],[93.37879,24.43962],[93.37846,24.43723],[93.3773,24.43639],[93.37661,24.43423],[93.3746,24.433],[93.37508,24.43142],[93.37446,24.43011],[93.37434,24.42699],[93.37584,24.42444],[93.37331,24.42411],[93.37577,24.42259],[93.37617,24.42023],[93.37498,24.41977],[93.37477,24.41885],[93.3772,24.4172],[93.37595,24.41617],[93.37602,24.41443],[93.37346,24.41209],[93.37383,24.4106],[93.37271,24.41062],[93.36906,24.41226],[93.36833,24.41054],[93.36653,24.40835],[93.36656,24.40733],[93.36767,24.40671],[93.37014,24.40738],[93.37225,24.40633],[93.37179,24.4053],[93.37202,24.4025],[93.37388,24.40137],[93.3749,24.40016],[93.37197,24.39847],[93.37158,24.39759],[93.37216,24.39725],[93.37531,24.39809],[93.3766,24.39782],[93.37911,24.39531],[93.37807,24.39302],[93.38043,24.39392],[93.38291,24.39349],[93.38622,24.39113],[93.3914,24.3895],[93.39773,24.38878],[93.4002,24.38935],[93.40357,24.39111],[93.40471,24.39117],[93.4082,24.3887],[93.41313,24.39101],[93.4153,24.39066],[93.41692,24.38893],[93.42018,24.38325],[93.42444,24.37953],[93.43043,24.37286],[93.4354,24.37011],[93.43993,24.37224],[93.4418,24.37368],[93.44593,24.37319],[93.44914,24.37422],[93.45085,24.37584],[93.45237,24.3796],[93.45327,24.3805],[93.45496,24.38117],[93.46099,24.38317],[93.46419,24.38373],[93.46723,24.38386],[93.46942,24.38291],[93.47255,24.38439],[93.47498,24.38191],[93.47756,24.3808],[93.48026,24.37697],[93.48299,24.37524],[93.48579,24.37125],[93.48638,24.36623],[93.48795,24.36502],[93.48915,24.36326],[93.49082,24.36255],[93.49797,24.36287],[93.50061,24.36063],[93.50023,24.35829],[93.49809,24.35652],[93.49683,24.35336],[93.49562,24.35295],[93.49544,24.35077],[93.49397,24.35043],[93.49002,24.34177],[93.49054,24.33898],[93.4889,24.33651],[93.4903,24.335],[93.49224,24.33401],[93.49259,24.33315],[93.49197,24.33284],[93.48953,24.3331],[93.49032,24.33193],[93.48778,24.33115],[93.48763,24.32976],[93.48678,24.32905],[93.48655,24.32769],[93.48781,24.32627],[93.48591,24.32596],[93.48535,24.32504],[93.4886,24.323],[93.4879,24.32194],[93.48781,24.32021],[93.4867,24.31997],[93.48498,24.31869],[93.4848,24.31656],[93.48244,24.31507],[93.48119,24.31171],[93.48201,24.30902],[93.47874,24.30761],[93.48084,24.30691],[93.48103,24.30631],[93.47967,24.30535],[93.47914,24.30307],[93.47781,24.30219],[93.47871,24.30048],[93.47583,24.29618],[93.476,24.29516],[93.47764,24.29499],[93.47624,24.29403],[93.47506,24.29171],[93.47416,24.28832],[93.47444,24.28612],[93.47306,24.28373],[93.47179,24.28255],[93.4728,24.28078],[93.46988,24.28055],[93.47131,24.27925],[93.46901,24.27768],[93.4708,24.2763],[93.46794,24.27199],[93.46855,24.27029],[93.46641,24.26936],[93.46741,24.26745],[93.46607,24.2672],[93.46451,24.2685],[93.46354,24.27021],[93.46235,24.26961],[93.45995,24.27043],[93.45869,24.26986],[93.45908,24.26918],[93.46152,24.26883],[93.46331,24.26792],[93.46134,24.26373],[93.46439,24.26229],[93.46482,24.26101],[93.46233,24.25946],[93.46169,24.25832],[93.46022,24.2578],[93.46006,24.25727],[93.46055,24.25553],[93.46245,24.25617],[93.46309,24.25578],[93.46313,24.2532],[93.46196,24.25109],[93.46246,24.25061],[93.46413,24.25123],[93.46529,24.25077],[93.46662,24.24781],[93.46676,24.24405],[93.46415,24.24174],[93.46158,24.24094],[93.45999,24.23745],[93.45707,24.23528],[93.45716,24.23306],[93.45812,24.23088],[93.46135,24.22852],[93.46467,24.22675],[93.46831,24.22659],[93.46903,24.22591],[93.46897,24.2252],[93.468,24.22462],[93.46704,24.2255],[93.46605,24.22534],[93.46223,24.22289],[93.4573,24.22475],[93.45553,24.22458],[93.45029,24.21763],[93.4466,24.2158],[93.44229,24.21278],[93.44018,24.20926],[93.4375,24.20658],[93.43522,24.20576],[93.43379,24.2038],[93.43028,24.2019],[93.4259,24.20099],[93.42173,24.20397],[93.42134,24.20357],[93.42162,24.20092],[93.4212,24.20013],[93.41991,24.19979],[93.41871,24.20034],[93.41698,24.19896],[93.41723,24.1979],[93.41801,24.19715],[93.42115,24.19592],[93.42253,24.19634],[93.42337,24.19518],[93.42456,24.19646],[93.42561,24.19625],[93.42615,24.1936],[93.42362,24.19326],[93.42299,24.19222],[93.42756,24.19002],[93.42813,24.18886],[93.42763,24.1875],[93.42398,24.1866],[93.42344,24.18488],[93.4239,24.18434],[93.42443,24.18445],[93.42735,24.18643],[93.42844,24.18517],[93.42763,24.18251],[93.42749,24.17996],[93.42686,24.17966],[93.42551,24.18079],[93.42406,24.17886],[93.42415,24.17816],[93.42675,24.17561],[93.42466,24.17208],[93.42435,24.16991],[93.42491,24.16798],[93.42444,24.16612],[93.4223,24.16428],[93.42156,24.16265],[93.42296,24.15866],[93.42248,24.15709],[93.42271,24.15576],[93.42523,24.15329],[93.42406,24.15271],[93.42273,24.15316],[93.42224,24.15025],[93.42108,24.15001],[93.42106,24.14851],[93.41974,24.14858],[93.41928,24.14777],[93.41906,24.14522],[93.41969,24.14313],[93.41871,24.14268],[93.41806,24.14144],[93.41576,24.14165],[93.41454,24.14086],[93.41132,24.14024],[93.40652,24.14027],[93.40261,24.13862],[93.3982,24.13888],[93.39337,24.13777],[93.39061,24.13256],[93.39128,24.1307],[93.39123,24.127],[93.39006,24.1242],[93.38547,24.11954],[93.37601,24.11406],[93.37036,24.10754],[93.36331,24.10789],[93.35815,24.10561],[93.35341,24.10415],[93.35084,24.10413],[93.34809,24.10476],[93.34703,24.10292],[93.34513,24.10369],[93.34194,24.10197],[93.34287,24.09723],[93.34523,24.09705],[93.34578,24.09665],[93.34592,24.0952],[93.3468,24.09445],[93.34872,24.0953],[93.34966,24.09518],[93.35047,24.09371],[93.35191,24.09239],[93.35386,24.09162],[93.35406,24.09108],[93.35306,24.09021],[93.35115,24.09081],[93.34809,24.08791],[93.34716,24.08757],[93.34675,24.09009],[93.34453,24.09174],[93.34292,24.09171],[93.3406,24.09084],[93.33725,24.0908],[93.33448,24.08975],[93.33334,24.08772],[93.33085,24.08536],[93.3306,24.08394],[93.33127,24.08242],[93.33038,24.08084],[93.32855,24.08115],[93.32828,24.07738],[93.33005,24.07557],[93.3309,24.07299],[93.33304,24.07478],[93.33445,24.07431],[93.33465,24.07292],[93.33317,24.071],[93.33322,24.07013],[93.33448,24.06876],[93.33716,24.06754],[93.33743,24.06669],[93.33604,24.0634],[93.33812,24.06323],[93.33846,24.06105],[93.33611,24.06018],[93.33531,24.05698],[93.33348,24.05559],[93.33212,24.05313],[93.32895,24.05386],[93.32678,24.05263],[93.32616,24.05194],[93.32576,24.04836],[93.32322,24.04844],[93.31781,24.05315],[93.31528,24.05186],[93.31053,24.05294],[93.30808,24.05228],[93.3055,24.0522],[93.30345,24.05281],[93.29744,24.04952],[93.29358,24.04873],[93.29168,24.0494],[93.28887,24.05229],[93.2872,24.05266],[93.28617,24.05103],[93.28682,24.04791],[93.28579,24.04687],[93.28389,24.04604],[93.28203,24.04274],[93.27884,24.04183],[93.27418,24.03944],[93.27383,24.03911],[93.27387,24.03654],[93.26997,24.03249],[93.263,24.0278],[93.25689,24.02516],[93.25569,24.02403],[93.25464,24.02195],[93.25365,24.02123],[93.25323,24.02194],[93.25518,24.02594],[93.25524,24.02842],[93.25495,24.02894],[93.25241,24.0296],[93.25135,24.03049],[93.25105,24.0327],[93.25488,24.0444],[93.25633,24.04689],[93.25736,24.05111],[93.25954,24.05548],[93.26051,24.05633],[93.26285,24.05722],[93.26341,24.05838],[93.26127,24.06221],[93.26155,24.06825],[93.26108,24.07043],[93.25709,24.07284],[93.25552,24.07531],[93.25234,24.07766],[93.25099,24.08008],[93.25,24.08057],[93.24472,24.0817],[93.24298,24.08268],[93.2407,24.08243],[93.23845,24.08329],[93.23228,24.08239],[93.2251,24.08471],[93.22245,24.08469],[93.22044,24.08358],[93.21898,24.08171],[93.21889,24.07856],[93.21984,24.07669],[93.22213,24.07416],[93.22273,24.07097],[93.22161,24.06846],[93.22168,24.06604],[93.22032,24.06097],[93.21755,24.05767],[93.21606,24.05402],[93.2127,24.04947],[93.21161,24.04863],[93.20996,24.04837],[93.2068,24.04893],[93.20231,24.0505],[93.19713,24.0507],[93.19216,24.05221],[93.18978,24.05358],[93.18715,24.05412],[93.1789,24.05387],[93.16914,24.05147],[93.16729,24.05171],[93.16677,24.0528],[93.16327,24.0557],[93.16312,24.05649],[93.16382,24.05787],[93.16277,24.05981],[93.16454,24.0637],[93.16474,24.06794],[93.16624,24.07048],[93.16652,24.07216],[93.16545,24.0729],[93.16583,24.07377],[93.16113,24.07353],[93.1584,24.07673],[93.15589,24.07781],[93.154,24.08148],[93.15085,24.08301],[93.15081,24.08387],[93.15013,24.08439],[93.14805,24.08531],[93.14346,24.08596],[93.14049,24.08809],[93.13971,24.08706],[93.14013,24.08644],[93.13989,24.08487],[93.13691,24.08282],[93.13638,24.08138],[93.13422,24.07992],[93.13323,24.07841],[93.13373,24.07669],[93.13094,24.07296],[93.13189,24.0717],[93.13036,24.0704],[93.13027,24.06943],[93.12821,24.06745],[93.12872,24.0662],[93.12804,24.06564],[93.12787,24.06456],[93.12661,24.06357],[93.12615,24.06231],[93.12412,24.06083],[93.11989,24.06075],[93.11977,24.06034],[93.12129,24.05899],[93.12057,24.05876],[93.11828,24.05939],[93.1193,24.05821],[93.11697,24.05737],[93.11816,24.0565],[93.11806,24.05603],[93.11395,24.05581],[93.11417,24.05408],[93.11236,24.05451],[93.11197,24.05357],[93.11058,24.05307],[93.11044,24.05212],[93.10898,24.05036],[93.10694,24.04977],[93.10648,24.04866],[93.10514,24.05004],[93.10419,24.05004],[93.10271,24.04843],[93.10344,24.04692],[93.10111,24.04569],[93.10146,24.04451],[93.09945,24.04337],[93.097,24.04396],[93.09739,24.04994],[93.10103,24.05294],[93.1004,24.05425],[93.0981,24.05541],[93.09721,24.05637],[93.09755,24.06132],[93.09962,24.0635],[93.09795,24.06562],[93.0981,24.07075],[93.09743,24.07373],[93.09426,24.077],[93.09203,24.08042],[93.0877,24.0815],[93.08627,24.08473],[93.08251,24.08963],[93.0818,24.09393],[93.07978,24.09574],[93.07947,24.09992],[93.07855,24.10185],[93.07472,24.10202],[93.07345,24.10076],[93.06961,24.09943],[93.06651,24.09714],[93.06417,24.09414],[93.06098,24.09221],[93.05306,24.08968],[93.0518,24.08963],[93.04937,24.09078],[93.0466,24.09013],[93.04166,24.093],[93.03916,24.09209],[93.03799,24.09232],[93.03639,24.09383],[93.03444,24.09725],[93.03094,24.0985],[93.02682,24.101],[93.02456,24.10103],[93.02232,24.09998],[93.01964,24.10103],[93.01752,24.10052],[93.01342,24.10125],[93.01128,24.1028],[93.00996,24.10672],[93.00575,24.10766],[93.00154,24.11066],[92.99141,24.11548],[92.98754,24.11522],[92.97985,24.11277],[92.97618,24.11232],[92.97289,24.11249],[92.97049,24.11937],[92.97068,24.12086],[92.97473,24.12575],[92.98092,24.12524],[92.98297,24.12539],[92.98363,24.12586],[92.98634,24.12962],[92.98739,24.13333],[92.98997,24.13588],[92.99058,24.13721],[92.9904,24.13966],[92.98772,24.14542],[92.98752,24.14717],[92.98839,24.1494],[92.99091,24.15158],[92.9948,24.15278],[92.99843,24.15456],[93.00061,24.15661],[93.00331,24.15797],[93.00571,24.16116],[93.00606,24.16244],[93.00519,24.16483],[93.00501,24.16753],[93.00374,24.16935],[93.00304,24.17378],[93.004,24.1765],[93.00751,24.18002],[93.00765,24.18223],[93.00455,24.18604],[93.00324,24.18913],[92.99946,24.19359],[92.99924,24.19665],[93.00025,24.19795],[93.00627,24.19834],[93.01153,24.1977],[93.0144,24.19939],[93.01536,24.20092],[93.01678,24.20599],[93.0199,24.20982],[93.02194,24.21778],[93.02118,24.21907],[93.01631,24.22318],[93.01592,24.22447],[93.01966,24.23091],[93.0208,24.23207],[93.02379,24.2334],[93.0238,24.23417],[93.02218,24.23508],[93.01956,24.23448],[93.01651,24.23585],[93.00919,24.24347],[93.00723,24.24913],[93.00646,24.25427],[93.00436,24.25803],[93.00427,24.25972],[93.00507,24.26236],[93.00944,24.26687],[93.01246,24.27131],[93.00946,24.27416],[93.00814,24.2761],[93.00689,24.28178],[93.00803,24.28669],[93.00867,24.28766],[93.01883,24.29609],[93.02375,24.30294],[93.03465,24.32303],[93.03643,24.33169],[93.03913,24.3364],[93.04054,24.34198],[93.04002,24.34357],[93.03554,24.34577],[93.03433,24.34596],[93.03165,24.34466],[93.02966,24.34455],[93.01991,24.34793],[93.01806,24.34976],[93.01757,24.35232],[93.01875,24.35692],[93.01777,24.36028],[93.01782,24.36465],[93.02102,24.37082],[93.02176,24.3737],[93.02017,24.37705],[93.0184,24.38308],[93.01895,24.38425],[93.02284,24.38623],[93.02486,24.38938],[93.02503,24.39203],[93.02157,24.39538],[93.0169,24.40135],[93.01266,24.40455],[93.00925,24.40646],[93.00886,24.4124],[93.01065,24.41589],[93.01195,24.41672],[93.014,24.41696],[93.0153,24.41468],[93.01495,24.41019],[93.01617,24.40871],[93.01977,24.4073],[93.02465,24.40677],[93.03247,24.40856],[93.03991,24.41182],[93.04164,24.41301],[93.04309,24.4165],[93.04317,24.4196],[93.04265,24.42055],[93.03728,24.42362],[93.03356,24.427],[93.03292,24.42875],[93.03435,24.43624],[93.03643,24.44222],[93.03665,24.44727],[93.03572,24.45976],[93.03661,24.46097],[93.03811,24.46193],[93.03993,24.46222],[93.04366,24.46177],[93.04556,24.46328],[93.04677,24.46751],[93.04637,24.47357],[93.04564,24.47611],[93.04024,24.48631],[93.03796,24.48906],[93.03285,24.49353],[93.03256,24.4953],[93.0344,24.49763],[93.04087,24.50241],[93.04277,24.50479],[93.04273,24.50635],[93.03721,24.50939],[93.03874,24.51287],[93.04131,24.51557],[93.04936,24.51841],[93.05013,24.51943],[93.05055,24.5232],[93.04758,24.52666],[93.04719,24.52857],[93.04778,24.53225],[93.04939,24.53708],[93.04916,24.5419],[93.04999,24.54421],[93.05279,24.54765],[93.05576,24.55336],[93.05701,24.55441],[93.06052,24.55358],[93.0617,24.54731],[93.06339,24.54656],[93.06462,24.54679],[93.07081,24.55805],[93.07089,24.55948],[93.06917,24.56188],[93.063,24.56728],[93.05959,24.57094],[93.05827,24.57269],[93.05818,24.57384],[93.0596,24.57548],[93.06216,24.57624],[93.06872,24.57519],[93.07616,24.575],[93.07793,24.57432],[93.08238,24.5711],[93.0844,24.57113],[93.0882,24.57245],[93.08923,24.57074],[93.09083,24.57033],[93.09123,24.56868],[93.09264,24.56779],[93.09313,24.56661],[93.09409,24.56654],[93.09374,24.56519],[93.09449,24.56434],[93.09356,24.56374],[93.09375,24.56344],[93.09636,24.56274],[93.09708,24.56434],[93.09857,24.56434],[93.09961,24.56528],[93.10062,24.56397],[93.10213,24.56416],[93.10302,24.56337],[93.10509,24.56432],[93.106,24.56408],[93.10718,24.5629],[93.10929,24.56341],[93.11206,24.56252],[93.11332,24.56053],[93.11484,24.55957],[93.11724,24.55902],[93.12118,24.55663],[93.12434,24.55565],[93.12532,24.5549],[93.13458,24.56268],[93.14075,24.57012],[93.14566,24.58291],[93.14693,24.58771],[93.14725,24.59294],[93.14847,24.59679],[93.14639,24.59917],[93.14557,24.60098],[93.14366,24.60249],[93.13765,24.60496],[93.13274,24.60571],[93.11988,24.61625],[93.11723,24.62079],[93.11574,24.62582],[93.11489,24.63127],[93.11486,24.64562],[93.11622,24.65086],[93.11914,24.6704],[93.12274,24.68272],[93.12618,24.68781],[93.12676,24.68945],[93.12842,24.70007],[93.13193,24.70395],[93.13704,24.71235],[93.14043,24.70855],[93.14195,24.70764],[93.14491,24.7075],[93.1594,24.70771],[93.16747,24.70858],[93.17136,24.70977],[93.17922,24.71064],[93.18613,24.71095]]]}},{"id":"11","type":"Feature","properties":{"state":"MANIPUR","state_lgd":"14","district":"SENAPATI","district_lgd":"272"},"geometry":{"type":"Polygon","coordinates":[[[94.47967,25.61525],[94.48433,25.61301],[94.4859,25.61432],[94.48741,25.61418],[94.48807,25.61193],[94.49179,25.60881],[94.49089,25.60732],[94.49148,25.60524],[94.49123,25.60176],[94.48701,25.59739],[94.48356,25.59684],[94.48309,25.59482],[94.48233,25.59378],[94.48079,25.59255],[94.47883,25.59228],[94.47793,25.5916],[94.47499,25.58857],[94.47395,25.58601],[94.47052,25.58433],[94.46745,25.5821],[94.46805,25.57945],[94.46681,25.57521],[94.46683,25.57356],[94.464,25.57224],[94.46492,25.56896],[94.46472,25.5659],[94.46175,25.56338],[94.46101,25.56222],[94.46112,25.56156],[94.46309,25.55997],[94.46365,25.5589],[94.46324,25.55685],[94.46162,25.55575],[94.46056,25.54974],[94.45966,25.54918],[94.45722,25.54973],[94.45673,25.54946],[94.45626,25.54714],[94.4518,25.54472],[94.45141,25.54185],[94.44712,25.54012],[94.44647,25.53864],[94.44726,25.53688],[94.44718,25.53554],[94.44479,25.53289],[94.44309,25.52968],[94.44032,25.5291],[94.4401,25.52664],[94.44112,25.52534],[94.44098,25.52408],[94.43987,25.52207],[94.4375,25.52012],[94.43759,25.5188],[94.439,25.51851],[94.43822,25.5147],[94.43668,25.51419],[94.43493,25.51536],[94.43365,25.51527],[94.43048,25.51138],[94.43016,25.51058],[94.43056,25.50831],[94.42977,25.50515],[94.43039,25.50346],[94.43195,25.50188],[94.43204,25.50095],[94.42769,25.50105],[94.42604,25.50005],[94.42423,25.49772],[94.42406,25.497],[94.42501,25.49574],[94.42513,25.49359],[94.42649,25.49045],[94.42391,25.48723],[94.42431,25.4852],[94.42385,25.48226],[94.42253,25.48229],[94.41997,25.48049],[94.41961,25.47956],[94.42031,25.47754],[94.41994,25.47667],[94.41627,25.47666],[94.41379,25.4758],[94.41398,25.47473],[94.41705,25.47179],[94.41748,25.46866],[94.4214,25.46685],[94.42147,25.46617],[94.41845,25.46447],[94.41107,25.46293],[94.4102,25.45583],[94.40838,25.45244],[94.40539,25.4512],[94.40207,25.44715],[94.40366,25.44325],[94.40346,25.44019],[94.40275,25.43955],[94.4001,25.43974],[94.39928,25.43873],[94.39758,25.43424],[94.39779,25.43192],[94.39503,25.42936],[94.39309,25.42677],[94.39387,25.42443],[94.39363,25.42357],[94.39206,25.42338],[94.38863,25.42493],[94.38643,25.42523],[94.38456,25.42461],[94.38329,25.42318],[94.38293,25.42194],[94.38378,25.42087],[94.38614,25.42086],[94.38745,25.4204],[94.38915,25.42096],[94.38963,25.42011],[94.38901,25.41904],[94.38617,25.41793],[94.38591,25.41458],[94.38262,25.4106],[94.38013,25.4094],[94.37946,25.40794],[94.37948,25.40724],[94.38005,25.40683],[94.38159,25.4071],[94.38261,25.40668],[94.38471,25.40306],[94.3849,25.4019],[94.38466,25.40081],[94.38109,25.39724],[94.37848,25.39644],[94.37691,25.39267],[94.37744,25.38783],[94.3761,25.38579],[94.37696,25.37684],[94.37579,25.374],[94.37661,25.37222],[94.37571,25.36882],[94.37976,25.36644],[94.3806,25.36436],[94.37928,25.36261],[94.37561,25.36219],[94.37476,25.36168],[94.37481,25.36061],[94.37726,25.35846],[94.37757,25.35729],[94.37424,25.3549],[94.37117,25.35475],[94.3713,25.35298],[94.36844,25.35236],[94.36658,25.35076],[94.36551,25.35066],[94.36571,25.34965],[94.36509,25.34881],[94.36504,25.34755],[94.36349,25.34705],[94.36211,25.34571],[94.36075,25.34554],[94.36101,25.34331],[94.36045,25.34253],[94.36037,25.34086],[94.35977,25.34029],[94.35965,25.33697],[94.35846,25.33651],[94.35693,25.33335],[94.35568,25.33272],[94.35555,25.33135],[94.35446,25.33081],[94.35461,25.32901],[94.35313,25.32827],[94.3534,25.32537],[94.35216,25.32487],[94.35027,25.32148],[94.34913,25.32058],[94.34916,25.31954],[94.34735,25.31661],[94.34723,25.31524],[94.34655,25.31463],[94.34464,25.31438],[94.34485,25.31317],[94.34352,25.31204],[94.34271,25.31043],[94.34021,25.31045],[94.33932,25.31115],[94.33708,25.31068],[94.33676,25.30961],[94.33562,25.31026],[94.33566,25.30944],[94.33479,25.3088],[94.33288,25.30467],[94.33338,25.30013],[94.32811,25.29375],[94.3275,25.29201],[94.32734,25.28582],[94.3263,25.28422],[94.32633,25.28138],[94.32501,25.28042],[94.3251,25.27979],[94.32363,25.279],[94.32303,25.27769],[94.32188,25.27787],[94.32075,25.27652],[94.31955,25.27649],[94.31732,25.27245],[94.31444,25.26973],[94.31361,25.26717],[94.31088,25.26529],[94.31013,25.26383],[94.30824,25.26338],[94.30746,25.26216],[94.30428,25.25962],[94.30203,25.25696],[94.30161,25.25478],[94.29915,25.25253],[94.29774,25.25023],[94.29611,25.24949],[94.29298,25.24701],[94.28941,25.24577],[94.28929,25.24199],[94.28586,25.23992],[94.28315,25.23999],[94.27722,25.23708],[94.27444,25.23663],[94.27206,25.23509],[94.26918,25.23409],[94.26384,25.2348],[94.26175,25.23202],[94.25814,25.22903],[94.25728,25.2289],[94.2546,25.23003],[94.25279,25.22899],[94.25274,25.22554],[94.25187,25.22434],[94.25186,25.22197],[94.25039,25.22005],[94.24996,25.21252],[94.24898,25.21106],[94.24875,25.20871],[94.24762,25.20841],[94.2474,25.20598],[94.24596,25.20379],[94.24522,25.20354],[94.24449,25.20421],[94.24158,25.20373],[94.23943,25.20235],[94.23765,25.20246],[94.23591,25.19923],[94.23288,25.19721],[94.22958,25.19748],[94.22867,25.19675],[94.22733,25.19654],[94.22613,25.19512],[94.22297,25.19513],[94.22131,25.19414],[94.2219,25.19292],[94.22043,25.19041],[94.22111,25.18912],[94.22098,25.1882],[94.22007,25.18729],[94.22055,25.18656],[94.21979,25.1858],[94.21927,25.18379],[94.21974,25.18323],[94.22126,25.18371],[94.22145,25.18312],[94.21863,25.17993],[94.2178,25.17999],[94.21691,25.18085],[94.21633,25.17995],[94.21265,25.17863],[94.21424,25.17579],[94.21397,25.17528],[94.21185,25.17678],[94.20785,25.17648],[94.20371,25.17779],[94.19868,25.17826],[94.1964,25.17673],[94.19551,25.17757],[94.18707,25.17881],[94.17546,25.18454],[94.17334,25.18433],[94.17055,25.18477],[94.16685,25.18603],[94.16201,25.1905],[94.15052,25.19481],[94.15139,25.19292],[94.15151,25.19034],[94.15087,25.18951],[94.14709,25.18644],[94.14239,25.18377],[94.13763,25.17941],[94.13727,25.1779],[94.12718,25.17844],[94.12297,25.17612],[94.11906,25.17776],[94.11789,25.17614],[94.1153,25.17521],[94.1003,25.17238],[94.09856,25.17163],[94.09546,25.17146],[94.09112,25.16936],[94.0836,25.1669],[94.07759,25.16624],[94.07594,25.16786],[94.07393,25.16846],[94.06924,25.16714],[94.06716,25.16585],[94.06703,25.16746],[94.06307,25.16681],[94.0617,25.16796],[94.05951,25.16844],[94.05779,25.1682],[94.05587,25.16717],[94.05529,25.16576],[94.05468,25.16681],[94.05329,25.16543],[94.05224,25.16575],[94.04804,25.16518],[94.04759,25.16637],[94.04572,25.16734],[94.0447,25.16977],[94.04267,25.17092],[94.04289,25.17167],[94.03865,25.17236],[94.03728,25.17208],[94.03513,25.17391],[94.03403,25.17607],[94.03193,25.17768],[94.03107,25.18234],[94.02987,25.1839],[94.0297,25.1857],[94.02821,25.18704],[94.02668,25.18675],[94.02486,25.18861],[94.02325,25.18952],[94.02221,25.19195],[94.02119,25.19195],[94.01908,25.19463],[94.01687,25.19546],[94.0156,25.19542],[94.01256,25.19687],[94.00543,25.19904],[94.00163,25.20113],[93.99673,25.20232],[93.99448,25.20348],[93.99527,25.20507],[93.99683,25.20605],[93.99729,25.20742],[93.99705,25.2139],[94.00042,25.21749],[94.00042,25.2198],[94.00137,25.22076],[94.00155,25.22216],[94.0023,25.2231],[94.00094,25.22352],[94.00091,25.22412],[94.00182,25.22577],[94.00326,25.22639],[94.0025,25.22675],[94.00266,25.22727],[94.00427,25.22863],[94.006,25.22903],[94.00571,25.23217],[94.00669,25.23289],[94.00731,25.23603],[94.0097,25.2385],[94.01042,25.24019],[94.00745,25.24162],[94.00701,25.24489],[94.00406,25.24686],[94.00342,25.24831],[94.00179,25.24889],[94.00001,25.25505],[93.99857,25.25742],[93.99674,25.25866],[93.99339,25.25969],[93.98761,25.26349],[93.98558,25.26547],[93.98328,25.26666],[93.98073,25.26666],[93.97933,25.26605],[93.97641,25.26626],[93.97362,25.26699],[93.96812,25.26974],[93.95306,25.28146],[93.9535,25.28459],[93.95516,25.28652],[93.95507,25.29032],[93.94975,25.29125],[93.94838,25.29204],[93.94586,25.29468],[93.94364,25.29511],[93.94275,25.29792],[93.94075,25.30005],[93.93859,25.30408],[93.93716,25.30549],[93.93684,25.31024],[93.93397,25.31208],[93.93146,25.31559],[93.92706,25.31853],[93.92485,25.32211],[93.92076,25.32405],[93.91957,25.32569],[93.91915,25.32757],[93.91138,25.3304],[93.90847,25.32965],[93.90612,25.33016],[93.90234,25.32999],[93.89537,25.33402],[93.89217,25.33489],[93.88852,25.33469],[93.88783,25.33533],[93.88765,25.33741],[93.88833,25.34124],[93.88963,25.34433],[93.88954,25.34551],[93.88746,25.34811],[93.88749,25.34895],[93.89982,25.35691],[93.90063,25.35984],[93.90053,25.36295],[93.89921,25.3642],[93.90092,25.36586],[93.90326,25.36955],[93.90419,25.3723],[93.90449,25.37579],[93.90644,25.37774],[93.90825,25.38174],[93.91013,25.3833],[93.91345,25.38496],[93.91819,25.38462],[93.92055,25.3855],[93.92263,25.3887],[93.92295,25.38989],[93.92069,25.39736],[93.91754,25.40236],[93.90655,25.41047],[93.90456,25.41086],[93.90384,25.41185],[93.90392,25.41343],[93.90285,25.41488],[93.90166,25.41526],[93.90234,25.4162],[93.90108,25.41769],[93.89886,25.41875],[93.89583,25.41827],[93.89448,25.41883],[93.89347,25.42055],[93.89314,25.42235],[93.89264,25.42267],[93.89106,25.4225],[93.88806,25.42352],[93.88298,25.42383],[93.87638,25.42216],[93.87339,25.423],[93.87002,25.42315],[93.85737,25.42701],[93.84998,25.42697],[93.8474,25.42654],[93.83649,25.42795],[93.83354,25.42734],[93.83064,25.43406],[93.8315,25.43663],[93.83119,25.43835],[93.82633,25.4424],[93.82236,25.44948],[93.82141,25.45549],[93.8217,25.45798],[93.82046,25.46072],[93.81989,25.46136],[93.81854,25.46163],[93.81535,25.45965],[93.8109,25.45947],[93.80795,25.46026],[93.80526,25.46342],[93.80538,25.46504],[93.8084,25.47194],[93.80805,25.47677],[93.80996,25.48088],[93.81018,25.48343],[93.80963,25.48453],[93.80814,25.48575],[93.80478,25.4876],[93.80462,25.49109],[93.80227,25.49365],[93.80061,25.49661],[93.79612,25.49776],[93.79312,25.49947],[93.79066,25.50016],[93.78847,25.50291],[93.78702,25.50316],[93.78402,25.50174],[93.78018,25.5008],[93.77684,25.49871],[93.77291,25.49768],[93.76616,25.49348],[93.7614,25.49567],[93.76119,25.49907],[93.75909,25.5007],[93.75845,25.50178],[93.75867,25.5046],[93.75797,25.50758],[93.75935,25.51057],[93.75956,25.51235],[93.76188,25.51404],[93.76246,25.5171],[93.76682,25.51899],[93.76681,25.51991],[93.76455,25.52171],[93.76401,25.52289],[93.76489,25.52546],[93.76489,25.52799],[93.76599,25.5299],[93.76649,25.53257],[93.76653,25.53399],[93.76515,25.53772],[93.76564,25.53821],[93.76752,25.53794],[93.7702,25.53413],[93.77211,25.53322],[93.77473,25.53486],[93.77866,25.53433],[93.78473,25.53613],[93.78628,25.53806],[93.78958,25.53765],[93.79211,25.53855],[93.79484,25.53827],[93.79769,25.54044],[93.80261,25.54039],[93.80466,25.54176],[93.80681,25.54118],[93.80889,25.54186],[93.81179,25.54185],[93.81605,25.54022],[93.81692,25.54059],[93.81654,25.54274],[93.81789,25.54459],[93.82069,25.54536],[93.82006,25.54973],[93.82051,25.55182],[93.82172,25.55383],[93.82354,25.55415],[93.82528,25.5527],[93.8283,25.55323],[93.83039,25.55605],[93.83025,25.55867],[93.83519,25.56168],[93.83637,25.56164],[93.83708,25.5611],[93.83763,25.55914],[93.83958,25.55722],[93.84194,25.55672],[93.84428,25.55738],[93.84623,25.55681],[93.84862,25.55683],[93.85148,25.55544],[93.85401,25.55558],[93.86104,25.55404],[93.8653,25.55583],[93.87126,25.55614],[93.87772,25.55916],[93.88002,25.56097],[93.8822,25.5615],[93.88442,25.56427],[93.88794,25.56536],[93.89808,25.56399],[93.90101,25.56292],[93.90594,25.56338],[93.90944,25.56427],[93.91491,25.56238],[93.91597,25.5617],[93.91688,25.56015],[93.9194,25.55938],[93.92386,25.55977],[93.92634,25.55887],[93.92911,25.55991],[93.93273,25.55967],[93.94478,25.5568],[93.95342,25.55054],[93.95507,25.55044],[93.9575,25.55175],[93.9592,25.5505],[93.96026,25.55055],[93.96348,25.55171],[93.96564,25.55539],[93.97003,25.55635],[93.97209,25.55767],[93.97386,25.56119],[93.97337,25.56285],[93.97357,25.56402],[93.9747,25.56536],[93.97814,25.56502],[93.98166,25.56787],[93.99339,25.56929],[93.9951,25.56902],[94.00448,25.56523],[94.00747,25.56716],[94.01074,25.57234],[94.01079,25.57354],[94.00404,25.58171],[94.00235,25.58455],[94.00232,25.58543],[94.00313,25.58692],[94.00562,25.58803],[94.01016,25.59109],[94.01288,25.59224],[94.01304,25.5912],[94.0136,25.59077],[94.0168,25.59134],[94.01937,25.59001],[94.02215,25.58974],[94.02221,25.58461],[94.0228,25.5843],[94.02505,25.58574],[94.02695,25.58508],[94.0266,25.57905],[94.03075,25.58026],[94.03087,25.5796],[94.0297,25.57795],[94.02984,25.57706],[94.03044,25.577],[94.03455,25.57929],[94.03664,25.57903],[94.03728,25.5777],[94.03667,25.57448],[94.03821,25.57248],[94.03827,25.57004],[94.03986,25.57158],[94.04214,25.57568],[94.04312,25.57662],[94.04424,25.57641],[94.0445,25.57495],[94.04707,25.57564],[94.04806,25.57546],[94.04962,25.57326],[94.0499,25.5715],[94.05062,25.57102],[94.05318,25.57075],[94.05322,25.56966],[94.05393,25.56867],[94.05388,25.56734],[94.05565,25.56726],[94.0569,25.56522],[94.05964,25.5638],[94.05998,25.56187],[94.06072,25.56087],[94.06094,25.55814],[94.06294,25.55707],[94.06551,25.55669],[94.06577,25.55333],[94.06719,25.55212],[94.0681,25.55348],[94.07212,25.55634],[94.07293,25.55615],[94.07241,25.55512],[94.07328,25.55566],[94.07461,25.55539],[94.07541,25.55763],[94.07622,25.55805],[94.07823,25.55821],[94.08014,25.55771],[94.08497,25.55433],[94.08729,25.54934],[94.09222,25.54391],[94.0941,25.5371],[94.09067,25.53227],[94.08736,25.53162],[94.08481,25.53021],[94.08827,25.5305],[94.09012,25.52956],[94.09248,25.52946],[94.10358,25.52615],[94.10751,25.52377],[94.10813,25.5217],[94.10945,25.52306],[94.11174,25.52324],[94.11749,25.52293],[94.11872,25.52244],[94.1219,25.5228],[94.12794,25.52094],[94.13302,25.51852],[94.13727,25.51805],[94.14038,25.51921],[94.1437,25.52235],[94.14331,25.52784],[94.14374,25.52988],[94.14609,25.53233],[94.14736,25.53702],[94.14942,25.53976],[94.14995,25.54345],[94.15339,25.54522],[94.15359,25.54681],[94.15502,25.54996],[94.15676,25.55153],[94.15816,25.5495],[94.16098,25.54765],[94.16253,25.54222],[94.16473,25.54128],[94.16702,25.54281],[94.17173,25.54385],[94.17328,25.54551],[94.17643,25.54621],[94.17721,25.54708],[94.17805,25.55057],[94.18446,25.54797],[94.19209,25.54841],[94.19205,25.54429],[94.19117,25.53976],[94.18988,25.5388],[94.1877,25.53407],[94.18582,25.53143],[94.18639,25.52978],[94.1876,25.529],[94.1872,25.52804],[94.18726,25.5252],[94.18643,25.52368],[94.18933,25.52239],[94.19504,25.52076],[94.19743,25.51619],[94.2006,25.5146],[94.20482,25.50655],[94.2086,25.50318],[94.20843,25.50055],[94.20753,25.4986],[94.2085,25.49618],[94.2141,25.49585],[94.21867,25.49187],[94.22176,25.49099],[94.22431,25.49189],[94.22817,25.49463],[94.23163,25.49311],[94.23287,25.49392],[94.23726,25.49479],[94.24032,25.49596],[94.24294,25.49539],[94.24591,25.49573],[94.24668,25.49512],[94.24932,25.49441],[94.25046,25.49593],[94.25382,25.49787],[94.25515,25.50067],[94.2577,25.49926],[94.25984,25.49908],[94.26101,25.49797],[94.26321,25.49871],[94.26711,25.49787],[94.27085,25.49966],[94.27455,25.49981],[94.276,25.5018],[94.2789,25.50304],[94.28473,25.508],[94.29062,25.49822],[94.29769,25.49142],[94.29769,25.48471],[94.3082,25.48961],[94.31041,25.48918],[94.31545,25.49093],[94.31787,25.49408],[94.31929,25.49694],[94.32292,25.5007],[94.32303,25.50198],[94.32506,25.50295],[94.32534,25.5044],[94.32609,25.50491],[94.32866,25.50441],[94.32975,25.50499],[94.33117,25.50672],[94.33541,25.50752],[94.33703,25.50855],[94.34363,25.50918],[94.34788,25.51202],[94.34951,25.51229],[94.35245,25.51166],[94.35537,25.51242],[94.35939,25.51548],[94.36349,25.51747],[94.36576,25.5174],[94.36795,25.5199],[94.37046,25.52014],[94.37128,25.52163],[94.37358,25.52207],[94.37442,25.52372],[94.37583,25.52452],[94.37604,25.52597],[94.37742,25.52665],[94.37825,25.52812],[94.38046,25.52934],[94.38104,25.53037],[94.38571,25.53272],[94.38773,25.53303],[94.38984,25.53263],[94.39317,25.53423],[94.39472,25.5338],[94.3971,25.53466],[94.39984,25.53397],[94.40474,25.53668],[94.40727,25.53663],[94.40832,25.5375],[94.41141,25.53849],[94.41306,25.53618],[94.41393,25.5372],[94.41593,25.53631],[94.41654,25.53648],[94.4182,25.53886],[94.41822,25.54268],[94.41974,25.54511],[94.42058,25.5506],[94.42234,25.55357],[94.42199,25.55786],[94.42286,25.5596],[94.42273,25.56031],[94.4215,25.56127],[94.42151,25.56165],[94.423,25.56211],[94.42114,25.56435],[94.4218,25.5666],[94.42177,25.56893],[94.42118,25.56965],[94.41963,25.56931],[94.41902,25.56974],[94.4212,25.57172],[94.42022,25.57247],[94.42025,25.57301],[94.42232,25.57405],[94.42129,25.57559],[94.42116,25.57665],[94.42232,25.57884],[94.42331,25.58375],[94.42458,25.58469],[94.42492,25.58652],[94.42679,25.58741],[94.42707,25.58797],[94.42902,25.58843],[94.42985,25.58928],[94.43187,25.58961],[94.43382,25.59106],[94.43688,25.59151],[94.43797,25.59263],[94.4435,25.59149],[94.44521,25.59187],[94.44575,25.5933],[94.44482,25.59537],[94.44502,25.59662],[94.44675,25.59761],[94.45105,25.59886],[94.45286,25.6017],[94.45838,25.60406],[94.45974,25.60546],[94.46143,25.6084],[94.46402,25.61021],[94.46465,25.61146],[94.46698,25.61218],[94.46856,25.61419],[94.47084,25.61418],[94.47287,25.61527],[94.47658,25.61413],[94.47967,25.61525]]]}},{"id":"12","type":"Feature","properties":{"state":"MANIPUR","state_lgd":"14","district":"TAMENGLONG","district_lgd":"273"},"geometry":{"type":"Polygon","coordinates":[[[93.8109,25.45947],[93.81535,25.45965],[93.81854,25.46163],[93.81989,25.46136],[93.82046,25.46072],[93.8217,25.45798],[93.82141,25.45549],[93.82236,25.44948],[93.82633,25.4424],[93.83119,25.43835],[93.8315,25.43663],[93.83064,25.43406],[93.83354,25.42734],[93.83649,25.42795],[93.8474,25.42654],[93.84998,25.42697],[93.85737,25.42701],[93.87002,25.42315],[93.87339,25.423],[93.87638,25.42216],[93.88298,25.42383],[93.88806,25.42352],[93.89106,25.4225],[93.89264,25.42267],[93.89314,25.42235],[93.89347,25.42055],[93.89448,25.41883],[93.89583,25.41827],[93.89886,25.41875],[93.90108,25.41769],[93.90234,25.4162],[93.90166,25.41526],[93.90285,25.41488],[93.90392,25.41343],[93.90384,25.41185],[93.90456,25.41086],[93.90655,25.41047],[93.91754,25.40236],[93.92069,25.39736],[93.92295,25.38989],[93.92263,25.3887],[93.92055,25.3855],[93.91819,25.38462],[93.91345,25.38496],[93.91013,25.3833],[93.90825,25.38174],[93.90644,25.37774],[93.90449,25.37579],[93.90419,25.3723],[93.90326,25.36955],[93.90092,25.36586],[93.89921,25.3642],[93.90053,25.36295],[93.90063,25.35984],[93.89982,25.35691],[93.88749,25.34895],[93.88746,25.34811],[93.88954,25.34551],[93.88963,25.34433],[93.88833,25.34124],[93.88767,25.33575],[93.88852,25.33469],[93.89217,25.33489],[93.89537,25.33402],[93.90234,25.32999],[93.90612,25.33016],[93.90847,25.32965],[93.91138,25.3304],[93.91915,25.32757],[93.91957,25.32569],[93.92076,25.32405],[93.92485,25.32211],[93.92706,25.31853],[93.93146,25.31559],[93.93397,25.31208],[93.93684,25.31024],[93.93716,25.30549],[93.93859,25.30408],[93.94075,25.30005],[93.94275,25.29792],[93.94364,25.29511],[93.94586,25.29468],[93.94838,25.29204],[93.94975,25.29125],[93.95507,25.29032],[93.95516,25.28652],[93.9535,25.28459],[93.95288,25.28169],[93.94416,25.2776],[93.93902,25.27594],[93.93691,25.2746],[93.92906,25.27274],[93.92615,25.27062],[93.91673,25.26823],[93.9126,25.26988],[93.90913,25.27292],[93.90744,25.27384],[93.90593,25.27363],[93.90246,25.27206],[93.90031,25.27048],[93.89692,25.26922],[93.89193,25.26416],[93.88812,25.2627],[93.88624,25.26039],[93.885,25.25743],[93.88245,25.25586],[93.87938,25.25564],[93.87307,25.25077],[93.87186,25.25046],[93.87009,25.25109],[93.86903,25.2503],[93.86804,25.24885],[93.86821,25.24751],[93.86773,25.24656],[93.8653,25.24423],[93.863,25.2438],[93.85898,25.23746],[93.85588,25.23571],[93.85506,25.2309],[93.8536,25.22882],[93.84878,25.2274],[93.84534,25.22733],[93.84414,25.2256],[93.83962,25.22336],[93.83827,25.22204],[93.83395,25.22273],[93.83081,25.22142],[93.82825,25.22305],[93.82674,25.22296],[93.82163,25.21904],[93.8213,25.21685],[93.81757,25.21226],[93.81785,25.20913],[93.81724,25.20749],[93.81555,25.20671],[93.81117,25.20623],[93.81218,25.20162],[93.80925,25.19809],[93.8073,25.19388],[93.80521,25.19231],[93.8023,25.18842],[93.80197,25.1845],[93.79897,25.18504],[93.7972,25.18363],[93.79658,25.1801],[93.79763,25.17835],[93.79763,25.17671],[93.79399,25.17346],[93.79119,25.1735],[93.79296,25.16828],[93.79257,25.16728],[93.79138,25.16683],[93.78862,25.16719],[93.78411,25.16673],[93.78244,25.16103],[93.78089,25.16006],[93.77924,25.16018],[93.77778,25.15835],[93.77743,25.15677],[93.77785,25.15327],[93.77749,25.15277],[93.77661,25.1525],[93.77332,25.15407],[93.77291,25.15383],[93.77316,25.15158],[93.77231,25.14976],[93.77402,25.14773],[93.77412,25.14512],[93.77561,25.1436],[93.77544,25.14106],[93.77851,25.13622],[93.77883,25.13221],[93.78046,25.12898],[93.78001,25.12605],[93.78089,25.1259],[93.78254,25.12666],[93.78334,25.12624],[93.78419,25.12298],[93.78676,25.12074],[93.78785,25.11862],[93.78958,25.11712],[93.78989,25.11584],[93.79183,25.11446],[93.79212,25.11123],[93.79513,25.10754],[93.79522,25.10404],[93.79734,25.10104],[93.79698,25.09985],[93.79471,25.09802],[93.79566,25.09477],[93.79467,25.09302],[93.79531,25.09083],[93.79377,25.08684],[93.7936,25.08434],[93.79404,25.08337],[93.79523,25.08288],[93.79563,25.08125],[93.79644,25.08033],[93.79469,25.06974],[93.79619,25.06683],[93.79643,25.06438],[93.79761,25.06269],[93.79838,25.05941],[93.80101,25.056],[93.80326,25.05458],[93.80509,25.05271],[93.80638,25.05233],[93.8084,25.05038],[93.80877,25.0487],[93.81006,25.04651],[93.80853,25.04303],[93.81057,25.03997],[93.81101,25.03831],[93.81416,25.0351],[93.81607,25.03128],[93.81731,25.02564],[93.81739,25.02204],[93.81693,25.02067],[93.81545,25.01948],[93.81248,25.01816],[93.80799,25.01921],[93.80567,25.01928],[93.80226,25.02095],[93.79919,25.02041],[93.7963,25.01855],[93.79213,25.01762],[93.79072,25.01598],[93.78931,25.00884],[93.78784,25.00726],[93.78888,25.00557],[93.78924,25.00294],[93.79252,24.9989],[93.79348,24.99534],[93.793,24.99281],[93.79121,24.99163],[93.78897,24.9909],[93.79478,24.98631],[93.79711,24.98164],[93.79882,24.97976],[93.79933,24.9762],[93.80054,24.97344],[93.80032,24.97057],[93.80083,24.96846],[93.79824,24.96712],[93.79768,24.96554],[93.79821,24.96084],[93.79986,24.95739],[93.79825,24.9558],[93.79801,24.95377],[93.79291,24.95354],[93.79314,24.9513],[93.79258,24.95018],[93.78823,24.95022],[93.78682,24.94747],[93.78176,24.94576],[93.78154,24.9397],[93.77738,24.93178],[93.77722,24.92988],[93.77778,24.92886],[93.77695,24.9278],[93.77725,24.92433],[93.77419,24.92258],[93.77275,24.91988],[93.77034,24.91802],[93.76933,24.91517],[93.76851,24.91423],[93.76433,24.91095],[93.7587,24.90743],[93.75871,24.90446],[93.75951,24.90315],[93.76512,24.89644],[93.76691,24.89565],[93.76631,24.89332],[93.76368,24.88998],[93.76145,24.88258],[93.76425,24.87861],[93.7652,24.87593],[93.7669,24.87388],[93.76789,24.87079],[93.76919,24.86949],[93.76934,24.86774],[93.76824,24.86417],[93.76924,24.86124],[93.77013,24.86068],[93.77017,24.85835],[93.77168,24.85695],[93.77171,24.85559],[93.77103,24.85428],[93.77119,24.85346],[93.77198,24.85287],[93.77156,24.85153],[93.77229,24.8496],[93.77198,24.84862],[93.76987,24.84775],[93.76845,24.84536],[93.76637,24.84446],[93.76501,24.84312],[93.76236,24.84406],[93.76152,24.84181],[93.76201,24.83905],[93.76106,24.83748],[93.76228,24.83506],[93.76274,24.83169],[93.76131,24.82998],[93.75881,24.82859],[93.75567,24.82892],[93.75481,24.82714],[93.75031,24.82638],[93.74958,24.82535],[93.74933,24.82419],[93.7502,24.82088],[93.74999,24.81915],[93.74908,24.81755],[93.74956,24.81412],[93.74764,24.8124],[93.74722,24.81076],[93.74581,24.80861],[93.74514,24.80797],[93.74412,24.80782],[93.74417,24.80714],[93.74668,24.80659],[93.74771,24.80588],[93.74963,24.8061],[93.75109,24.80573],[93.74962,24.80412],[93.75077,24.80117],[93.75063,24.79988],[93.74988,24.79883],[93.74981,24.79599],[93.75176,24.79462],[93.75804,24.79193],[93.75631,24.79056],[93.75671,24.78836],[93.75182,24.78904],[93.75,24.79153],[93.74937,24.79159],[93.74846,24.79045],[93.74797,24.7877],[93.74886,24.78698],[93.75101,24.7865],[93.7514,24.78527],[93.74914,24.78315],[93.74927,24.78058],[93.7474,24.77669],[93.74711,24.77508],[93.74289,24.76955],[93.74127,24.76819],[93.7415,24.76701],[93.74367,24.76617],[93.7437,24.76448],[93.74276,24.76333],[93.74007,24.7619],[93.73734,24.75454],[93.73734,24.75259],[93.73567,24.75084],[93.7353,24.74825],[93.73238,24.74849],[93.7279,24.74768],[93.72719,24.74712],[93.72528,24.74932],[93.721,24.75075],[93.70977,24.76069],[93.70716,24.76426],[93.70489,24.76959],[93.70254,24.77132],[93.70096,24.77168],[93.6989,24.77292],[93.69559,24.7769],[93.69517,24.77882],[93.68697,24.78484],[93.68343,24.78494],[93.68056,24.78354],[93.67756,24.78378],[93.67625,24.78442],[93.67513,24.78744],[93.67156,24.78675],[93.6695,24.78717],[93.65702,24.79309],[93.65517,24.79307],[93.65459,24.79249],[93.65026,24.79152],[93.64224,24.79095],[93.6395,24.79216],[93.633,24.79338],[93.62463,24.79644],[93.62284,24.79668],[93.62004,24.80713],[93.61506,24.81347],[93.61245,24.81769],[93.61105,24.82783],[93.61025,24.83038],[93.60967,24.83099],[93.60468,24.83262],[93.60073,24.83235],[93.59783,24.83128],[93.59673,24.83155],[93.59477,24.83388],[93.59286,24.83781],[93.59039,24.84034],[93.58851,24.84397],[93.58566,24.84479],[93.58171,24.84669],[93.5813,24.84645],[93.58128,24.84393],[93.58032,24.84328],[93.57609,24.84631],[93.57545,24.84653],[93.57509,24.84616],[93.57518,24.84388],[93.57759,24.84198],[93.57811,24.84042],[93.57718,24.83888],[93.57471,24.83947],[93.57459,24.83803],[93.57502,24.83724],[93.57744,24.83611],[93.5774,24.83478],[93.57203,24.83316],[93.57084,24.83206],[93.56847,24.83258],[93.56804,24.83232],[93.56703,24.82336],[93.56794,24.823],[93.57008,24.82431],[93.57129,24.82333],[93.57166,24.82218],[93.57098,24.82157],[93.56694,24.82034],[93.56569,24.81959],[93.56534,24.8188],[93.57109,24.81792],[93.57197,24.81561],[93.56624,24.81502],[93.56363,24.81694],[93.56069,24.81731],[93.55923,24.81439],[93.55594,24.81266],[93.55594,24.81147],[93.55738,24.81123],[93.55708,24.8091],[93.55235,24.80731],[93.55162,24.80742],[93.5514,24.80881],[93.55048,24.81013],[93.54959,24.81014],[93.54785,24.80832],[93.547,24.80809],[93.54634,24.80853],[93.54538,24.81075],[93.54183,24.81013],[93.54091,24.81035],[93.53762,24.81164],[93.536,24.81354],[93.53106,24.81651],[93.5293,24.81707],[93.52555,24.81716],[93.52262,24.81994],[93.51604,24.82154],[93.51378,24.82365],[93.50957,24.82373],[93.50862,24.82592],[93.50678,24.82706],[93.50548,24.82741],[93.50071,24.82732],[93.49898,24.82815],[93.49637,24.82819],[93.4899,24.82969],[93.48665,24.82984],[93.48443,24.83095],[93.48388,24.83177],[93.48356,24.83314],[93.48411,24.83562],[93.47499,24.83945],[93.47279,24.83994],[93.46967,24.84316],[93.46632,24.84335],[93.4654,24.84483],[93.46549,24.84973],[93.46425,24.85074],[93.4637,24.85095],[93.46205,24.85016],[93.46003,24.85076],[93.45464,24.85045],[93.45065,24.85138],[93.44469,24.84836],[93.44242,24.84476],[93.4411,24.84369],[93.43889,24.84389],[93.43582,24.84305],[93.43409,24.84445],[93.43055,24.84372],[93.42625,24.84355],[93.42136,24.84465],[93.41881,24.84613],[93.41159,24.84258],[93.40851,24.83852],[93.40411,24.83725],[93.40301,24.83577],[93.40319,24.83509],[93.40575,24.83223],[93.4071,24.8288],[93.40529,24.82741],[93.40189,24.82651],[93.40058,24.8254],[93.40044,24.82261],[93.40145,24.82044],[93.40302,24.81865],[93.40251,24.81763],[93.40103,24.81689],[93.39975,24.81288],[93.39886,24.81162],[93.39777,24.81152],[93.39675,24.81217],[93.39478,24.81641],[93.394,24.81718],[93.38339,24.82102],[93.37894,24.82182],[93.37381,24.82175],[93.36791,24.81991],[93.36409,24.82039],[93.36342,24.81948],[93.36114,24.81202],[93.36178,24.80844],[93.3616,24.80642],[93.35836,24.80191],[93.35762,24.79934],[93.3579,24.79736],[93.36019,24.79239],[93.3612,24.78872],[93.35466,24.78164],[93.35334,24.7775],[93.35369,24.77566],[93.35982,24.76736],[93.35997,24.76517],[93.3576,24.76285],[93.35087,24.76005],[93.34721,24.75916],[93.34043,24.76081],[93.33264,24.76472],[93.33049,24.764],[93.32866,24.76154],[93.32886,24.75804],[93.32986,24.75587],[93.33512,24.74974],[93.33563,24.74759],[93.33481,24.7462],[93.3296,24.74313],[93.32448,24.73832],[93.31912,24.73102],[93.31959,24.72916],[93.32134,24.72844],[93.3247,24.72826],[93.32916,24.72879],[93.33343,24.7275],[93.33627,24.72469],[93.33688,24.72258],[93.33654,24.721],[93.33379,24.71802],[93.32892,24.71758],[93.3259,24.71619],[93.32264,24.70949],[93.31797,24.70551],[93.31564,24.70089],[93.313,24.69917],[93.31116,24.69954],[93.30844,24.70247],[93.30681,24.70287],[93.30361,24.70484],[93.30095,24.70584],[93.29775,24.7061],[93.29667,24.70592],[93.29555,24.70503],[93.2949,24.70415],[93.29475,24.70247],[93.29638,24.70094],[93.2976,24.6961],[93.29623,24.69163],[93.29593,24.68709],[93.29483,24.68231],[93.29486,24.67874],[93.29152,24.67522],[93.28361,24.67019],[93.27655,24.66764],[93.27207,24.6667],[93.26886,24.66673],[93.25757,24.66865],[93.25276,24.67038],[93.24724,24.6746],[93.23535,24.6786],[93.23016,24.68105],[93.22925,24.682],[93.22832,24.68424],[93.22816,24.68637],[93.22883,24.69109],[93.22638,24.69906],[93.2228,24.70492],[93.22128,24.70648],[93.22021,24.70729],[93.21524,24.70908],[93.2088,24.70917],[93.20505,24.70695],[93.20382,24.70501],[93.20509,24.70168],[93.205,24.70027],[93.20223,24.70107],[93.20092,24.70225],[93.20033,24.70449],[93.20106,24.70916],[93.19951,24.70937],[93.18613,24.71095],[93.17309,24.70999],[93.16747,24.70858],[93.1594,24.70771],[93.14195,24.70764],[93.1401,24.70876],[93.13704,24.71235],[93.14072,24.72057],[93.14223,24.72523],[93.14553,24.73149],[93.14936,24.73631],[93.15566,24.74787],[93.1604,24.76849],[93.16354,24.77464],[93.16768,24.77987],[93.1744,24.78551],[93.17622,24.78614],[93.18939,24.78696],[93.19755,24.78645],[93.21058,24.79177],[93.21256,24.79299],[93.21959,24.80007],[93.22709,24.82032],[93.22912,24.82917],[93.23458,24.8446],[93.23831,24.85356],[93.22808,24.86271],[93.22524,24.86502],[93.22105,24.86739],[93.21993,24.86864],[93.22145,24.86951],[93.22177,24.87024],[93.2202,24.87264],[93.22036,24.87352],[93.22192,24.87376],[93.22531,24.87239],[93.22648,24.87306],[93.22196,24.87766],[93.22127,24.87935],[93.22132,24.88099],[93.2221,24.88191],[93.2241,24.88037],[93.2253,24.88034],[93.22693,24.88223],[93.22733,24.88459],[93.22829,24.88525],[93.23124,24.88392],[93.2327,24.8844],[93.23266,24.88541],[93.23155,24.88754],[93.23079,24.88802],[93.22799,24.88834],[93.22648,24.89025],[93.22599,24.89169],[93.22758,24.89293],[93.23115,24.89174],[93.23235,24.89214],[93.23206,24.89388],[93.22964,24.89548],[93.22927,24.89621],[93.23016,24.89848],[93.23122,24.89896],[93.23352,24.89877],[93.23556,24.89914],[93.23849,24.8987],[93.23921,24.8996],[93.2408,24.90336],[93.24069,24.90475],[93.23778,24.90582],[93.2373,24.90762],[93.23492,24.91042],[93.2352,24.91141],[93.23651,24.91227],[93.23903,24.91062],[93.24406,24.91055],[93.24512,24.91106],[93.24884,24.91485],[93.24872,24.91687],[93.24597,24.92525],[93.24518,24.92563],[93.23934,24.92437],[93.23849,24.92568],[93.24096,24.92764],[93.2411,24.92964],[93.2417,24.93059],[93.24367,24.93143],[93.24471,24.9325],[93.24524,24.93383],[93.2451,24.93539],[93.2436,24.93625],[93.24264,24.93611],[93.23806,24.93268],[93.23713,24.93253],[93.23681,24.93716],[93.23759,24.93789],[93.24166,24.93909],[93.24358,24.94075],[93.24492,24.94119],[93.24762,24.9398],[93.25127,24.94064],[93.25164,24.94225],[93.25097,24.94341],[93.24732,24.94512],[93.24917,24.94684],[93.24913,24.94817],[93.24565,24.95007],[93.24536,24.95081],[93.24844,24.95329],[93.25316,24.95122],[93.25615,24.94928],[93.25809,24.94968],[93.25851,24.95054],[93.25634,24.95255],[93.25618,24.95341],[93.25813,24.95452],[93.25793,24.95733],[93.26032,24.95895],[93.26177,24.96298],[93.25957,24.96548],[93.25896,24.96961],[93.25788,24.97133],[93.25685,24.97123],[93.25441,24.96918],[93.2534,24.96907],[93.25175,24.97118],[93.24942,24.97256],[93.24958,24.97331],[93.25181,24.97546],[93.25203,24.97645],[93.25182,24.97729],[93.24934,24.97704],[93.24944,24.97934],[93.25039,24.9805],[93.25343,24.98207],[93.25324,24.9831],[93.25152,24.98493],[93.25141,24.98601],[93.25371,24.98995],[93.25434,24.99279],[93.2565,24.99477],[93.25704,24.99607],[93.25678,24.99659],[93.25443,24.99746],[93.25298,24.99734],[93.25277,24.99891],[93.25416,25.00023],[93.25863,24.99948],[93.25976,25.00065],[93.25978,25.00159],[93.25769,25.00461],[93.25701,25.00474],[93.25562,25.00406],[93.25234,25.00093],[93.25134,25.00351],[93.2505,25.00432],[93.24878,25.00299],[93.24957,25.00037],[93.24888,24.99891],[93.24686,24.99738],[93.24529,24.9975],[93.24439,24.99809],[93.24373,24.99954],[93.2442,25.00326],[93.24216,25.0033],[93.24178,25.00393],[93.24364,25.00694],[93.24472,25.01171],[93.24742,25.01414],[93.24767,25.0149],[93.24668,25.01587],[93.24374,25.01612],[93.24388,25.01829],[93.24459,25.01874],[93.24728,25.01799],[93.24781,25.01811],[93.24908,25.02009],[93.25395,25.02058],[93.25397,25.02143],[93.2525,25.02293],[93.25412,25.02469],[93.25404,25.02547],[93.25117,25.02585],[93.25135,25.02714],[93.2519,25.02789],[93.25379,25.02716],[93.25484,25.02999],[93.25669,25.03082],[93.25989,25.03497],[93.26004,25.03577],[93.25835,25.03802],[93.25878,25.04003],[93.25962,25.04121],[93.26219,25.04072],[93.26398,25.04311],[93.26605,25.04384],[93.26462,25.04565],[93.26271,25.04553],[93.26227,25.04591],[93.2642,25.04936],[93.26737,25.04951],[93.27045,25.05077],[93.27215,25.04844],[93.27285,25.0486],[93.27451,25.05094],[93.27639,25.05087],[93.27731,25.04957],[93.28007,25.051],[93.27939,25.04778],[93.27966,25.04722],[93.28053,25.04724],[93.2827,25.04901],[93.28261,25.04581],[93.28346,25.045],[93.28718,25.04701],[93.28811,25.04558],[93.28897,25.04568],[93.29136,25.04864],[93.29368,25.04633],[93.2948,25.05106],[93.29735,25.05078],[93.2988,25.05195],[93.29941,25.04935],[93.29754,25.04658],[93.29876,25.0458],[93.29996,25.04604],[93.30113,25.05195],[93.3021,25.05424],[93.30079,25.05586],[93.30206,25.05646],[93.30314,25.05554],[93.30423,25.05562],[93.30556,25.05743],[93.30508,25.05886],[93.30259,25.06137],[93.30282,25.06436],[93.30631,25.06825],[93.30611,25.07164],[93.30938,25.075],[93.31053,25.07737],[93.31274,25.07935],[93.31309,25.08129],[93.31492,25.08462],[93.31742,25.08599],[93.32188,25.09082],[93.3246,25.09133],[93.32612,25.09281],[93.32754,25.0934],[93.33155,25.09309],[93.33237,25.09352],[93.3317,25.09605],[93.33354,25.09799],[93.33246,25.10073],[93.33808,25.1099],[93.33675,25.1116],[93.33735,25.1124],[93.34141,25.11383],[93.33933,25.11549],[93.34037,25.11796],[93.3422,25.11989],[93.34118,25.12306],[93.34199,25.12376],[93.34496,25.12314],[93.34526,25.12346],[93.34421,25.12529],[93.34248,25.12581],[93.34172,25.12671],[93.34211,25.12763],[93.34499,25.129],[93.34534,25.13034],[93.34518,25.13139],[93.34398,25.13292],[93.34383,25.13495],[93.34234,25.13637],[93.34238,25.13749],[93.34396,25.13829],[93.34625,25.13776],[93.34751,25.13877],[93.34614,25.14058],[93.34686,25.14302],[93.34625,25.14526],[93.34629,25.14746],[93.34518,25.15074],[93.34521,25.15297],[93.34657,25.15708],[93.34456,25.15806],[93.34401,25.15913],[93.34409,25.1628],[93.34624,25.16689],[93.34587,25.16981],[93.34781,25.17461],[93.34961,25.17674],[93.34981,25.1795],[93.35012,25.17992],[93.3515,25.17966],[93.35094,25.18179],[93.35134,25.1832],[93.35496,25.18593],[93.35412,25.18767],[93.35616,25.18896],[93.35737,25.1876],[93.35769,25.19001],[93.35654,25.19117],[93.35671,25.19188],[93.35768,25.19235],[93.35999,25.19185],[93.36032,25.19275],[93.35938,25.19531],[93.36332,25.1961],[93.36562,25.19808],[93.36629,25.20342],[93.3661,25.2061],[93.36779,25.20734],[93.37006,25.20735],[93.37072,25.20789],[93.36914,25.20954],[93.36894,25.21097],[93.37234,25.21193],[93.37383,25.21182],[93.37338,25.21484],[93.37463,25.21557],[93.37493,25.21725],[93.37671,25.21788],[93.37561,25.22014],[93.37662,25.22108],[93.37854,25.22046],[93.3794,25.22222],[93.38132,25.22237],[93.3817,25.22277],[93.38151,25.22391],[93.38223,25.22659],[93.38127,25.22736],[93.38376,25.22933],[93.38465,25.23136],[93.38426,25.23352],[93.38164,25.23431],[93.38269,25.23725],[93.38096,25.23794],[93.38112,25.23963],[93.38334,25.24228],[93.3855,25.24212],[93.3865,25.24268],[93.3877,25.245],[93.38987,25.24656],[93.39079,25.24897],[93.39259,25.24997],[93.39366,25.25474],[93.3956,25.25566],[93.39743,25.25776],[93.40199,25.2611],[93.40382,25.26145],[93.40668,25.26078],[93.40898,25.26246],[93.41594,25.26427],[93.41655,25.26506],[93.41728,25.26871],[93.41909,25.27073],[93.4194,25.27469],[93.42015,25.27543],[93.42053,25.27746],[93.42411,25.2788],[93.42515,25.27988],[93.4267,25.27964],[93.4264,25.28114],[93.4272,25.28195],[93.42752,25.28324],[93.4287,25.28255],[93.43078,25.28295],[93.43606,25.28782],[93.43726,25.28827],[93.43858,25.28782],[93.43939,25.28851],[93.44229,25.2895],[93.44294,25.29021],[93.44409,25.28985],[93.44532,25.29134],[93.44637,25.29124],[93.44754,25.29211],[93.44905,25.29143],[93.45078,25.29223],[93.4527,25.29217],[93.45436,25.29336],[93.45536,25.29347],[93.45863,25.29577],[93.45909,25.29739],[93.46316,25.30147],[93.4673,25.30166],[93.47065,25.30508],[93.47161,25.30425],[93.47202,25.30312],[93.47224,25.29938],[93.47358,25.29366],[93.47155,25.28982],[93.4709,25.28442],[93.4699,25.28259],[93.47112,25.27558],[93.47045,25.27359],[93.47145,25.27185],[93.47439,25.2708],[93.47771,25.27109],[93.48019,25.26989],[93.48384,25.27123],[93.48732,25.27453],[93.48957,25.27492],[93.49265,25.27456],[93.49503,25.27327],[93.49805,25.27282],[93.50113,25.27078],[93.5044,25.27041],[93.50642,25.26932],[93.50114,25.25609],[93.50024,25.2507],[93.50105,25.24253],[93.50258,25.24187],[93.50375,25.24216],[93.50863,25.24477],[93.5093,25.24348],[93.5107,25.243],[93.51287,25.24308],[93.51436,25.24389],[93.51703,25.24689],[93.52064,25.2475],[93.52417,25.24665],[93.52605,25.24494],[93.52756,25.24534],[93.52931,25.24496],[93.53197,25.24614],[93.53301,25.24616],[93.5351,25.24356],[93.54234,25.24746],[93.54388,25.24777],[93.5509,25.24782],[93.55597,25.24598],[93.56163,25.24243],[93.56299,25.24093],[93.56424,25.23838],[93.56399,25.23597],[93.56488,25.23334],[93.56455,25.23132],[93.56557,25.23027],[93.56861,25.23],[93.56947,25.22866],[93.56938,25.22639],[93.57204,25.2244],[93.57395,25.22505],[93.57528,25.22432],[93.57912,25.22351],[93.58087,25.22129],[93.58257,25.22138],[93.58405,25.22208],[93.58455,25.22144],[93.58495,25.21885],[93.58702,25.21777],[93.58604,25.21492],[93.58623,25.2142],[93.58692,25.21372],[93.5894,25.21376],[93.59072,25.21197],[93.5916,25.20822],[93.59151,25.20714],[93.58898,25.20591],[93.58819,25.20106],[93.58903,25.20076],[93.59079,25.20121],[93.59348,25.20343],[93.59468,25.20286],[93.59508,25.19918],[93.59555,25.19871],[93.59616,25.1988],[93.59828,25.20134],[93.59923,25.20168],[93.60193,25.20013],[93.60535,25.19917],[93.60592,25.20065],[93.61087,25.20424],[93.61095,25.20694],[93.60832,25.21099],[93.60929,25.21383],[93.61059,25.21576],[93.61518,25.21882],[93.61583,25.22134],[93.61966,25.22858],[93.62121,25.22954],[93.62299,25.23154],[93.62344,25.2332],[93.62229,25.23569],[93.62757,25.24109],[93.62839,25.2429],[93.62904,25.2483],[93.63462,25.25418],[93.63717,25.25975],[93.63739,25.26349],[93.64139,25.26592],[93.64431,25.2653],[93.64638,25.26672],[93.64405,25.27181],[93.64412,25.27279],[93.64532,25.2744],[93.64501,25.27604],[93.65006,25.28217],[93.65232,25.28418],[93.65443,25.28894],[93.65752,25.29306],[93.66056,25.29868],[93.66067,25.30041],[93.65841,25.30418],[93.66078,25.30618],[93.66449,25.30745],[93.66727,25.31004],[93.6686,25.31407],[93.66774,25.31615],[93.66767,25.31908],[93.66688,25.32192],[93.66495,25.32469],[93.66477,25.32572],[93.66576,25.32636],[93.66829,25.3249],[93.67067,25.32511],[93.67389,25.32782],[93.67637,25.32651],[93.67914,25.32693],[93.68149,25.3281],[93.68189,25.33077],[93.68114,25.33467],[93.68297,25.34091],[93.6866,25.34429],[93.68743,25.34582],[93.68534,25.35123],[93.68788,25.35562],[93.68671,25.35951],[93.68695,25.36047],[93.68752,25.36066],[93.68873,25.36012],[93.69338,25.35699],[93.69644,25.35622],[93.69799,25.35634],[93.70233,25.35818],[93.70765,25.3566],[93.70976,25.35737],[93.71076,25.35872],[93.7128,25.36624],[93.71617,25.37208],[93.71848,25.37405],[93.7209,25.37501],[93.72591,25.37831],[93.73151,25.38002],[93.73381,25.38205],[93.736,25.38498],[93.73663,25.38646],[93.73661,25.38813],[93.7361,25.39072],[93.73489,25.39316],[93.73495,25.39427],[93.73655,25.39674],[93.74031,25.39962],[93.74225,25.40371],[93.74544,25.40561],[93.75028,25.40711],[93.75593,25.4114],[93.7578,25.41345],[93.7607,25.41533],[93.76223,25.41577],[93.76427,25.41553],[93.76562,25.4162],[93.76743,25.41789],[93.76762,25.42053],[93.76917,25.42056],[93.77226,25.41956],[93.77417,25.42048],[93.77464,25.4225],[93.77246,25.42508],[93.77232,25.42637],[93.77354,25.42761],[93.77662,25.42829],[93.7802,25.43043],[93.78289,25.43365],[93.7832,25.43558],[93.78185,25.43821],[93.78201,25.44044],[93.78497,25.44238],[93.78602,25.44629],[93.78991,25.44974],[93.79105,25.45215],[93.79308,25.45472],[93.79872,25.45865],[93.80281,25.46248],[93.80514,25.46397],[93.80795,25.46026],[93.8109,25.45947]]]}},{"id":"13","type":"Feature","properties":{"state":"MANIPUR","state_lgd":"14","district":"TENGNOUPAL","district_lgd":"667"},"geometry":{"type":"Polygon","coordinates":[[[94.1075,24.6354],[94.11222,24.63013],[94.11422,24.62945],[94.11563,24.62752],[94.11523,24.62609],[94.11406,24.62462],[94.11406,24.62301],[94.11492,24.62269],[94.11723,24.62398],[94.11945,24.62403],[94.12262,24.62077],[94.12154,24.61634],[94.12363,24.61686],[94.12593,24.61426],[94.12731,24.61342],[94.12887,24.61352],[94.12944,24.61405],[94.1291,24.61526],[94.12704,24.61699],[94.12843,24.61762],[94.13144,24.61727],[94.13382,24.61608],[94.13992,24.61658],[94.14163,24.61584],[94.14251,24.61592],[94.14775,24.61675],[94.15116,24.61995],[94.15502,24.62157],[94.15628,24.62262],[94.16204,24.62263],[94.16207,24.62611],[94.16334,24.62843],[94.16716,24.63176],[94.16805,24.63308],[94.17633,24.63193],[94.17813,24.63028],[94.18433,24.62863],[94.18637,24.62761],[94.18835,24.62888],[94.18926,24.62883],[94.19129,24.62755],[94.19402,24.62727],[94.1979,24.62558],[94.20097,24.62572],[94.20227,24.62451],[94.20501,24.61979],[94.2092,24.61793],[94.21195,24.61603],[94.21514,24.61684],[94.21812,24.61893],[94.22001,24.61873],[94.22321,24.61919],[94.23034,24.61742],[94.23572,24.61469],[94.239,24.61561],[94.2427,24.61576],[94.24805,24.61764],[94.24929,24.61675],[94.25045,24.61658],[94.25274,24.6143],[94.25353,24.61211],[94.25458,24.61136],[94.25507,24.60836],[94.25601,24.60714],[94.25608,24.60609],[94.25707,24.60535],[94.2567,24.60431],[94.25772,24.60336],[94.25803,24.60174],[94.26,24.60058],[94.26384,24.59607],[94.26659,24.59556],[94.26711,24.59598],[94.2673,24.59744],[94.26778,24.59766],[94.27129,24.59583],[94.27289,24.5967],[94.27363,24.59792],[94.27677,24.5991],[94.28023,24.59867],[94.28107,24.6002],[94.28205,24.60067],[94.28261,24.59984],[94.28269,24.59801],[94.28509,24.59803],[94.28569,24.59732],[94.2866,24.593],[94.28924,24.59182],[94.28893,24.58891],[94.29033,24.5865],[94.29281,24.58446],[94.29672,24.58336],[94.29902,24.58408],[94.30037,24.58238],[94.30145,24.58186],[94.30226,24.5837],[94.30413,24.58558],[94.30452,24.58206],[94.30513,24.58141],[94.30689,24.58083],[94.307,24.57632],[94.3091,24.57567],[94.30894,24.57404],[94.31086,24.57089],[94.31323,24.56936],[94.31714,24.56894],[94.31808,24.56825],[94.32474,24.57031],[94.3277,24.56803],[94.3266,24.56507],[94.33087,24.56444],[94.33088,24.56506],[94.32983,24.56612],[94.33041,24.56681],[94.33348,24.5652],[94.33379,24.56453],[94.33315,24.56363],[94.33324,24.56241],[94.33151,24.56165],[94.33057,24.56028],[94.33066,24.55866],[94.33208,24.55788],[94.33237,24.55675],[94.33063,24.55451],[94.32772,24.55304],[94.32795,24.55211],[94.32992,24.55112],[94.33112,24.54899],[94.33531,24.54949],[94.33654,24.55035],[94.34687,24.55225],[94.3484,24.55289],[94.35004,24.55239],[94.35191,24.5503],[94.35217,24.54903],[94.35466,24.54623],[94.35582,24.54665],[94.35798,24.55014],[94.35916,24.55089],[94.36247,24.54877],[94.36338,24.54756],[94.36675,24.54859],[94.36953,24.54792],[94.37298,24.54788],[94.37302,24.54732],[94.37134,24.5454],[94.37104,24.54415],[94.36863,24.54223],[94.37044,24.53962],[94.37047,24.53865],[94.36867,24.5388],[94.3678,24.53827],[94.36744,24.53603],[94.36959,24.5345],[94.3679,24.53358],[94.36755,24.53264],[94.36371,24.52982],[94.36385,24.52798],[94.36298,24.52605],[94.36453,24.52396],[94.36157,24.51873],[94.36325,24.51795],[94.36776,24.51785],[94.36904,24.51688],[94.36911,24.51606],[94.36858,24.5155],[94.36506,24.51348],[94.36578,24.512],[94.36848,24.51265],[94.37119,24.51168],[94.37379,24.5122],[94.37562,24.51313],[94.37671,24.5128],[94.37469,24.51065],[94.3757,24.50905],[94.37522,24.50811],[94.37352,24.50815],[94.37146,24.50941],[94.3706,24.50871],[94.37159,24.50718],[94.37598,24.50473],[94.37476,24.50269],[94.37491,24.50183],[94.37856,24.50242],[94.37932,24.50181],[94.37899,24.50029],[94.37759,24.49811],[94.37442,24.49565],[94.37478,24.49399],[94.3754,24.49378],[94.37642,24.49422],[94.37781,24.49624],[94.38067,24.49609],[94.38133,24.49397],[94.38351,24.4918],[94.38597,24.49105],[94.38578,24.49003],[94.38484,24.48917],[94.38492,24.4884],[94.38763,24.48802],[94.38912,24.48658],[94.3906,24.48627],[94.39153,24.48425],[94.39319,24.48481],[94.39386,24.48715],[94.39541,24.48842],[94.39606,24.488],[94.39665,24.48627],[94.39589,24.48373],[94.39771,24.48457],[94.39853,24.48694],[94.39938,24.48768],[94.40169,24.48589],[94.40221,24.48315],[94.40332,24.48312],[94.40516,24.48432],[94.40609,24.48363],[94.40548,24.47798],[94.40308,24.47529],[94.40131,24.44948],[94.40216,24.44587],[94.40766,24.44017],[94.40869,24.43715],[94.403,24.42431],[94.39919,24.41397],[94.39763,24.40729],[94.39545,24.40571],[94.38044,24.40154],[94.37018,24.39752],[94.36713,24.39462],[94.36707,24.39298],[94.37405,24.38738],[94.38057,24.37821],[94.38011,24.37464],[94.36184,24.35247],[94.35651,24.34516],[94.35528,24.33817],[94.354,24.33447],[94.35152,24.3335],[94.34364,24.33225],[94.33516,24.33235],[94.32854,24.32972],[94.32716,24.32766],[94.32532,24.32174],[94.3236,24.31043],[94.32486,24.29096],[94.3239,24.27798],[94.31947,24.26376],[94.31532,24.25268],[94.31084,24.24594],[94.30379,24.24017],[94.29555,24.23773],[94.29271,24.23602],[94.29111,24.23218],[94.28849,24.22284],[94.2842,24.21236],[94.28291,24.20343],[94.28405,24.18515],[94.28319,24.17935],[94.27938,24.17591],[94.27075,24.17138],[94.2644,24.16882],[94.26173,24.16711],[94.25987,24.16226],[94.25519,24.14064],[94.25356,24.12418],[94.25482,24.10533],[94.25203,24.10678],[94.25099,24.10947],[94.2493,24.11006],[94.24744,24.11163],[94.24677,24.11338],[94.24306,24.11256],[94.24281,24.11406],[94.2415,24.11587],[94.24203,24.11899],[94.24088,24.12005],[94.23935,24.12007],[94.2378,24.1188],[94.23455,24.11974],[94.23421,24.12033],[94.23473,24.12163],[94.23257,24.1221],[94.23123,24.12317],[94.22928,24.12381],[94.22895,24.12341],[94.23085,24.12162],[94.23175,24.11884],[94.23045,24.11865],[94.22953,24.12038],[94.22842,24.12047],[94.22687,24.11841],[94.22737,24.11587],[94.22539,24.11403],[94.22336,24.11512],[94.22352,24.11388],[94.2211,24.1138],[94.22124,24.11504],[94.21848,24.11548],[94.21825,24.11684],[94.21727,24.11627],[94.2165,24.11483],[94.21488,24.115],[94.21442,24.11634],[94.21276,24.11635],[94.21214,24.1169],[94.21001,24.12025],[94.20995,24.1215],[94.20687,24.12026],[94.20682,24.12174],[94.20636,24.12192],[94.20414,24.11974],[94.2021,24.12188],[94.19989,24.12237],[94.19779,24.12179],[94.1966,24.12243],[94.19426,24.12141],[94.19494,24.12298],[94.19256,24.12414],[94.19071,24.12391],[94.18978,24.12425],[94.19054,24.12552],[94.19014,24.12675],[94.18874,24.1269],[94.18747,24.12584],[94.18643,24.12859],[94.1851,24.1287],[94.18455,24.12923],[94.18336,24.12898],[94.18238,24.13074],[94.1798,24.13018],[94.17966,24.13079],[94.18042,24.13173],[94.17964,24.1335],[94.17741,24.13277],[94.17619,24.13414],[94.17344,24.13385],[94.17084,24.13546],[94.16787,24.13483],[94.16552,24.13539],[94.16378,24.13509],[94.16378,24.13671],[94.16239,24.13662],[94.16122,24.13828],[94.15941,24.13832],[94.15876,24.13892],[94.16029,24.14145],[94.15808,24.14151],[94.15735,24.14229],[94.15666,24.14144],[94.15561,24.14182],[94.15479,24.14519],[94.15352,24.14696],[94.15415,24.15057],[94.15699,24.15594],[94.15704,24.15874],[94.15858,24.16484],[94.1602,24.16794],[94.15975,24.16951],[94.16051,24.17155],[94.16218,24.17311],[94.16404,24.17404],[94.16487,24.1753],[94.16528,24.177],[94.16419,24.17876],[94.16412,24.18349],[94.17011,24.18502],[94.17139,24.18751],[94.1718,24.19166],[94.17117,24.19318],[94.172,24.19454],[94.17247,24.19717],[94.17538,24.20212],[94.17536,24.20385],[94.17665,24.20551],[94.17796,24.21122],[94.18067,24.21151],[94.18147,24.21226],[94.18497,24.21223],[94.18577,24.2134],[94.18894,24.21457],[94.19525,24.21874],[94.19737,24.21824],[94.19824,24.21866],[94.19833,24.22001],[94.20237,24.22379],[94.20273,24.22536],[94.20434,24.22614],[94.20479,24.22727],[94.20704,24.22906],[94.20904,24.22918],[94.21021,24.23028],[94.21147,24.22946],[94.21275,24.23004],[94.21566,24.23444],[94.21829,24.23545],[94.22038,24.23689],[94.22057,24.23728],[94.21936,24.23906],[94.22004,24.24015],[94.21976,24.24137],[94.22137,24.24339],[94.22524,24.24533],[94.2249,24.24695],[94.22536,24.2476],[94.22749,24.24853],[94.23071,24.24657],[94.23129,24.24838],[94.23325,24.24651],[94.23532,24.248],[94.23849,24.2463],[94.24411,24.24761],[94.24562,24.24671],[94.24806,24.24753],[94.24991,24.24712],[94.25026,24.24818],[94.24836,24.25041],[94.24852,24.25119],[94.24922,24.25164],[94.25172,24.25039],[94.25336,24.25227],[94.25576,24.25364],[94.25567,24.25408],[94.25469,24.25512],[94.25203,24.25633],[94.2485,24.25683],[94.24677,24.25633],[94.2407,24.2603],[94.23551,24.26077],[94.23299,24.26219],[94.22736,24.26432],[94.22572,24.2658],[94.22417,24.26853],[94.22122,24.27214],[94.22012,24.27601],[94.21706,24.27626],[94.21245,24.2775],[94.20582,24.28103],[94.20423,24.28237],[94.20174,24.2875],[94.20069,24.28841],[94.19655,24.2889],[94.1955,24.28975],[94.18343,24.29145],[94.17746,24.29557],[94.17443,24.30005],[94.17156,24.3007],[94.17005,24.30157],[94.16687,24.30596],[94.16563,24.30678],[94.16327,24.30731],[94.15618,24.31202],[94.15575,24.31277],[94.15643,24.31516],[94.15374,24.31467],[94.15068,24.31541],[94.14998,24.31567],[94.14878,24.31791],[94.14508,24.31881],[94.14448,24.31997],[94.14641,24.32185],[94.14415,24.32287],[94.14301,24.32396],[94.1426,24.32588],[94.14141,24.32764],[94.14053,24.33328],[94.14096,24.33457],[94.14083,24.33834],[94.14298,24.34318],[94.14508,24.34416],[94.15124,24.34509],[94.15189,24.34665],[94.15377,24.34724],[94.15459,24.34833],[94.15681,24.34959],[94.15683,24.35006],[94.15294,24.35056],[94.15263,24.35137],[94.15353,24.35215],[94.15211,24.3532],[94.15564,24.35408],[94.15519,24.35459],[94.15342,24.35503],[94.15271,24.35606],[94.15397,24.35691],[94.15349,24.35858],[94.15479,24.35946],[94.15467,24.36175],[94.15828,24.36621],[94.16018,24.36771],[94.16264,24.37129],[94.16224,24.37269],[94.16047,24.37366],[94.15873,24.37608],[94.15842,24.37767],[94.15771,24.37746],[94.15679,24.37829],[94.15066,24.3807],[94.14771,24.3853],[94.14696,24.38524],[94.14689,24.38355],[94.14633,24.38341],[94.14518,24.38659],[94.14303,24.38721],[94.14227,24.38836],[94.14062,24.38905],[94.13945,24.38915],[94.13552,24.38766],[94.13373,24.38831],[94.13288,24.39033],[94.13111,24.39163],[94.12975,24.39023],[94.12849,24.391],[94.12579,24.39146],[94.12487,24.39114],[94.12345,24.39227],[94.12216,24.3919],[94.11837,24.39194],[94.11641,24.39324],[94.11608,24.39518],[94.11416,24.39816],[94.1142,24.40039],[94.11219,24.40025],[94.1071,24.40277],[94.10455,24.40326],[94.10382,24.40278],[94.10357,24.40079],[94.10101,24.39887],[94.09683,24.39995],[94.09315,24.40251],[94.09054,24.40667],[94.08902,24.40685],[94.08724,24.40803],[94.08382,24.40912],[94.08172,24.41161],[94.07813,24.41414],[94.0774,24.41581],[94.0758,24.41742],[94.07256,24.41843],[94.06822,24.41861],[94.06705,24.41906],[94.06584,24.42099],[94.06429,24.42154],[94.06391,24.42353],[94.06431,24.42459],[94.06356,24.42674],[94.06246,24.42776],[94.06155,24.42766],[94.06069,24.42858],[94.05659,24.43043],[94.05586,24.432],[94.05451,24.43221],[94.05421,24.43343],[94.05354,24.4333],[94.05257,24.43461],[94.05077,24.4352],[94.04987,24.43505],[94.04863,24.43757],[94.04687,24.43882],[94.04676,24.43957],[94.04388,24.44337],[94.04336,24.4456],[94.03879,24.44908],[94.04028,24.4504],[94.03964,24.45227],[94.04098,24.455],[94.04236,24.45412],[94.04286,24.45437],[94.04545,24.45666],[94.04887,24.45829],[94.05332,24.46271],[94.05214,24.46693],[94.04864,24.46537],[94.0465,24.46577],[94.04413,24.46384],[94.04066,24.46328],[94.04053,24.46258],[94.0422,24.46142],[94.03985,24.46108],[94.03946,24.45918],[94.03846,24.46051],[94.03794,24.46057],[94.03736,24.45885],[94.03658,24.4583],[94.03452,24.45949],[94.03382,24.46097],[94.03186,24.46043],[94.02775,24.46021],[94.02637,24.45829],[94.02608,24.4569],[94.02381,24.45468],[94.02128,24.45549],[94.02098,24.45798],[94.01997,24.46018],[94.0198,24.46288],[94.01756,24.46907],[94.01838,24.47396],[94.01785,24.47682],[94.01591,24.47791],[94.01496,24.48019],[94.01686,24.48104],[94.01703,24.48281],[94.01755,24.48308],[94.01844,24.48257],[94.02022,24.48428],[94.02044,24.48692],[94.01978,24.48807],[94.02166,24.48948],[94.02166,24.49111],[94.02027,24.49436],[94.02057,24.49602],[94.01922,24.49505],[94.01761,24.4974],[94.01406,24.4961],[94.01257,24.49649],[94.01409,24.50001],[94.01622,24.50312],[94.01402,24.50816],[94.01531,24.5095],[94.01673,24.50915],[94.01779,24.50681],[94.019,24.50573],[94.02264,24.50568],[94.0232,24.50725],[94.02539,24.50933],[94.02639,24.51227],[94.02465,24.5159],[94.02149,24.51854],[94.02149,24.519],[94.02265,24.52017],[94.02465,24.52031],[94.02758,24.52154],[94.03258,24.52082],[94.03474,24.52143],[94.03562,24.52213],[94.03616,24.52453],[94.03573,24.52647],[94.03442,24.52746],[94.03234,24.52778],[94.03203,24.52834],[94.03237,24.53038],[94.03423,24.53229],[94.03523,24.53522],[94.03472,24.53589],[94.03291,24.53578],[94.03029,24.5368],[94.02928,24.538],[94.03013,24.53885],[94.03175,24.53897],[94.0326,24.53953],[94.03452,24.54592],[94.03498,24.54867],[94.03394,24.55124],[94.03483,24.55262],[94.03602,24.55262],[94.03687,24.55195],[94.03664,24.54973],[94.03803,24.54804],[94.03742,24.54571],[94.03865,24.54486],[94.03842,24.54391],[94.03715,24.54317],[94.03615,24.54059],[94.0368,24.53989],[94.03915,24.5401],[94.04143,24.53957],[94.04135,24.53823],[94.04351,24.53763],[94.04309,24.53654],[94.0434,24.53523],[94.04259,24.53432],[94.04267,24.53361],[94.04456,24.5321],[94.0439,24.53068],[94.04413,24.53022],[94.04632,24.52971],[94.04551,24.52787],[94.04609,24.52738],[94.04775,24.52724],[94.05164,24.52929],[94.05191,24.52996],[94.05117,24.53215],[94.05287,24.53394],[94.05317,24.53645],[94.05522,24.538],[94.05583,24.53903],[94.05676,24.53917],[94.05884,24.53744],[94.05761,24.53568],[94.05842,24.53293],[94.0595,24.5325],[94.06162,24.53289],[94.06201,24.5319],[94.0637,24.53109],[94.06485,24.52884],[94.06297,24.52686],[94.06073,24.52675],[94.06027,24.52555],[94.05815,24.52414],[94.06069,24.52365],[94.06609,24.52612],[94.06767,24.52623],[94.06856,24.52534],[94.06683,24.52298],[94.06706,24.52266],[94.07002,24.52168],[94.07348,24.51947],[94.07406,24.51862],[94.07417,24.5175],[94.07298,24.51637],[94.07317,24.51541],[94.07706,24.51605],[94.07753,24.515],[94.07864,24.51552],[94.07949,24.51492],[94.08061,24.51637],[94.08838,24.52007],[94.08519,24.52092],[94.08353,24.52028],[94.08091,24.52088],[94.08044,24.52159],[94.0789,24.52123],[94.07678,24.52275],[94.07617,24.52378],[94.07643,24.52487],[94.07516,24.5267],[94.07612,24.52864],[94.07547,24.53012],[94.07728,24.53235],[94.0739,24.53236],[94.07336,24.53279],[94.07228,24.5348],[94.07259,24.53614],[94.0712,24.53653],[94.07019,24.53967],[94.06861,24.54044],[94.07054,24.54245],[94.07042,24.54447],[94.06842,24.54683],[94.06976,24.54714],[94.06976,24.54789],[94.06889,24.54938],[94.06622,24.55033],[94.0688,24.55371],[94.06919,24.55555],[94.06853,24.5571],[94.06707,24.55777],[94.06733,24.56133],[94.06833,24.56472],[94.06972,24.56419],[94.07133,24.56178],[94.07713,24.55734],[94.07826,24.5503],[94.07721,24.54687],[94.07864,24.54354],[94.07925,24.54342],[94.08043,24.54461],[94.08055,24.54879],[94.08302,24.55066],[94.08301,24.55157],[94.08472,24.55504],[94.08353,24.55772],[94.08401,24.55989],[94.0791,24.5625],[94.07992,24.56376],[94.07943,24.56532],[94.07992,24.56729],[94.08057,24.56761],[94.08352,24.56669],[94.0853,24.56793],[94.08646,24.5697],[94.08762,24.57005],[94.08952,24.56895],[94.09018,24.56662],[94.09111,24.56616],[94.09405,24.56609],[94.09617,24.56485],[94.09908,24.56409],[94.10446,24.55831],[94.10773,24.55678],[94.10893,24.55526],[94.10851,24.55218],[94.10962,24.55194],[94.11006,24.5503],[94.11298,24.5477],[94.11388,24.54721],[94.11576,24.54712],[94.11634,24.5452],[94.11783,24.54499],[94.11882,24.54408],[94.11992,24.54179],[94.11995,24.54002],[94.12559,24.54028],[94.12564,24.54152],[94.12739,24.5418],[94.12818,24.54249],[94.12692,24.54264],[94.12587,24.54207],[94.12375,24.54193],[94.12181,24.5449],[94.11906,24.54703],[94.1186,24.54823],[94.11635,24.54876],[94.11422,24.55138],[94.11174,24.55577],[94.11159,24.55719],[94.10552,24.56443],[94.10567,24.56478],[94.10784,24.56414],[94.11086,24.56478],[94.11469,24.56485],[94.11431,24.56545],[94.10827,24.56645],[94.10707,24.56775],[94.10699,24.56878],[94.10834,24.57151],[94.11244,24.57388],[94.11229,24.57473],[94.1097,24.57424],[94.10664,24.57229],[94.10432,24.56892],[94.1018,24.56811],[94.09978,24.56814],[94.09971,24.57027],[94.10304,24.57445],[94.10389,24.57639],[94.10394,24.57808],[94.10344,24.57822],[94.10165,24.57521],[94.10092,24.57482],[94.09786,24.57521],[94.09747,24.57687],[94.09596,24.57754],[94.09531,24.57868],[94.09709,24.5824],[94.09685,24.58353],[94.0929,24.58378],[94.09283,24.5843],[94.0948,24.58693],[94.09507,24.58877],[94.09298,24.59167],[94.09062,24.59348],[94.08981,24.5936],[94.08931,24.59435],[94.08927,24.59544],[94.08985,24.59619],[94.0907,24.59661],[94.09298,24.59661],[94.095,24.59608],[94.09744,24.59258],[94.09879,24.59371],[94.09794,24.59803],[94.09879,24.59938],[94.09999,24.59973],[94.10003,24.60037],[94.09709,24.6021],[94.0943,24.60087],[94.09163,24.60044],[94.08988,24.59941],[94.08903,24.59945],[94.08864,24.60033],[94.09074,24.60246],[94.09367,24.60811],[94.09667,24.60978],[94.09773,24.61128],[94.09745,24.61236],[94.09569,24.61239],[94.09257,24.61407],[94.09448,24.61729],[94.09448,24.61893],[94.09585,24.6228],[94.09663,24.62344],[94.09718,24.62333],[94.10027,24.6209],[94.1014,24.62069],[94.10195,24.62276],[94.10281,24.62348],[94.10289,24.62409],[94.10113,24.62656],[94.10253,24.62985],[94.09983,24.63328],[94.09936,24.63458],[94.09956,24.6354],[94.10108,24.63694],[94.10077,24.63844],[94.10179,24.64102],[94.1012,24.64402],[94.10316,24.64645],[94.10402,24.64602],[94.10519,24.64341],[94.10586,24.63969],[94.10699,24.63794],[94.1075,24.6354]]]}},{"id":"14","type":"Feature","properties":{"state":"MANIPUR","state_lgd":"14","district":"THOUBAL","district_lgd":"276"},"geometry":{"type":"Polygon","coordinates":[[[93.94745,24.7078],[93.94927,24.7076],[93.95248,24.70842],[93.95594,24.7084],[93.95623,24.70738],[93.95562,24.70585],[93.95605,24.70436],[93.9557,24.70278],[93.95535,24.70219],[93.95397,24.70166],[93.95385,24.70113],[93.95552,24.69968],[93.95784,24.70024],[93.95965,24.69906],[93.96106,24.69724],[93.96125,24.69447],[93.96263,24.69321],[93.96292,24.69117],[93.96122,24.68902],[93.9609,24.68679],[93.9592,24.68318],[93.95844,24.6827],[93.95559,24.68278],[93.95366,24.6846],[93.95305,24.68455],[93.95346,24.68259],[93.95545,24.68115],[93.95811,24.67727],[93.9582,24.67622],[93.95749,24.67462],[93.95822,24.67296],[93.96162,24.67453],[93.96256,24.67448],[93.96461,24.677],[93.96684,24.67857],[93.96742,24.68031],[93.96948,24.68179],[93.97207,24.68204],[93.97353,24.6811],[93.97432,24.67979],[93.97517,24.68038],[93.97632,24.68276],[93.9781,24.68455],[93.97822,24.68683],[93.97767,24.68781],[93.97963,24.68941],[93.97913,24.69134],[93.98034,24.69757],[93.98292,24.70043],[93.98757,24.69824],[93.98871,24.69829],[93.98941,24.69639],[93.99155,24.69468],[93.99164,24.69334],[93.99243,24.6932],[93.99375,24.6939],[93.99342,24.69178],[93.99374,24.69093],[93.99644,24.69167],[93.99635,24.68964],[94.0,24.68587],[94.00208,24.68691],[94.0027,24.6864],[94.0039,24.685],[94.00425,24.68267],[94.00351,24.67914],[94.00442,24.6781],[94.00494,24.67554],[94.00724,24.67217],[94.00618,24.66877],[94.00439,24.66796],[94.00273,24.66547],[94.00636,24.66227],[94.00889,24.65514],[94.01135,24.65128],[94.01242,24.65658],[94.02048,24.6582],[94.02076,24.65999],[94.019,24.6625],[94.02013,24.6638],[94.01996,24.66731],[94.01918,24.66917],[94.02101,24.6708],[94.02238,24.66793],[94.02388,24.66682],[94.0246,24.66701],[94.02533,24.6707],[94.02687,24.6725],[94.02524,24.67398],[94.02559,24.67518],[94.02761,24.67539],[94.02896,24.67454],[94.03057,24.67267],[94.03159,24.66983],[94.03307,24.66884],[94.03387,24.66961],[94.03269,24.67225],[94.03274,24.67336],[94.03514,24.67561],[94.03629,24.67555],[94.03712,24.67355],[94.03682,24.67287],[94.03461,24.67302],[94.03526,24.67097],[94.03615,24.67019],[94.03821,24.67073],[94.03836,24.67268],[94.04144,24.67429],[94.04142,24.67493],[94.03946,24.67692],[94.0397,24.67784],[94.04324,24.67841],[94.04555,24.67829],[94.04766,24.67955],[94.04972,24.68188],[94.05123,24.67922],[94.05187,24.6791],[94.05197,24.68076],[94.05329,24.68311],[94.05537,24.6829],[94.0566,24.68324],[94.05934,24.68261],[94.06115,24.68451],[94.06448,24.68605],[94.06539,24.68596],[94.0677,24.684],[94.06984,24.6837],[94.07007,24.684],[94.06886,24.68561],[94.07064,24.68794],[94.0729,24.68783],[94.07276,24.68565],[94.07307,24.68517],[94.07378,24.68519],[94.07665,24.68991],[94.07736,24.68968],[94.07754,24.68729],[94.07865,24.68671],[94.0798,24.68751],[94.08049,24.68962],[94.08165,24.69044],[94.08536,24.68983],[94.09021,24.69261],[94.09159,24.69222],[94.09245,24.6911],[94.09518,24.69143],[94.09714,24.69039],[94.09935,24.68988],[94.1004,24.69101],[94.10017,24.69361],[94.10075,24.69491],[94.10223,24.69598],[94.10477,24.69667],[94.11217,24.69538],[94.1097,24.69401],[94.11058,24.69267],[94.11447,24.69286],[94.11685,24.69217],[94.12325,24.69198],[94.12417,24.69137],[94.12508,24.68927],[94.12914,24.68679],[94.13838,24.68518],[94.14038,24.684],[94.13744,24.68441],[94.13477,24.68409],[94.13267,24.68242],[94.13115,24.68315],[94.12945,24.68301],[94.12627,24.68453],[94.12514,24.68315],[94.12412,24.6851],[94.12283,24.68572],[94.12153,24.68534],[94.1205,24.68418],[94.12111,24.68196],[94.12063,24.68102],[94.1183,24.68282],[94.11377,24.68028],[94.11364,24.67945],[94.11555,24.67801],[94.11557,24.67716],[94.11669,24.67603],[94.11865,24.67518],[94.11981,24.67329],[94.12159,24.67313],[94.12419,24.67186],[94.12811,24.67112],[94.12961,24.6697],[94.12875,24.66828],[94.12685,24.66807],[94.12379,24.66891],[94.12061,24.67134],[94.11975,24.67155],[94.11565,24.67176],[94.11461,24.67155],[94.11329,24.67039],[94.11323,24.66865],[94.11444,24.66416],[94.11588,24.66279],[94.11502,24.66059],[94.11577,24.65975],[94.11687,24.65664],[94.1246,24.64899],[94.12333,24.64889],[94.11935,24.65015],[94.11456,24.65469],[94.11335,24.65485],[94.11294,24.65616],[94.11012,24.65933],[94.10983,24.66096],[94.10798,24.66233],[94.1051,24.66202],[94.10279,24.66033],[94.10273,24.65975],[94.10348,24.65896],[94.10798,24.65701],[94.10827,24.65553],[94.10723,24.65448],[94.10741,24.65289],[94.10798,24.65152],[94.10896,24.65094],[94.11139,24.64775],[94.11208,24.63862],[94.113,24.63611],[94.11623,24.63005],[94.11791,24.62836],[94.11935,24.62815],[94.11981,24.62653],[94.12258,24.62532],[94.12431,24.62073],[94.12466,24.61831],[94.12576,24.61667],[94.12428,24.61629],[94.12321,24.61691],[94.12154,24.61634],[94.12262,24.62077],[94.11945,24.62403],[94.11723,24.62398],[94.11492,24.62269],[94.11406,24.62301],[94.11406,24.62462],[94.11523,24.62609],[94.11563,24.62752],[94.11422,24.62945],[94.11222,24.63013],[94.11144,24.63088],[94.1075,24.6354],[94.10699,24.63794],[94.10586,24.63969],[94.10519,24.64341],[94.10402,24.64602],[94.10316,24.64645],[94.1012,24.64402],[94.10179,24.64102],[94.10077,24.63844],[94.10108,24.63694],[94.09956,24.6354],[94.09936,24.63458],[94.09983,24.63328],[94.10253,24.62985],[94.10113,24.62656],[94.10289,24.62409],[94.10281,24.62348],[94.10195,24.62276],[94.1014,24.62069],[94.10027,24.6209],[94.09718,24.62333],[94.09663,24.62344],[94.09585,24.6228],[94.09448,24.61893],[94.09448,24.61729],[94.09257,24.61407],[94.09569,24.61239],[94.09745,24.61236],[94.09773,24.61128],[94.09667,24.60978],[94.09367,24.60811],[94.09074,24.60246],[94.08864,24.60033],[94.08903,24.59945],[94.08988,24.59941],[94.09163,24.60044],[94.0943,24.60087],[94.09709,24.6021],[94.10003,24.60037],[94.09999,24.59973],[94.09879,24.59938],[94.09794,24.59803],[94.09879,24.59477],[94.09879,24.59371],[94.09798,24.59265],[94.0967,24.59311],[94.095,24.59608],[94.09414,24.59644],[94.0907,24.59661],[94.08927,24.59544],[94.08981,24.5936],[94.09062,24.59348],[94.09298,24.59167],[94.09507,24.58877],[94.0948,24.58693],[94.09283,24.5843],[94.0929,24.58378],[94.09685,24.58353],[94.09709,24.5824],[94.09531,24.57868],[94.09596,24.57754],[94.09747,24.57687],[94.09786,24.57521],[94.10092,24.57482],[94.10165,24.57521],[94.10344,24.57822],[94.10394,24.57808],[94.10389,24.57639],[94.10304,24.57445],[94.09971,24.57027],[94.09978,24.56814],[94.1018,24.56811],[94.10432,24.56892],[94.10664,24.57229],[94.1097,24.57424],[94.11229,24.57473],[94.11244,24.57388],[94.10834,24.57151],[94.10699,24.56878],[94.10707,24.56775],[94.10827,24.56645],[94.11431,24.56545],[94.11469,24.56485],[94.11086,24.56478],[94.10784,24.56414],[94.10567,24.56478],[94.10552,24.56443],[94.11159,24.55719],[94.11174,24.55577],[94.11422,24.55138],[94.11635,24.54876],[94.1186,24.54823],[94.11906,24.54703],[94.12181,24.5449],[94.12375,24.54193],[94.12808,24.54264],[94.1276,24.54189],[94.12564,24.54152],[94.12559,24.54028],[94.11995,24.54002],[94.11992,24.54179],[94.11882,24.54408],[94.11783,24.54499],[94.11634,24.5452],[94.11576,24.54712],[94.11388,24.54721],[94.11298,24.5477],[94.11006,24.5503],[94.10962,24.55194],[94.10851,24.55218],[94.10893,24.55526],[94.10773,24.55678],[94.10446,24.55831],[94.09908,24.56409],[94.09617,24.56485],[94.09405,24.56609],[94.09111,24.56616],[94.09018,24.56662],[94.08952,24.56895],[94.08762,24.57005],[94.08646,24.5697],[94.0853,24.56793],[94.08352,24.56669],[94.08057,24.56761],[94.07992,24.56729],[94.07943,24.56532],[94.07992,24.56376],[94.0791,24.5625],[94.08401,24.55989],[94.08353,24.55772],[94.08472,24.55504],[94.08301,24.55157],[94.08302,24.55066],[94.08055,24.54879],[94.08043,24.54461],[94.07925,24.54342],[94.07864,24.54354],[94.07721,24.54687],[94.07826,24.5503],[94.07713,24.55734],[94.07133,24.56178],[94.06972,24.56419],[94.06833,24.56472],[94.06733,24.56133],[94.06707,24.55777],[94.06853,24.5571],[94.06919,24.55555],[94.0688,24.55371],[94.06622,24.55033],[94.06889,24.54938],[94.06976,24.54789],[94.06976,24.54714],[94.06842,24.54683],[94.07042,24.54447],[94.07054,24.54245],[94.06861,24.54044],[94.07019,24.53967],[94.0712,24.53653],[94.07259,24.53614],[94.07228,24.5348],[94.07336,24.53279],[94.0739,24.53236],[94.07728,24.53235],[94.07547,24.53012],[94.07612,24.52864],[94.07516,24.5267],[94.07643,24.52487],[94.07617,24.52378],[94.07678,24.52275],[94.0789,24.52123],[94.08044,24.52159],[94.08091,24.52088],[94.08353,24.52028],[94.08519,24.52092],[94.08838,24.52007],[94.08061,24.51637],[94.07949,24.51492],[94.07864,24.51552],[94.07753,24.515],[94.07706,24.51605],[94.07317,24.51541],[94.07298,24.51637],[94.07417,24.5175],[94.07406,24.51862],[94.07348,24.51947],[94.07002,24.52168],[94.06706,24.52266],[94.06683,24.52298],[94.06856,24.52534],[94.06767,24.52623],[94.06609,24.52612],[94.06069,24.52365],[94.05846,24.52382],[94.05815,24.52414],[94.06027,24.52555],[94.06073,24.52675],[94.06297,24.52686],[94.06485,24.52884],[94.0637,24.53109],[94.06201,24.5319],[94.06162,24.53289],[94.0595,24.5325],[94.05842,24.53293],[94.05761,24.53568],[94.05884,24.53744],[94.05676,24.53917],[94.05583,24.53903],[94.05522,24.538],[94.05317,24.53645],[94.05287,24.53394],[94.05117,24.53215],[94.05191,24.52996],[94.05164,24.52929],[94.04775,24.52724],[94.04609,24.52738],[94.04555,24.5284],[94.04632,24.52971],[94.04413,24.53022],[94.0439,24.53068],[94.04456,24.5321],[94.04267,24.53361],[94.04259,24.53432],[94.0434,24.53523],[94.04309,24.53654],[94.04351,24.53763],[94.04135,24.53823],[94.04143,24.53957],[94.03915,24.5401],[94.03769,24.53975],[94.0363,24.54024],[94.03715,24.54317],[94.03842,24.54391],[94.03865,24.54486],[94.03742,24.54571],[94.03803,24.54804],[94.03664,24.54973],[94.03687,24.55195],[94.03602,24.55262],[94.03483,24.55262],[94.03394,24.55124],[94.03498,24.54867],[94.03452,24.54592],[94.0326,24.53953],[94.03175,24.53897],[94.03013,24.53885],[94.02928,24.538],[94.03029,24.5368],[94.03291,24.53578],[94.03472,24.53589],[94.03523,24.53522],[94.03423,24.53229],[94.03237,24.53038],[94.03203,24.52834],[94.03234,24.52778],[94.03442,24.52746],[94.03573,24.52647],[94.03616,24.52453],[94.03562,24.52213],[94.03362,24.52096],[94.02758,24.52154],[94.02211,24.51978],[94.02149,24.51854],[94.02465,24.5159],[94.02562,24.51445],[94.02639,24.51166],[94.02539,24.50933],[94.0232,24.50725],[94.02264,24.50568],[94.02027,24.50548],[94.01814,24.50642],[94.01673,24.50915],[94.01492,24.50927],[94.01297,24.51152],[94.01185,24.51158],[94.01117,24.51239],[94.0095,24.51224],[94.00755,24.51348],[94.00456,24.51382],[93.98432,24.52327],[93.97302,24.5258],[93.9667,24.52819],[93.95691,24.53427],[93.95232,24.53658],[93.94758,24.54005],[93.94175,24.54296],[93.9278,24.54666],[93.91519,24.54857],[93.88927,24.55454],[93.89266,24.55618],[93.89738,24.55644],[93.89919,24.55717],[93.90059,24.55951],[93.9056,24.56221],[93.90619,24.56619],[93.9091,24.56735],[93.90949,24.56794],[93.90946,24.56997],[93.91168,24.57355],[93.91142,24.58195],[93.91046,24.58384],[93.90566,24.58805],[93.90475,24.59144],[93.90567,24.59243],[93.90976,24.5923],[93.91104,24.59272],[93.91023,24.595],[93.91124,24.5982],[93.91061,24.60225],[93.91191,24.60759],[93.9121,24.6104],[93.91084,24.613],[93.90666,24.61442],[93.90506,24.61328],[93.90177,24.60909],[93.89875,24.60789],[93.89406,24.60965],[93.89187,24.61314],[93.88904,24.61451],[93.88862,24.61578],[93.88891,24.61635],[93.89047,24.6169],[93.89809,24.61857],[93.89979,24.61931],[93.90087,24.62159],[93.90001,24.62822],[93.9004,24.63097],[93.90587,24.634],[93.90886,24.63671],[93.91753,24.63904],[93.91949,24.64022],[93.91998,24.64405],[93.92604,24.6531],[93.92689,24.65347],[93.92809,24.65306],[93.93141,24.64954],[93.93361,24.64831],[93.93469,24.64838],[93.93486,24.64916],[93.93364,24.65393],[93.93474,24.65701],[93.93442,24.66273],[93.93282,24.66489],[93.93196,24.66529],[93.93064,24.66498],[93.92824,24.66326],[93.92254,24.66491],[93.91751,24.66426],[93.91584,24.66446],[93.91444,24.66528],[93.91432,24.66648],[93.91732,24.67114],[93.91732,24.67211],[93.91463,24.67392],[93.91164,24.67368],[93.90857,24.67463],[93.90534,24.6746],[93.90461,24.67525],[93.90412,24.67659],[93.90488,24.67851],[93.90588,24.67957],[93.90819,24.68011],[93.90942,24.68194],[93.90556,24.68392],[93.90479,24.68508],[93.9048,24.68696],[93.90731,24.69326],[93.90403,24.69943],[93.90443,24.70006],[93.90655,24.70081],[93.91103,24.69972],[93.9125,24.69999],[93.91552,24.70497],[93.91663,24.7056],[93.92056,24.70382],[93.92387,24.70405],[93.92579,24.70566],[93.92576,24.70749],[93.92833,24.71311],[93.93726,24.71573],[93.93951,24.7173],[93.94052,24.71966],[93.94159,24.72048],[93.94291,24.71976],[93.9434,24.71738],[93.94467,24.7164],[93.94549,24.71367],[93.94547,24.70986],[93.94745,24.7078]]]}},{"id":"15","type":"Feature","properties":{"state":"MANIPUR","state_lgd":"14","district":"UKHRUL","district_lgd":"279"},"geometry":{"type":"Polygon","coordinates":[[[94.58443,25.68489],[94.58571,25.68492],[94.58886,25.68709],[94.58985,25.68726],[94.59538,25.68497],[94.59659,25.68273],[94.59554,25.68199],[94.59007,25.68172],[94.58918,25.68018],[94.58863,25.67521],[94.58718,25.67371],[94.58483,25.66975],[94.58362,25.66925],[94.58148,25.66927],[94.58042,25.66847],[94.58041,25.66689],[94.58124,25.66566],[94.58418,25.66643],[94.58516,25.66622],[94.58639,25.66531],[94.58659,25.66381],[94.58516,25.66265],[94.58403,25.66324],[94.58107,25.66293],[94.57915,25.6622],[94.57851,25.6614],[94.57867,25.66079],[94.58033,25.66034],[94.58296,25.65821],[94.58394,25.65682],[94.58305,25.65599],[94.58043,25.65561],[94.57718,25.65582],[94.57613,25.65506],[94.57688,25.65348],[94.57973,25.65176],[94.58037,25.65078],[94.57896,25.65007],[94.57611,25.65004],[94.57368,25.64808],[94.57387,25.6464],[94.57578,25.64584],[94.57626,25.64476],[94.57611,25.64367],[94.57523,25.64268],[94.57239,25.64165],[94.57287,25.63803],[94.57359,25.63762],[94.57652,25.63801],[94.58112,25.64005],[94.58901,25.64059],[94.59366,25.63758],[94.59358,25.63523],[94.59294,25.63458],[94.59177,25.63462],[94.59009,25.63675],[94.58909,25.63482],[94.58678,25.63313],[94.58622,25.63346],[94.58618,25.6355],[94.5851,25.63551],[94.58428,25.63495],[94.58382,25.63414],[94.58408,25.63054],[94.58173,25.63007],[94.58067,25.62927],[94.57983,25.62808],[94.58012,25.62555],[94.57733,25.6247],[94.57582,25.62307],[94.5758,25.61889],[94.57691,25.61625],[94.57542,25.6132],[94.57267,25.61104],[94.57219,25.6089],[94.57111,25.60716],[94.57194,25.60547],[94.57102,25.60487],[94.56761,25.60476],[94.56523,25.60307],[94.56518,25.60218],[94.56714,25.59852],[94.56644,25.59741],[94.55995,25.59825],[94.56105,25.59486],[94.56028,25.59378],[94.55664,25.59094],[94.55742,25.58952],[94.55998,25.58786],[94.55846,25.58308],[94.55743,25.58205],[94.55354,25.58152],[94.55121,25.58],[94.55166,25.57873],[94.56119,25.5734],[94.56132,25.57164],[94.55864,25.56825],[94.55863,25.56614],[94.56003,25.56465],[94.56405,25.56418],[94.56451,25.56361],[94.5638,25.56163],[94.55649,25.55624],[94.55617,25.55523],[94.55649,25.55418],[94.55824,25.55313],[94.56078,25.55308],[94.56461,25.55164],[94.56622,25.55011],[94.56684,25.54885],[94.56663,25.54784],[94.56394,25.54595],[94.56212,25.54341],[94.55937,25.54185],[94.5581,25.53978],[94.55775,25.53801],[94.55809,25.5369],[94.56185,25.53544],[94.56206,25.53388],[94.55702,25.53171],[94.5547,25.52831],[94.55626,25.52373],[94.55787,25.52232],[94.55994,25.52186],[94.56028,25.52099],[94.55982,25.52029],[94.55722,25.51952],[94.55743,25.51589],[94.55625,25.51319],[94.55644,25.51123],[94.55569,25.51057],[94.55348,25.51049],[94.55416,25.50551],[94.55388,25.50388],[94.55473,25.50227],[94.55736,25.50227],[94.55996,25.50082],[94.56123,25.50084],[94.5633,25.5018],[94.5647,25.50121],[94.56917,25.50078],[94.57462,25.49687],[94.57682,25.49585],[94.57766,25.49503],[94.57889,25.49186],[94.58157,25.4886],[94.58563,25.48549],[94.59047,25.48498],[94.59273,25.4841],[94.59366,25.48271],[94.5934,25.48092],[94.59536,25.47845],[94.5964,25.47806],[94.59836,25.47847],[94.60176,25.47672],[94.60582,25.47276],[94.6104,25.46987],[94.61316,25.46524],[94.61603,25.46259],[94.623,25.46122],[94.62603,25.45918],[94.63078,25.45909],[94.63293,25.45714],[94.63737,25.45595],[94.64107,25.45612],[94.64436,25.4571],[94.64592,25.45705],[94.65576,25.44986],[94.66594,25.44833],[94.66844,25.44862],[94.67311,25.44713],[94.67537,25.44582],[94.67279,25.44363],[94.67118,25.44286],[94.67087,25.43726],[94.67219,25.43374],[94.67304,25.42508],[94.67252,25.424],[94.66981,25.4215],[94.67004,25.41883],[94.6671,25.41464],[94.66441,25.41205],[94.66274,25.41186],[94.66293,25.41006],[94.65957,25.40582],[94.65839,25.40584],[94.65594,25.40467],[94.65506,25.40528],[94.6534,25.40507],[94.65177,25.40612],[94.64897,25.40642],[94.64595,25.40262],[94.64257,25.40077],[94.64,25.39799],[94.63722,25.39683],[94.6346,25.39501],[94.63367,25.39124],[94.63259,25.39018],[94.63227,25.38902],[94.63269,25.38464],[94.63195,25.38162],[94.63253,25.38083],[94.63317,25.3734],[94.63364,25.3723],[94.63294,25.3711],[94.63366,25.36811],[94.63366,25.36494],[94.6324,25.36068],[94.63451,25.35874],[94.63439,25.35743],[94.63286,25.35522],[94.63125,25.35439],[94.6312,25.35215],[94.63002,25.35145],[94.63016,25.35025],[94.62959,25.34934],[94.62666,25.34846],[94.62532,25.34726],[94.62244,25.34604],[94.62355,25.34477],[94.62361,25.34358],[94.6205,25.33858],[94.62028,25.33698],[94.61909,25.33467],[94.61827,25.33045],[94.61514,25.32634],[94.61462,25.32486],[94.61208,25.32412],[94.61187,25.32119],[94.60622,25.31456],[94.60591,25.31227],[94.60412,25.30945],[94.60456,25.30772],[94.60602,25.30636],[94.60341,25.30551],[94.60322,25.30301],[94.59968,25.29658],[94.59959,25.2951],[94.59856,25.29268],[94.59571,25.28839],[94.59334,25.28587],[94.59194,25.27814],[94.59058,25.2773],[94.58808,25.27274],[94.58728,25.26967],[94.58465,25.26618],[94.58945,25.25698],[94.58892,25.25305],[94.58738,25.25105],[94.58724,25.2498],[94.58575,25.24882],[94.58616,25.24671],[94.58743,25.24554],[94.58734,25.24399],[94.58636,25.24322],[94.58585,25.24187],[94.58609,25.24061],[94.58513,25.23913],[94.58564,25.23487],[94.58558,25.23359],[94.58488,25.23243],[94.58538,25.23144],[94.58492,25.22986],[94.58552,25.22948],[94.58265,25.22742],[94.58216,25.22511],[94.58269,25.22426],[94.58237,25.22287],[94.58099,25.22192],[94.58127,25.22141],[94.57853,25.21623],[94.57564,25.21412],[94.57753,25.21271],[94.58065,25.21198],[94.58175,25.21108],[94.5818,25.21043],[94.58899,25.20294],[94.58945,25.20028],[94.59133,25.19842],[94.59194,25.19283],[94.59638,25.1909],[94.60028,25.18746],[94.60358,25.18642],[94.60544,25.18166],[94.60332,25.17814],[94.60306,25.17691],[94.60148,25.17508],[94.59988,25.16735],[94.59981,25.16393],[94.59799,25.16122],[94.59729,25.16079],[94.59337,25.16096],[94.59009,25.15817],[94.58909,25.15619],[94.58764,25.15518],[94.58403,25.15478],[94.58357,25.15398],[94.58376,25.1519],[94.58151,25.14683],[94.58123,25.14507],[94.58161,25.14391],[94.58423,25.14292],[94.58476,25.14205],[94.58579,25.14178],[94.58688,25.14063],[94.58688,25.13553],[94.58624,25.13375],[94.58804,25.12753],[94.58756,25.12465],[94.58478,25.12069],[94.58337,25.12011],[94.57831,25.11638],[94.57659,25.11447],[94.57413,25.11408],[94.57248,25.11313],[94.56907,25.10953],[94.56534,25.1113],[94.56425,25.11002],[94.5622,25.10899],[94.56214,25.10772],[94.56403,25.10603],[94.56463,25.1032],[94.56675,25.10134],[94.56701,25.09899],[94.57093,25.09693],[94.56957,25.09304],[94.56899,25.08846],[94.56708,25.08522],[94.56787,25.08218],[94.56772,25.07846],[94.56492,25.07485],[94.55989,25.07172],[94.55716,25.07062],[94.55426,25.06719],[94.55598,25.06383],[94.5581,25.05722],[94.56306,25.05782],[94.56608,25.0571],[94.56686,25.05659],[94.56672,25.05608],[94.5609,25.04972],[94.55699,25.04675],[94.54895,25.04519],[94.5453,25.04656],[94.54366,25.04672],[94.54308,25.0489],[94.53993,25.05028],[94.53785,25.04897],[94.53488,25.04901],[94.53229,25.04748],[94.53088,25.04405],[94.52577,25.03781],[94.52596,25.03669],[94.52556,25.0361],[94.5231,25.03558],[94.51536,25.0376],[94.51292,25.03502],[94.51101,25.03376],[94.50874,25.03326],[94.50582,25.03188],[94.50177,25.03172],[94.50004,25.02969],[94.4982,25.02562],[94.49625,25.02763],[94.49491,25.02702],[94.49387,25.02787],[94.49133,25.02805],[94.48888,25.02982],[94.48478,25.03002],[94.48134,25.0283],[94.47946,25.02608],[94.47847,25.02555],[94.47528,25.02455],[94.47281,25.02302],[94.46814,25.02216],[94.46288,25.02017],[94.45276,25.02368],[94.44875,25.02686],[94.44594,25.02737],[94.44385,25.02574],[94.44253,25.02349],[94.44006,25.02214],[94.43775,25.0175],[94.43537,25.01551],[94.43428,25.0122],[94.43439,25.0093],[94.43261,25.00583],[94.43313,25.00416],[94.43088,24.99964],[94.43078,24.99795],[94.42954,24.99657],[94.42928,24.99481],[94.42801,24.99385],[94.42715,24.99221],[94.42283,24.98925],[94.42203,24.98786],[94.41987,24.98761],[94.41765,24.98612],[94.41761,24.98447],[94.41542,24.98134],[94.4153,24.98025],[94.41188,24.97752],[94.41102,24.97488],[94.4094,24.97386],[94.40811,24.97099],[94.4062,24.96911],[94.40619,24.96777],[94.40751,24.964],[94.40726,24.96268],[94.40657,24.96212],[94.40489,24.96193],[94.39822,24.95349],[94.39612,24.95336],[94.39515,24.95195],[94.39181,24.95054],[94.38986,24.94913],[94.38801,24.94528],[94.38756,24.94788],[94.38871,24.94984],[94.38855,24.9507],[94.38433,24.9548],[94.38174,24.95675],[94.38029,24.95707],[94.38041,24.95855],[94.37865,24.96078],[94.37966,24.96266],[94.37745,24.96457],[94.37778,24.96563],[94.37707,24.96731],[94.3757,24.96818],[94.37568,24.96908],[94.37481,24.97016],[94.37464,24.97224],[94.37337,24.9739],[94.37383,24.97579],[94.37332,24.97803],[94.37423,24.97998],[94.37265,24.9822],[94.37394,24.98488],[94.36933,24.9833],[94.36369,24.98391],[94.35556,24.98155],[94.35358,24.98067],[94.34953,24.97711],[94.34747,24.97628],[94.3433,24.97643],[94.33816,24.97961],[94.33481,24.9806],[94.33045,24.98031],[94.32735,24.97849],[94.32536,24.9763],[94.32354,24.97546],[94.31428,24.97187],[94.30628,24.97021],[94.30528,24.96818],[94.306,24.96654],[94.30369,24.96411],[94.30346,24.96136],[94.30291,24.96126],[94.3018,24.96214],[94.30072,24.96176],[94.29887,24.96229],[94.29859,24.95878],[94.2963,24.95844],[94.29496,24.95613],[94.29346,24.95646],[94.29402,24.95793],[94.29346,24.9589],[94.292,24.95919],[94.28873,24.95806],[94.28678,24.9582],[94.28616,24.95935],[94.28475,24.96011],[94.28291,24.95966],[94.28135,24.96014],[94.27993,24.9618],[94.27598,24.96442],[94.27112,24.9642],[94.26926,24.96503],[94.26548,24.96552],[94.26392,24.96681],[94.2619,24.96729],[94.25397,24.96702],[94.25171,24.9644],[94.25097,24.96418],[94.24671,24.9657],[94.24376,24.96474],[94.24202,24.96539],[94.23762,24.96591],[94.23723,24.96555],[94.23768,24.96451],[94.23745,24.96342],[94.23684,24.96288],[94.2347,24.9636],[94.23337,24.96357],[94.23263,24.96423],[94.23058,24.96409],[94.22975,24.96333],[94.2278,24.96437],[94.22399,24.96296],[94.22017,24.96344],[94.22018,24.96267],[94.21786,24.96394],[94.21688,24.96283],[94.21661,24.95725],[94.21541,24.9562],[94.21464,24.95424],[94.21234,24.95233],[94.20871,24.95163],[94.20708,24.95006],[94.20543,24.94996],[94.20415,24.9525],[94.20262,24.95374],[94.20217,24.95508],[94.20115,24.95534],[94.20167,24.95288],[94.20067,24.94907],[94.1986,24.94702],[94.19817,24.94494],[94.19721,24.9453],[94.19701,24.94733],[94.19656,24.94778],[94.19532,24.94747],[94.19405,24.94804],[94.19252,24.94711],[94.19147,24.94707],[94.18378,24.95033],[94.1777,24.94955],[94.17574,24.94721],[94.17287,24.94763],[94.1719,24.94706],[94.17196,24.94633],[94.17375,24.94502],[94.17387,24.94379],[94.1731,24.94214],[94.17109,24.94013],[94.17017,24.94149],[94.16688,24.94275],[94.16342,24.94686],[94.1622,24.95143],[94.15995,24.95582],[94.15921,24.95895],[94.15783,24.96037],[94.15673,24.96247],[94.15429,24.96402],[94.15285,24.96592],[94.15308,24.96892],[94.15414,24.97054],[94.15453,24.97235],[94.15438,24.97626],[94.15348,24.97841],[94.15309,24.97869],[94.15266,24.97837],[94.15054,24.98267],[94.14522,24.99893],[94.14616,25.00318],[94.14749,25.00564],[94.14743,25.01],[94.14835,25.01161],[94.1481,25.01337],[94.14916,25.01666],[94.14918,25.01889],[94.15037,25.02086],[94.14976,25.02496],[94.14726,25.02753],[94.14732,25.03026],[94.14896,25.0318],[94.14824,25.03365],[94.14866,25.03525],[94.14817,25.03608],[94.14613,25.03644],[94.14606,25.03743],[94.14708,25.03814],[94.14699,25.03858],[94.14544,25.03874],[94.14447,25.04042],[94.14279,25.04091],[94.14345,25.0442],[94.14143,25.04634],[94.14174,25.04849],[94.14041,25.04885],[94.14108,25.05024],[94.13848,25.05069],[94.1387,25.05155],[94.13712,25.05155],[94.13639,25.05255],[94.13583,25.05203],[94.13478,25.05217],[94.13338,25.05167],[94.13256,25.05093],[94.13199,25.05208],[94.13065,25.05181],[94.12998,25.05319],[94.12898,25.05371],[94.12832,25.05383],[94.12627,25.05286],[94.12448,25.0534],[94.12372,25.05497],[94.1259,25.05717],[94.12513,25.05793],[94.12361,25.05752],[94.12253,25.05841],[94.12378,25.05967],[94.12355,25.06082],[94.1241,25.06185],[94.12308,25.06258],[94.12384,25.06346],[94.12277,25.06414],[94.12337,25.06522],[94.1189,25.06564],[94.11882,25.06935],[94.11744,25.06993],[94.11877,25.0707],[94.1185,25.073],[94.11754,25.07364],[94.11916,25.07401],[94.11931,25.07453],[94.11801,25.07521],[94.11749,25.07703],[94.11816,25.07761],[94.11983,25.07719],[94.12057,25.07956],[94.12127,25.07936],[94.122,25.07825],[94.12276,25.07936],[94.12344,25.08276],[94.12329,25.08316],[94.12187,25.08284],[94.12225,25.08473],[94.12161,25.08644],[94.11993,25.08645],[94.11995,25.0885],[94.11896,25.08914],[94.11836,25.09075],[94.11968,25.09249],[94.12441,25.09482],[94.12479,25.09735],[94.12602,25.09847],[94.12745,25.09867],[94.12954,25.10127],[94.12878,25.10341],[94.12924,25.10548],[94.12838,25.10777],[94.13014,25.10739],[94.12967,25.1089],[94.13046,25.11021],[94.12902,25.11088],[94.12958,25.1122],[94.13058,25.11306],[94.13335,25.11308],[94.13439,25.11251],[94.13509,25.11301],[94.13383,25.11557],[94.1319,25.11704],[94.13209,25.11854],[94.13591,25.11958],[94.13741,25.11862],[94.13873,25.1188],[94.14004,25.11985],[94.14044,25.12088],[94.14175,25.12138],[94.14282,25.12387],[94.14688,25.12695],[94.14697,25.12789],[94.14473,25.12892],[94.14563,25.13006],[94.14687,25.12992],[94.14729,25.13027],[94.1481,25.13168],[94.14757,25.1333],[94.14912,25.13451],[94.1497,25.13441],[94.14978,25.13258],[94.15094,25.13133],[94.15323,25.13064],[94.15213,25.13286],[94.15224,25.13371],[94.15724,25.13784],[94.15758,25.13706],[94.15697,25.13611],[94.15672,25.1337],[94.15731,25.13297],[94.15833,25.13274],[94.16011,25.13363],[94.16471,25.13336],[94.16463,25.1353],[94.16311,25.13684],[94.16315,25.13814],[94.16076,25.14134],[94.16074,25.14273],[94.1624,25.1434],[94.16507,25.14175],[94.16603,25.14183],[94.16651,25.14248],[94.16625,25.14752],[94.16792,25.1489],[94.16799,25.15122],[94.17082,25.15183],[94.1722,25.15049],[94.17274,25.15062],[94.17304,25.15304],[94.17489,25.15478],[94.1757,25.15675],[94.1726,25.1598],[94.17298,25.16066],[94.17636,25.16111],[94.17803,25.15956],[94.18025,25.15862],[94.18116,25.15927],[94.18144,25.15991],[94.18098,25.16193],[94.17823,25.1628],[94.17655,25.16445],[94.17716,25.1656],[94.1792,25.16589],[94.17963,25.16792],[94.18116,25.16769],[94.18135,25.16878],[94.18211,25.16936],[94.18418,25.1688],[94.18564,25.16976],[94.18703,25.16888],[94.18879,25.16956],[94.19066,25.17159],[94.1907,25.17343],[94.19168,25.17327],[94.19245,25.174],[94.19267,25.1752],[94.19183,25.17575],[94.19175,25.17653],[94.19418,25.17636],[94.19551,25.17757],[94.19648,25.17673],[94.19833,25.17822],[94.20371,25.17779],[94.20785,25.17648],[94.21185,25.17678],[94.21328,25.1755],[94.21409,25.17533],[94.21424,25.17579],[94.21265,25.17863],[94.21633,25.17995],[94.21691,25.18085],[94.2178,25.17999],[94.21863,25.17993],[94.22145,25.18312],[94.22126,25.18371],[94.21974,25.18323],[94.21927,25.18379],[94.21979,25.1858],[94.22055,25.18656],[94.22007,25.18729],[94.22098,25.1882],[94.22111,25.18912],[94.22043,25.19041],[94.2219,25.19292],[94.22131,25.19414],[94.22297,25.19513],[94.22613,25.19512],[94.22733,25.19654],[94.22867,25.19675],[94.22958,25.19748],[94.23288,25.19721],[94.23591,25.19923],[94.23765,25.20246],[94.23943,25.20235],[94.24158,25.20373],[94.24449,25.20421],[94.24522,25.20354],[94.24596,25.20379],[94.2474,25.20598],[94.24762,25.20841],[94.24875,25.20871],[94.24898,25.21106],[94.24996,25.21252],[94.25039,25.22005],[94.25186,25.22197],[94.25187,25.22434],[94.25274,25.22554],[94.25279,25.22899],[94.2546,25.23003],[94.25728,25.2289],[94.25814,25.22903],[94.26175,25.23202],[94.26384,25.2348],[94.26918,25.23409],[94.27206,25.23509],[94.27444,25.23663],[94.27722,25.23708],[94.28315,25.23999],[94.28586,25.23992],[94.28929,25.24199],[94.28941,25.24577],[94.29298,25.24701],[94.29611,25.24949],[94.29774,25.25023],[94.29915,25.25253],[94.30161,25.25478],[94.30203,25.25696],[94.30428,25.25962],[94.30746,25.26216],[94.30824,25.26338],[94.31013,25.26383],[94.31088,25.26529],[94.31361,25.26717],[94.31444,25.26973],[94.31732,25.27245],[94.31955,25.27649],[94.32075,25.27652],[94.32188,25.27787],[94.32303,25.27769],[94.32363,25.279],[94.32467,25.27936],[94.32501,25.28042],[94.3261,25.28092],[94.3263,25.28422],[94.32734,25.28582],[94.3275,25.29201],[94.32811,25.29375],[94.33338,25.30013],[94.33288,25.30467],[94.33479,25.3088],[94.33566,25.30944],[94.33562,25.31026],[94.33676,25.30961],[94.33708,25.31068],[94.33932,25.31115],[94.34021,25.31045],[94.34271,25.31043],[94.34352,25.31204],[94.34485,25.31317],[94.34464,25.31438],[94.34655,25.31463],[94.34723,25.31524],[94.34735,25.31661],[94.34916,25.31954],[94.34913,25.32058],[94.35027,25.32148],[94.35216,25.32487],[94.3534,25.32537],[94.35313,25.32827],[94.35461,25.32901],[94.35446,25.33081],[94.35555,25.33135],[94.35568,25.33272],[94.35693,25.33335],[94.35846,25.33651],[94.35965,25.33697],[94.35977,25.34029],[94.36037,25.34086],[94.36045,25.34253],[94.36101,25.34331],[94.36075,25.34554],[94.36211,25.34571],[94.36349,25.34705],[94.36504,25.34755],[94.36509,25.34881],[94.36571,25.34965],[94.36551,25.35066],[94.36658,25.35076],[94.36844,25.35236],[94.3713,25.35298],[94.37117,25.35475],[94.37424,25.3549],[94.37757,25.35729],[94.37726,25.35846],[94.37481,25.36061],[94.37476,25.36168],[94.37561,25.36219],[94.37928,25.36261],[94.3806,25.36436],[94.37976,25.36644],[94.37571,25.36882],[94.37661,25.37222],[94.37579,25.374],[94.37696,25.37684],[94.3761,25.38579],[94.37744,25.38783],[94.37691,25.39267],[94.37848,25.39644],[94.38109,25.39724],[94.38466,25.40081],[94.3849,25.4019],[94.38471,25.40306],[94.38261,25.40668],[94.38159,25.4071],[94.38005,25.40683],[94.37948,25.40724],[94.37946,25.40794],[94.38013,25.4094],[94.38262,25.4106],[94.38591,25.41458],[94.38617,25.41793],[94.38901,25.41904],[94.38963,25.42011],[94.38915,25.42096],[94.38745,25.4204],[94.38614,25.42086],[94.38378,25.42087],[94.38293,25.42194],[94.38329,25.42318],[94.38456,25.42461],[94.38643,25.42523],[94.38863,25.42493],[94.39206,25.42338],[94.39363,25.42357],[94.39387,25.42443],[94.39309,25.42677],[94.39503,25.42936],[94.39779,25.43192],[94.39758,25.43424],[94.39928,25.43873],[94.4001,25.43974],[94.40275,25.43955],[94.40346,25.44019],[94.40366,25.44325],[94.40207,25.44715],[94.40539,25.4512],[94.40838,25.45244],[94.4102,25.45583],[94.41107,25.46293],[94.41845,25.46447],[94.42147,25.46617],[94.4214,25.46685],[94.41748,25.46866],[94.41705,25.47179],[94.41398,25.47473],[94.41379,25.4758],[94.41627,25.47666],[94.41994,25.47667],[94.42031,25.47754],[94.41961,25.47956],[94.41997,25.48049],[94.42253,25.48229],[94.42385,25.48226],[94.42431,25.4852],[94.42391,25.48723],[94.42649,25.49045],[94.42412,25.49745],[94.42595,25.49996],[94.42769,25.50105],[94.43204,25.50095],[94.43195,25.50188],[94.43039,25.50346],[94.42977,25.50515],[94.43056,25.50831],[94.43016,25.51058],[94.43365,25.51527],[94.43493,25.51536],[94.43668,25.51419],[94.43822,25.5147],[94.439,25.51851],[94.43759,25.5188],[94.4375,25.52012],[94.43987,25.52207],[94.44098,25.52408],[94.44112,25.52534],[94.4401,25.52664],[94.44032,25.5291],[94.44309,25.52968],[94.44479,25.53289],[94.44718,25.53554],[94.44653,25.5393],[94.44793,25.54064],[94.45141,25.54185],[94.4518,25.54472],[94.45626,25.54714],[94.45673,25.54946],[94.45722,25.54973],[94.45966,25.54918],[94.46056,25.54974],[94.46162,25.55575],[94.46324,25.55685],[94.46365,25.5589],[94.46309,25.55997],[94.46112,25.56156],[94.46101,25.56222],[94.46175,25.56338],[94.46472,25.5659],[94.46492,25.56896],[94.464,25.57224],[94.46683,25.57356],[94.46681,25.57521],[94.46805,25.57945],[94.46745,25.5821],[94.47052,25.58433],[94.47395,25.58601],[94.47499,25.58857],[94.47793,25.5916],[94.47883,25.59228],[94.48079,25.59255],[94.48233,25.59378],[94.48309,25.59482],[94.48356,25.59684],[94.48701,25.59739],[94.49123,25.60176],[94.49148,25.60524],[94.49103,25.60797],[94.49179,25.60881],[94.49364,25.60881],[94.49426,25.60925],[94.49526,25.61294],[94.49664,25.61365],[94.49741,25.61312],[94.50209,25.61281],[94.50514,25.61364],[94.50612,25.61618],[94.50609,25.62033],[94.50678,25.62418],[94.51269,25.6251],[94.51424,25.62638],[94.51418,25.62855],[94.5176,25.62922],[94.51824,25.62971],[94.52109,25.63486],[94.52037,25.63701],[94.52099,25.63902],[94.522,25.63917],[94.52463,25.63733],[94.52896,25.63714],[94.5298,25.63827],[94.52953,25.64266],[94.53408,25.64214],[94.53541,25.64343],[94.53608,25.64667],[94.53891,25.64825],[94.53951,25.65066],[94.54274,25.64975],[94.54378,25.65021],[94.54564,25.65277],[94.54364,25.65344],[94.544,25.6549],[94.54794,25.65586],[94.55017,25.65773],[94.55036,25.659],[94.54865,25.66075],[94.54845,25.66162],[94.55118,25.6628],[94.55195,25.66608],[94.55572,25.66897],[94.55662,25.67253],[94.55788,25.67326],[94.55934,25.67197],[94.56074,25.67366],[94.56258,25.6742],[94.5636,25.67523],[94.56347,25.67759],[94.56111,25.68053],[94.56057,25.68245],[94.56091,25.68352],[94.56303,25.68539],[94.56437,25.68772],[94.56757,25.6894],[94.5707,25.69182],[94.57289,25.69181],[94.57914,25.68993],[94.58443,25.68489]]]}}]}