{"type":"FeatureCollection","features":[{"id":"0","type":"Feature","properties":{"state":"MEGHALAYA","state_lgd":"17","district":"EAST G>RO HILLS","district_lgd":"294"},"geometry":{"type":"Polygon","coordinates":[[[90.76609,25.55603],[90.76142,25.55035],[90.75375,25.54838],[90.7503,25.54689],[90.74702,25.54468],[90.74484,25.54397],[90.73343,25.53507],[90.72968,25.53139],[90.72321,25.521],[90.72043,25.51826],[90.71089,25.50666],[90.7062,25.49264],[90.70069,25.49134],[90.69639,25.49254],[90.69311,25.49213],[90.68867,25.4914],[90.6872,25.4902],[90.68475,25.48722],[90.6817,25.4845],[90.67834,25.47995],[90.67807,25.47837],[90.67901,25.47552],[90.67597,25.47277],[90.67336,25.46491],[90.66816,25.46093],[90.66554,25.45551],[90.66418,25.45483],[90.66135,25.45524],[90.66116,25.4538],[90.66188,25.45267],[90.66146,25.45106],[90.66082,25.4503],[90.65875,25.44938],[90.65714,25.44587],[90.65325,25.4436],[90.6504,25.44126],[90.64832,25.4404],[90.64753,25.43804],[90.64617,25.43625],[90.64258,25.43374],[90.64163,25.43404],[90.64054,25.43374],[90.63991,25.43198],[90.64005,25.42952],[90.64138,25.42761],[90.64084,25.42603],[90.63914,25.42488],[90.63618,25.42421],[90.63544,25.42364],[90.63088,25.42282],[90.62926,25.42102],[90.62775,25.42012],[90.62345,25.42069],[90.6229,25.42029],[90.6224,25.41831],[90.62013,25.42058],[90.61784,25.42118],[90.61662,25.42059],[90.61545,25.42116],[90.6132,25.42118],[90.60835,25.42324],[90.60549,25.42212],[90.60001,25.42258],[90.59912,25.42123],[90.59839,25.42093],[90.59686,25.42269],[90.58968,25.42524],[90.58857,25.42474],[90.58628,25.42533],[90.57984,25.42545],[90.57714,25.42627],[90.5719,25.42639],[90.57027,25.42514],[90.56942,25.42508],[90.56493,25.42763],[90.56176,25.42783],[90.56075,25.42678],[90.55923,25.42776],[90.55515,25.42771],[90.55356,25.42845],[90.55122,25.42688],[90.55097,25.42544],[90.54969,25.42508],[90.54843,25.42684],[90.54656,25.42692],[90.54472,25.42799],[90.54377,25.42779],[90.54243,25.4287],[90.54136,25.42853],[90.54005,25.4297],[90.53661,25.42953],[90.53567,25.43076],[90.53435,25.43131],[90.5291,25.43031],[90.52616,25.43158],[90.52394,25.42955],[90.52164,25.4301],[90.51922,25.42969],[90.5167,25.42989],[90.51008,25.43275],[90.50568,25.43855],[90.50341,25.44067],[90.4993,25.44345],[90.49821,25.44386],[90.49331,25.44408],[90.49142,25.44529],[90.48978,25.44543],[90.48101,25.44934],[90.4787,25.44834],[90.47789,25.44841],[90.47283,25.45155],[90.47008,25.45166],[90.46787,25.4527],[90.46443,25.45284],[90.46178,25.45489],[90.45579,25.45629],[90.45277,25.45774],[90.44691,25.45823],[90.44149,25.46102],[90.42697,25.45954],[90.42307,25.45985],[90.41981,25.45927],[90.41693,25.45969],[90.41473,25.45714],[90.40954,25.45465],[90.40803,25.45562],[90.40571,25.45918],[90.40358,25.4604],[90.39776,25.45806],[90.39519,25.45754],[90.39093,25.4579],[90.38664,25.45603],[90.38545,25.45609],[90.38261,25.45831],[90.38011,25.45908],[90.37251,25.45858],[90.36768,25.45684],[90.36387,25.45723],[90.36024,25.457],[90.3561,25.45879],[90.35284,25.459],[90.349,25.46083],[90.34795,25.46065],[90.34368,25.4571],[90.33707,25.45724],[90.33196,25.45667],[90.32549,25.46114],[90.32425,25.46159],[90.32142,25.46153],[90.32042,25.46209],[90.31791,25.46712],[90.31643,25.46861],[90.31582,25.46999],[90.31584,25.47104],[90.31812,25.47507],[90.31916,25.476],[90.32089,25.47664],[90.32156,25.47942],[90.32362,25.48091],[90.32533,25.48565],[90.32814,25.48829],[90.33071,25.49168],[90.33432,25.49236],[90.33702,25.49867],[90.33698,25.50038],[90.34662,25.51272],[90.34892,25.51417],[90.34933,25.51567],[90.35314,25.51803],[90.35399,25.51978],[90.35661,25.5211],[90.35916,25.52093],[90.36014,25.5187],[90.36008,25.51717],[90.36091,25.51713],[90.36903,25.51997],[90.36982,25.52266],[90.37082,25.52351],[90.3733,25.52307],[90.37543,25.52367],[90.37628,25.52471],[90.37357,25.52826],[90.37444,25.53086],[90.37716,25.53271],[90.38032,25.53591],[90.38723,25.53757],[90.38785,25.53863],[90.39047,25.54892],[90.39023,25.54984],[90.3876,25.55245],[90.39149,25.55669],[90.38959,25.55955],[90.38545,25.56109],[90.38455,25.56246],[90.38493,25.56357],[90.38346,25.56537],[90.383,25.56933],[90.38529,25.57228],[90.38434,25.57484],[90.38621,25.57891],[90.38265,25.58375],[90.38193,25.58778],[90.38242,25.5897],[90.38518,25.59282],[90.38458,25.59381],[90.38505,25.59856],[90.38653,25.60309],[90.38958,25.60865],[90.38979,25.61143],[90.39113,25.61429],[90.39042,25.6171],[90.38892,25.61956],[90.38757,25.6208],[90.39033,25.6243],[90.39391,25.62533],[90.39605,25.627],[90.39814,25.63093],[90.39636,25.63251],[90.39674,25.63397],[90.3941,25.6365],[90.39385,25.63788],[90.39256,25.63935],[90.392,25.64197],[90.3924,25.64273],[90.39391,25.64315],[90.3946,25.64386],[90.39686,25.64725],[90.39747,25.64911],[90.40062,25.64999],[90.40347,25.65224],[90.40373,25.6539],[90.40832,25.65416],[90.40998,25.65483],[90.41259,25.65403],[90.41275,25.65656],[90.41381,25.65702],[90.41363,25.65865],[90.41238,25.65993],[90.41201,25.66652],[90.40895,25.66948],[90.40836,25.67166],[90.40747,25.6726],[90.40737,25.67382],[90.40853,25.68117],[90.41151,25.68437],[90.413,25.69301],[90.41367,25.69421],[90.41365,25.69602],[90.41174,25.69806],[90.41026,25.70101],[90.41027,25.70184],[90.41114,25.70268],[90.4086,25.70386],[90.40663,25.70649],[90.40546,25.70903],[90.40515,25.71271],[90.40696,25.71622],[90.40717,25.71804],[90.40668,25.72215],[90.40575,25.72502],[90.40449,25.72674],[90.39919,25.73015],[90.39849,25.73104],[90.39836,25.73407],[90.39982,25.73648],[90.40506,25.73286],[90.40958,25.73043],[90.41066,25.73056],[90.41662,25.72925],[90.41744,25.72764],[90.4183,25.72748],[90.41912,25.72585],[90.42097,25.72449],[90.42015,25.72337],[90.42083,25.72215],[90.42225,25.72226],[90.42318,25.72166],[90.4237,25.71992],[90.42335,25.71885],[90.4219,25.71866],[90.41942,25.71744],[90.41847,25.71529],[90.41793,25.71324],[90.41905,25.71165],[90.41907,25.71026],[90.41977,25.7088],[90.42522,25.70577],[90.42688,25.70415],[90.43059,25.70264],[90.43313,25.69984],[90.43387,25.70003],[90.43572,25.69855],[90.43731,25.69909],[90.43774,25.69743],[90.43946,25.69534],[90.44074,25.69597],[90.44262,25.69473],[90.44399,25.69593],[90.44526,25.69517],[90.4464,25.69813],[90.44885,25.69743],[90.44913,25.69663],[90.45035,25.69579],[90.45209,25.69603],[90.45381,25.6972],[90.45465,25.69702],[90.45719,25.69287],[90.45709,25.69135],[90.45528,25.68923],[90.45637,25.6838],[90.45727,25.68249],[90.46049,25.68312],[90.46618,25.6827],[90.47066,25.6801],[90.47196,25.67984],[90.47543,25.68171],[90.47631,25.68151],[90.47745,25.68013],[90.47839,25.67762],[90.48157,25.67598],[90.48296,25.67598],[90.48473,25.67878],[90.48813,25.67704],[90.48851,25.67905],[90.48697,25.68051],[90.48635,25.68376],[90.48906,25.68933],[90.48815,25.6915],[90.48801,25.6943],[90.48837,25.69504],[90.49022,25.69591],[90.49052,25.69803],[90.49176,25.6999],[90.49152,25.70092],[90.48701,25.70698],[90.48709,25.70837],[90.49045,25.7108],[90.49058,25.71367],[90.49361,25.71554],[90.49538,25.71439],[90.4971,25.71596],[90.49904,25.71579],[90.50014,25.71324],[90.50085,25.71247],[90.50141,25.71272],[90.50202,25.71445],[90.50344,25.71611],[90.5044,25.71963],[90.50634,25.72211],[90.50804,25.72726],[90.5114,25.72963],[90.51189,25.73313],[90.51448,25.73582],[90.51632,25.74153],[90.5188,25.74354],[90.52122,25.74861],[90.52318,25.75032],[90.52539,25.75657],[90.52677,25.75816],[90.52903,25.75936],[90.52991,25.76078],[90.53121,25.76156],[90.53263,25.76425],[90.53261,25.76774],[90.53332,25.76922],[90.53688,25.77144],[90.5386,25.77455],[90.54007,25.77556],[90.54073,25.77716],[90.54251,25.77755],[90.54412,25.77914],[90.54712,25.77929],[90.54731,25.77827],[90.54531,25.77591],[90.54503,25.77272],[90.54606,25.77078],[90.54969,25.76893],[90.55165,25.77074],[90.55447,25.76965],[90.55681,25.76999],[90.55794,25.77128],[90.55902,25.77441],[90.56122,25.77576],[90.56255,25.77906],[90.56392,25.77948],[90.56457,25.77887],[90.56476,25.77672],[90.56589,25.77475],[90.56868,25.76622],[90.56994,25.7648],[90.57091,25.76244],[90.57313,25.75983],[90.57344,25.75735],[90.57636,25.75055],[90.57929,25.74941],[90.5794,25.7477],[90.5801,25.74689],[90.58348,25.74569],[90.5863,25.74545],[90.58654,25.74473],[90.58573,25.74144],[90.58635,25.74032],[90.58893,25.74052],[90.59111,25.73955],[90.59321,25.74032],[90.59715,25.73981],[90.59898,25.74077],[90.59721,25.74337],[90.59763,25.74518],[90.59707,25.74687],[90.59885,25.74837],[90.59791,25.74974],[90.59826,25.75026],[90.60119,25.75035],[90.60136,25.75117],[90.60224,25.75172],[90.60427,25.75138],[90.60544,25.75173],[90.60655,25.75109],[90.60756,25.75155],[90.60944,25.75131],[90.61308,25.75341],[90.61911,25.75294],[90.62441,25.75401],[90.62571,25.75822],[90.62759,25.75954],[90.62798,25.76162],[90.62966,25.762],[90.63121,25.76179],[90.63336,25.76461],[90.63519,25.76432],[90.6353,25.76697],[90.63633,25.76789],[90.63602,25.76961],[90.63647,25.77226],[90.6379,25.77384],[90.63817,25.77614],[90.63961,25.7772],[90.64038,25.7793],[90.64176,25.77829],[90.64324,25.77879],[90.6456,25.77806],[90.64733,25.77852],[90.65173,25.77566],[90.65526,25.77478],[90.65602,25.775],[90.65657,25.77592],[90.65681,25.77842],[90.6593,25.77984],[90.65962,25.78101],[90.66013,25.78125],[90.6627,25.7786],[90.66313,25.77749],[90.66439,25.77742],[90.66537,25.77646],[90.66853,25.77714],[90.66917,25.77655],[90.6708,25.77636],[90.67183,25.77518],[90.67365,25.7751],[90.67692,25.77413],[90.67783,25.77439],[90.67844,25.77687],[90.67969,25.77783],[90.68013,25.77918],[90.67961,25.78125],[90.67982,25.78236],[90.68037,25.7831],[90.68263,25.78203],[90.68389,25.78222],[90.68454,25.78566],[90.6866,25.78987],[90.68602,25.79082],[90.68593,25.79243],[90.68407,25.79594],[90.68407,25.79698],[90.68528,25.79822],[90.68488,25.79984],[90.68517,25.80144],[90.68593,25.80223],[90.68807,25.80267],[90.68902,25.80347],[90.69366,25.81],[90.69904,25.8156],[90.7003,25.81888],[90.7035,25.82202],[90.70413,25.82419],[90.70482,25.82477],[90.73565,25.80903],[90.74706,25.80913],[90.79061,25.80756],[90.79874,25.80871],[90.79961,25.80727],[90.79821,25.80748],[90.79734,25.80703],[90.79767,25.80549],[90.79686,25.80439],[90.79719,25.80395],[90.79832,25.8038],[90.79765,25.80296],[90.79865,25.80276],[90.79831,25.80179],[90.79888,25.80108],[90.79963,25.80146],[90.80102,25.80376],[90.80147,25.80311],[90.80238,25.80327],[90.80288,25.80227],[90.80518,25.80496],[90.80518,25.80358],[90.80632,25.80214],[90.80555,25.80083],[90.80668,25.80062],[90.80546,25.79864],[90.80665,25.79808],[90.80599,25.796],[90.80682,25.79543],[90.80776,25.79562],[90.80805,25.79306],[90.81029,25.79044],[90.80939,25.78948],[90.80981,25.78821],[90.80932,25.78566],[90.81053,25.78567],[90.81027,25.78415],[90.81106,25.78261],[90.8112,25.77955],[90.81333,25.77916],[90.81407,25.77651],[90.81288,25.77408],[90.81413,25.77056],[90.81366,25.76893],[90.81359,25.764],[90.854,25.75666],[90.85641,25.75052],[90.85735,25.74409],[90.85328,25.74092],[90.84997,25.739],[90.84776,25.73708],[90.84681,25.73528],[90.84536,25.73478],[90.84378,25.73535],[90.84003,25.73474],[90.83836,25.73251],[90.84101,25.73062],[90.84401,25.73004],[90.84382,25.72572],[90.84446,25.72528],[90.84904,25.72476],[90.85269,25.71775],[90.88479,25.71893],[90.8877,25.72247],[90.88825,25.7243],[90.89032,25.72626],[90.89207,25.72972],[90.89146,25.73109],[90.89262,25.73185],[90.89323,25.73334],[90.89436,25.73405],[90.89416,25.73581],[90.89653,25.7377],[90.89973,25.7424],[90.90184,25.74427],[90.90218,25.74524],[90.90472,25.7468],[90.90603,25.74542],[90.91035,25.74649],[90.91583,25.75055],[90.91824,25.75341],[90.9212,25.75505],[90.92241,25.7563],[90.92226,25.75813],[90.92279,25.75861],[90.92475,25.7586],[90.92555,25.76081],[90.92702,25.7614],[90.92925,25.7612],[90.93043,25.76163],[90.93146,25.76458],[90.93214,25.76389],[90.93326,25.76419],[90.93426,25.76361],[90.93509,25.76579],[90.93718,25.76672],[90.9373,25.76758],[90.93661,25.76798],[90.93853,25.76965],[90.94327,25.77097],[90.94419,25.77035],[90.94291,25.76977],[90.94225,25.76716],[90.94045,25.76507],[90.94076,25.7636],[90.94022,25.76258],[90.94083,25.76168],[90.93835,25.75967],[90.9399,25.75809],[90.94056,25.75518],[90.94154,25.75449],[90.94477,25.75329],[90.94575,25.7534],[90.9474,25.75422],[90.95135,25.75771],[90.9535,25.7578],[90.95412,25.75706],[90.95471,25.75342],[90.95619,25.75121],[90.96025,25.74898],[90.96531,25.75029],[90.97061,25.75261],[90.97289,25.75276],[90.97861,25.74846],[90.98078,25.74755],[90.98208,25.74767],[90.98225,25.74661],[90.9835,25.74517],[90.98406,25.74289],[90.98081,25.74024],[90.97968,25.73989],[90.97892,25.7388],[90.97739,25.73831],[90.97746,25.73668],[90.97304,25.73453],[90.97259,25.73256],[90.9707,25.73069],[90.96952,25.72814],[90.97004,25.72658],[90.96648,25.72564],[90.96519,25.72486],[90.96393,25.72484],[90.96371,25.72332],[90.96167,25.72095],[90.9623,25.71953],[90.96133,25.71695],[90.96132,25.71555],[90.95951,25.71441],[90.95843,25.71473],[90.95653,25.71394],[90.95671,25.71237],[90.95512,25.71121],[90.95522,25.7105],[90.95414,25.70888],[90.95484,25.70831],[90.95344,25.70761],[90.95301,25.70678],[90.95335,25.70323],[90.95171,25.70274],[90.95182,25.70207],[90.9509,25.70155],[90.95089,25.69971],[90.95,25.69813],[90.9493,25.69811],[90.94856,25.69698],[90.94894,25.69346],[90.94789,25.69245],[90.94746,25.6897],[90.94786,25.68865],[90.94502,25.68686],[90.9427,25.68649],[90.94253,25.68593],[90.94191,25.68579],[90.94063,25.68645],[90.93856,25.68465],[90.93752,25.6851],[90.93587,25.68399],[90.93541,25.68299],[90.93582,25.6821],[90.93458,25.68207],[90.93499,25.68131],[90.93438,25.68105],[90.93468,25.67938],[90.93432,25.67767],[90.93327,25.67818],[90.932,25.67775],[90.93222,25.67714],[90.93036,25.67471],[90.9313,25.67309],[90.93093,25.67227],[90.9303,25.67233],[90.92759,25.67034],[90.92715,25.67049],[90.92654,25.66902],[90.92562,25.66927],[90.92589,25.66848],[90.92483,25.66818],[90.92595,25.66712],[90.92615,25.66563],[90.92535,25.66531],[90.92455,25.66355],[90.92172,25.66335],[90.92216,25.66269],[90.92109,25.66281],[90.91973,25.66224],[90.91981,25.66079],[90.91742,25.66002],[90.91698,25.65847],[90.91763,25.65778],[90.91658,25.65622],[90.91339,25.65474],[90.91241,25.65336],[90.91029,25.65374],[90.90988,25.65337],[90.91004,25.6525],[90.90937,25.65283],[90.90898,25.65183],[90.90968,25.65025],[90.90937,25.6496],[90.91026,25.6489],[90.91004,25.64705],[90.90808,25.64329],[90.90719,25.64276],[90.90815,25.64197],[90.90688,25.63984],[90.90668,25.63845],[90.90392,25.63791],[90.90233,25.63588],[90.90131,25.63588],[90.90085,25.63689],[90.89932,25.63597],[90.89789,25.63593],[90.89579,25.63734],[90.89455,25.63692],[90.89355,25.63369],[90.89225,25.63187],[90.88955,25.63067],[90.88858,25.62978],[90.88755,25.62668],[90.88615,25.62536],[90.88578,25.62307],[90.883,25.62266],[90.87941,25.61924],[90.87869,25.61731],[90.87918,25.61419],[90.87862,25.61192],[90.87744,25.61046],[90.8773,25.60882],[90.87628,25.60808],[90.87457,25.60952],[90.87261,25.60955],[90.87322,25.60674],[90.87236,25.60584],[90.87212,25.60422],[90.86768,25.60236],[90.86454,25.60331],[90.86112,25.60359],[90.85664,25.59879],[90.8543,25.59878],[90.85049,25.59783],[90.8505,25.59548],[90.84941,25.59412],[90.84789,25.59357],[90.84551,25.59459],[90.84333,25.5941],[90.83949,25.59092],[90.83592,25.59018],[90.83387,25.58721],[90.83223,25.5881],[90.83154,25.59058],[90.8293,25.59161],[90.82796,25.59173],[90.82667,25.59051],[90.82446,25.5902],[90.82331,25.58825],[90.81925,25.58739],[90.81872,25.58691],[90.81845,25.58555],[90.81994,25.58398],[90.81994,25.58203],[90.81584,25.57937],[90.81412,25.57629],[90.81294,25.57551],[90.81081,25.57631],[90.8094,25.57824],[90.80747,25.58144],[90.80711,25.58413],[90.80653,25.58492],[90.80378,25.58606],[90.80127,25.58852],[90.80052,25.58854],[90.79977,25.58689],[90.80013,25.58528],[90.80148,25.58378],[90.80073,25.58232],[90.79747,25.57868],[90.79657,25.57868],[90.79451,25.58042],[90.79273,25.58026],[90.79202,25.57879],[90.7927,25.57789],[90.79263,25.57616],[90.79349,25.57425],[90.79312,25.57273],[90.7875,25.56866],[90.78648,25.569],[90.78707,25.57076],[90.78662,25.5743],[90.78431,25.57818],[90.78443,25.57962],[90.78218,25.5805],[90.78253,25.58321],[90.78146,25.58434],[90.78043,25.58444],[90.77901,25.58357],[90.77804,25.58217],[90.77665,25.58149],[90.77564,25.57958],[90.77235,25.57757],[90.77181,25.57498],[90.76954,25.57412],[90.77024,25.57099],[90.76828,25.56908],[90.76952,25.56829],[90.76991,25.5674],[90.76549,25.56301],[90.76505,25.56202],[90.76537,25.5613],[90.77026,25.55866],[90.77073,25.55733],[90.7697,25.55644],[90.76609,25.55603]]]}},{"id":"1","type":"Feature","properties":{"state":"MEGHALAYA","state_lgd":"17","district":"EAST JAINTIA HILLS","district_lgd":"666"},"geometry":{"type":"Polygon","coordinates":[[[92.58372,25.46537],[92.58526,25.46544],[92.59029,25.4699],[92.59433,25.47057],[92.59685,25.46984],[92.60009,25.46542],[92.59794,25.45581],[92.59748,25.45064],[92.59865,25.44986],[92.60356,25.44914],[92.60452,25.44788],[92.6035,25.44559],[92.60307,25.43513],[92.60371,25.43286],[92.60698,25.42763],[92.60653,25.4245],[92.6045,25.4209],[92.60448,25.41868],[92.60533,25.41466],[92.60663,25.41323],[92.60892,25.4135],[92.61126,25.41517],[92.61417,25.41867],[92.6151,25.42111],[92.61858,25.423],[92.6197,25.42283],[92.62284,25.42114],[92.62461,25.42092],[92.6265,25.42124],[92.62764,25.42197],[92.62838,25.42388],[92.6261,25.42836],[92.62525,25.43114],[92.6249,25.43366],[92.62565,25.43492],[92.62741,25.43428],[92.63018,25.43154],[92.63584,25.42732],[92.63629,25.42659],[92.63672,25.42141],[92.63786,25.41875],[92.63863,25.41785],[92.63956,25.41757],[92.64068,25.41795],[92.6415,25.41887],[92.64198,25.42223],[92.64519,25.42478],[92.64708,25.42824],[92.65199,25.43285],[92.65362,25.43352],[92.65442,25.4326],[92.65231,25.42923],[92.65146,25.42584],[92.65117,25.4223],[92.6519,25.41924],[92.65265,25.41721],[92.65641,25.41154],[92.66164,25.40635],[92.66279,25.40609],[92.66353,25.4065],[92.66603,25.41287],[92.66752,25.41483],[92.67193,25.41453],[92.67353,25.41402],[92.67429,25.41346],[92.67778,25.40702],[92.68815,25.40208],[92.68961,25.39968],[92.69283,25.39767],[92.69488,25.39438],[92.69716,25.38746],[92.69828,25.38632],[92.70176,25.38448],[92.70402,25.38433],[92.70784,25.38513],[92.70988,25.38451],[92.71347,25.37967],[92.71622,25.3741],[92.71794,25.37263],[92.7189,25.3728],[92.71978,25.37376],[92.7214,25.37758],[92.72375,25.37882],[92.73109,25.38],[92.7362,25.37983],[92.73802,25.37933],[92.73749,25.37776],[92.73517,25.37568],[92.73326,25.37272],[92.73236,25.36892],[92.73411,25.36758],[92.73879,25.36695],[92.73955,25.36131],[92.74192,25.35971],[92.74442,25.35934],[92.74642,25.35833],[92.74701,25.3561],[92.74995,25.34994],[92.74947,25.34528],[92.7499,25.3441],[92.7546,25.34238],[92.75593,25.33864],[92.7605,25.33378],[92.76219,25.33346],[92.76379,25.3339],[92.76902,25.33841],[92.7699,25.33851],[92.77349,25.33713],[92.77593,25.33473],[92.77754,25.33406],[92.78132,25.33367],[92.7818,25.33318],[92.78356,25.32937],[92.78366,25.32442],[92.7851,25.31801],[92.78656,25.31481],[92.78525,25.31188],[92.7817,25.30839],[92.78113,25.30641],[92.78133,25.30432],[92.78261,25.3022],[92.78323,25.29947],[92.78531,25.29817],[92.78701,25.29621],[92.78674,25.29132],[92.78719,25.28972],[92.79165,25.28433],[92.79223,25.28241],[92.79068,25.28068],[92.78729,25.27428],[92.77994,25.27384],[92.77815,25.27237],[92.77667,25.27024],[92.77556,25.26968],[92.76908,25.26863],[92.76831,25.268],[92.76835,25.26661],[92.7692,25.26559],[92.77411,25.26256],[92.77723,25.25971],[92.77775,25.25818],[92.77572,25.25467],[92.77567,25.2533],[92.77497,25.252],[92.77271,25.25097],[92.77118,25.25099],[92.76986,25.25172],[92.76646,25.25214],[92.76263,25.24927],[92.76189,25.24653],[92.76362,25.24399],[92.76596,25.24215],[92.76682,25.24053],[92.77016,25.23733],[92.77167,25.22998],[92.77384,25.22947],[92.78041,25.23043],[92.78203,25.23016],[92.78911,25.22468],[92.79388,25.22382],[92.79643,25.22164],[92.80152,25.22024],[92.80291,25.21617],[92.80085,25.21396],[92.79503,25.20975],[92.79098,25.21035],[92.78605,25.20935],[92.78192,25.20325],[92.77621,25.19961],[92.77493,25.19964],[92.76747,25.20349],[92.76281,25.20159],[92.75484,25.20183],[92.74975,25.20418],[92.7468,25.20651],[92.74287,25.20665],[92.74085,25.20553],[92.73955,25.20232],[92.73722,25.20054],[92.73349,25.19952],[92.73076,25.19956],[92.7278,25.19873],[92.72473,25.19851],[92.71614,25.19578],[92.71427,25.19377],[92.71222,25.19292],[92.70924,25.19007],[92.70262,25.18838],[92.70114,25.18734],[92.6939,25.17924],[92.69099,25.17876],[92.68711,25.18036],[92.68338,25.17954],[92.68229,25.17981],[92.67989,25.1816],[92.67645,25.18277],[92.67384,25.18119],[92.67171,25.17884],[92.66859,25.1767],[92.66847,25.1748],[92.66796,25.17408],[92.66741,25.17404],[92.66528,25.17639],[92.66348,25.17667],[92.66223,25.17582],[92.66074,25.17366],[92.65843,25.17195],[92.6588,25.16867],[92.65793,25.16507],[92.65831,25.16207],[92.65802,25.15884],[92.65576,25.15495],[92.65209,25.1523],[92.64864,25.15151],[92.64629,25.15043],[92.64421,25.15066],[92.64162,25.14892],[92.63868,25.14773],[92.63552,25.14349],[92.63246,25.14222],[92.63052,25.13952],[92.62831,25.1381],[92.62729,25.13095],[92.62888,25.12646],[92.62577,25.12362],[92.62253,25.11588],[92.62143,25.11503],[92.61923,25.11467],[92.61632,25.1158],[92.61124,25.1211],[92.6089,25.12262],[92.60429,25.12344],[92.59501,25.1222],[92.59282,25.12589],[92.59036,25.12811],[92.58893,25.12871],[92.58251,25.12856],[92.57865,25.13093],[92.5771,25.13121],[92.57262,25.13065],[92.56936,25.12864],[92.56815,25.12845],[92.56483,25.12985],[92.5613,25.13044],[92.5598,25.13034],[92.55686,25.12724],[92.55536,25.12695],[92.55348,25.12733],[92.5489,25.13041],[92.54309,25.13107],[92.53836,25.13349],[92.53419,25.13372],[92.5249,25.13519],[92.52422,25.13581],[92.52343,25.13862],[92.52295,25.13927],[92.52178,25.13938],[92.52128,25.13896],[92.52067,25.13648],[92.52265,25.13303],[92.5231,25.12597],[92.52864,25.1184],[92.52907,25.11506],[92.53069,25.11371],[92.53484,25.10811],[92.53942,25.09905],[92.53807,25.09861],[92.53396,25.09898],[92.53052,25.10031],[92.52922,25.10329],[92.52782,25.104],[92.52111,25.10527],[92.51995,25.10594],[92.51839,25.10617],[92.5149,25.10484],[92.50892,25.10422],[92.5059,25.10474],[92.49696,25.10951],[92.49537,25.10934],[92.49258,25.10796],[92.49102,25.10769],[92.48498,25.10866],[92.48097,25.10858],[92.47953,25.10613],[92.47743,25.10019],[92.47778,25.09563],[92.47731,25.09078],[92.47941,25.08661],[92.47716,25.08501],[92.47691,25.08377],[92.47758,25.08255],[92.47411,25.08197],[92.47563,25.07998],[92.47585,25.07885],[92.47535,25.07777],[92.47273,25.07677],[92.47108,25.07698],[92.47062,25.0764],[92.47202,25.07463],[92.47118,25.07194],[92.47238,25.07011],[92.47203,25.06725],[92.47121,25.06658],[92.46843,25.06589],[92.46615,25.06219],[92.46535,25.05867],[92.46357,25.05808],[92.46433,25.05631],[92.46366,25.05494],[92.46232,25.0549],[92.46023,25.05729],[92.45698,25.05407],[92.45737,25.05229],[92.45705,25.04667],[92.45774,25.04645],[92.45888,25.04784],[92.46051,25.04873],[92.46238,25.04813],[92.46229,25.04597],[92.46388,25.04471],[92.46429,25.04362],[92.46427,25.04213],[92.46298,25.03958],[92.46429,25.03744],[92.45981,25.03704],[92.45806,25.03873],[92.45453,25.03975],[92.45277,25.04075],[92.44907,25.04056],[92.44731,25.04333],[92.44545,25.04368],[92.4443,25.04519],[92.44253,25.04524],[92.43828,25.04387],[92.43906,25.0388],[92.43819,25.03465],[92.43223,25.03513],[92.42901,25.02905],[92.42374,25.03002],[92.42149,25.0278],[92.41918,25.02891],[92.41906,25.02957],[92.41698,25.03029],[92.41255,25.02873],[92.41003,25.03049],[92.40857,25.03052],[92.40513,25.03263],[92.40229,25.03182],[92.40057,25.03291],[92.40071,25.03402],[92.39924,25.03392],[92.39908,25.03278],[92.39862,25.03297],[92.39343,25.03781],[92.3928,25.03978],[92.3882,25.03972],[92.38483,25.04082],[92.38497,25.04162],[92.38382,25.04236],[92.38375,25.04171],[92.38469,25.04136],[92.38327,25.03849],[92.38244,25.0392],[92.38298,25.04014],[92.38262,25.04047],[92.38179,25.03904],[92.38127,25.03916],[92.3814,25.03986],[92.38063,25.04141],[92.38016,25.0408],[92.38107,25.03974],[92.37945,25.03952],[92.37748,25.04104],[92.37691,25.0428],[92.37451,25.04236],[92.37384,25.04261],[92.37406,25.04328],[92.37516,25.04322],[92.37486,25.04359],[92.37361,25.04367],[92.37309,25.0429],[92.37262,25.04348],[92.37294,25.04253],[92.37258,25.04224],[92.37119,25.04205],[92.37087,25.04271],[92.37059,25.04186],[92.37094,25.04147],[92.36992,25.04178],[92.36971,25.04088],[92.36779,25.04239],[92.36906,25.04371],[92.3684,25.04621],[92.36489,25.04898],[92.36298,25.04989],[92.36227,25.04977],[92.36155,25.04753],[92.36076,25.04672],[92.35844,25.04721],[92.35775,25.04913],[92.35881,25.0493],[92.35811,25.05012],[92.3566,25.05001],[92.35631,25.04864],[92.35671,25.04744],[92.35441,25.04778],[92.35429,25.04944],[92.35379,25.04907],[92.35258,25.0492],[92.35095,25.04836],[92.35005,25.0495],[92.34951,25.04931],[92.34931,25.04853],[92.34743,25.04767],[92.34652,25.04806],[92.34605,25.04905],[92.34414,25.04851],[92.34275,25.0491],[92.34148,25.04853],[92.34133,25.04919],[92.33931,25.05035],[92.34031,25.0513],[92.3424,25.05422],[92.3392,25.05046],[92.33818,25.05152],[92.3407,25.05376],[92.3444,25.05564],[92.3456,25.0582],[92.34721,25.05816],[92.34898,25.06091],[92.34937,25.06466],[92.34828,25.06727],[92.34876,25.0705],[92.34829,25.07224],[92.34855,25.07349],[92.3469,25.07407],[92.3451,25.07365],[92.34295,25.07538],[92.33838,25.07571],[92.33686,25.07692],[92.33542,25.07712],[92.33491,25.07845],[92.33345,25.07797],[92.33277,25.07894],[92.33031,25.07894],[92.32887,25.07743],[92.325,25.07851],[92.32178,25.07818],[92.3209,25.07591],[92.31977,25.07534],[92.31956,25.07423],[92.31896,25.07424],[92.319,25.07309],[92.31849,25.07263],[92.31936,25.07229],[92.31915,25.06989],[92.31812,25.06965],[92.31742,25.07081],[92.31684,25.07058],[92.31623,25.0715],[92.31493,25.07132],[92.31411,25.07195],[92.31201,25.07002],[92.31191,25.06931],[92.31074,25.06937],[92.31063,25.06902],[92.31033,25.06954],[92.30844,25.06955],[92.30693,25.0705],[92.30587,25.0705],[92.30695,25.07158],[92.30651,25.07196],[92.30618,25.0719],[92.30644,25.07144],[92.30505,25.07048],[92.30059,25.07182],[92.2996,25.07168],[92.29789,25.07239],[92.29845,25.07315],[92.29748,25.07288],[92.29714,25.07339],[92.29706,25.07279],[92.29415,25.07376],[92.29175,25.07553],[92.28777,25.07665],[92.28747,25.07745],[92.28653,25.07712],[92.28631,25.07767],[92.28579,25.07757],[92.28378,25.07654],[92.28365,25.07719],[92.28278,25.07718],[92.28225,25.07776],[92.2828,25.07862],[92.28157,25.07934],[92.28026,25.07935],[92.27989,25.07854],[92.2784,25.07766],[92.27781,25.07928],[92.2771,25.07943],[92.2769,25.07881],[92.2763,25.07897],[92.27661,25.07929],[92.27565,25.08088],[92.27429,25.08074],[92.27313,25.08162],[92.27257,25.08101],[92.27273,25.08163],[92.27184,25.08176],[92.27106,25.08076],[92.26915,25.08191],[92.26916,25.08242],[92.26676,25.08321],[92.26091,25.08367],[92.26089,25.08418],[92.25531,25.08525],[92.25438,25.08674],[92.25294,25.08689],[92.24711,25.08914],[92.23751,25.09386],[92.23332,25.09486],[92.23157,25.09611],[92.23136,25.09689],[92.2285,25.09536],[92.22824,25.09411],[92.22755,25.09371],[92.22694,25.09411],[92.22649,25.0956],[92.22307,25.0982],[92.22277,25.09999],[92.22349,25.10173],[92.22324,25.10314],[92.22186,25.10404],[92.21758,25.10505],[92.21386,25.10698],[92.20699,25.10867],[92.205,25.10779],[92.20363,25.10651],[92.20276,25.10637],[92.20138,25.10747],[92.19915,25.10782],[92.1987,25.10731],[92.19617,25.10803],[92.19798,25.11317],[92.19861,25.11273],[92.19815,25.11361],[92.19929,25.11685],[92.20052,25.11729],[92.20067,25.1186],[92.19994,25.11866],[92.2004,25.11998],[92.20195,25.1202],[92.20639,25.11942],[92.2197,25.11515],[92.21938,25.11701],[92.21847,25.11782],[92.21781,25.1178],[92.21301,25.12096],[92.19696,25.12631],[92.1945,25.12564],[92.19363,25.12634],[92.1953,25.13021],[92.19785,25.12942],[92.20342,25.12871],[92.20495,25.12935],[92.20684,25.1314],[92.20667,25.13534],[92.20717,25.13992],[92.20685,25.14173],[92.20771,25.14267],[92.21048,25.14334],[92.21193,25.14428],[92.21277,25.14778],[92.21208,25.15042],[92.20814,25.15314],[92.20736,25.15624],[92.20817,25.15763],[92.21522,25.15855],[92.22168,25.15371],[92.22295,25.1533],[92.22531,25.15389],[92.22604,25.15583],[92.2252,25.15764],[92.22582,25.16172],[92.22518,25.16518],[92.22578,25.16864],[92.22868,25.17029],[92.23145,25.17386],[92.23333,25.17496],[92.23381,25.17614],[92.2309,25.1849],[92.23794,25.18823],[92.23856,25.18968],[92.23709,25.19876],[92.23487,25.20109],[92.23238,25.20264],[92.23193,25.20371],[92.23292,25.20623],[92.23571,25.20933],[92.23601,25.21139],[92.23349,25.21249],[92.23042,25.21214],[92.22842,25.21239],[92.22802,25.21337],[92.22879,25.21702],[92.22668,25.21956],[92.22643,25.22194],[92.22351,25.22315],[92.22046,25.22544],[92.21874,25.22616],[92.21455,25.23],[92.21307,25.22958],[92.20931,25.22733],[92.20777,25.22711],[92.20647,25.22756],[92.20607,25.22867],[92.20648,25.23033],[92.20562,25.23131],[92.20541,25.23261],[92.20436,25.23365],[92.2045,25.23489],[92.20545,25.23633],[92.20436,25.2403],[92.20584,25.24195],[92.20481,25.24382],[92.20527,25.24601],[92.20266,25.24876],[92.20172,25.25166],[92.20024,25.25383],[92.20016,25.25475],[92.20135,25.2564],[92.20162,25.25832],[92.19995,25.2636],[92.19808,25.26645],[92.19855,25.27187],[92.1975,25.2745],[92.20142,25.28362],[92.20096,25.28475],[92.19863,25.28666],[92.19942,25.29175],[92.195,25.29629],[92.19175,25.29886],[92.18962,25.29974],[92.18938,25.30079],[92.18977,25.30154],[92.19291,25.30339],[92.19302,25.30555],[92.1919,25.30735],[92.19044,25.30852],[92.18779,25.30856],[92.18722,25.30897],[92.18597,25.31393],[92.18533,25.31475],[92.18301,25.31601],[92.18302,25.31723],[92.18151,25.31829],[92.17701,25.32606],[92.17606,25.32958],[92.17773,25.33272],[92.17178,25.33586],[92.17132,25.34136],[92.17299,25.34356],[92.17364,25.34628],[92.17251,25.34852],[92.17423,25.35414],[92.17769,25.35488],[92.18052,25.35765],[92.18346,25.35886],[92.18693,25.3587],[92.188,25.35947],[92.18987,25.36243],[92.1911,25.36333],[92.19698,25.36361],[92.19971,25.36586],[92.20385,25.36532],[92.20511,25.36581],[92.20688,25.36799],[92.21273,25.36892],[92.21518,25.36978],[92.21661,25.37095],[92.2206,25.37141],[92.22467,25.37411],[92.22878,25.3727],[92.23206,25.37559],[92.23431,25.37927],[92.2422,25.37993],[92.24457,25.38115],[92.24636,25.38772],[92.24875,25.38864],[92.2516,25.39217],[92.25259,25.39578],[92.25241,25.3973],[92.25331,25.39848],[92.25295,25.40123],[92.25461,25.4035],[92.25507,25.40537],[92.25882,25.4057],[92.25995,25.40649],[92.25993,25.4105],[92.25825,25.41285],[92.25792,25.41464],[92.25672,25.41556],[92.2564,25.41644],[92.25951,25.42147],[92.26091,25.42258],[92.26325,25.42351],[92.26433,25.42573],[92.2639,25.43154],[92.26224,25.43592],[92.26232,25.43789],[92.26003,25.43921],[92.25964,25.43995],[92.26257,25.4456],[92.26224,25.44683],[92.26057,25.44832],[92.26049,25.44982],[92.26456,25.44973],[92.26882,25.4508],[92.29035,25.45323],[92.35091,25.43676],[92.40739,25.4361],[92.41363,25.43654],[92.41761,25.43595],[92.4184,25.4362],[92.41981,25.43786],[92.42165,25.43783],[92.42263,25.43723],[92.42487,25.43768],[92.43044,25.43739],[92.43144,25.4384],[92.448,25.44191],[92.45153,25.44188],[92.45477,25.44024],[92.45713,25.44074],[92.46,25.43918],[92.46236,25.43906],[92.46438,25.44022],[92.46686,25.44069],[92.46885,25.44026],[92.47079,25.44132],[92.4766,25.44274],[92.47806,25.44478],[92.48229,25.44478],[92.48388,25.44334],[92.48604,25.4435],[92.48723,25.44292],[92.49092,25.44382],[92.49872,25.44435],[92.50078,25.44357],[92.50201,25.4421],[92.5049,25.45949],[92.50736,25.46071],[92.50758,25.46272],[92.51198,25.46445],[92.51389,25.46605],[92.51568,25.46579],[92.51792,25.46461],[92.52374,25.46444],[92.52877,25.46195],[92.53253,25.46315],[92.53651,25.45745],[92.53616,25.45431],[92.53666,25.45292],[92.54327,25.45066],[92.54425,25.45191],[92.54499,25.45733],[92.54816,25.45992],[92.54947,25.45967],[92.5519,25.45828],[92.56218,25.4552],[92.5679,25.45632],[92.56823,25.45821],[92.56605,25.4619],[92.56643,25.46335],[92.56881,25.4637],[92.57217,25.46545],[92.57983,25.47176],[92.58222,25.4717],[92.58255,25.47114],[92.58224,25.46815],[92.58287,25.46628],[92.58372,25.46537]]]}},{"id":"2","type":"Feature","properties":{"state":"MEGHALAYA","state_lgd":"17","district":"EAST KH>SI HILLS","district_lgd":"298"},"geometry":{"type":"Polygon","coordinates":[[[92.14107,25.67136],[92.14276,25.67116],[92.14354,25.67021],[92.14797,25.67022],[92.15008,25.66961],[92.14866,25.66677],[92.14947,25.6658],[92.15036,25.66241],[92.15274,25.66032],[92.15481,25.65715],[92.15586,25.64876],[92.15424,25.64535],[92.15315,25.6451],[92.15151,25.64786],[92.15039,25.65294],[92.14914,25.65354],[92.14788,25.6511],[92.14889,25.64685],[92.14822,25.64581],[92.14571,25.64422],[92.13752,25.64098],[92.1361,25.64127],[92.13286,25.64444],[92.13175,25.64486],[92.13117,25.64459],[92.13137,25.64276],[92.13416,25.63798],[92.13441,25.63596],[92.13374,25.63347],[92.13426,25.63134],[92.13573,25.62931],[92.13764,25.62835],[92.13803,25.62563],[92.137,25.62304],[92.13392,25.62096],[92.1305,25.61718],[92.13019,25.61581],[92.1309,25.61462],[92.13049,25.61361],[92.1294,25.61278],[92.12613,25.612],[92.12107,25.60639],[92.12134,25.60048],[92.1247,25.59673],[92.12362,25.59557],[92.12152,25.59544],[92.12138,25.59354],[92.12035,25.59193],[92.12109,25.58733],[92.12305,25.58468],[92.12292,25.5842],[92.12073,25.58268],[92.11812,25.5827],[92.11575,25.58035],[92.11612,25.57749],[92.11455,25.57665],[92.11249,25.57632],[92.11163,25.57549],[92.11125,25.57334],[92.10977,25.57181],[92.11024,25.56837],[92.10712,25.56634],[92.10683,25.564],[92.10522,25.56213],[92.10563,25.55894],[92.10648,25.5574],[92.10549,25.55528],[92.10626,25.55283],[92.10894,25.55109],[92.11267,25.54776],[92.11391,25.54475],[92.11313,25.54368],[92.11283,25.54147],[92.10814,25.53752],[92.10763,25.53251],[92.10648,25.5292],[92.10696,25.52488],[92.10654,25.52212],[92.10129,25.51772],[92.0988,25.51657],[92.09734,25.51446],[92.09782,25.51341],[92.09982,25.51176],[92.10079,25.51032],[92.1008,25.50885],[92.10003,25.50747],[92.10096,25.50609],[92.1004,25.50489],[92.09901,25.50401],[92.09872,25.50264],[92.09702,25.50066],[92.09747,25.49789],[92.09479,25.49422],[92.09522,25.49012],[92.09683,25.48675],[92.09943,25.48502],[92.10231,25.48428],[92.1069,25.4814],[92.10777,25.47834],[92.10746,25.47458],[92.10911,25.47126],[92.10826,25.46838],[92.10591,25.46546],[92.1031,25.46033],[92.09555,25.45391],[92.09449,25.45114],[92.09704,25.44745],[92.10284,25.4444],[92.10256,25.44197],[92.10332,25.4401],[92.10268,25.43514],[92.10285,25.43274],[92.10456,25.42933],[92.10967,25.42615],[92.10965,25.41977],[92.11334,25.41099],[92.11234,25.40829],[92.10835,25.40321],[92.10304,25.40146],[92.10155,25.39877],[92.10471,25.39419],[92.10647,25.3891],[92.11037,25.38402],[92.11154,25.3799],[92.11084,25.37764],[92.11177,25.37612],[92.11194,25.37474],[92.11112,25.37308],[92.11045,25.3693],[92.11101,25.36365],[92.10832,25.35987],[92.10807,25.35744],[92.10669,25.35473],[92.10748,25.35196],[92.10847,25.35124],[92.11029,25.35122],[92.11088,25.35066],[92.11363,25.34453],[92.11375,25.34167],[92.11081,25.33872],[92.1105,25.33757],[92.11106,25.3359],[92.11249,25.33459],[92.11337,25.33296],[92.11492,25.33219],[92.1188,25.33219],[92.11943,25.33148],[92.11687,25.32845],[92.11653,25.32697],[92.11695,25.32472],[92.11437,25.32294],[92.11433,25.32007],[92.11513,25.31644],[92.11332,25.31109],[92.11321,25.30775],[92.11132,25.30615],[92.10533,25.30494],[92.1026,25.30513],[92.10085,25.30597],[92.09334,25.3107],[92.09319,25.31139],[92.09471,25.31548],[92.09441,25.31594],[92.09356,25.3158],[92.09094,25.31361],[92.08532,25.31076],[92.08336,25.31149],[92.08175,25.31418],[92.07251,25.31419],[92.07175,25.31475],[92.0709,25.31727],[92.06722,25.31878],[92.06389,25.31747],[92.05966,25.31692],[92.05672,25.31402],[92.05498,25.31375],[92.05354,25.31433],[92.05346,25.31931],[92.05188,25.32127],[92.05052,25.32155],[92.04534,25.32101],[92.04455,25.32076],[92.04235,25.31859],[92.03795,25.31804],[92.03502,25.31695],[92.03309,25.31435],[92.03185,25.31357],[92.02807,25.31306],[92.02335,25.31094],[92.01917,25.30972],[92.01685,25.30749],[92.01581,25.30479],[92.01303,25.30158],[92.00903,25.3002],[92.00403,25.29941],[92.00283,25.29781],[92.00208,25.29343],[92.00069,25.29126],[91.99678,25.28699],[91.99099,25.28421],[91.98839,25.2814],[91.98273,25.27148],[91.98231,25.26843],[91.98258,25.26637],[91.98174,25.26375],[91.98183,25.26194],[91.98102,25.26009],[91.98134,25.25758],[91.98599,25.25063],[91.98516,25.24802],[91.98569,25.24258],[91.98716,25.23965],[91.99263,25.2348],[91.99338,25.23241],[91.99338,25.22987],[91.99623,25.22323],[92.00035,25.21848],[92.00021,25.21378],[92.00888,25.20503],[92.01115,25.20436],[92.01728,25.20421],[92.01929,25.20286],[92.02053,25.19984],[92.02045,25.19492],[92.01908,25.1898],[92.01666,25.1868],[92.01643,25.18721],[92.00945,25.18617],[92.00469,25.18623],[92.00209,25.18571],[91.99856,25.18401],[91.99375,25.18033],[91.98873,25.17502],[91.98448,25.17242],[91.9834,25.17095],[91.98022,25.16922],[91.97571,25.16806],[91.97167,25.16758],[91.96877,25.17192],[91.96741,25.17616],[91.96682,25.17638],[91.96304,25.17626],[91.95651,25.17757],[91.947,25.17711],[91.94464,25.17787],[91.9375,25.17861],[91.93413,25.17808],[91.93289,25.18051],[91.93309,25.17974],[91.93232,25.17942],[91.93093,25.17949],[91.93068,25.18016],[91.92598,25.17997],[91.92099,25.18121],[91.91741,25.18103],[91.91626,25.18135],[91.91316,25.18114],[91.90742,25.17931],[91.90372,25.17984],[91.90056,25.17944],[91.89851,25.18008],[91.8975,25.17924],[91.89739,25.17807],[91.89388,25.17835],[91.8947,25.17624],[91.89248,25.17594],[91.88449,25.1771],[91.8819,25.17499],[91.88063,25.17292],[91.87834,25.17384],[91.87615,25.17558],[91.87598,25.17744],[91.87091,25.17431],[91.86441,25.17529],[91.86152,25.17245],[91.85857,25.17303],[91.8556,25.17249],[91.85141,25.17334],[91.84984,25.17321],[91.84462,25.17485],[91.8432,25.17626],[91.84079,25.1769],[91.83535,25.17734],[91.83261,25.17803],[91.83207,25.17721],[91.83157,25.17776],[91.83164,25.17698],[91.83091,25.17742],[91.83039,25.17693],[91.82981,25.17745],[91.82904,25.17739],[91.82901,25.17779],[91.82879,25.17746],[91.82704,25.1778],[91.82655,25.17768],[91.8266,25.1762],[91.82516,25.17609],[91.82304,25.17679],[91.8185,25.17267],[91.81765,25.17121],[91.80421,25.17177],[91.80364,25.17043],[91.80542,25.16945],[91.80578,25.17026],[91.80701,25.16981],[91.80663,25.1683],[91.8053,25.16795],[91.80048,25.16807],[91.79725,25.16881],[91.79249,25.16754],[91.78837,25.16742],[91.78033,25.16591],[91.77597,25.16324],[91.77461,25.16313],[91.77346,25.16372],[91.772,25.16539],[91.77141,25.16499],[91.76947,25.16604],[91.76724,25.16629],[91.76634,25.16748],[91.76402,25.16722],[91.76354,25.16629],[91.75991,25.16781],[91.75992,25.16815],[91.75856,25.16837],[91.75642,25.17129],[91.75489,25.17176],[91.75499,25.17372],[91.75644,25.17659],[91.75603,25.1775],[91.75526,25.17738],[91.74733,25.17399],[91.74469,25.16985],[91.74496,25.16723],[91.74622,25.16606],[91.74983,25.15922],[91.74864,25.15618],[91.7459,25.15477],[91.74468,25.15316],[91.74365,25.15096],[91.74407,25.14656],[91.74247,25.1446],[91.74704,25.14162],[91.74764,25.14015],[91.7431,25.14116],[91.74264,25.14174],[91.74175,25.14141],[91.74068,25.14226],[91.73991,25.14198],[91.73856,25.14255],[91.73771,25.14241],[91.73768,25.14294],[91.73637,25.1434],[91.73549,25.14973],[91.734,25.14947],[91.73274,25.14781],[91.73176,25.14817],[91.73297,25.15022],[91.72855,25.15114],[91.71655,25.15233],[91.71504,25.15681],[91.71434,25.15763],[91.71078,25.15805],[91.70834,25.15909],[91.70623,25.15704],[91.7055,25.15692],[91.70448,25.15772],[91.70443,25.15961],[91.70378,25.16002],[91.70224,25.15733],[91.70069,25.15639],[91.7005,25.15573],[91.70322,25.15347],[91.70383,25.15081],[91.70355,25.14949],[91.70287,25.14886],[91.70223,25.14893],[91.7021,25.15001],[91.70103,25.15058],[91.70122,25.14893],[91.6988,25.14618],[91.69715,25.14565],[91.69653,25.14597],[91.69619,25.14531],[91.69522,25.14595],[91.69443,25.14548],[91.69423,25.14038],[91.6918,25.13712],[91.68929,25.13688],[91.6875,25.13774],[91.68629,25.13773],[91.68482,25.13663],[91.6807,25.13498],[91.67564,25.13805],[91.67336,25.13832],[91.67303,25.13765],[91.66994,25.1379],[91.66401,25.13523],[91.6639,25.13325],[91.66489,25.13074],[91.66503,25.12843],[91.66323,25.12827],[91.66002,25.12704],[91.65843,25.12919],[91.65844,25.13017],[91.65938,25.13098],[91.65888,25.13148],[91.65722,25.1319],[91.65503,25.13125],[91.65277,25.1312],[91.65179,25.12745],[91.65091,25.12707],[91.64861,25.12781],[91.64686,25.12698],[91.64544,25.12721],[91.64349,25.12538],[91.64206,25.12307],[91.64036,25.12292],[91.63971,25.12353],[91.63791,25.12254],[91.63627,25.12286],[91.63561,25.12415],[91.63459,25.1237],[91.63365,25.12436],[91.62699,25.12543],[91.6232,25.12788],[91.62266,25.1288],[91.6224,25.13138],[91.62313,25.13415],[91.62316,25.13651],[91.62289,25.1382],[91.62177,25.13914],[91.62138,25.14046],[91.62151,25.14341],[91.61545,25.14511],[91.61341,25.14103],[91.61226,25.14097],[91.61164,25.14167],[91.61249,25.14271],[91.61238,25.14408],[91.61112,25.14627],[91.60704,25.14474],[91.606,25.14264],[91.60486,25.14214],[91.60377,25.14018],[91.60209,25.14272],[91.60061,25.14593],[91.59941,25.15107],[91.60264,25.15488],[91.60363,25.15901],[91.60025,25.15913],[91.59998,25.1596],[91.60222,25.16208],[91.60406,25.16745],[91.60861,25.16983],[91.61228,25.17022],[91.61429,25.16951],[91.61543,25.16966],[91.61518,25.17472],[91.60973,25.17705],[91.60717,25.17565],[91.60622,25.17401],[91.60551,25.17364],[91.60229,25.17424],[91.59628,25.1744],[91.59458,25.17363],[91.59207,25.17434],[91.59131,25.17416],[91.58994,25.17199],[91.58917,25.17167],[91.58677,25.17231],[91.58626,25.17152],[91.58316,25.17181],[91.58117,25.17203],[91.58089,25.1725],[91.57706,25.17196],[91.57485,25.16836],[91.57186,25.1661],[91.57157,25.16527],[91.5729,25.16264],[91.57658,25.15982],[91.57594,25.15949],[91.57406,25.15967],[91.57131,25.1609],[91.57018,25.16084],[91.56924,25.15981],[91.56695,25.15931],[91.56622,25.15936],[91.56558,25.16027],[91.56447,25.16007],[91.56426,25.16054],[91.56307,25.16064],[91.56211,25.15879],[91.56089,25.15834],[91.55812,25.15551],[91.55768,25.15376],[91.5579,25.15155],[91.55721,25.14976],[91.5265,25.1445],[91.52451,25.14594],[91.52049,25.14571],[91.51706,25.14777],[91.5155,25.14738],[91.50955,25.14745],[91.50745,25.14653],[91.50652,25.14556],[91.50351,25.14461],[91.50105,25.14306],[91.50094,25.14189],[91.5017,25.14084],[91.50163,25.14005],[91.50058,25.13624],[91.4996,25.13542],[91.49774,25.13597],[91.49521,25.13573],[91.4939,25.13663],[91.49251,25.13687],[91.49306,25.1382],[91.49368,25.13854],[91.49195,25.13886],[91.49165,25.13706],[91.48929,25.1351],[91.48823,25.13562],[91.4869,25.13552],[91.48365,25.13692],[91.48243,25.13656],[91.48229,25.13711],[91.48164,25.13666],[91.48013,25.13692],[91.47801,25.13647],[91.47979,25.1353],[91.47908,25.13424],[91.47529,25.13346],[91.47102,25.13359],[91.46951,25.13441],[91.46651,25.13431],[91.46423,25.13481],[91.46526,25.13719],[91.46739,25.13734],[91.4693,25.13954],[91.47045,25.13971],[91.47009,25.14112],[91.46877,25.14087],[91.46805,25.14153],[91.467,25.14379],[91.46812,25.14645],[91.46784,25.14716],[91.46877,25.14804],[91.46825,25.14908],[91.46951,25.15082],[91.46863,25.15179],[91.46109,25.15122],[91.45981,25.14968],[91.45702,25.14824],[91.45579,25.15034],[91.45373,25.15115],[91.45314,25.1526],[91.4508,25.15204],[91.45069,25.15026],[91.4496,25.14916],[91.44798,25.1501],[91.44578,25.14964],[91.44454,25.15051],[91.44335,25.15069],[91.44058,25.14963],[91.43999,25.15095],[91.4374,25.15301],[91.43718,25.15412],[91.43632,25.15416],[91.43268,25.1568],[91.42859,25.15739],[91.42512,25.15699],[91.42444,25.15819],[91.4236,25.15835],[91.42261,25.16219],[91.42129,25.16291],[91.41465,25.17113],[91.41376,25.1701],[91.41214,25.16942],[91.41186,25.16853],[91.41286,25.16733],[91.41087,25.16366],[91.40892,25.16393],[91.40677,25.16611],[91.40189,25.16558],[91.39865,25.16446],[91.39687,25.16538],[91.38891,25.16744],[91.38189,25.18093],[91.37932,25.18939],[91.37712,25.19153],[91.377,25.19393],[91.37952,25.19907],[91.37788,25.20001],[91.37694,25.20122],[91.37363,25.20154],[91.37313,25.20512],[91.37105,25.20811],[91.37005,25.20917],[91.36379,25.21312],[91.36317,25.21614],[91.36485,25.21737],[91.36543,25.21892],[91.36646,25.21945],[91.36187,25.21899],[91.35746,25.22017],[91.35461,25.22329],[91.35389,25.22987],[91.35304,25.23171],[91.35381,25.23433],[91.35996,25.2366],[91.36098,25.2366],[91.36354,25.23524],[91.36476,25.23531],[91.36637,25.23736],[91.36811,25.24295],[91.37024,25.24421],[91.37529,25.24519],[91.37731,25.24503],[91.38607,25.23845],[91.38675,25.23928],[91.38667,25.24304],[91.39102,25.24405],[91.3924,25.24333],[91.39394,25.24351],[91.39582,25.24271],[91.39714,25.24135],[91.39984,25.24057],[91.40596,25.24037],[91.40686,25.23918],[91.40827,25.23837],[91.40949,25.24065],[91.41402,25.24128],[91.41735,25.23889],[91.42021,25.23435],[91.42182,25.23341],[91.42414,25.23408],[91.42934,25.23448],[91.43036,25.23628],[91.43117,25.23644],[91.43149,25.23706],[91.43716,25.23742],[91.43865,25.23811],[91.44034,25.23809],[91.44247,25.24134],[91.44361,25.24209],[91.44422,25.24394],[91.44538,25.24427],[91.44637,25.24598],[91.45136,25.24679],[91.45577,25.25187],[91.45939,25.25095],[91.46528,25.25207],[91.46426,25.25341],[91.46358,25.25687],[91.46232,25.25965],[91.46088,25.2679],[91.46927,25.27203],[91.47122,25.27045],[91.47193,25.2649],[91.48157,25.26292],[91.48403,25.26361],[91.48664,25.26624],[91.48682,25.26754],[91.48581,25.26918],[91.48605,25.2701],[91.48847,25.27192],[91.48885,25.27293],[91.48853,25.27658],[91.48891,25.27936],[91.49186,25.28176],[91.49411,25.28543],[91.49523,25.28614],[91.4964,25.28593],[91.49803,25.2839],[91.49923,25.28347],[91.50773,25.28408],[91.51009,25.28123],[91.51096,25.28085],[91.51276,25.28191],[91.5147,25.28186],[91.51915,25.27974],[91.52028,25.27962],[91.52666,25.28126],[91.53051,25.28134],[91.53105,25.2808],[91.53153,25.27776],[91.53362,25.27717],[91.53641,25.27786],[91.54053,25.28141],[91.54251,25.28114],[91.54414,25.28156],[91.54426,25.28469],[91.54785,25.28582],[91.54865,25.28661],[91.54838,25.28916],[91.5507,25.29173],[91.55117,25.29316],[91.55022,25.29535],[91.54926,25.29991],[91.55263,25.30376],[91.55194,25.3068],[91.54949,25.30948],[91.54862,25.31214],[91.54933,25.31504],[91.55242,25.31991],[91.55209,25.32173],[91.55096,25.32358],[91.55076,25.32557],[91.5477,25.32756],[91.54799,25.33086],[91.54892,25.33301],[91.54729,25.3354],[91.54416,25.3356],[91.54192,25.33649],[91.53769,25.33614],[91.53581,25.33668],[91.53524,25.33911],[91.53378,25.34086],[91.53344,25.34305],[91.53206,25.3443],[91.52894,25.34477],[91.52643,25.34363],[91.52511,25.34379],[91.52469,25.34945],[91.5233,25.35275],[91.52386,25.35452],[91.52537,25.35415],[91.52644,25.35509],[91.52821,25.35512],[91.53091,25.35971],[91.53133,25.36163],[91.53356,25.36408],[91.53351,25.36511],[91.53906,25.37393],[91.53939,25.37572],[91.5381,25.37606],[91.53714,25.37738],[91.53676,25.38021],[91.53928,25.38405],[91.53974,25.38634],[91.55135,25.39089],[91.55544,25.39341],[91.55597,25.39452],[91.55524,25.39628],[91.55546,25.39802],[91.55615,25.39936],[91.55743,25.40038],[91.55783,25.40312],[91.55935,25.40643],[91.56141,25.40749],[91.56331,25.40676],[91.56456,25.40774],[91.56286,25.41125],[91.5615,25.41195],[91.56113,25.41308],[91.55992,25.4141],[91.55975,25.41517],[91.55817,25.41682],[91.55735,25.41885],[91.55735,25.42138],[91.55666,25.42111],[91.55613,25.42142],[91.55368,25.42646],[91.55472,25.42772],[91.55527,25.42963],[91.55599,25.42997],[91.55712,25.43719],[91.55631,25.44624],[91.55522,25.45214],[91.555,25.4665],[91.55272,25.47658],[91.55196,25.48552],[91.54938,25.48823],[91.54716,25.49196],[91.54419,25.49505],[91.54143,25.49657],[91.54024,25.49834],[91.53964,25.50058],[91.54298,25.50505],[91.54386,25.50731],[91.54399,25.51301],[91.54628,25.51189],[91.54696,25.51205],[91.54679,25.51415],[91.55047,25.51684],[91.55664,25.51596],[91.56148,25.51643],[91.56469,25.51789],[91.57031,25.51768],[91.57561,25.5187],[91.57894,25.52114],[91.58722,25.52407],[91.58871,25.52615],[91.59075,25.52665],[91.59444,25.52895],[91.59577,25.53053],[91.59653,25.53292],[91.59968,25.53391],[91.60184,25.53395],[91.60347,25.53477],[91.60607,25.5372],[91.60697,25.53945],[91.60952,25.53962],[91.61007,25.54009],[91.61053,25.54256],[91.61107,25.54318],[91.61292,25.54321],[91.61701,25.54116],[91.61921,25.54066],[91.62119,25.54177],[91.62236,25.54464],[91.62435,25.54662],[91.62852,25.54634],[91.63131,25.54791],[91.63288,25.54804],[91.63694,25.54692],[91.64183,25.54879],[91.64665,25.54984],[91.65045,25.54954],[91.65116,25.54858],[91.65096,25.54561],[91.65183,25.54279],[91.65352,25.54001],[91.65536,25.53872],[91.65642,25.5365],[91.65714,25.53597],[91.65699,25.53425],[91.65772,25.53247],[91.65636,25.52979],[91.65874,25.52733],[91.66136,25.52637],[91.66372,25.52661],[91.66589,25.52769],[91.66643,25.52471],[91.66919,25.52303],[91.67647,25.52236],[91.68008,25.52302],[91.68159,25.5239],[91.68295,25.52575],[91.68486,25.52613],[91.68675,25.52814],[91.68774,25.52766],[91.69221,25.52795],[91.69464,25.53317],[91.69752,25.53313],[91.69847,25.53439],[91.69858,25.53536],[91.69975,25.53637],[91.69967,25.53797],[91.69775,25.54262],[91.69753,25.54567],[91.69964,25.54654],[91.70119,25.54928],[91.70524,25.54974],[91.71045,25.55211],[91.71354,25.55559],[91.71377,25.55975],[91.71688,25.5594],[91.71849,25.55841],[91.71967,25.55842],[91.7202,25.56269],[91.72106,25.5637],[91.72333,25.56474],[91.72577,25.56425],[91.72883,25.56287],[91.7292,25.56306],[91.72934,25.56723],[91.73145,25.57152],[91.73115,25.57393],[91.73222,25.57435],[91.73532,25.57405],[91.73654,25.57446],[91.73749,25.57542],[91.74114,25.57399],[91.74054,25.57594],[91.74094,25.57687],[91.75129,25.57961],[91.75431,25.57989],[91.75679,25.58283],[91.7578,25.58328],[91.75874,25.58329],[91.75953,25.58162],[91.76053,25.58175],[91.76161,25.58258],[91.76185,25.58526],[91.76358,25.58486],[91.76498,25.58366],[91.7676,25.58543],[91.76966,25.5854],[91.77102,25.58769],[91.77301,25.58915],[91.77291,25.59061],[91.77451,25.59357],[91.77675,25.59598],[91.77835,25.599],[91.77992,25.5998],[91.78004,25.6014],[91.78051,25.60182],[91.78416,25.60346],[91.78587,25.60363],[91.78638,25.6029],[91.78861,25.6025],[91.7897,25.60155],[91.79484,25.60491],[91.79729,25.6075],[91.79946,25.60838],[91.8028,25.61226],[91.80576,25.61425],[91.8069,25.6157],[91.80608,25.61651],[91.80557,25.61841],[91.80599,25.62002],[91.80252,25.62348],[91.79947,25.62482],[91.79903,25.62575],[91.80004,25.62719],[91.80174,25.62824],[91.80206,25.63082],[91.80267,25.63186],[91.80478,25.63369],[91.80731,25.63415],[91.80959,25.6377],[91.80943,25.6442],[91.81245,25.649],[91.81298,25.65088],[91.81201,25.65465],[91.80955,25.65714],[91.80835,25.65924],[91.81079,25.66179],[91.81207,25.66235],[91.81513,25.66678],[91.81876,25.66667],[91.82028,25.66804],[91.82458,25.66995],[91.8279,25.66918],[91.83057,25.65635],[91.82929,25.65374],[91.83182,25.64698],[91.83279,25.6461],[91.83411,25.64599],[91.83573,25.64466],[91.83798,25.64432],[91.84076,25.64785],[91.84268,25.64873],[91.84479,25.64805],[91.84603,25.65004],[91.84843,25.65054],[91.85332,25.6474],[91.85527,25.64672],[91.85595,25.6459],[91.85907,25.64652],[91.86111,25.64368],[91.86133,25.64163],[91.85938,25.63669],[91.85592,25.63339],[91.85547,25.63182],[91.85392,25.63178],[91.85408,25.63089],[91.85758,25.62935],[91.8607,25.63035],[91.86126,25.63164],[91.86374,25.6337],[91.86521,25.63376],[91.86728,25.63513],[91.86811,25.63581],[91.86845,25.6369],[91.86946,25.63707],[91.8704,25.63786],[91.87036,25.63885],[91.87224,25.63922],[91.87472,25.63877],[91.87852,25.6396],[91.88333,25.64133],[91.8863,25.64147],[91.89093,25.64611],[91.893,25.65152],[91.89679,25.6535],[91.89747,25.65744],[91.89852,25.65858],[91.90036,25.65926],[91.90202,25.65872],[91.90631,25.66019],[91.91365,25.66148],[91.91598,25.66291],[91.9185,25.66376],[91.92102,25.66605],[91.92546,25.66471],[91.92692,25.66119],[91.92888,25.66024],[91.92922,25.65574],[91.93174,25.65307],[91.93911,25.64967],[91.94132,25.64943],[91.94813,25.64987],[91.95065,25.65164],[91.95408,25.653],[91.95645,25.65307],[91.9594,25.65426],[91.96159,25.65371],[91.96861,25.64905],[91.97377,25.6472],[91.97746,25.6467],[91.97889,25.64832],[91.98055,25.64757],[91.98092,25.64993],[91.98291,25.65176],[91.98427,25.65084],[91.98543,25.65098],[91.98889,25.64748],[91.99554,25.65032],[91.99671,25.64885],[92.00152,25.64577],[92.0021,25.64637],[92.00229,25.64842],[92.00177,25.65011],[92.00074,25.65111],[92.00082,25.65175],[92.00315,25.65143],[92.00297,25.65273],[92.00421,25.65487],[92.00501,25.6551],[92.00668,25.65253],[92.00807,25.65198],[92.0081,25.65245],[92.00664,25.65362],[92.00887,25.65731],[92.01024,25.6587],[92.01071,25.6602],[92.0118,25.66025],[92.01287,25.65941],[92.01517,25.65878],[92.01539,25.65983],[92.01797,25.6622],[92.0183,25.66326],[92.02204,25.65939],[92.02762,25.6565],[92.03003,25.65594],[92.03152,25.65677],[92.03302,25.65613],[92.03479,25.65343],[92.03618,25.65424],[92.03789,25.65398],[92.03866,25.65469],[92.04075,25.65541],[92.04312,25.65482],[92.04492,25.65517],[92.04685,25.6543],[92.04862,25.65448],[92.04928,25.65317],[92.05156,25.65354],[92.05184,25.6548],[92.05236,25.6551],[92.05576,25.65372],[92.05688,25.65415],[92.05769,25.65509],[92.05945,25.65543],[92.06122,25.65513],[92.06437,25.65236],[92.06877,25.64642],[92.07211,25.64589],[92.0725,25.64512],[92.07214,25.64324],[92.07354,25.64282],[92.07424,25.64176],[92.07613,25.64104],[92.07734,25.63968],[92.07943,25.64005],[92.08141,25.63719],[92.08504,25.63746],[92.08735,25.63899],[92.09322,25.63948],[92.098,25.64182],[92.1015,25.64296],[92.10317,25.64489],[92.10905,25.64497],[92.11115,25.64631],[92.11381,25.64609],[92.11956,25.65148],[92.11989,25.65233],[92.11925,25.65447],[92.11938,25.65583],[92.12195,25.65847],[92.12353,25.6591],[92.12582,25.66102],[92.13145,25.66449],[92.13657,25.66924],[92.13731,25.67148],[92.13856,25.67329],[92.1402,25.67335],[92.14107,25.67136]]]}},{"id":"3","type":"Feature","properties":{"state":"MEGHALAYA","state_lgd":"17","district":"NORTH G>RO HILLS","district_lgd":"674"},"geometry":{"type":"Polygon","coordinates":[[[90.49193,26.00383],[90.49648,26.00379],[90.50001,26.00128],[90.50186,26.00055],[90.51215,25.9816],[90.51744,25.97469],[90.52281,25.9694],[90.52857,25.96537],[90.53063,25.96342],[90.53231,25.96062],[90.53411,25.95981],[90.53696,25.95019],[90.53515,25.94856],[90.53621,25.94643],[90.53574,25.94448],[90.53646,25.9411],[90.53592,25.93914],[90.53447,25.93836],[90.5361,25.93521],[90.53478,25.93361],[90.53458,25.93194],[90.5333,25.93136],[90.53252,25.932],[90.53227,25.93314],[90.52824,25.93253],[90.52537,25.93275],[90.52424,25.9276],[90.52449,25.92526],[90.52235,25.9213],[90.5197,25.9138],[90.51658,25.9103],[90.51768,25.90806],[90.51763,25.90675],[90.51512,25.90447],[90.51487,25.90328],[90.51374,25.90272],[90.51361,25.901],[90.51223,25.90053],[90.51505,25.8964],[90.51928,25.89739],[90.52639,25.90462],[90.52953,25.90527],[90.53262,25.90684],[90.53793,25.91075],[90.5383,25.91317],[90.53875,25.91347],[90.54445,25.91466],[90.54963,25.91475],[90.54979,25.91589],[90.54803,25.91603],[90.54622,25.91816],[90.5463,25.92149],[90.5491,25.92093],[90.54831,25.92472],[90.55317,25.92516],[90.55359,25.92639],[90.55568,25.92866],[90.55984,25.93012],[90.56301,25.9328],[90.56694,25.93374],[90.57013,25.93651],[90.57344,25.93765],[90.57339,25.9398],[90.57481,25.9412],[90.5722,25.94683],[90.57258,25.94909],[90.57441,25.95173],[90.57649,25.95274],[90.57899,25.95552],[90.57987,25.95592],[90.58116,25.95799],[90.58354,25.95872],[90.58808,25.95665],[90.58818,25.95514],[90.59239,25.95336],[90.59616,25.95318],[90.59822,25.95114],[90.60115,25.95138],[90.60186,25.95298],[90.6034,25.95342],[90.60724,25.94587],[90.6214,25.93963],[90.62642,25.93652],[90.61451,25.92439],[90.60712,25.9187],[90.60701,25.9106],[90.60765,25.90988],[90.6102,25.90871],[90.6114,25.90743],[90.61329,25.89953],[90.61792,25.89784],[90.62443,25.89796],[90.63035,25.90594],[90.63032,25.90938],[90.62588,25.90982],[90.62573,25.91276],[90.62833,25.91757],[90.63332,25.92075],[90.67194,25.93427],[90.68138,25.94228],[90.68786,25.94892],[90.69783,25.95044],[90.69938,25.95014],[90.70212,25.95046],[90.70726,25.95209],[90.71164,25.95221],[90.71374,25.95177],[90.71647,25.95358],[90.71767,25.95512],[90.71873,25.95494],[90.71899,25.95436],[90.71952,25.94888],[90.72451,25.94681],[90.73076,25.9515],[90.73558,25.95275],[90.73773,25.95243],[90.73835,25.95344],[90.73767,25.95423],[90.73742,25.95572],[90.74261,25.95808],[90.74428,25.9551],[90.748,25.9568],[90.74705,25.95471],[90.74519,25.95355],[90.74531,25.95069],[90.74773,25.95001],[90.74767,25.94838],[90.7458,25.94744],[90.74588,25.94531],[90.74275,25.94336],[90.74262,25.94216],[90.74006,25.9391],[90.74622,25.92817],[90.74705,25.92866],[90.74999,25.93309],[90.75129,25.93238],[90.75269,25.93435],[90.75453,25.93352],[90.75347,25.93164],[90.75405,25.92951],[90.75188,25.92701],[90.74686,25.92489],[90.74689,25.92162],[90.7477,25.91894],[90.73857,25.91586],[90.74206,25.91252],[90.74475,25.91164],[90.74705,25.91533],[90.75097,25.91835],[90.75461,25.92034],[90.75862,25.92034],[90.76043,25.92197],[90.76057,25.91575],[90.75669,25.91351],[90.75658,25.91107],[90.76014,25.90906],[90.76379,25.9078],[90.77801,25.9087],[90.77795,25.91128],[90.78107,25.91135],[90.78191,25.91659],[90.78293,25.91863],[90.78328,25.92185],[90.78532,25.92429],[90.78449,25.92513],[90.79638,25.94052],[90.80915,25.94741],[90.80788,25.95097],[90.80905,25.95244],[90.81283,25.95134],[90.8139,25.94994],[90.81561,25.95019],[90.8162,25.94893],[90.81927,25.95032],[90.82185,25.9489],[90.82207,25.94727],[90.82441,25.9454],[90.8259,25.94869],[90.82907,25.94787],[90.83291,25.94586],[90.83451,25.94761],[90.83619,25.94842],[90.8366,25.94678],[90.83643,25.9438],[90.83482,25.93965],[90.83547,25.93661],[90.8365,25.93714],[90.83813,25.94044],[90.83904,25.94131],[90.84089,25.9422],[90.84234,25.94212],[90.84261,25.94356],[90.84405,25.94492],[90.84436,25.94597],[90.84847,25.94438],[90.87483,25.94255],[90.87195,25.94594],[90.87169,25.94763],[90.87669,25.94942],[90.87733,25.94729],[90.87989,25.94566],[90.88108,25.94283],[90.88148,25.94331],[90.88104,25.94528],[90.88009,25.94707],[90.88049,25.95049],[90.88453,25.95031],[90.88508,25.94994],[90.88581,25.94492],[90.88673,25.94465],[90.88715,25.94375],[90.88966,25.94318],[90.88913,25.93949],[90.89003,25.93807],[90.89745,25.93748],[90.89478,25.93297],[90.89442,25.93118],[90.90529,25.9289],[90.90617,25.92502],[90.90788,25.9233],[90.90985,25.92214],[90.91039,25.92026],[90.912,25.92003],[90.91684,25.91406],[90.91951,25.91522],[90.91543,25.9204],[90.91424,25.92571],[90.91434,25.92765],[90.91557,25.93075],[90.91481,25.93589],[90.91651,25.94342],[90.91734,25.94441],[90.91949,25.94445],[90.92182,25.94246],[90.92194,25.94134],[90.92393,25.94287],[90.93386,25.93977],[90.93528,25.94034],[90.93999,25.9473],[90.94743,25.94809],[90.94757,25.94771],[90.94547,25.94487],[90.94614,25.94101],[90.94753,25.93949],[90.95124,25.93912],[90.95567,25.93634],[90.95704,25.93496],[90.95946,25.93121],[90.96113,25.92732],[90.96268,25.92039],[90.96662,25.91406],[90.969,25.90375],[90.96718,25.89268],[90.96598,25.88844],[90.96782,25.88743],[90.96885,25.88522],[90.96953,25.88498],[90.97123,25.88577],[90.97605,25.88967],[90.99685,25.88788],[91.00066,25.88794],[91.00103,25.88582],[91.00595,25.88564],[91.0106,25.88417],[91.01791,25.88456],[91.02522,25.88878],[91.03055,25.8858],[91.02812,25.86987],[91.02773,25.8691],[91.02578,25.86817],[91.02288,25.86372],[91.01801,25.86081],[91.01402,25.85687],[91.01443,25.85043],[91.01531,25.8484],[91.01323,25.84618],[91.01148,25.84591],[91.01138,25.84413],[91.01221,25.84178],[91.01082,25.84012],[91.01024,25.83733],[91.00798,25.83796],[91.00693,25.83249],[91.00459,25.83037],[91.00296,25.82648],[91.00125,25.82508],[90.9986,25.82146],[90.99839,25.8194],[90.99743,25.81748],[90.99506,25.81595],[90.99376,25.81335],[90.98993,25.81104],[90.989,25.80906],[90.988,25.80898],[90.98748,25.80785],[90.98451,25.80617],[90.98276,25.80205],[90.98258,25.79988],[90.98185,25.79885],[90.98022,25.79744],[90.9796,25.79756],[90.97924,25.79874],[90.9779,25.79793],[90.97208,25.78985],[90.96665,25.78477],[90.96595,25.78271],[90.96342,25.77966],[90.95947,25.77805],[90.95872,25.7768],[90.95756,25.776],[90.95566,25.77641],[90.95385,25.77595],[90.95279,25.77365],[90.95018,25.77407],[90.94922,25.77468],[90.94648,25.77221],[90.94467,25.77254],[90.94461,25.77043],[90.94327,25.77097],[90.93882,25.76984],[90.93661,25.76798],[90.9373,25.76758],[90.93718,25.76672],[90.93509,25.76579],[90.93426,25.76361],[90.93326,25.76419],[90.93214,25.76389],[90.93146,25.76458],[90.93043,25.76163],[90.92925,25.7612],[90.92702,25.7614],[90.92555,25.76081],[90.92475,25.7586],[90.92279,25.75861],[90.92226,25.75813],[90.92241,25.7563],[90.9212,25.75505],[90.91824,25.75341],[90.91583,25.75055],[90.91035,25.74649],[90.90603,25.74542],[90.90472,25.7468],[90.90218,25.74524],[90.90184,25.74427],[90.89973,25.7424],[90.89653,25.7377],[90.89416,25.73581],[90.89436,25.73405],[90.89323,25.73334],[90.89262,25.73185],[90.89146,25.73109],[90.89207,25.72972],[90.89032,25.72626],[90.88825,25.7243],[90.8877,25.72247],[90.88479,25.71893],[90.85269,25.71775],[90.84904,25.72476],[90.84404,25.72543],[90.84401,25.73004],[90.84101,25.73062],[90.8385,25.73219],[90.83844,25.7328],[90.84003,25.73474],[90.84378,25.73535],[90.84536,25.73478],[90.84681,25.73528],[90.84776,25.73708],[90.84997,25.739],[90.85328,25.74092],[90.85735,25.74409],[90.85641,25.75052],[90.854,25.75666],[90.81359,25.764],[90.81366,25.76893],[90.81413,25.77056],[90.81288,25.77408],[90.81407,25.77651],[90.81333,25.77916],[90.8112,25.77955],[90.81106,25.78261],[90.81027,25.78415],[90.81053,25.78567],[90.80932,25.78566],[90.80981,25.78821],[90.80939,25.78948],[90.81029,25.79044],[90.80805,25.79306],[90.80776,25.79562],[90.80682,25.79543],[90.80599,25.796],[90.80665,25.79808],[90.80546,25.79864],[90.80668,25.80062],[90.80555,25.80083],[90.80632,25.80214],[90.80518,25.80358],[90.80518,25.80496],[90.80288,25.80227],[90.80238,25.80327],[90.80147,25.80311],[90.80102,25.80376],[90.79963,25.80146],[90.79888,25.80108],[90.79831,25.80179],[90.79865,25.80276],[90.79765,25.80296],[90.79832,25.8038],[90.79719,25.80395],[90.79686,25.80439],[90.79767,25.80549],[90.79734,25.80703],[90.79821,25.80748],[90.79961,25.80727],[90.79874,25.80871],[90.79061,25.80756],[90.74706,25.80913],[90.73565,25.80903],[90.70482,25.82477],[90.70413,25.82419],[90.7035,25.82202],[90.7003,25.81888],[90.69904,25.8156],[90.69366,25.81],[90.68902,25.80347],[90.68807,25.80267],[90.68593,25.80223],[90.68517,25.80144],[90.68488,25.79984],[90.68528,25.79822],[90.68407,25.79698],[90.68407,25.79594],[90.68593,25.79243],[90.68602,25.79082],[90.6866,25.78987],[90.68454,25.78566],[90.68389,25.78222],[90.68263,25.78203],[90.68037,25.7831],[90.67982,25.78236],[90.67961,25.78125],[90.68013,25.77918],[90.67969,25.77783],[90.67844,25.77687],[90.67783,25.77439],[90.67692,25.77413],[90.67365,25.7751],[90.67183,25.77518],[90.6708,25.77636],[90.66917,25.77655],[90.66853,25.77714],[90.66537,25.77646],[90.66439,25.77742],[90.66313,25.77749],[90.6627,25.7786],[90.66013,25.78125],[90.65962,25.78101],[90.6593,25.77984],[90.65681,25.77842],[90.65657,25.77592],[90.65602,25.775],[90.65526,25.77478],[90.65173,25.77566],[90.64733,25.77852],[90.6456,25.77806],[90.64324,25.77879],[90.64176,25.77829],[90.64038,25.7793],[90.63961,25.7772],[90.63817,25.77614],[90.6379,25.77384],[90.63647,25.77226],[90.63602,25.76961],[90.63633,25.76789],[90.6353,25.76697],[90.63519,25.76432],[90.63336,25.76461],[90.63121,25.76179],[90.62966,25.762],[90.62798,25.76162],[90.62759,25.75954],[90.62571,25.75822],[90.62441,25.75401],[90.61911,25.75294],[90.61308,25.75341],[90.60944,25.75131],[90.60756,25.75155],[90.60655,25.75109],[90.60544,25.75173],[90.60427,25.75138],[90.60224,25.75172],[90.60136,25.75117],[90.60119,25.75035],[90.59826,25.75026],[90.59791,25.74974],[90.59885,25.74837],[90.59707,25.74687],[90.59763,25.74518],[90.59721,25.74337],[90.59898,25.74077],[90.59715,25.73981],[90.59321,25.74032],[90.59111,25.73955],[90.58893,25.74052],[90.58635,25.74032],[90.58573,25.74144],[90.58654,25.74473],[90.5863,25.74545],[90.58348,25.74569],[90.5801,25.74689],[90.5794,25.7477],[90.57929,25.74941],[90.57636,25.75055],[90.57344,25.75735],[90.57313,25.75983],[90.57091,25.76244],[90.56994,25.7648],[90.56868,25.76622],[90.56589,25.77475],[90.56476,25.77672],[90.56457,25.77887],[90.56392,25.77948],[90.56255,25.77906],[90.56122,25.77576],[90.55902,25.77441],[90.55794,25.77128],[90.55681,25.76999],[90.55447,25.76965],[90.55165,25.77074],[90.54969,25.76893],[90.54606,25.77078],[90.54503,25.77272],[90.54531,25.77591],[90.54731,25.77827],[90.54712,25.77929],[90.54412,25.77914],[90.54251,25.77755],[90.54073,25.77716],[90.54007,25.77556],[90.5386,25.77455],[90.53688,25.77144],[90.53332,25.76922],[90.53261,25.76774],[90.53263,25.76425],[90.53121,25.76156],[90.52991,25.76078],[90.52903,25.75936],[90.52677,25.75816],[90.52539,25.75657],[90.52318,25.75032],[90.52122,25.74861],[90.5188,25.74354],[90.51632,25.74153],[90.51448,25.73582],[90.51189,25.73313],[90.5114,25.72963],[90.50804,25.72726],[90.50634,25.72211],[90.5044,25.71963],[90.50344,25.71611],[90.50202,25.71445],[90.50141,25.71272],[90.50085,25.71247],[90.50014,25.71324],[90.49904,25.71579],[90.4971,25.71596],[90.49538,25.71439],[90.49361,25.71554],[90.49058,25.71367],[90.49045,25.7108],[90.48709,25.70837],[90.48701,25.70698],[90.49152,25.70092],[90.49176,25.6999],[90.49052,25.69803],[90.49022,25.69591],[90.48811,25.69471],[90.48815,25.6915],[90.48906,25.68933],[90.4864,25.68415],[90.48697,25.68051],[90.48851,25.67905],[90.48843,25.67727],[90.48728,25.67719],[90.48557,25.67863],[90.48473,25.67878],[90.48296,25.67598],[90.48157,25.67598],[90.47839,25.67762],[90.47745,25.68013],[90.47631,25.68151],[90.47511,25.68162],[90.47196,25.67984],[90.47066,25.6801],[90.46618,25.6827],[90.46049,25.68312],[90.45727,25.68249],[90.45637,25.6838],[90.45528,25.68923],[90.45709,25.69135],[90.45719,25.69287],[90.45465,25.69702],[90.45381,25.6972],[90.45209,25.69603],[90.45035,25.69579],[90.44913,25.69663],[90.44885,25.69743],[90.4464,25.69813],[90.44526,25.69517],[90.44399,25.69593],[90.44262,25.69473],[90.44074,25.69597],[90.43946,25.69534],[90.43774,25.69743],[90.43731,25.69909],[90.43572,25.69855],[90.43387,25.70003],[90.43313,25.69984],[90.43059,25.70264],[90.42688,25.70415],[90.42522,25.70577],[90.41977,25.7088],[90.41907,25.71026],[90.41905,25.71165],[90.41793,25.71324],[90.41847,25.71529],[90.41942,25.71744],[90.4219,25.71866],[90.42335,25.71885],[90.4237,25.71992],[90.42318,25.72166],[90.42225,25.72226],[90.42083,25.72215],[90.42015,25.72337],[90.42097,25.72449],[90.41912,25.72585],[90.4183,25.72748],[90.41744,25.72764],[90.41662,25.72925],[90.41066,25.73056],[90.40958,25.73043],[90.40506,25.73286],[90.39938,25.73685],[90.39809,25.73731],[90.39733,25.73804],[90.39664,25.74008],[90.3989,25.73976],[90.40137,25.7412],[90.40288,25.74656],[90.40851,25.75136],[90.40898,25.75343],[90.40819,25.75527],[90.40897,25.7575],[90.41131,25.75857],[90.41192,25.75988],[90.41172,25.7603],[90.41067,25.76037],[90.41055,25.76147],[90.41394,25.76313],[90.41428,25.76685],[90.41539,25.76714],[90.41051,25.7742],[90.4048,25.78489],[90.39362,25.7985],[90.38377,25.81156],[90.36202,25.81426],[90.35242,25.81741],[90.34631,25.82238],[90.34612,25.82761],[90.35219,25.83501],[90.38969,25.8419],[90.38962,25.84275],[90.39105,25.84461],[90.39067,25.84776],[90.38884,25.85234],[90.38923,25.85446],[90.38903,25.85878],[90.38734,25.86016],[90.38686,25.86196],[90.38763,25.86478],[90.38563,25.86729],[90.38593,25.86777],[90.38701,25.86777],[90.3874,25.88491],[90.38842,25.89086],[90.38979,25.89271],[90.38996,25.89434],[90.39089,25.89546],[90.39065,25.8992],[90.39102,25.90004],[90.39395,25.90247],[90.39478,25.90504],[90.3937,25.90703],[90.39435,25.90985],[90.39617,25.9124],[90.39649,25.91506],[90.39844,25.91727],[90.39892,25.92037],[90.39863,25.92117],[90.39984,25.92268],[90.40011,25.92449],[90.40204,25.92649],[90.40287,25.92646],[90.40298,25.92556],[90.40413,25.92578],[90.40567,25.92663],[90.40615,25.92751],[90.40808,25.92808],[90.40703,25.9292],[90.40749,25.93068],[90.40625,25.93177],[90.40687,25.93465],[90.40853,25.93475],[90.40998,25.93641],[90.41274,25.93752],[90.41339,25.94197],[90.41159,25.94219],[90.41067,25.94402],[90.41282,25.94488],[90.41283,25.94701],[90.41088,25.94834],[90.41157,25.95064],[90.41347,25.95144],[90.41352,25.95206],[90.41216,25.95191],[90.41165,25.95375],[90.41038,25.95414],[90.41094,25.95586],[90.41141,25.95601],[90.41127,25.95672],[90.4124,25.95741],[90.41068,25.95995],[90.41167,25.96136],[90.41289,25.96183],[90.41343,25.96287],[90.41599,25.96302],[90.41649,25.96341],[90.41772,25.96257],[90.41774,25.96419],[90.41943,25.96389],[90.42,25.96426],[90.42006,25.96534],[90.41852,25.9657],[90.41842,25.96734],[90.42042,25.96799],[90.4214,25.96898],[90.42072,25.97068],[90.42124,25.97133],[90.422,25.97137],[90.42327,25.97332],[90.42158,25.97427],[90.42219,25.97772],[90.42378,25.97901],[90.4242,25.98018],[90.42561,25.98086],[90.42495,25.98187],[90.42511,25.9832],[90.42422,25.98669],[90.4233,25.98747],[90.42374,25.98888],[90.42984,25.98894],[90.433,25.99106],[90.43664,25.99145],[90.44183,25.99499],[90.44951,25.99841],[90.45591,26.00026],[90.46652,26.00786],[90.47173,26.01242],[90.47873,26.01361],[90.48887,26.00521],[90.49193,26.00383]]]}},{"id":"4","type":"Feature","properties":{"state":"MEGHALAYA","state_lgd":"17","district":"RI-BHOI","district_lgd":"297"},"geometry":{"type":"Polygon","coordinates":[[[91.83382,26.11576],[91.83467,26.11557],[91.83538,26.11383],[91.83736,26.11224],[91.8395,26.11189],[91.84067,26.1107],[91.84828,26.10807],[91.85101,26.1084],[91.85519,26.10564],[91.86072,26.10289],[91.86393,26.10263],[91.86576,26.10042],[91.86638,26.10136],[91.86858,26.10012],[91.87364,26.10063],[91.87917,26.09798],[91.87964,26.09604],[91.87719,26.09296],[91.87687,26.09165],[91.87701,26.09101],[91.87845,26.08978],[91.87722,26.08558],[91.87769,26.08262],[91.87661,26.07667],[91.87474,26.07112],[91.87265,26.06791],[91.87257,26.06344],[91.87028,26.05451],[91.87067,26.05237],[91.87192,26.05096],[91.87121,26.0487],[91.86807,26.0442],[91.8673,26.04202],[91.86744,26.0417],[91.8709,26.04293],[91.87173,26.04449],[91.8742,26.04327],[91.87375,26.04179],[91.874,26.04067],[91.87331,26.04012],[91.87347,26.0387],[91.8745,26.03779],[91.87465,26.03696],[91.87575,26.03665],[91.87527,26.03544],[91.8766,26.03553],[91.87744,26.03474],[91.87878,26.03472],[91.87862,26.03349],[91.87947,26.0326],[91.87874,26.03151],[91.88056,26.02966],[91.88142,26.0275],[91.88249,26.02703],[91.88304,26.0261],[91.8858,26.02804],[91.88874,26.02787],[91.89014,26.02669],[91.89257,26.02679],[91.89525,26.02566],[91.89783,26.0234],[91.90053,26.02341],[91.9023,26.02237],[91.90359,26.0238],[91.90518,26.02387],[91.90851,26.02097],[91.90964,26.02159],[91.91469,26.0205],[91.91497,26.01831],[91.91299,26.01471],[91.91454,26.01463],[91.91479,26.01399],[91.9137,26.01308],[91.91041,26.0135],[91.90975,26.01267],[91.91024,26.01171],[91.91332,26.0094],[91.91217,26.00909],[91.91076,26.00995],[91.90976,26.00877],[91.91059,26.00737],[91.91347,26.00756],[91.91417,26.0072],[91.9138,26.00592],[91.91229,26.00484],[91.91304,26.00384],[91.9137,26.00057],[91.91582,25.99874],[91.91767,25.99872],[91.91654,25.99676],[91.91713,25.99642],[91.91789,25.99713],[91.91928,25.99731],[91.92163,25.99905],[91.92328,25.99893],[91.9271,26.00056],[91.92718,26.00138],[91.92834,26.00251],[91.92828,26.00566],[91.92988,26.00687],[91.92969,26.00935],[91.9312,26.01133],[91.93115,26.01236],[91.93338,26.01187],[91.93397,26.01027],[91.93585,26.01112],[91.93947,26.0116],[91.94309,26.01278],[91.94718,26.01317],[91.94782,26.0135],[91.9478,26.01529],[91.9502,26.01558],[91.95137,26.01466],[91.95262,26.01583],[91.95598,26.01738],[91.95922,26.0182],[91.96046,26.0191],[91.96191,26.01892],[91.96158,26.01982],[91.96195,26.02026],[91.96409,26.02019],[91.9658,26.02144],[91.96825,26.02107],[91.97093,26.02231],[91.97317,26.02211],[91.97362,26.02359],[91.97489,26.02387],[91.97501,26.02511],[91.97637,26.02527],[91.97659,26.02631],[91.97897,26.02748],[91.98357,26.0258],[91.98432,26.02656],[91.98461,26.02825],[91.98617,26.02898],[91.98546,26.03103],[91.98652,26.03155],[91.98724,26.03498],[91.98866,26.03574],[91.98791,26.03629],[91.98836,26.03676],[91.98811,26.03733],[91.98873,26.03762],[91.98852,26.03828],[91.98906,26.03853],[91.9908,26.03852],[91.99281,26.03783],[91.99476,26.03849],[91.99544,26.03777],[91.99624,26.03809],[91.99687,26.03734],[91.999,26.03687],[91.99945,26.03652],[91.99894,26.03601],[91.99922,26.03579],[92.00411,26.03557],[92.00466,26.03606],[92.00478,26.03713],[92.00622,26.03855],[92.00747,26.03799],[92.00841,26.03857],[92.00881,26.03682],[92.01044,26.03665],[92.01089,26.03725],[92.01196,26.03724],[92.01327,26.03844],[92.01466,26.03847],[92.01542,26.03743],[92.0165,26.03705],[92.01845,26.03919],[92.02074,26.03817],[92.02287,26.03895],[92.02341,26.03796],[92.02404,26.03781],[92.02704,26.03922],[92.03062,26.03958],[92.03241,26.03855],[92.0344,26.03892],[92.03633,26.03621],[92.03828,26.03604],[92.04069,26.03651],[92.04195,26.03543],[92.04309,26.03557],[92.04385,26.03478],[92.04622,26.03418],[92.04814,26.03277],[92.05143,26.03279],[92.05684,26.03403],[92.05796,26.03482],[92.06088,26.03508],[92.06381,26.03404],[92.06679,26.03508],[92.06992,26.03769],[92.0709,26.03734],[92.07266,26.03816],[92.07791,26.04229],[92.08102,26.04266],[92.08261,26.0438],[92.08665,26.04518],[92.09191,26.04792],[92.09729,26.04922],[92.10239,26.04927],[92.1088,26.05068],[92.11095,26.04997],[92.11658,26.04641],[92.1199,26.04596],[92.1214,26.04388],[92.1228,26.04395],[92.12821,26.04568],[92.12999,26.04546],[92.13262,26.04424],[92.13361,26.04651],[92.13421,26.05245],[92.13754,26.05504],[92.13996,26.05504],[92.14192,26.05631],[92.14339,26.05604],[92.14514,26.05972],[92.14757,26.06095],[92.15224,26.06678],[92.15308,26.06728],[92.15471,26.06715],[92.15713,26.07009],[92.15872,26.07018],[92.16131,26.07225],[92.1657,26.07466],[92.1694,26.07764],[92.17085,26.07718],[92.17227,26.07768],[92.1788,26.07819],[92.17924,26.07714],[92.17878,26.07569],[92.17617,26.07429],[92.17678,26.07217],[92.17608,26.07023],[92.17804,26.06855],[92.17854,26.06856],[92.17964,26.07075],[92.18029,26.07117],[92.18113,26.06947],[92.18181,26.06906],[92.18495,26.06885],[92.18734,26.0693],[92.18764,26.0689],[92.18642,26.06838],[92.18613,26.06765],[92.18716,26.06657],[92.19101,26.06884],[92.19265,26.06733],[92.19442,26.06856],[92.19637,26.06855],[92.20042,26.06962],[92.20651,26.06814],[92.20627,26.06963],[92.20818,26.07047],[92.20979,26.07008],[92.21255,26.06855],[92.21548,26.06841],[92.21674,26.06867],[92.21848,26.0698],[92.21984,26.06954],[92.22054,26.0703],[92.22224,26.06809],[92.22492,26.06798],[92.2263,26.0669],[92.22719,26.06745],[92.22859,26.0668],[92.22889,26.06502],[92.22944,26.06462],[92.23733,26.06348],[92.23856,26.06198],[92.24104,26.06289],[92.24163,26.06177],[92.24209,26.06285],[92.24327,26.06254],[92.24462,26.06371],[92.24698,26.0635],[92.24787,26.06292],[92.25052,26.06453],[92.25096,26.0635],[92.25399,26.06328],[92.25593,26.06436],[92.25832,26.06346],[92.25933,26.06402],[92.25938,26.06492],[92.26113,26.06517],[92.26095,26.06614],[92.26277,26.06603],[92.26746,26.06676],[92.26888,26.06817],[92.26963,26.06749],[92.26976,26.06661],[92.27113,26.06703],[92.27166,26.06523],[92.27489,26.06565],[92.27344,26.06442],[92.27139,26.06446],[92.27061,26.06404],[92.26949,26.06057],[92.26565,26.05924],[92.26395,26.05736],[92.26357,26.05431],[92.26814,26.05143],[92.2695,26.04952],[92.27003,26.04745],[92.26901,26.04282],[92.26193,26.04253],[92.26108,26.04164],[92.2611,26.04052],[92.26343,26.03849],[92.26508,26.0361],[92.26477,26.03481],[92.26347,26.03313],[92.25924,26.03085],[92.25681,26.0287],[92.25428,26.02927],[92.25329,26.029],[92.24935,26.0248],[92.24858,26.02338],[92.24604,26.02295],[92.24373,26.02152],[92.24285,26.02039],[92.24451,26.01939],[92.24452,26.01819],[92.24314,26.01715],[92.24234,26.01583],[92.24037,26.01585],[92.23896,26.01397],[92.23504,26.01223],[92.23387,26.00912],[92.23191,26.00884],[92.23021,26.00788],[92.22906,26.00856],[92.22775,26.00856],[92.22576,26.00745],[92.2248,26.00599],[92.22265,26.0065],[92.22032,26.00569],[92.21911,26.00389],[92.21833,26.00389],[92.21686,26.005],[92.21194,26.00472],[92.2104,26.00334],[92.20979,25.99852],[92.2092,25.99781],[92.20765,25.99797],[92.20515,26.00061],[92.20366,26.00103],[92.20275,25.99782],[92.20101,25.99516],[92.20012,25.99442],[92.19812,25.99484],[92.19754,25.99456],[92.19715,25.99229],[92.19631,25.99085],[92.19679,25.99019],[92.19872,25.98935],[92.19855,25.98822],[92.19251,25.98691],[92.18846,25.98455],[92.18468,25.9858],[92.18088,25.98501],[92.17949,25.97844],[92.17872,25.97742],[92.17724,25.97659],[92.17441,25.9739],[92.17285,25.97341],[92.16932,25.97338],[92.16752,25.97153],[92.16508,25.97117],[92.16421,25.97028],[92.16213,25.96656],[92.16152,25.96025],[92.16191,25.95943],[92.16388,25.95863],[92.16405,25.95781],[92.16048,25.95417],[92.15844,25.95359],[92.1573,25.95263],[92.1571,25.94919],[92.15463,25.94639],[92.15273,25.94507],[92.15244,25.94432],[92.15252,25.93959],[92.15497,25.93865],[92.15667,25.93637],[92.15838,25.93631],[92.16015,25.93532],[92.15922,25.93322],[92.16034,25.93135],[92.15997,25.92915],[92.16093,25.92815],[92.1602,25.92701],[92.16044,25.92503],[92.15977,25.9227],[92.15817,25.9214],[92.15682,25.91463],[92.15621,25.91391],[92.15461,25.91377],[92.15474,25.91099],[92.15882,25.91056],[92.16051,25.91114],[92.16242,25.91116],[92.16608,25.90986],[92.17226,25.90855],[92.17335,25.90758],[92.17555,25.90737],[92.17666,25.90778],[92.17757,25.90885],[92.17656,25.91042],[92.18173,25.91126],[92.18608,25.91663],[92.18716,25.91635],[92.18947,25.91457],[92.19319,25.91672],[92.19453,25.91846],[92.19597,25.91782],[92.19633,25.91575],[92.19581,25.91456],[92.19415,25.91289],[92.19404,25.91167],[92.19633,25.90982],[92.20105,25.90845],[92.20228,25.90633],[92.20443,25.90914],[92.20605,25.90874],[92.20972,25.91037],[92.21232,25.9098],[92.2154,25.91031],[92.21727,25.9115],[92.2223,25.91081],[92.22556,25.90917],[92.22281,25.90639],[92.22253,25.90327],[92.22085,25.90026],[92.22003,25.89997],[92.21724,25.90091],[92.2157,25.89995],[92.2152,25.89897],[92.21551,25.89625],[92.21498,25.8953],[92.20993,25.89334],[92.20846,25.89184],[92.20693,25.8931],[92.20437,25.89081],[92.20196,25.89031],[92.19901,25.88899],[92.19556,25.88459],[92.19287,25.88265],[92.18755,25.8772],[92.18363,25.87688],[92.17724,25.87275],[92.1761,25.87051],[92.1762,25.8682],[92.17732,25.86708],[92.17749,25.86223],[92.17928,25.86152],[92.17929,25.85966],[92.1801,25.85823],[92.17958,25.85761],[92.17831,25.85824],[92.17759,25.8581],[92.1784,25.85497],[92.1775,25.8515],[92.17261,25.8499],[92.17238,25.84917],[92.17301,25.84718],[92.17196,25.84609],[92.17115,25.84094],[92.16981,25.83886],[92.16803,25.83778],[92.16623,25.83529],[92.16282,25.83612],[92.16202,25.83554],[92.16222,25.83481],[92.16411,25.83356],[92.16359,25.83273],[92.16145,25.83183],[92.16059,25.83039],[92.16235,25.82724],[92.16223,25.82606],[92.16126,25.82491],[92.1608,25.82334],[92.16128,25.82059],[92.16023,25.81979],[92.15831,25.82164],[92.15695,25.82158],[92.15575,25.81889],[92.15249,25.81782],[92.1511,25.81664],[92.15258,25.81178],[92.1506,25.80993],[92.1503,25.80797],[92.1487,25.80594],[92.14915,25.8017],[92.14852,25.7998],[92.15039,25.79766],[92.14934,25.79679],[92.14999,25.79605],[92.15019,25.79404],[92.14915,25.79287],[92.14937,25.79144],[92.1484,25.79119],[92.14929,25.79034],[92.14817,25.78955],[92.14738,25.7876],[92.14861,25.78718],[92.14783,25.7854],[92.14691,25.78471],[92.14681,25.78357],[92.14964,25.78295],[92.1505,25.7819],[92.15154,25.78201],[92.15161,25.78149],[92.15074,25.78118],[92.15025,25.77986],[92.15172,25.77965],[92.15275,25.77884],[92.15297,25.77785],[92.15195,25.77549],[92.14981,25.77433],[92.14832,25.77415],[92.1483,25.7728],[92.1485,25.77237],[92.14953,25.7722],[92.15044,25.76767],[92.15127,25.76672],[92.15128,25.76496],[92.15054,25.76399],[92.15223,25.76342],[92.15328,25.75939],[92.15573,25.75779],[92.15506,25.75387],[92.15582,25.75106],[92.15832,25.74859],[92.16047,25.74541],[92.16281,25.74388],[92.16161,25.73693],[92.15995,25.73461],[92.15922,25.73242],[92.1544,25.72527],[92.15308,25.72483],[92.15046,25.7258],[92.14808,25.72547],[92.14411,25.71714],[92.14489,25.71333],[92.1462,25.71214],[92.14773,25.70946],[92.15083,25.70778],[92.15241,25.70861],[92.15478,25.70621],[92.15465,25.69788],[92.15684,25.69582],[92.15598,25.69167],[92.1568,25.68946],[92.16053,25.68412],[92.1596,25.67624],[92.15733,25.6741],[92.15616,25.6722],[92.15455,25.67303],[92.15311,25.6728],[92.15008,25.66961],[92.14797,25.67022],[92.14354,25.67021],[92.14276,25.67116],[92.14075,25.67156],[92.1402,25.67335],[92.13856,25.67329],[92.13731,25.67148],[92.13657,25.66924],[92.13145,25.66449],[92.12582,25.66102],[92.12353,25.6591],[92.12195,25.65847],[92.1196,25.65621],[92.11925,25.65447],[92.11981,25.6519],[92.11381,25.64609],[92.11115,25.64631],[92.10905,25.64497],[92.10317,25.64489],[92.1015,25.64296],[92.098,25.64182],[92.09322,25.63948],[92.08735,25.63899],[92.08504,25.63746],[92.08141,25.63719],[92.07943,25.64005],[92.07734,25.63968],[92.07613,25.64104],[92.07424,25.64176],[92.07354,25.64282],[92.07214,25.64324],[92.0725,25.64512],[92.07211,25.64589],[92.06877,25.64642],[92.06437,25.65236],[92.06122,25.65513],[92.05945,25.65543],[92.05769,25.65509],[92.05688,25.65415],[92.05576,25.65372],[92.05236,25.6551],[92.05184,25.6548],[92.05156,25.65354],[92.04928,25.65317],[92.04862,25.65448],[92.04685,25.6543],[92.04492,25.65517],[92.04312,25.65482],[92.04075,25.65541],[92.03866,25.65469],[92.03789,25.65398],[92.03618,25.65424],[92.03479,25.65343],[92.03302,25.65613],[92.03152,25.65677],[92.03003,25.65594],[92.02762,25.6565],[92.02204,25.65939],[92.0183,25.66326],[92.01797,25.6622],[92.01539,25.65983],[92.01517,25.65878],[92.01287,25.65941],[92.0118,25.66025],[92.01071,25.6602],[92.01024,25.6587],[92.00887,25.65731],[92.00664,25.65362],[92.0081,25.65245],[92.00807,25.65198],[92.00668,25.65253],[92.00501,25.6551],[92.00421,25.65487],[92.00297,25.65273],[92.00315,25.65143],[92.00082,25.65175],[92.00074,25.65111],[92.00177,25.65011],[92.00229,25.64842],[92.0017,25.6458],[91.99671,25.64885],[91.99554,25.65032],[91.98889,25.64748],[91.98543,25.65098],[91.98427,25.65084],[91.98291,25.65176],[91.98092,25.64993],[91.98055,25.64757],[91.97889,25.64832],[91.97746,25.6467],[91.97377,25.6472],[91.96861,25.64905],[91.96159,25.65371],[91.9594,25.65426],[91.95645,25.65307],[91.95408,25.653],[91.95065,25.65164],[91.94813,25.64987],[91.94132,25.64943],[91.93685,25.65042],[91.93174,25.65307],[91.92922,25.65574],[91.92888,25.66024],[91.92692,25.66119],[91.92546,25.66471],[91.92102,25.66605],[91.9185,25.66376],[91.91598,25.66291],[91.91365,25.66148],[91.90631,25.66019],[91.90202,25.65872],[91.90036,25.65926],[91.89852,25.65858],[91.89747,25.65744],[91.89679,25.6535],[91.893,25.65152],[91.89093,25.64611],[91.88596,25.64123],[91.88333,25.64133],[91.87852,25.6396],[91.87472,25.63877],[91.87224,25.63922],[91.87036,25.63885],[91.8704,25.63786],[91.86946,25.63707],[91.86845,25.6369],[91.86811,25.63581],[91.8657,25.63397],[91.86374,25.6337],[91.86126,25.63164],[91.8607,25.63035],[91.85698,25.62939],[91.85408,25.63089],[91.85392,25.63178],[91.85547,25.63182],[91.85592,25.63339],[91.85938,25.63669],[91.86133,25.64163],[91.86111,25.64368],[91.85907,25.64652],[91.85595,25.6459],[91.85527,25.64672],[91.85332,25.6474],[91.84843,25.65054],[91.84603,25.65004],[91.84479,25.64805],[91.84268,25.64873],[91.84076,25.64785],[91.83798,25.64432],[91.83573,25.64466],[91.83411,25.64599],[91.83279,25.6461],[91.83182,25.64698],[91.82929,25.65374],[91.83057,25.65635],[91.8279,25.66918],[91.82869,25.67053],[91.83012,25.67167],[91.82968,25.67395],[91.83016,25.67557],[91.82982,25.67697],[91.82804,25.67728],[91.82687,25.67943],[91.82844,25.68166],[91.82715,25.68882],[91.82815,25.69004],[91.82832,25.69167],[91.82782,25.69279],[91.8263,25.69296],[91.8255,25.69366],[91.82542,25.69563],[91.82346,25.69861],[91.82126,25.70027],[91.82135,25.70194],[91.82025,25.70295],[91.81911,25.70358],[91.81478,25.70367],[91.81297,25.70418],[91.81191,25.70892],[91.8124,25.71067],[91.81385,25.71189],[91.81355,25.713],[91.81498,25.71354],[91.81611,25.71496],[91.81615,25.71567],[91.81414,25.71887],[91.81428,25.71934],[91.81572,25.71998],[91.81535,25.72045],[91.81558,25.7215],[91.81507,25.72244],[91.81423,25.72256],[91.81398,25.72318],[91.81144,25.72471],[91.81071,25.72689],[91.81141,25.72883],[91.80968,25.72984],[91.80842,25.73359],[91.80563,25.7347],[91.80414,25.73366],[91.7997,25.73244],[91.79576,25.7322],[91.79278,25.73125],[91.79179,25.73183],[91.79096,25.73327],[91.78897,25.73379],[91.78633,25.73264],[91.78234,25.73247],[91.78199,25.7334],[91.78049,25.73465],[91.78307,25.73724],[91.78261,25.73865],[91.78018,25.73814],[91.77888,25.73865],[91.77633,25.73855],[91.77425,25.73949],[91.77225,25.73948],[91.77163,25.74433],[91.77099,25.74507],[91.76763,25.7428],[91.76535,25.74399],[91.76593,25.74663],[91.76367,25.74816],[91.76385,25.74958],[91.76331,25.75057],[91.76598,25.75542],[91.76646,25.75598],[91.76986,25.75687],[91.76946,25.75857],[91.77134,25.75856],[91.77509,25.7628],[91.77985,25.76376],[91.77987,25.76853],[91.78158,25.77082],[91.78272,25.77372],[91.78425,25.77552],[91.78651,25.78021],[91.78807,25.78201],[91.7895,25.78591],[91.78754,25.78781],[91.7868,25.78974],[91.78391,25.79308],[91.78139,25.79337],[91.78023,25.79471],[91.77705,25.79508],[91.77417,25.80141],[91.77391,25.80475],[91.77196,25.80565],[91.77123,25.80817],[91.76967,25.8092],[91.76899,25.81135],[91.75706,25.81816],[91.75464,25.81847],[91.75514,25.82087],[91.75456,25.82198],[91.75279,25.8235],[91.7502,25.82452],[91.74885,25.82719],[91.74069,25.82735],[91.73549,25.82641],[91.71812,25.82023],[91.71448,25.81717],[91.70973,25.80953],[91.7066,25.80638],[91.70524,25.80574],[91.68202,25.81072],[91.67482,25.81293],[91.67063,25.81326],[91.66331,25.8121],[91.66118,25.8113],[91.65281,25.80603],[91.65117,25.80538],[91.64751,25.80507],[91.63889,25.80732],[91.62364,25.81367],[91.61986,25.81083],[91.6136,25.81079],[91.61141,25.8116],[91.6046,25.81047],[91.59964,25.81043],[91.59791,25.80882],[91.59601,25.80582],[91.59493,25.80508],[91.59104,25.81079],[91.58923,25.81265],[91.5826,25.81175],[91.57986,25.81283],[91.57587,25.8111],[91.57001,25.81024],[91.56534,25.81048],[91.56137,25.80797],[91.55167,25.80779],[91.55079,25.80695],[91.55008,25.80514],[91.54656,25.80488],[91.54632,25.80303],[91.54513,25.80189],[91.54214,25.80171],[91.53996,25.80013],[91.53743,25.79955],[91.53523,25.79787],[91.53383,25.79855],[91.52946,25.80333],[91.52871,25.80361],[91.52814,25.80326],[91.52761,25.80041],[91.52634,25.80007],[91.51949,25.80015],[91.51738,25.7993],[91.51586,25.79971],[91.51445,25.80074],[91.50969,25.80054],[91.5062,25.79838],[91.50488,25.79864],[91.50045,25.80137],[91.49799,25.79921],[91.49517,25.79939],[91.49204,25.79879],[91.48939,25.79744],[91.48444,25.79892],[91.48078,25.79878],[91.48005,25.79788],[91.47991,25.7967],[91.47807,25.79437],[91.47558,25.79345],[91.47278,25.79104],[91.46949,25.79154],[91.46528,25.78889],[91.46152,25.7885],[91.45734,25.78904],[91.45639,25.78968],[91.4579,25.79441],[91.45902,25.79562],[91.4588,25.79659],[91.45791,25.79706],[91.45512,25.79653],[91.45385,25.79553],[91.44936,25.79364],[91.4479,25.79375],[91.44456,25.79267],[91.44234,25.79431],[91.44132,25.79644],[91.44041,25.79677],[91.43545,25.79331],[91.43139,25.79175],[91.42867,25.79126],[91.42305,25.79188],[91.42122,25.79167],[91.41942,25.79272],[91.41876,25.794],[91.41874,25.7954],[91.41996,25.79661],[91.42059,25.80006],[91.41897,25.80355],[91.41736,25.80407],[91.41331,25.80267],[91.40929,25.80254],[91.39958,25.8049],[91.39748,25.80592],[91.39506,25.80624],[91.38887,25.80541],[91.38688,25.80447],[91.38437,25.80428],[91.38337,25.80383],[91.38149,25.80183],[91.37872,25.80206],[91.37758,25.80257],[91.37485,25.80226],[91.36726,25.80634],[91.36389,25.8073],[91.35994,25.80756],[91.35836,25.80926],[91.35742,25.81283],[91.35493,25.81446],[91.35314,25.81805],[91.35042,25.81921],[91.34859,25.82202],[91.34268,25.82599],[91.34232,25.828],[91.34361,25.83025],[91.34416,25.83713],[91.34641,25.83996],[91.3509,25.83869],[91.35309,25.83865],[91.3551,25.83925],[91.35774,25.84149],[91.3592,25.84095],[91.3611,25.84124],[91.36583,25.84003],[91.36801,25.84183],[91.3699,25.84187],[91.37105,25.84262],[91.3729,25.84672],[91.37627,25.84551],[91.38114,25.84563],[91.38596,25.84711],[91.39314,25.84759],[91.40273,25.8514],[91.40474,25.85026],[91.40617,25.85006],[91.41346,25.85357],[91.42247,25.85447],[91.42353,25.85435],[91.42572,25.85307],[91.42817,25.85264],[91.43225,25.8468],[91.43583,25.84356],[91.44169,25.84147],[91.44515,25.83974],[91.44695,25.84057],[91.44838,25.84189],[91.44861,25.845],[91.45447,25.84981],[91.46178,25.85434],[91.46229,25.85633],[91.46308,25.857],[91.46637,25.85726],[91.46725,25.85818],[91.46947,25.85916],[91.47544,25.85752],[91.4779,25.85727],[91.47957,25.85999],[91.48366,25.86417],[91.48828,25.86305],[91.49577,25.86382],[91.49676,25.86252],[91.49693,25.86112],[91.49737,25.86109],[91.50342,25.86425],[91.51372,25.86397],[91.51503,25.86488],[91.51806,25.86986],[91.52041,25.87157],[91.52157,25.87186],[91.52236,25.87285],[91.52374,25.87277],[91.52463,25.87216],[91.5262,25.8733],[91.52795,25.87316],[91.52877,25.87267],[91.5294,25.87145],[91.53043,25.87125],[91.53134,25.87591],[91.53008,25.87964],[91.53043,25.88163],[91.53265,25.88357],[91.53469,25.88325],[91.53519,25.88388],[91.53424,25.88645],[91.53299,25.88815],[91.52659,25.89107],[91.52555,25.89091],[91.52129,25.88346],[91.52217,25.88072],[91.52221,25.87881],[91.52131,25.87511],[91.51771,25.87105],[91.51545,25.86935],[91.51383,25.86622],[91.51314,25.86571],[91.51142,25.86534],[91.50356,25.86549],[91.50055,25.86486],[91.49701,25.86642],[91.49336,25.86642],[91.4912,25.86594],[91.4896,25.86654],[91.48164,25.86776],[91.47499,25.87024],[91.47515,25.87138],[91.47604,25.87252],[91.47486,25.87345],[91.47481,25.87402],[91.47784,25.88048],[91.47837,25.88747],[91.484,25.89304],[91.48747,25.89382],[91.49191,25.89585],[91.49811,25.8925],[91.49943,25.89119],[91.50152,25.89153],[91.50294,25.89097],[91.5039,25.89117],[91.50406,25.89168],[91.49874,25.89599],[91.50058,25.89849],[91.50236,25.89993],[91.50421,25.90288],[91.50339,25.90423],[91.50488,25.90777],[91.50801,25.90879],[91.51273,25.91264],[91.51558,25.91319],[91.51536,25.91406],[91.51747,25.91604],[91.52057,25.91681],[91.52097,25.91906],[91.52379,25.91988],[91.52642,25.92272],[91.52792,25.92306],[91.52974,25.92473],[91.53008,25.92581],[91.53302,25.92657],[91.53461,25.92843],[91.53492,25.92976],[91.53695,25.93121],[91.53658,25.93577],[91.53255,25.92989],[91.52932,25.92887],[91.52615,25.92591],[91.52276,25.92531],[91.51979,25.92261],[91.51791,25.91966],[91.51536,25.91856],[91.51299,25.91678],[91.51148,25.91774],[91.50955,25.91721],[91.50654,25.91418],[91.50545,25.91199],[91.50467,25.91139],[91.50318,25.91415],[91.50456,25.91614],[91.50447,25.91672],[91.50124,25.91886],[91.50244,25.92176],[91.50165,25.92399],[91.50346,25.92544],[91.50291,25.92654],[91.50675,25.92842],[91.50695,25.92925],[91.50809,25.93028],[91.50796,25.93228],[91.51044,25.93206],[91.51381,25.93289],[91.51349,25.93576],[91.51557,25.93951],[91.51515,25.94123],[91.51982,25.93988],[91.5189,25.94672],[91.5179,25.94949],[91.51774,25.95318],[91.51658,25.95571],[91.51808,25.95973],[91.52217,25.95947],[91.5253,25.96163],[91.52865,25.96064],[91.52982,25.96295],[91.53036,25.96307],[91.53183,25.9627],[91.53296,25.96307],[91.53562,25.9623],[91.53609,25.96307],[91.53553,25.9642],[91.5354,25.96673],[91.53633,25.96906],[91.53836,25.97141],[91.54087,25.97207],[91.54272,25.97317],[91.54374,25.97539],[91.5447,25.97591],[91.54565,25.97602],[91.54673,25.97512],[91.54884,25.97613],[91.54975,25.97579],[91.55125,25.9766],[91.5517,25.98503],[91.55298,25.98599],[91.55398,25.98887],[91.55671,25.99142],[91.55745,25.99274],[91.55827,25.99571],[91.56042,25.99982],[91.56045,26.00123],[91.56226,26.00228],[91.56497,26.00212],[91.56324,26.00533],[91.56354,26.00761],[91.56461,26.00898],[91.56614,26.00983],[91.56692,26.01112],[91.56905,26.01205],[91.57207,26.01547],[91.56958,26.01738],[91.56919,26.01844],[91.57025,26.02192],[91.56983,26.02374],[91.57073,26.02568],[91.57617,26.02967],[91.57867,26.03249],[91.5801,26.03334],[91.58324,26.03157],[91.58662,26.03102],[91.58872,26.02956],[91.59407,26.02168],[91.59433,26.02075],[91.59389,26.01978],[91.59532,26.01885],[91.59679,26.01876],[91.59753,26.01807],[91.59912,26.01883],[91.5993,26.02093],[91.60023,26.02161],[91.60887,26.02328],[91.61276,26.02503],[91.62035,26.02577],[91.62132,26.02466],[91.62463,26.02346],[91.62616,26.02237],[91.62813,26.02304],[91.62979,26.02278],[91.63238,26.0198],[91.63246,26.0189],[91.63118,26.01775],[91.63215,26.01674],[91.63179,26.01468],[91.63199,26.01412],[91.63481,26.01302],[91.635,26.01248],[91.63282,26.01146],[91.6331,26.00947],[91.63044,26.0065],[91.63047,26.00389],[91.62712,26.0012],[91.62679,26.00015],[91.62764,26.00011],[91.62947,25.99849],[91.62905,25.99789],[91.62941,25.99663],[91.62863,25.99592],[91.62863,25.99532],[91.63017,25.99319],[91.62987,25.99171],[91.63023,25.99013],[91.62624,25.98887],[91.62606,25.98668],[91.62641,25.98587],[91.62759,25.98507],[91.62767,25.98339],[91.62853,25.98244],[91.62794,25.97997],[91.62855,25.97855],[91.62825,25.97615],[91.63275,25.97159],[91.63551,25.97033],[91.63613,25.96836],[91.63886,25.96657],[91.6398,25.96486],[91.64055,25.96459],[91.6406,25.9633],[91.6382,25.96159],[91.63563,25.96163],[91.63436,25.96051],[91.63389,25.95846],[91.63172,25.95448],[91.63123,25.95026],[91.6294,25.94715],[91.62982,25.94325],[91.62616,25.94219],[91.62526,25.94246],[91.62503,25.94349],[91.62289,25.94479],[91.62008,25.94447],[91.61895,25.94497],[91.61815,25.94436],[91.6157,25.94476],[91.61374,25.94436],[91.61188,25.94503],[91.61102,25.94414],[91.61017,25.94034],[91.60916,25.9393],[91.61004,25.93891],[91.61012,25.93697],[91.61356,25.93613],[91.61377,25.93534],[91.61482,25.93482],[91.61558,25.93372],[91.61884,25.93258],[91.62129,25.93233],[91.62284,25.92996],[91.62422,25.92968],[91.62413,25.92799],[91.62559,25.92579],[91.62725,25.92491],[91.62846,25.92532],[91.63046,25.92495],[91.63127,25.92253],[91.63221,25.92179],[91.63526,25.92201],[91.6365,25.92133],[91.63802,25.91932],[91.64077,25.91779],[91.64378,25.91334],[91.64636,25.9121],[91.64699,25.91091],[91.65095,25.90742],[91.65149,25.90628],[91.65425,25.90581],[91.65666,25.90777],[91.65775,25.90659],[91.65935,25.90708],[91.66032,25.9064],[91.66134,25.9067],[91.66222,25.90784],[91.66342,25.90776],[91.66555,25.90675],[91.66651,25.90517],[91.66823,25.90487],[91.66974,25.90388],[91.6706,25.90415],[91.67104,25.90612],[91.67322,25.90746],[91.67884,25.91625],[91.68098,25.91786],[91.6851,25.91845],[91.68808,25.92021],[91.68846,25.92297],[91.68943,25.92462],[91.69205,25.92661],[91.69622,25.93085],[91.69893,25.93501],[91.70113,25.93563],[91.70075,25.93665],[91.70157,25.93701],[91.70293,25.93958],[91.7024,25.94127],[91.70449,25.94189],[91.70864,25.94211],[91.71348,25.94405],[91.71333,25.94573],[91.71512,25.94629],[91.71482,25.9471],[91.71648,25.9499],[91.71795,25.95053],[91.71835,25.95232],[91.72011,25.9536],[91.72073,25.95677],[91.72024,25.96085],[91.7221,25.96357],[91.72252,25.96572],[91.72244,25.966],[91.72023,25.96534],[91.71978,25.96583],[91.72111,25.96855],[91.72108,25.97694],[91.72007,25.98177],[91.7204,25.98553],[91.72153,25.98833],[91.72142,25.98936],[91.71977,25.99145],[91.71962,25.9929],[91.72071,25.99637],[91.72133,26.00188],[91.72169,26.00657],[91.72132,26.01273],[91.7246,26.01936],[91.72458,26.02498],[91.72383,26.02752],[91.72434,26.02951],[91.72315,26.03116],[91.72263,26.03319],[91.72274,26.0356],[91.72405,26.03971],[91.72394,26.04159],[91.72526,26.04686],[91.72852,26.04716],[91.73344,26.04953],[91.73273,26.05057],[91.73456,26.05118],[91.73485,26.05438],[91.73708,26.05652],[91.73621,26.05688],[91.7341,26.05639],[91.73123,26.05733],[91.73057,26.05789],[91.73181,26.05997],[91.74012,26.06274],[91.74213,26.06284],[91.74303,26.06367],[91.74259,26.06475],[91.74372,26.06556],[91.74658,26.06631],[91.75009,26.06597],[91.75266,26.06677],[91.75577,26.06808],[91.75727,26.06939],[91.75707,26.07036],[91.76273,26.07235],[91.763,26.07461],[91.7677,26.07828],[91.76881,26.07954],[91.76913,26.08078],[91.77131,26.08263],[91.77494,26.08647],[91.77633,26.08874],[91.77728,26.08935],[91.77855,26.08979],[91.7797,26.08962],[91.78332,26.08809],[91.78418,26.08733],[91.78586,26.08401],[91.79136,26.08523],[91.79294,26.08913],[91.79762,26.09534],[91.80035,26.10004],[91.80214,26.09825],[91.80292,26.09526],[91.80517,26.09737],[91.80562,26.09912],[91.80853,26.09754],[91.80904,26.09779],[91.81014,26.10329],[91.81702,26.11115],[91.82023,26.11255],[91.81973,26.11496],[91.82023,26.11641],[91.8213,26.11751],[91.8254,26.11941],[91.83085,26.11844],[91.83382,26.11576]]]}},{"id":"5","type":"Feature","properties":{"state":"MEGHALAYA","state_lgd":"17","district":"SOUTH G>RO HILLS","district_lgd":"295"},"geometry":{"type":"Polygon","coordinates":[[[90.78098,25.51369],[90.78298,25.51353],[90.78446,25.51138],[90.78684,25.50942],[90.78968,25.50797],[90.7902,25.5072],[90.79024,25.50658],[90.78765,25.50391],[90.78542,25.49954],[90.78434,25.49469],[90.78476,25.49331],[90.78892,25.49146],[90.78982,25.48977],[90.79006,25.4868],[90.78946,25.48546],[90.78618,25.4838],[90.78541,25.48228],[90.78399,25.48166],[90.78429,25.47856],[90.78376,25.4777],[90.78139,25.47774],[90.77455,25.47649],[90.77354,25.46909],[90.77403,25.46767],[90.77469,25.46733],[90.78063,25.46926],[90.78666,25.46894],[90.78928,25.4682],[90.7898,25.4669],[90.78794,25.46479],[90.78722,25.46258],[90.78379,25.46186],[90.77697,25.4589],[90.77317,25.45667],[90.77243,25.45551],[90.77422,25.45282],[90.77371,25.45146],[90.76617,25.45339],[90.76353,25.45521],[90.76128,25.45803],[90.76029,25.4585],[90.75837,25.45778],[90.75161,25.45167],[90.75129,25.45015],[90.75178,25.44921],[90.75364,25.44832],[90.75969,25.44755],[90.76167,25.44479],[90.7618,25.44248],[90.76117,25.43949],[90.75543,25.42965],[90.75603,25.42821],[90.75952,25.42638],[90.75992,25.42565],[90.76059,25.42285],[90.76036,25.41825],[90.7633,25.41768],[90.76371,25.41642],[90.76244,25.41349],[90.76189,25.40935],[90.76048,25.40667],[90.76072,25.40528],[90.76299,25.40324],[90.76227,25.4019],[90.76211,25.39672],[90.76053,25.39605],[90.75673,25.39606],[90.75415,25.39408],[90.75263,25.39084],[90.74988,25.39055],[90.74756,25.38966],[90.74639,25.38603],[90.74797,25.37931],[90.7497,25.37917],[90.75143,25.37783],[90.75284,25.37757],[90.75525,25.37904],[90.75628,25.3789],[90.75871,25.3775],[90.76149,25.37388],[90.76443,25.37307],[90.76327,25.36807],[90.76359,25.36736],[90.76831,25.36697],[90.77081,25.36613],[90.77333,25.36708],[90.77488,25.36705],[90.77558,25.3666],[90.77589,25.36376],[90.77641,25.36331],[90.78056,25.36352],[90.787,25.36554],[90.7904,25.36792],[90.79302,25.36762],[90.79612,25.36794],[90.79904,25.36904],[90.80137,25.36875],[90.805,25.36734],[90.80792,25.36829],[90.81112,25.36626],[90.81427,25.36605],[90.81497,25.36405],[90.81497,25.36071],[90.81617,25.35818],[90.81811,25.35956],[90.82053,25.35926],[90.82223,25.35688],[90.8244,25.35633],[90.82562,25.3542],[90.82777,25.35466],[90.82989,25.35674],[90.83079,25.35648],[90.8323,25.35443],[90.83353,25.3547],[90.83586,25.35613],[90.83812,25.35524],[90.83877,25.35297],[90.84117,25.35163],[90.84102,25.34891],[90.84453,25.34768],[90.84555,25.34581],[90.84322,25.34492],[90.84128,25.346],[90.8416,25.34315],[90.83793,25.33686],[90.83836,25.33569],[90.84011,25.33596],[90.84077,25.33545],[90.83914,25.33292],[90.84009,25.32941],[90.83868,25.32708],[90.84018,25.32406],[90.83737,25.3233],[90.83796,25.32182],[90.8378,25.32005],[90.83887,25.31765],[90.83863,25.3162],[90.84022,25.31476],[90.8406,25.31362],[90.8387,25.31253],[90.83807,25.31153],[90.83854,25.30731],[90.84004,25.30551],[90.84655,25.3063],[90.84647,25.30375],[90.84701,25.30271],[90.84829,25.30199],[90.85179,25.29723],[90.85492,25.29416],[90.85581,25.29383],[90.85825,25.29432],[90.86038,25.29347],[90.86515,25.29378],[90.87018,25.28998],[90.87563,25.293],[90.87895,25.29354],[90.88829,25.29686],[90.90149,25.29732],[90.90345,25.29577],[90.90422,25.29352],[90.90615,25.29154],[90.90666,25.29029],[90.91033,25.28743],[90.91475,25.28549],[90.91535,25.28231],[90.916,25.28132],[90.91592,25.27704],[90.91891,25.27819],[90.92227,25.27819],[90.9239,25.2792],[90.92998,25.27941],[90.93182,25.27747],[90.93354,25.27406],[90.9383,25.26887],[90.94112,25.26268],[90.94262,25.26178],[90.94437,25.26143],[90.94868,25.25831],[90.95232,25.25661],[90.95421,25.25435],[90.95435,25.25259],[90.95848,25.24912],[90.95848,25.24266],[90.95782,25.23915],[90.95973,25.23505],[90.95971,25.2338],[90.95835,25.23143],[90.95476,25.22875],[90.95329,25.22688],[90.95051,25.22521],[90.95079,25.22206],[90.95162,25.2196],[90.94871,25.21721],[90.94937,25.2141],[90.95245,25.21346],[90.95443,25.21233],[90.95427,25.21054],[90.95488,25.20833],[90.957,25.20817],[90.95918,25.20701],[90.95987,25.20381],[90.96429,25.20155],[90.96466,25.19892],[90.97333,25.19186],[90.97353,25.19076],[90.9726,25.18652],[90.96976,25.17986],[90.97002,25.17884],[90.97316,25.17452],[90.97244,25.17473],[90.97104,25.17431],[90.96853,25.17241],[90.96539,25.1709],[90.96513,25.17173],[90.96423,25.17188],[90.96418,25.17131],[90.96163,25.17097],[90.96069,25.17019],[90.95562,25.17086],[90.95196,25.17009],[90.94882,25.17079],[90.94764,25.16829],[90.9465,25.16756],[90.94309,25.16751],[90.94175,25.1664],[90.94064,25.16633],[90.93695,25.16478],[90.93319,25.16452],[90.92859,25.16328],[90.92801,25.16222],[90.91884,25.16334],[90.91806,25.16276],[90.9165,25.1626],[90.91317,25.16263],[90.91261,25.16321],[90.91173,25.16257],[90.90797,25.16228],[90.90741,25.16262],[90.90462,25.16188],[90.90309,25.16287],[90.9017,25.16255],[90.90036,25.16366],[90.90067,25.16403],[90.90029,25.16433],[90.9,25.16394],[90.89729,25.16626],[90.89453,25.16459],[90.891,25.16522],[90.89102,25.16551],[90.89,25.16516],[90.88414,25.16595],[90.88399,25.16672],[90.87721,25.16332],[90.87511,25.16351],[90.87434,25.16219],[90.87454,25.16124],[90.87193,25.1597],[90.86675,25.16117],[90.86592,25.16108],[90.86495,25.15952],[90.86432,25.15964],[90.86394,25.15804],[90.86242,25.15767],[90.86129,25.1578],[90.86091,25.15924],[90.86024,25.15925],[90.85944,25.16016],[90.85811,25.15954],[90.85795,25.15885],[90.85989,25.15833],[90.85868,25.15774],[90.85524,25.15788],[90.85514,25.15869],[90.85419,25.15913],[90.85281,25.15791],[90.84982,25.15764],[90.84442,25.15846],[90.84241,25.16236],[90.84263,25.16279],[90.84197,25.16317],[90.84201,25.16431],[90.84074,25.16432],[90.84044,25.16228],[90.84083,25.16107],[90.83937,25.16083],[90.83782,25.16142],[90.83664,25.16087],[90.82594,25.162],[90.82147,25.16326],[90.81955,25.16261],[90.81896,25.16299],[90.81924,25.16419],[90.8185,25.16514],[90.81861,25.16652],[90.81793,25.16756],[90.81581,25.1679],[90.81534,25.16743],[90.81463,25.16787],[90.81385,25.16751],[90.81371,25.16689],[90.81469,25.1669],[90.8148,25.16588],[90.81357,25.16587],[90.8152,25.16501],[90.81557,25.16394],[90.81509,25.16448],[90.81482,25.16381],[90.814,25.16369],[90.80591,25.16594],[90.80492,25.16637],[90.80446,25.16719],[90.80416,25.16947],[90.80499,25.16985],[90.80447,25.17161],[90.80546,25.17363],[90.80465,25.17386],[90.8027,25.17274],[90.79877,25.17432],[90.79598,25.17721],[90.79473,25.18127],[90.79278,25.18022],[90.79199,25.18047],[90.78747,25.17873],[90.78668,25.17913],[90.78537,25.1788],[90.78438,25.17956],[90.78401,25.17932],[90.7842,25.18128],[90.78311,25.18099],[90.78265,25.18024],[90.78156,25.18071],[90.78196,25.18216],[90.78099,25.18321],[90.78127,25.18596],[90.78036,25.18612],[90.77552,25.18195],[90.77407,25.18168],[90.77261,25.18214],[90.77098,25.18145],[90.76916,25.18261],[90.7683,25.18085],[90.76662,25.17948],[90.76383,25.17831],[90.76249,25.17673],[90.76326,25.17593],[90.75891,25.17245],[90.76019,25.1719],[90.76071,25.17213],[90.76177,25.16989],[90.76188,25.16953],[90.76132,25.16948],[90.76041,25.1682],[90.75905,25.16782],[90.75922,25.16854],[90.75858,25.16944],[90.75846,25.16807],[90.7576,25.16816],[90.75666,25.16976],[90.75503,25.16866],[90.74943,25.16691],[90.74762,25.164],[90.74482,25.16549],[90.74208,25.16587],[90.74159,25.16763],[90.74238,25.16995],[90.74186,25.17024],[90.74079,25.16909],[90.73992,25.16929],[90.73969,25.16667],[90.73422,25.16685],[90.73466,25.16529],[90.73322,25.16517],[90.73396,25.16445],[90.73319,25.16202],[90.73446,25.16193],[90.73483,25.16285],[90.73666,25.16417],[90.73788,25.16432],[90.74193,25.16125],[90.74111,25.15915],[90.73914,25.15767],[90.73693,25.15717],[90.73601,25.15786],[90.73448,25.15817],[90.73328,25.15491],[90.73193,25.15498],[90.73147,25.15738],[90.73019,25.15775],[90.72992,25.15722],[90.72872,25.15713],[90.72662,25.15806],[90.72667,25.1589],[90.72559,25.16062],[90.72614,25.16146],[90.72567,25.16311],[90.72459,25.16314],[90.72363,25.16425],[90.7224,25.1647],[90.72075,25.1639],[90.7175,25.16376],[90.71477,25.16757],[90.70998,25.16812],[90.70784,25.16607],[90.70789,25.16343],[90.70662,25.16319],[90.70693,25.16197],[90.70656,25.16109],[90.70236,25.16206],[90.70179,25.16265],[90.70174,25.16415],[90.70064,25.16481],[90.70026,25.16347],[90.70063,25.16274],[90.69929,25.16116],[90.69937,25.16003],[90.70059,25.15932],[90.69946,25.15728],[90.69857,25.15672],[90.69526,25.15858],[90.69504,25.16002],[90.69174,25.16087],[90.69182,25.1618],[90.69105,25.16352],[90.68993,25.16415],[90.6884,25.16383],[90.68687,25.16483],[90.68522,25.16339],[90.68371,25.16323],[90.68215,25.16425],[90.68052,25.16932],[90.68178,25.16961],[90.68551,25.17224],[90.68557,25.17399],[90.68617,25.17427],[90.68571,25.17447],[90.681,25.17232],[90.67965,25.17214],[90.6796,25.1726],[90.67881,25.17219],[90.6788,25.1726],[90.67714,25.1723],[90.6767,25.17284],[90.67543,25.17298],[90.67515,25.17249],[90.6746,25.17262],[90.67485,25.17412],[90.67636,25.17617],[90.67458,25.1765],[90.67216,25.17201],[90.67238,25.17063],[90.67183,25.16867],[90.67051,25.16874],[90.66995,25.16626],[90.66909,25.16679],[90.66775,25.16592],[90.66737,25.1665],[90.66601,25.1658],[90.66571,25.16775],[90.66617,25.16772],[90.66599,25.169],[90.66656,25.16901],[90.66655,25.1695],[90.66567,25.16964],[90.66611,25.17062],[90.66555,25.17118],[90.66575,25.17188],[90.66381,25.17286],[90.66461,25.17403],[90.66515,25.17627],[90.6636,25.17743],[90.66341,25.17881],[90.66439,25.18072],[90.6647,25.18029],[90.66545,25.18073],[90.66501,25.18417],[90.6648,25.18534],[90.66277,25.18555],[90.66379,25.18833],[90.66289,25.18976],[90.66319,25.19101],[90.66255,25.19158],[90.66363,25.19238],[90.66412,25.19495],[90.66513,25.19633],[90.66342,25.19785],[90.66235,25.1937],[90.66095,25.19168],[90.66079,25.18974],[90.66122,25.18904],[90.66001,25.1878],[90.65932,25.18603],[90.65695,25.18476],[90.65238,25.19224],[90.64884,25.19488],[90.64765,25.19409],[90.65041,25.19202],[90.65256,25.18859],[90.65139,25.1881],[90.65238,25.18687],[90.6514,25.18509],[90.65114,25.18202],[90.64874,25.18064],[90.64677,25.18115],[90.64599,25.18083],[90.64551,25.1819],[90.64385,25.18184],[90.64344,25.18205],[90.64361,25.18269],[90.64035,25.18359],[90.63879,25.18008],[90.64058,25.17871],[90.64189,25.17667],[90.6419,25.17481],[90.64094,25.17453],[90.63666,25.17504],[90.63456,25.17603],[90.63205,25.17355],[90.62724,25.17322],[90.62705,25.17222],[90.62607,25.17376],[90.62518,25.17414],[90.62208,25.1738],[90.62042,25.1744],[90.61986,25.17312],[90.61873,25.17291],[90.61826,25.17342],[90.61828,25.17254],[90.61683,25.17426],[90.61648,25.17737],[90.61565,25.17747],[90.61526,25.17695],[90.61388,25.17367],[90.61267,25.17698],[90.61092,25.17751],[90.61085,25.17818],[90.61052,25.17775],[90.61,25.17788],[90.60939,25.17911],[90.60892,25.17786],[90.60834,25.17757],[90.60827,25.17821],[90.60781,25.1781],[90.60803,25.17712],[90.60736,25.17614],[90.60472,25.17638],[90.60468,25.17463],[90.60429,25.17533],[90.6036,25.17472],[90.60254,25.17522],[90.6,25.17538],[90.59939,25.17654],[90.59385,25.17615],[90.59355,25.17514],[90.59134,25.17585],[90.58914,25.17519],[90.58868,25.17652],[90.58787,25.17651],[90.58617,25.17448],[90.58624,25.17349],[90.58455,25.17403],[90.58326,25.17328],[90.58274,25.17482],[90.58233,25.17472],[90.58209,25.1736],[90.58141,25.17455],[90.58106,25.17455],[90.58109,25.17375],[90.57895,25.17476],[90.57756,25.17336],[90.57679,25.17175],[90.57598,25.17164],[90.57434,25.17185],[90.57308,25.17315],[90.56977,25.1736],[90.56474,25.17335],[90.56409,25.17143],[90.56266,25.17232],[90.5617,25.17181],[90.55977,25.17354],[90.5586,25.1734],[90.5579,25.17248],[90.55706,25.17317],[90.5563,25.17219],[90.55498,25.17168],[90.55268,25.17306],[90.55134,25.17523],[90.55039,25.17462],[90.54815,25.17463],[90.54716,25.1739],[90.54556,25.1736],[90.54223,25.17481],[90.54105,25.17463],[90.53803,25.17528],[90.5353,25.17331],[90.53405,25.17376],[90.53324,25.17335],[90.52595,25.17382],[90.51866,25.17219],[90.50864,25.17535],[90.50954,25.17263],[90.50986,25.16942],[90.5089,25.17001],[90.507,25.16968],[90.50234,25.17168],[90.49905,25.17217],[90.49926,25.1686],[90.48851,25.16411],[90.48588,25.16107],[90.4774,25.15852],[90.47545,25.15841],[90.46978,25.15617],[90.46372,25.15469],[90.46355,25.1542],[90.45683,25.1528],[90.45085,25.15239],[90.44942,25.14662],[90.44639,25.14478],[90.44108,25.14451],[90.43591,25.14672],[90.42335,25.14976],[90.42202,25.15066],[90.42058,25.15055],[90.4194,25.15113],[90.41873,25.15058],[90.41889,25.15154],[90.41371,25.15361],[90.40712,25.15889],[90.40448,25.15995],[90.40022,25.15898],[90.3889,25.16129],[90.37953,25.16122],[90.37046,25.16284],[90.36529,25.16725],[90.35406,25.17337],[90.34676,25.17834],[90.34143,25.18302],[90.33674,25.18948],[90.33024,25.19382],[90.32606,25.19327],[90.32339,25.19215],[90.31665,25.19286],[90.31043,25.18877],[90.30386,25.19073],[90.30229,25.19056],[90.29568,25.19204],[90.28655,25.19568],[90.28388,25.19584],[90.28308,25.19578],[90.28291,25.19526],[90.28251,25.19563],[90.28159,25.19531],[90.27198,25.19788],[90.26814,25.19841],[90.26406,25.19625],[90.25999,25.19711],[90.2555,25.19979],[90.25354,25.20025],[90.25007,25.19998],[90.25136,25.20168],[90.2532,25.20892],[90.25296,25.21174],[90.24671,25.21987],[90.2439,25.22558],[90.2429,25.22643],[90.23973,25.22724],[90.23636,25.22364],[90.23539,25.22324],[90.23463,25.22358],[90.23402,25.22689],[90.23451,25.22927],[90.23597,25.23095],[90.23774,25.23155],[90.24069,25.23183],[90.2527,25.23106],[90.25784,25.23273],[90.2598,25.23418],[90.25987,25.23473],[90.25582,25.23682],[90.25429,25.23838],[90.25434,25.23978],[90.25587,25.24058],[90.25807,25.24068],[90.26136,25.23972],[90.26499,25.23728],[90.26732,25.23748],[90.2683,25.23873],[90.2684,25.24004],[90.26793,25.24151],[90.26663,25.24315],[90.26827,25.2453],[90.27225,25.24847],[90.27002,25.25616],[90.2707,25.26069],[90.27155,25.26263],[90.27312,25.26447],[90.27817,25.26858],[90.27925,25.26837],[90.28107,25.26573],[90.28233,25.26514],[90.28422,25.26555],[90.28514,25.26674],[90.28483,25.26797],[90.28226,25.27006],[90.27273,25.2734],[90.27232,25.27402],[90.27262,25.27486],[90.27686,25.27611],[90.27682,25.27671],[90.27536,25.27805],[90.27208,25.27937],[90.26738,25.28005],[90.26659,25.28104],[90.26877,25.28601],[90.26911,25.28833],[90.26889,25.29895],[90.26758,25.30267],[90.27005,25.30449],[90.27147,25.30811],[90.27014,25.3123],[90.27531,25.31402],[90.27881,25.31359],[90.28214,25.31174],[90.28562,25.31327],[90.28694,25.31448],[90.2868,25.31538],[90.28129,25.31824],[90.28097,25.31955],[90.28231,25.32003],[90.28971,25.3196],[90.29335,25.32103],[90.29418,25.32247],[90.29375,25.32327],[90.28822,25.32568],[90.28781,25.3265],[90.29162,25.32919],[90.2922,25.33058],[90.29239,25.33333],[90.29413,25.33444],[90.29505,25.33666],[90.29595,25.33689],[90.29759,25.33636],[90.29853,25.33787],[90.29933,25.33777],[90.30044,25.33634],[90.30458,25.3376],[90.3058,25.33675],[90.30748,25.33421],[90.30821,25.33398],[90.3089,25.3347],[90.30904,25.33758],[90.30835,25.33919],[90.30855,25.34317],[90.31171,25.34414],[90.31555,25.34616],[90.31396,25.34756],[90.31517,25.34914],[90.31603,25.35185],[90.3182,25.35228],[90.32324,25.35054],[90.3259,25.35043],[90.3287,25.35264],[90.32857,25.35569],[90.3296,25.35684],[90.33383,25.35754],[90.33548,25.35831],[90.33725,25.35797],[90.33812,25.35955],[90.34079,25.36147],[90.34113,25.36338],[90.34353,25.36374],[90.34368,25.36598],[90.3407,25.37321],[90.33668,25.37792],[90.3331,25.38072],[90.33324,25.3816],[90.33585,25.38404],[90.33621,25.38548],[90.3315,25.39008],[90.33225,25.39102],[90.33499,25.39144],[90.33496,25.39383],[90.33589,25.39492],[90.33822,25.39623],[90.33845,25.39889],[90.33735,25.40108],[90.33771,25.40384],[90.34182,25.40437],[90.34104,25.40727],[90.33939,25.40951],[90.33804,25.40963],[90.33569,25.40906],[90.33456,25.41122],[90.33511,25.41162],[90.33713,25.41155],[90.33788,25.4123],[90.33975,25.4127],[90.34136,25.41435],[90.34194,25.41594],[90.34711,25.42014],[90.34607,25.42204],[90.34472,25.42296],[90.34416,25.42433],[90.34377,25.42787],[90.34445,25.43159],[90.34336,25.43428],[90.34494,25.43992],[90.34228,25.44801],[90.3418,25.45106],[90.34009,25.45408],[90.33965,25.4573],[90.34273,25.45698],[90.34425,25.45728],[90.34795,25.46065],[90.349,25.46083],[90.35284,25.459],[90.3561,25.45879],[90.36024,25.457],[90.36387,25.45723],[90.36768,25.45684],[90.37251,25.45858],[90.38011,25.45908],[90.38261,25.45831],[90.38545,25.45609],[90.38664,25.45603],[90.39093,25.4579],[90.39519,25.45754],[90.39776,25.45806],[90.40358,25.4604],[90.40571,25.45918],[90.40803,25.45562],[90.40954,25.45465],[90.41473,25.45714],[90.41693,25.45969],[90.41981,25.45927],[90.42307,25.45985],[90.42697,25.45954],[90.44149,25.46102],[90.44691,25.45823],[90.45277,25.45774],[90.45579,25.45629],[90.46178,25.45489],[90.46443,25.45284],[90.46787,25.4527],[90.47008,25.45166],[90.47283,25.45155],[90.47789,25.44841],[90.4787,25.44834],[90.48101,25.44934],[90.48978,25.44543],[90.49142,25.44529],[90.49331,25.44408],[90.49821,25.44386],[90.4993,25.44345],[90.50341,25.44067],[90.50568,25.43855],[90.51008,25.43275],[90.5167,25.42989],[90.51922,25.42969],[90.52164,25.4301],[90.52394,25.42955],[90.52616,25.43158],[90.5291,25.43031],[90.53435,25.43131],[90.53567,25.43076],[90.53661,25.42953],[90.54005,25.4297],[90.54136,25.42853],[90.54243,25.4287],[90.54377,25.42779],[90.54472,25.42799],[90.54656,25.42692],[90.54843,25.42684],[90.54969,25.42508],[90.55097,25.42544],[90.55122,25.42688],[90.55356,25.42845],[90.55515,25.42771],[90.55923,25.42776],[90.56075,25.42678],[90.56176,25.42783],[90.56493,25.42763],[90.56942,25.42508],[90.57027,25.42514],[90.5719,25.42639],[90.57714,25.42627],[90.57984,25.42545],[90.58628,25.42533],[90.58857,25.42474],[90.58968,25.42524],[90.59686,25.42269],[90.59839,25.42093],[90.59912,25.42123],[90.60001,25.42258],[90.60549,25.42212],[90.60835,25.42324],[90.6132,25.42118],[90.61545,25.42116],[90.61662,25.42059],[90.61784,25.42118],[90.62013,25.42058],[90.6224,25.41831],[90.6229,25.42029],[90.62345,25.42069],[90.62775,25.42012],[90.62926,25.42102],[90.63088,25.42282],[90.63544,25.42364],[90.63618,25.42421],[90.63914,25.42488],[90.64084,25.42603],[90.64138,25.42761],[90.64005,25.42952],[90.63991,25.43198],[90.64054,25.43374],[90.64163,25.43404],[90.64258,25.43374],[90.64617,25.43625],[90.64753,25.43804],[90.64832,25.4404],[90.6504,25.44126],[90.65325,25.4436],[90.65714,25.44587],[90.65875,25.44938],[90.66082,25.4503],[90.66146,25.45106],[90.66188,25.45267],[90.66116,25.4538],[90.66135,25.45524],[90.66418,25.45483],[90.66554,25.45551],[90.66816,25.46093],[90.67336,25.46491],[90.67597,25.47277],[90.67901,25.47552],[90.67807,25.47837],[90.67834,25.47995],[90.6817,25.4845],[90.68475,25.48722],[90.6872,25.4902],[90.68867,25.4914],[90.69311,25.49213],[90.69639,25.49254],[90.70069,25.49134],[90.7062,25.49264],[90.71089,25.50666],[90.72043,25.51826],[90.72321,25.521],[90.72968,25.53139],[90.73868,25.53953],[90.74484,25.54397],[90.74702,25.54468],[90.7503,25.54689],[90.75375,25.54838],[90.76104,25.55032],[90.76676,25.54834],[90.76732,25.54726],[90.7662,25.54542],[90.76602,25.54389],[90.76796,25.54296],[90.76898,25.54088],[90.7701,25.54004],[90.77473,25.53896],[90.77647,25.53615],[90.77963,25.53273],[90.77989,25.52909],[90.77889,25.52347],[90.7815,25.52179],[90.78318,25.51867],[90.78563,25.51707],[90.78523,25.51643],[90.7811,25.51507],[90.78056,25.51449],[90.78098,25.51369]]]}},{"id":"6","type":"Feature","properties":{"state":"MEGHALAYA","state_lgd":"17","district":"SOUTH WEST G>RO HILLS","district_lgd":"660"},"geometry":{"type":"Polygon","coordinates":[[[90.03342,25.60393],[90.04444,25.60211],[90.05818,25.59844],[90.08422,25.58657],[90.09348,25.57907],[90.0947,25.57263],[90.10182,25.56581],[90.10575,25.56127],[90.11407,25.56096],[90.11591,25.56391],[90.118,25.56495],[90.12161,25.5637],[90.12375,25.56065],[90.12491,25.55756],[90.12136,25.55188],[90.11789,25.54782],[90.11815,25.54246],[90.12097,25.53148],[90.12571,25.53437],[90.12842,25.53376],[90.13016,25.5345],[90.13012,25.53521],[90.12888,25.5362],[90.1252,25.537],[90.12662,25.5391],[90.12784,25.53887],[90.1304,25.5374],[90.13459,25.53968],[90.13572,25.53976],[90.13771,25.53711],[90.13905,25.53727],[90.13936,25.53892],[90.13803,25.54139],[90.13707,25.54523],[90.14115,25.55373],[90.14281,25.55319],[90.14524,25.55004],[90.14735,25.54853],[90.14765,25.54532],[90.14812,25.54487],[90.1528,25.54606],[90.15562,25.54991],[90.1584,25.5497],[90.16061,25.54813],[90.1603,25.545],[90.16223,25.54461],[90.16226,25.54176],[90.16331,25.53963],[90.16234,25.53812],[90.16176,25.53959],[90.15982,25.54077],[90.15892,25.54078],[90.1593,25.53946],[90.15782,25.53945],[90.15752,25.5389],[90.15817,25.53748],[90.1597,25.53672],[90.15748,25.53628],[90.1561,25.53511],[90.15734,25.5346],[90.15814,25.53352],[90.15988,25.53391],[90.16089,25.53315],[90.1614,25.53463],[90.16216,25.53364],[90.16202,25.53039],[90.16161,25.53027],[90.161,25.53156],[90.16039,25.53117],[90.1607,25.52778],[90.15954,25.52622],[90.16071,25.52588],[90.15912,25.52471],[90.15999,25.52359],[90.1585,25.52283],[90.15856,25.52176],[90.15978,25.52103],[90.15897,25.52059],[90.15758,25.51846],[90.15842,25.51679],[90.16111,25.5146],[90.16143,25.51267],[90.16135,25.51124],[90.15999,25.5096],[90.15952,25.50807],[90.15939,25.5065],[90.16011,25.50422],[90.15897,25.50205],[90.1597,25.50056],[90.15925,25.49875],[90.15802,25.49736],[90.15845,25.49516],[90.15762,25.49367],[90.15746,25.49053],[90.15483,25.48887],[90.15287,25.48876],[90.15119,25.4878],[90.15595,25.48693],[90.15737,25.48484],[90.15928,25.48532],[90.1602,25.48491],[90.16069,25.48395],[90.16007,25.48205],[90.16083,25.48116],[90.16291,25.48044],[90.16405,25.4756],[90.16105,25.47039],[90.15963,25.46882],[90.15988,25.46529],[90.15877,25.45808],[90.15665,25.45388],[90.15524,25.45308],[90.15535,25.45066],[90.15481,25.44906],[90.15344,25.44774],[90.15336,25.44715],[90.15462,25.44624],[90.15466,25.44555],[90.15215,25.44291],[90.15307,25.44236],[90.15284,25.44123],[90.15199,25.44075],[90.15206,25.44036],[90.15342,25.44025],[90.15496,25.44114],[90.15563,25.44024],[90.1571,25.44016],[90.15772,25.43872],[90.15668,25.43782],[90.1529,25.43167],[90.15219,25.42714],[90.14679,25.42086],[90.14751,25.42005],[90.14859,25.41996],[90.14958,25.41916],[90.151,25.41723],[90.15008,25.41678],[90.15053,25.41621],[90.14951,25.41541],[90.14945,25.41452],[90.15051,25.41158],[90.15117,25.41133],[90.15107,25.41036],[90.14961,25.41078],[90.15033,25.40886],[90.14971,25.40823],[90.14831,25.40907],[90.14832,25.40811],[90.14924,25.40727],[90.14768,25.40638],[90.14663,25.40456],[90.14778,25.40155],[90.14767,25.39821],[90.14871,25.39572],[90.14938,25.39542],[90.15158,25.39621],[90.15407,25.39352],[90.1542,25.39122],[90.15574,25.389],[90.1553,25.38783],[90.15262,25.3858],[90.15259,25.38371],[90.15192,25.3828],[90.15146,25.37984],[90.15033,25.3791],[90.14978,25.37801],[90.14822,25.37786],[90.14682,25.3761],[90.11272,25.36766],[90.11133,25.36781],[90.10889,25.36718],[90.10794,25.36762],[90.10667,25.36605],[90.10559,25.36638],[90.10469,25.36583],[90.05549,25.35506],[90.01872,25.35073],[90.01651,25.34825],[90.01509,25.3476],[90.0162,25.34525],[90.01432,25.34129],[90.0163,25.34032],[90.01661,25.33969],[90.01362,25.33893],[90.00987,25.33686],[90.00998,25.3351],[90.00913,25.33294],[90.01033,25.33159],[90.00983,25.3308],[90.00758,25.33009],[90.00652,25.32867],[90.00437,25.32804],[89.98034,25.3246],[89.97835,25.32285],[89.97721,25.3205],[89.97908,25.31717],[89.98062,25.31704],[89.96642,25.30396],[89.96665,25.30369],[89.96437,25.30259],[89.96396,25.30188],[89.9597,25.30242],[89.9545,25.301],[89.95082,25.29663],[89.94924,25.29271],[89.94695,25.29472],[89.94679,25.29715],[89.94588,25.29921],[89.94567,25.30286],[89.94392,25.30436],[89.93903,25.29904],[89.93509,25.29991],[89.93397,25.30074],[89.9271,25.30133],[89.92353,25.30428],[89.91902,25.30465],[89.9168,25.30542],[89.91455,25.30703],[89.90916,25.3081],[89.90657,25.3076],[89.90293,25.30567],[89.89998,25.30528],[89.89809,25.30283],[89.89694,25.30215],[89.89537,25.29919],[89.89432,25.29867],[89.89404,25.29803],[89.89263,25.29808],[89.8921,25.29491],[89.89009,25.29196],[89.88695,25.29164],[89.88519,25.28798],[89.88337,25.28777],[89.88217,25.28662],[89.8766,25.28533],[89.87531,25.28543],[89.87265,25.2867],[89.86954,25.28677],[89.8632,25.2879],[89.86196,25.28725],[89.86008,25.28724],[89.85931,25.28602],[89.85686,25.28664],[89.85672,25.28739],[89.85506,25.28783],[89.85397,25.28942],[89.84857,25.28938],[89.84831,25.29086],[89.84615,25.29096],[89.8461,25.29169],[89.84496,25.29194],[89.84478,25.29242],[89.83842,25.29317],[89.83757,25.29456],[89.83482,25.29463],[89.83118,25.29603],[89.83649,25.30063],[89.83769,25.30236],[89.83727,25.30532],[89.83902,25.30692],[89.84161,25.30815],[89.84087,25.30939],[89.8414,25.31479],[89.84017,25.31809],[89.84052,25.31893],[89.83831,25.32342],[89.83211,25.33243],[89.8268,25.34676],[89.8252,25.34654],[89.8233,25.34823],[89.82144,25.35552],[89.8209,25.36328],[89.82125,25.37424],[89.82006,25.37731],[89.81959,25.38038],[89.82046,25.38395],[89.82341,25.38875],[89.82449,25.39549],[89.82645,25.3993],[89.82707,25.40154],[89.82735,25.40622],[89.82599,25.40655],[89.8254,25.40769],[89.82543,25.41335],[89.82805,25.42096],[89.82892,25.42668],[89.83149,25.43326],[89.83272,25.43875],[89.83739,25.4475],[89.84301,25.45646],[89.84802,25.46233],[89.85149,25.46549],[89.85448,25.46735],[89.85654,25.46776],[89.86543,25.47169],[89.87089,25.47585],[89.87169,25.47735],[89.87115,25.47926],[89.87197,25.4819],[89.87228,25.48594],[89.8739,25.48794],[89.87623,25.49269],[89.87669,25.4955],[89.87628,25.49663],[89.87639,25.49999],[89.87681,25.5008],[89.87592,25.50123],[89.87567,25.50385],[89.8744,25.5049],[89.87418,25.50631],[89.87287,25.50742],[89.87741,25.5074],[89.88088,25.50682],[89.88553,25.50751],[89.88594,25.50792],[89.88411,25.51424],[89.8807,25.51674],[89.88075,25.51721],[89.88336,25.51838],[89.88349,25.51911],[89.87995,25.518],[89.87734,25.51962],[89.87435,25.51804],[89.87335,25.51689],[89.87347,25.51945],[89.87307,25.51961],[89.87174,25.51853],[89.87127,25.5197],[89.87149,25.52192],[89.86883,25.52149],[89.86794,25.52424],[89.86761,25.52726],[89.86808,25.52987],[89.87607,25.53652],[89.87883,25.5377],[89.87747,25.54007],[89.87555,25.54157],[89.87495,25.54373],[89.87508,25.54476],[89.8764,25.54557],[89.87717,25.54899],[89.88117,25.55242],[89.8853,25.55499],[89.88659,25.55528],[89.89011,25.55498],[89.89191,25.55557],[89.89674,25.55808],[89.89782,25.55997],[89.89865,25.56051],[89.89988,25.56046],[89.90058,25.55902],[89.90157,25.55894],[89.90326,25.55964],[89.90501,25.55965],[89.90747,25.56135],[89.90853,25.56133],[89.90901,25.56047],[89.90959,25.56045],[89.91035,25.56197],[89.91225,25.56317],[89.92448,25.56452],[89.92857,25.56414],[89.93687,25.5644],[89.93955,25.56731],[89.94106,25.56826],[89.94717,25.57045],[89.9538,25.57079],[89.95723,25.57222],[89.95913,25.57389],[89.9605,25.57445],[89.96516,25.57364],[89.96802,25.57419],[89.97,25.57328],[89.97216,25.57349],[89.97542,25.57611],[89.97854,25.58696],[89.9828,25.59094],[89.98536,25.5917],[89.98771,25.59155],[89.99183,25.58933],[89.99551,25.58627],[89.99739,25.58591],[90.0017,25.60121],[90.00458,25.59944],[90.00879,25.60032],[90.01253,25.60047],[90.01552,25.60186],[90.01843,25.60139],[90.0193,25.6045],[90.02048,25.60399],[90.02458,25.60396],[90.02811,25.60474],[90.02887,25.6054],[90.03342,25.60393]]]}},{"id":"7","type":"Feature","properties":{"state":"MEGHALAYA","state_lgd":"17","district":"WEST G>RO HILLS","district_lgd":"293"},"geometry":{"type":"Polygon","coordinates":[[[90.40193,26.0092],[90.40806,26.00417],[90.41029,26.00466],[90.41137,26.00447],[90.41235,26.00202],[90.4117,26.00055],[90.41523,25.99883],[90.41636,25.99716],[90.41572,25.99426],[90.4163,25.99188],[90.41694,25.99133],[90.4205,25.99073],[90.42195,25.98941],[90.42374,25.98888],[90.4233,25.98747],[90.42422,25.98669],[90.42511,25.9832],[90.42495,25.98187],[90.42561,25.98086],[90.4242,25.98018],[90.42378,25.97901],[90.42219,25.97772],[90.42158,25.97427],[90.42327,25.97332],[90.422,25.97137],[90.42124,25.97133],[90.42072,25.97068],[90.4214,25.96898],[90.42042,25.96799],[90.41842,25.96734],[90.41852,25.9657],[90.42006,25.96534],[90.42,25.96426],[90.41943,25.96389],[90.41774,25.96419],[90.41772,25.96257],[90.41649,25.96341],[90.41599,25.96302],[90.41343,25.96287],[90.41289,25.96183],[90.41167,25.96136],[90.41068,25.95995],[90.4124,25.95741],[90.41127,25.95672],[90.41141,25.95601],[90.41094,25.95586],[90.41038,25.95414],[90.41165,25.95375],[90.41216,25.95191],[90.41352,25.95206],[90.41347,25.95144],[90.41157,25.95064],[90.41088,25.94834],[90.41283,25.94701],[90.41282,25.94488],[90.41067,25.94402],[90.41159,25.94219],[90.41339,25.94197],[90.41274,25.93752],[90.40998,25.93641],[90.40853,25.93475],[90.40687,25.93465],[90.40625,25.93177],[90.40749,25.93068],[90.40703,25.9292],[90.40808,25.92808],[90.40615,25.92751],[90.40567,25.92663],[90.40413,25.92578],[90.40298,25.92556],[90.40287,25.92646],[90.40204,25.92649],[90.40011,25.92449],[90.39984,25.92268],[90.39863,25.92117],[90.39892,25.92037],[90.39844,25.91727],[90.39649,25.91506],[90.39617,25.9124],[90.39435,25.90985],[90.3937,25.90703],[90.39478,25.90504],[90.39395,25.90247],[90.39102,25.90004],[90.39065,25.8992],[90.39089,25.89546],[90.38996,25.89434],[90.38979,25.89271],[90.38842,25.89086],[90.3874,25.88491],[90.38701,25.86777],[90.38593,25.86777],[90.38563,25.86729],[90.38758,25.865],[90.38686,25.86196],[90.38734,25.86016],[90.38903,25.85878],[90.38923,25.85446],[90.38884,25.85234],[90.39007,25.84977],[90.39119,25.84493],[90.38962,25.84275],[90.38969,25.8419],[90.35219,25.83501],[90.34612,25.82761],[90.34631,25.82238],[90.35242,25.81741],[90.36202,25.81426],[90.38377,25.81156],[90.39362,25.7985],[90.4048,25.78489],[90.41051,25.7742],[90.41539,25.76749],[90.41539,25.76714],[90.41428,25.76685],[90.41394,25.76313],[90.41055,25.76147],[90.41067,25.76037],[90.41172,25.7603],[90.41192,25.75988],[90.41131,25.75857],[90.40897,25.7575],[90.40819,25.75527],[90.40898,25.75343],[90.40851,25.75136],[90.40288,25.74656],[90.40137,25.7412],[90.3989,25.73976],[90.39664,25.74008],[90.39733,25.73804],[90.39989,25.73626],[90.39836,25.73407],[90.39881,25.73045],[90.40236,25.72845],[90.40449,25.72674],[90.40575,25.72502],[90.40668,25.72215],[90.40717,25.71804],[90.40696,25.71622],[90.40515,25.71271],[90.40546,25.70903],[90.40663,25.70649],[90.4086,25.70386],[90.41114,25.70268],[90.41027,25.70184],[90.41026,25.70101],[90.41174,25.69806],[90.41365,25.69602],[90.41367,25.69421],[90.413,25.69301],[90.41151,25.68437],[90.40853,25.68117],[90.40737,25.67382],[90.40747,25.6726],[90.40836,25.67166],[90.40895,25.66948],[90.41201,25.66652],[90.41238,25.65993],[90.41363,25.65865],[90.41381,25.65702],[90.41275,25.65656],[90.41259,25.65403],[90.40998,25.65483],[90.40832,25.65416],[90.40373,25.6539],[90.40347,25.65224],[90.40062,25.64999],[90.39747,25.64911],[90.39686,25.64725],[90.3946,25.64386],[90.39391,25.64315],[90.3924,25.64273],[90.392,25.64197],[90.39256,25.63935],[90.39385,25.63788],[90.3941,25.6365],[90.39674,25.63397],[90.39636,25.63251],[90.39814,25.63093],[90.39605,25.627],[90.39391,25.62533],[90.39033,25.6243],[90.38757,25.6208],[90.38892,25.61956],[90.39042,25.6171],[90.39113,25.61429],[90.38979,25.61143],[90.38958,25.60865],[90.38653,25.60309],[90.38505,25.59856],[90.38458,25.59381],[90.38518,25.59282],[90.38242,25.5897],[90.38193,25.58778],[90.38265,25.58375],[90.38621,25.57891],[90.38434,25.57484],[90.38529,25.57228],[90.383,25.56933],[90.38346,25.56537],[90.38493,25.56357],[90.38455,25.56246],[90.38545,25.56109],[90.38959,25.55955],[90.39149,25.55669],[90.3876,25.55245],[90.39023,25.54984],[90.39047,25.54892],[90.38772,25.53824],[90.38723,25.53757],[90.38032,25.53591],[90.37716,25.53271],[90.37444,25.53086],[90.37357,25.52826],[90.37628,25.52471],[90.37543,25.52367],[90.3733,25.52307],[90.37082,25.52351],[90.36982,25.52266],[90.36903,25.51997],[90.36091,25.51713],[90.36008,25.51717],[90.36014,25.5187],[90.35916,25.52093],[90.35661,25.5211],[90.35399,25.51978],[90.35314,25.51803],[90.34933,25.51567],[90.34892,25.51417],[90.34662,25.51272],[90.33698,25.50038],[90.33702,25.49867],[90.33432,25.49236],[90.33071,25.49168],[90.32814,25.48829],[90.32551,25.48587],[90.32469,25.4847],[90.32447,25.48253],[90.32362,25.48091],[90.32156,25.47942],[90.32089,25.47664],[90.31833,25.47536],[90.31584,25.47104],[90.31605,25.46922],[90.31791,25.46712],[90.31992,25.46281],[90.32091,25.46173],[90.32425,25.46159],[90.32549,25.46114],[90.33196,25.45667],[90.33965,25.4573],[90.34009,25.45408],[90.3418,25.45106],[90.34228,25.44801],[90.34494,25.43992],[90.34336,25.43428],[90.34445,25.43159],[90.34386,25.4262],[90.34448,25.42335],[90.34607,25.42204],[90.34711,25.42014],[90.34194,25.41594],[90.34136,25.41435],[90.33975,25.4127],[90.33788,25.4123],[90.33713,25.41155],[90.33511,25.41162],[90.33456,25.41122],[90.33569,25.40906],[90.33804,25.40963],[90.33939,25.40951],[90.34104,25.40727],[90.34182,25.40437],[90.33771,25.40384],[90.33735,25.40108],[90.33845,25.39889],[90.33822,25.39623],[90.33589,25.39492],[90.33496,25.39383],[90.33499,25.39144],[90.33225,25.39102],[90.3315,25.39008],[90.33621,25.38548],[90.33585,25.38404],[90.33324,25.3816],[90.3331,25.38072],[90.33668,25.37792],[90.3407,25.37321],[90.34368,25.36598],[90.34353,25.36374],[90.34113,25.36338],[90.34079,25.36147],[90.33812,25.35955],[90.33725,25.35797],[90.33548,25.35831],[90.33383,25.35754],[90.3296,25.35684],[90.32857,25.35569],[90.3287,25.35264],[90.3259,25.35043],[90.32324,25.35054],[90.3182,25.35228],[90.31603,25.35185],[90.31517,25.34914],[90.31396,25.34756],[90.31555,25.34616],[90.31171,25.34414],[90.30855,25.34317],[90.30835,25.33919],[90.30904,25.33758],[90.3089,25.3347],[90.30821,25.33398],[90.30748,25.33421],[90.3058,25.33675],[90.30458,25.3376],[90.30044,25.33634],[90.29933,25.33777],[90.29853,25.33787],[90.29759,25.33636],[90.29595,25.33689],[90.29505,25.33666],[90.29413,25.33444],[90.29239,25.33333],[90.2922,25.33058],[90.29162,25.32919],[90.28781,25.3265],[90.28822,25.32568],[90.29375,25.32327],[90.29418,25.32247],[90.29335,25.32103],[90.28971,25.3196],[90.28231,25.32003],[90.28097,25.31955],[90.28129,25.31824],[90.2868,25.31538],[90.28694,25.31448],[90.28562,25.31327],[90.28214,25.31174],[90.27881,25.31359],[90.27531,25.31402],[90.27014,25.3123],[90.27147,25.30811],[90.27005,25.30449],[90.26758,25.30267],[90.26889,25.29895],[90.26911,25.28833],[90.26877,25.28601],[90.26659,25.28104],[90.26738,25.28005],[90.27208,25.27937],[90.27536,25.27805],[90.27682,25.27671],[90.27686,25.27611],[90.27262,25.27486],[90.27232,25.27402],[90.27273,25.2734],[90.28226,25.27006],[90.28483,25.26797],[90.28514,25.26674],[90.28422,25.26555],[90.28233,25.26514],[90.28107,25.26573],[90.27925,25.26837],[90.27817,25.26858],[90.27312,25.26447],[90.27155,25.26263],[90.2707,25.26069],[90.27002,25.25616],[90.27225,25.24847],[90.26827,25.2453],[90.26663,25.24315],[90.26793,25.24151],[90.2684,25.24004],[90.2683,25.23873],[90.26732,25.23748],[90.26499,25.23728],[90.26136,25.23972],[90.25807,25.24068],[90.25587,25.24058],[90.25434,25.23978],[90.25429,25.23838],[90.25582,25.23682],[90.25987,25.23473],[90.2598,25.23418],[90.25784,25.23273],[90.2527,25.23106],[90.24069,25.23183],[90.23774,25.23155],[90.23597,25.23095],[90.23451,25.22927],[90.23402,25.22689],[90.23463,25.22358],[90.23539,25.22324],[90.23636,25.22364],[90.23973,25.22724],[90.2429,25.22643],[90.2439,25.22558],[90.24671,25.21987],[90.25296,25.21174],[90.2532,25.20892],[90.25136,25.20168],[90.25007,25.19998],[90.24829,25.20036],[90.24339,25.20279],[90.23399,25.2049],[90.22867,25.20329],[90.22553,25.20047],[90.22356,25.20156],[90.2233,25.20345],[90.21942,25.20666],[90.21874,25.20604],[90.21652,25.20633],[90.21609,25.20531],[90.21521,25.20539],[90.20936,25.20815],[90.20789,25.21021],[90.19595,25.21103],[90.19237,25.21332],[90.19196,25.21506],[90.18803,25.21512],[90.17147,25.22306],[90.16318,25.22327],[90.15802,25.22398],[90.13715,25.22447],[90.12813,25.22563],[90.1215,25.22509],[90.12109,25.22433],[90.11811,25.22346],[90.11236,25.22539],[90.10535,25.22925],[90.10044,25.233],[90.09926,25.23464],[90.09722,25.23535],[90.09426,25.23733],[90.08974,25.23895],[90.08566,25.23932],[90.0813,25.24037],[90.07414,25.24395],[90.06939,25.24819],[90.06213,25.2525],[90.05954,25.25464],[90.05639,25.26042],[90.05452,25.26136],[90.04672,25.26063],[90.04405,25.2611],[90.03745,25.26121],[90.03376,25.26226],[90.03151,25.26398],[90.02778,25.26553],[90.02143,25.26911],[90.01938,25.27203],[90.00943,25.27641],[90.00422,25.28055],[89.99882,25.27804],[89.99771,25.27698],[89.996,25.27664],[89.98563,25.28012],[89.98076,25.28085],[89.98038,25.29068],[89.97708,25.29679],[89.96642,25.30396],[89.98062,25.31704],[89.97908,25.31717],[89.97721,25.3205],[89.97835,25.32285],[89.98034,25.3246],[90.00437,25.32804],[90.00652,25.32867],[90.00758,25.33009],[90.00999,25.33094],[90.01033,25.33159],[90.00913,25.33294],[90.00998,25.3351],[90.00987,25.33686],[90.01362,25.33893],[90.01661,25.33969],[90.0163,25.34032],[90.01432,25.34129],[90.0162,25.34525],[90.01509,25.3476],[90.01651,25.34825],[90.01872,25.35073],[90.05549,25.35506],[90.10469,25.36583],[90.10559,25.36638],[90.10667,25.36605],[90.10794,25.36762],[90.10889,25.36718],[90.11133,25.36781],[90.11272,25.36766],[90.14682,25.3761],[90.14822,25.37786],[90.14978,25.37801],[90.15033,25.3791],[90.15146,25.37984],[90.15192,25.3828],[90.15259,25.38371],[90.15262,25.3858],[90.1553,25.38783],[90.15574,25.389],[90.1542,25.39122],[90.15407,25.39352],[90.15158,25.39621],[90.14938,25.39542],[90.14871,25.39572],[90.14767,25.39821],[90.14778,25.40155],[90.14663,25.40456],[90.14768,25.40638],[90.14924,25.40727],[90.14832,25.40811],[90.14831,25.40907],[90.14971,25.40823],[90.15033,25.40886],[90.14961,25.41078],[90.15107,25.41036],[90.15117,25.41133],[90.15051,25.41158],[90.14945,25.41452],[90.14951,25.41541],[90.15053,25.41621],[90.15008,25.41678],[90.151,25.41723],[90.14958,25.41916],[90.14859,25.41996],[90.14751,25.42005],[90.14679,25.42086],[90.15219,25.42714],[90.1529,25.43167],[90.15668,25.43782],[90.15772,25.43872],[90.1571,25.44016],[90.15563,25.44024],[90.15496,25.44114],[90.15342,25.44025],[90.15206,25.44036],[90.15199,25.44075],[90.15284,25.44123],[90.15307,25.44236],[90.15215,25.44291],[90.15466,25.44555],[90.15462,25.44624],[90.15336,25.44715],[90.15344,25.44774],[90.15481,25.44906],[90.15535,25.45066],[90.15524,25.45308],[90.15665,25.45388],[90.15877,25.45808],[90.15988,25.46529],[90.15963,25.46882],[90.16105,25.47039],[90.16405,25.4756],[90.16291,25.48044],[90.16083,25.48116],[90.16007,25.48205],[90.16069,25.48395],[90.1602,25.48491],[90.15928,25.48532],[90.15737,25.48484],[90.15595,25.48693],[90.15119,25.4878],[90.15287,25.48876],[90.15483,25.48887],[90.15746,25.49053],[90.15762,25.49367],[90.15845,25.49516],[90.15802,25.49736],[90.15925,25.49875],[90.15969,25.50051],[90.15897,25.50205],[90.16011,25.50422],[90.15939,25.5065],[90.15952,25.50807],[90.15999,25.5096],[90.16135,25.51124],[90.16143,25.51267],[90.16111,25.5146],[90.15842,25.51679],[90.15758,25.51846],[90.15897,25.52059],[90.15978,25.52103],[90.15856,25.52176],[90.1585,25.52283],[90.15999,25.52359],[90.15912,25.52471],[90.16071,25.52588],[90.15954,25.52622],[90.1607,25.52778],[90.16039,25.53117],[90.161,25.53156],[90.16161,25.53027],[90.16202,25.53039],[90.16216,25.53364],[90.1614,25.53463],[90.16089,25.53315],[90.15988,25.53391],[90.15814,25.53352],[90.15734,25.5346],[90.1561,25.53511],[90.15748,25.53628],[90.1597,25.53672],[90.15817,25.53748],[90.15752,25.5389],[90.15782,25.53945],[90.1593,25.53946],[90.15892,25.54078],[90.15982,25.54077],[90.16148,25.53978],[90.16209,25.53832],[90.1628,25.53828],[90.16331,25.5398],[90.16226,25.54176],[90.16223,25.54461],[90.1603,25.545],[90.16076,25.54718],[90.16042,25.54841],[90.1584,25.5497],[90.15681,25.55004],[90.15515,25.5497],[90.1528,25.54606],[90.14812,25.54487],[90.14765,25.54532],[90.14735,25.54853],[90.14524,25.55004],[90.14281,25.55319],[90.14115,25.55373],[90.13707,25.54523],[90.13803,25.54139],[90.13936,25.53892],[90.13905,25.53727],[90.13771,25.53711],[90.13572,25.53976],[90.13459,25.53968],[90.1304,25.5374],[90.12784,25.53887],[90.12662,25.5391],[90.1252,25.537],[90.12888,25.5362],[90.13012,25.53521],[90.13016,25.5345],[90.12842,25.53376],[90.12571,25.53437],[90.12097,25.53148],[90.11815,25.54246],[90.11789,25.54782],[90.12136,25.55188],[90.12491,25.55756],[90.12375,25.56065],[90.12161,25.5637],[90.118,25.56495],[90.11591,25.56391],[90.11407,25.56096],[90.10575,25.56127],[90.10182,25.56581],[90.0947,25.57263],[90.09348,25.57907],[90.08422,25.58657],[90.05818,25.59844],[90.04444,25.60211],[90.03342,25.60393],[90.0284,25.60582],[90.02556,25.60565],[90.02415,25.60677],[90.02056,25.60667],[90.01598,25.61029],[90.0145,25.61261],[90.01458,25.6148],[90.01387,25.61583],[90.01299,25.61656],[90.00882,25.61799],[90.00658,25.62023],[90.00722,25.62222],[90.00585,25.62413],[90.00259,25.62419],[89.99932,25.6236],[89.99811,25.62268],[89.99716,25.62261],[89.99543,25.62458],[89.99339,25.62491],[89.99175,25.62408],[89.98581,25.62618],[89.98459,25.62704],[89.98318,25.62679],[89.98278,25.62786],[89.98335,25.63055],[89.98219,25.63156],[89.98116,25.63344],[89.98072,25.63461],[89.98095,25.63575],[89.97916,25.63878],[89.97469,25.64063],[89.97233,25.64207],[89.96919,25.64491],[89.96485,25.6468],[89.96347,25.64786],[89.96293,25.64948],[89.95223,25.65411],[89.94922,25.65717],[89.94674,25.66187],[89.94634,25.66354],[89.94642,25.66468],[89.94718,25.6656],[89.94705,25.66653],[89.94544,25.66788],[89.94744,25.67103],[89.94619,25.67085],[89.94477,25.67244],[89.94342,25.67178],[89.94287,25.67242],[89.94405,25.67385],[89.94469,25.67843],[89.94442,25.67926],[89.94012,25.68456],[89.93908,25.68542],[89.93752,25.68587],[89.93715,25.68667],[89.93746,25.6883],[89.93627,25.68975],[89.93387,25.68966],[89.93314,25.69097],[89.92703,25.69331],[89.92448,25.69383],[89.92358,25.69449],[89.92332,25.69624],[89.92073,25.70025],[89.91871,25.70515],[89.91738,25.70616],[89.91532,25.7066],[89.91348,25.70856],[89.91206,25.71186],[89.90724,25.71652],[89.90693,25.71794],[89.90564,25.71907],[89.90523,25.72181],[89.90322,25.72335],[89.9026,25.72526],[89.90027,25.72557],[89.89913,25.72642],[89.89867,25.72957],[89.89569,25.73155],[89.8944,25.73494],[89.89466,25.73736],[89.89363,25.7397],[89.89443,25.74196],[89.89474,25.74497],[89.89733,25.74667],[89.90006,25.74706],[89.90463,25.74594],[89.91298,25.74197],[89.92428,25.73834],[89.9267,25.73845],[89.92816,25.73904],[89.93174,25.7419],[89.93728,25.74512],[89.93777,25.7457],[89.9378,25.7479],[89.93686,25.75063],[89.93514,25.75302],[89.93563,25.75468],[89.93764,25.75581],[89.94101,25.75531],[89.94489,25.75598],[89.94684,25.7592],[89.94809,25.7601],[89.94885,25.76184],[89.95313,25.76486],[89.95537,25.76838],[89.95728,25.7755],[89.95717,25.77693],[89.95537,25.77807],[89.95872,25.78016],[89.95967,25.78153],[89.95951,25.78279],[89.9557,25.78541],[89.95444,25.78764],[89.95592,25.79325],[89.95478,25.79588],[89.95488,25.79686],[89.95785,25.79994],[89.95856,25.80173],[89.95604,25.80333],[89.95491,25.80537],[89.95499,25.80734],[89.9561,25.8094],[89.9555,25.81157],[89.9541,25.81303],[89.94966,25.81576],[89.9514,25.81766],[89.95183,25.82161],[89.95128,25.82242],[89.94893,25.82343],[89.94845,25.82407],[89.94827,25.82551],[89.94885,25.82643],[89.95009,25.82714],[89.95408,25.82729],[89.95941,25.82991],[89.96027,25.82987],[89.96082,25.82883],[89.96067,25.82784],[89.95494,25.82529],[89.95427,25.82433],[89.95405,25.82277],[89.95538,25.8213],[89.95693,25.82046],[89.95909,25.82039],[89.96058,25.81962],[89.9616,25.8196],[89.96327,25.82176],[89.9661,25.82147],[89.96725,25.82234],[89.96495,25.82694],[89.96363,25.83178],[89.96397,25.83266],[89.96522,25.83287],[89.96615,25.83233],[89.96739,25.82908],[89.96829,25.82805],[89.97116,25.82676],[89.97293,25.82685],[89.9742,25.82829],[89.97771,25.82952],[89.97776,25.83178],[89.97917,25.83446],[89.98039,25.8349],[89.98644,25.83438],[89.99724,25.83707],[89.99777,25.83892],[89.99596,25.84312],[89.99624,25.84375],[90.00689,25.84606],[90.01089,25.84788],[90.01488,25.85079],[90.01685,25.85292],[90.01725,25.85698],[90.02052,25.85911],[90.02108,25.86002],[90.02366,25.86701],[90.02343,25.87005],[90.02133,25.8713],[90.01631,25.87244],[90.01467,25.8722],[90.01293,25.87266],[90.00772,25.87809],[90.00565,25.87908],[90.00735,25.88097],[90.01098,25.88457],[90.01386,25.88506],[90.01544,25.88745],[90.01678,25.88849],[90.0175,25.88999],[90.01902,25.89117],[90.01916,25.89229],[90.02242,25.89369],[90.02452,25.89605],[90.03364,25.89497],[90.03463,25.89409],[90.03364,25.89254],[90.03391,25.89226],[90.03678,25.89121],[90.04137,25.88791],[90.04291,25.88854],[90.04268,25.89036],[90.04321,25.89276],[90.04121,25.89388],[90.04107,25.89439],[90.04297,25.8956],[90.04529,25.8958],[90.04622,25.89639],[90.04697,25.89775],[90.04713,25.89991],[90.04766,25.90034],[90.0508,25.90068],[90.05394,25.90036],[90.055,25.90091],[90.0565,25.90351],[90.05529,25.90553],[90.05544,25.90639],[90.05793,25.90738],[90.0593,25.90946],[90.06203,25.91036],[90.0627,25.91123],[90.0605,25.91283],[90.06025,25.91388],[90.06363,25.91407],[90.06688,25.91343],[90.0699,25.91706],[90.06987,25.91814],[90.07045,25.91855],[90.07287,25.91853],[90.07512,25.91538],[90.07638,25.91521],[90.07754,25.91543],[90.08006,25.91739],[90.08199,25.91827],[90.08643,25.91971],[90.08555,25.92532],[90.08763,25.92564],[90.09075,25.92868],[90.09211,25.92898],[90.09304,25.92829],[90.09404,25.92849],[90.0924,25.93839],[90.0934,25.93861],[90.09721,25.93759],[90.09829,25.93777],[90.10143,25.94047],[90.10081,25.9438],[90.10401,25.94214],[90.10646,25.94268],[90.10454,25.94492],[90.10657,25.94693],[90.1075,25.9497],[90.11169,25.95165],[90.11315,25.95457],[90.11525,25.95575],[90.11598,25.95702],[90.11952,25.95822],[90.12079,25.95698],[90.1192,25.955],[90.11947,25.9546],[90.12419,25.95599],[90.12682,25.95628],[90.12931,25.95732],[90.13978,25.9563],[90.13952,25.95701],[90.14033,25.95719],[90.13988,25.95896],[90.14432,25.96032],[90.14883,25.96419],[90.15192,25.9658],[90.15368,25.96423],[90.15528,25.95814],[90.15816,25.95616],[90.16065,25.95657],[90.16242,25.95561],[90.16723,25.95538],[90.1728,25.95796],[90.17568,25.95792],[90.17731,25.95876],[90.1775,25.95728],[90.17671,25.95564],[90.17818,25.95447],[90.17959,25.95113],[90.18042,25.95037],[90.18013,25.94749],[90.18067,25.9466],[90.18059,25.94449],[90.18231,25.94372],[90.18538,25.94391],[90.18612,25.9443],[90.18656,25.94556],[90.18851,25.94686],[90.18887,25.95065],[90.1904,25.95174],[90.19174,25.95535],[90.19412,25.9564],[90.19986,25.95734],[90.20001,25.95927],[90.20196,25.96074],[90.20441,25.96014],[90.20702,25.96047],[90.20945,25.95956],[90.21023,25.95854],[90.21041,25.95689],[90.21158,25.9558],[90.21177,25.95268],[90.21583,25.95263],[90.24725,25.95629],[90.24924,25.95674],[90.25047,25.95758],[90.2702,25.96018],[90.28319,25.96284],[90.3083,25.96966],[90.31886,25.97149],[90.32756,25.97448],[90.33122,25.98283],[90.33182,25.98732],[90.33552,25.98719],[90.34009,25.98834],[90.34096,25.98909],[90.3413,25.99085],[90.34247,25.99301],[90.34289,25.99627],[90.34349,25.99578],[90.34441,25.99583],[90.34495,25.99724],[90.3469,25.99794],[90.34692,26.00052],[90.34947,26.00339],[90.35131,26.00384],[90.3562,26.00643],[90.36292,26.00905],[90.37107,26.01113],[90.37692,26.01136],[90.3826,26.01012],[90.39017,26.01024],[90.39769,26.01206],[90.40193,26.0092]]]}},{"id":"8","type":"Feature","properties":{"state":"MEGHALAYA","state_lgd":"17","district":"WEST JAINTIA HILLS","district_lgd":"299"},"geometry":{"type":"Polygon","coordinates":[[[92.38301,25.7484],[92.38191,25.74636],[92.38137,25.74362],[92.38137,25.74271],[92.38209,25.74192],[92.38405,25.74203],[92.3866,25.74393],[92.38784,25.74415],[92.38982,25.74352],[92.39399,25.7411],[92.39766,25.74045],[92.40142,25.74228],[92.40361,25.74413],[92.40622,25.74467],[92.40803,25.74349],[92.40697,25.74226],[92.40718,25.74187],[92.41384,25.74194],[92.41458,25.73996],[92.41157,25.73782],[92.40912,25.73375],[92.40924,25.73271],[92.41165,25.73003],[92.41286,25.72966],[92.41802,25.72972],[92.42059,25.73078],[92.42205,25.7299],[92.42326,25.73091],[92.42604,25.73183],[92.43118,25.73218],[92.43198,25.73114],[92.43151,25.72874],[92.43294,25.72696],[92.43911,25.72275],[92.44074,25.72244],[92.44225,25.72041],[92.44429,25.7197],[92.44475,25.71717],[92.44602,25.71575],[92.44583,25.71434],[92.44644,25.71218],[92.44751,25.71091],[92.4477,25.70901],[92.44623,25.7078],[92.44399,25.70736],[92.44036,25.70824],[92.43813,25.70628],[92.43795,25.70246],[92.43859,25.7011],[92.43865,25.69755],[92.43804,25.69486],[92.43978,25.69374],[92.44144,25.69045],[92.44343,25.68905],[92.4477,25.68771],[92.45031,25.68529],[92.45301,25.68556],[92.45436,25.68523],[92.45722,25.68407],[92.45894,25.6826],[92.46298,25.68128],[92.46336,25.68054],[92.46307,25.67966],[92.4647,25.67852],[92.46535,25.67664],[92.46706,25.67667],[92.46844,25.67539],[92.47026,25.67527],[92.4972,25.62439],[92.50087,25.62266],[92.50379,25.62272],[92.50609,25.6214],[92.50656,25.62026],[92.50563,25.61631],[92.50948,25.61559],[92.51119,25.61618],[92.51261,25.61775],[92.51507,25.61834],[92.51629,25.61655],[92.51643,25.61506],[92.52736,25.61545],[92.53073,25.61445],[92.53338,25.61495],[92.53585,25.61315],[92.53886,25.61358],[92.53816,25.612],[92.53922,25.61158],[92.5424,25.612],[92.54271,25.61292],[92.54941,25.6135],[92.55266,25.61489],[92.55417,25.6148],[92.5541,25.61303],[92.55565,25.61172],[92.55673,25.61141],[92.55564,25.61028],[92.55548,25.60178],[92.55512,25.60149],[92.55307,25.60287],[92.55217,25.60254],[92.55274,25.60064],[92.55439,25.59957],[92.55332,25.59739],[92.55475,25.59749],[92.55659,25.59648],[92.55624,25.59589],[92.55467,25.59533],[92.55544,25.59302],[92.55432,25.5883],[92.55494,25.58457],[92.55877,25.58012],[92.55622,25.57665],[92.55714,25.57492],[92.55673,25.57096],[92.55788,25.56976],[92.56142,25.56793],[92.56361,25.56618],[92.56767,25.56058],[92.57018,25.55975],[92.572,25.55766],[92.57323,25.55721],[92.57598,25.55851],[92.57918,25.55744],[92.58236,25.55763],[92.58394,25.5531],[92.58407,25.55045],[92.58504,25.55049],[92.5883,25.55233],[92.58996,25.5526],[92.59482,25.55159],[92.59624,25.55293],[92.59729,25.5531],[92.598,25.5542],[92.59998,25.55504],[92.60155,25.55767],[92.60138,25.56126],[92.60188,25.56229],[92.60891,25.56247],[92.61316,25.56322],[92.62141,25.5652],[92.623,25.56623],[92.62671,25.56991],[92.63002,25.57183],[92.633,25.5797],[92.63572,25.58325],[92.64053,25.58714],[92.64164,25.58875],[92.64922,25.59244],[92.65158,25.59193],[92.65334,25.59083],[92.65598,25.58334],[92.65742,25.58133],[92.65865,25.57813],[92.65831,25.57406],[92.65913,25.57303],[92.66146,25.57219],[92.65844,25.57076],[92.65748,25.56975],[92.65679,25.56085],[92.65447,25.5602],[92.65095,25.55811],[92.64746,25.55746],[92.64542,25.55574],[92.64585,25.55428],[92.64305,25.54842],[92.64297,25.54344],[92.64206,25.54158],[92.64299,25.53841],[92.64284,25.53481],[92.63957,25.53285],[92.63776,25.53024],[92.63191,25.52774],[92.62885,25.52485],[92.62769,25.52197],[92.62299,25.51943],[92.6202,25.51606],[92.61845,25.51506],[92.60908,25.51181],[92.60552,25.50884],[92.5999,25.50635],[92.5973,25.50246],[92.59223,25.50169],[92.59109,25.50115],[92.58491,25.49653],[92.57977,25.49436],[92.57331,25.49007],[92.57329,25.48807],[92.57122,25.48459],[92.56774,25.48136],[92.56745,25.47927],[92.56416,25.4738],[92.56418,25.46619],[92.56496,25.46426],[92.56643,25.46335],[92.56605,25.4619],[92.56823,25.45821],[92.5679,25.45632],[92.56712,25.45606],[92.56218,25.4552],[92.5519,25.45828],[92.54947,25.45967],[92.54816,25.45992],[92.5452,25.45771],[92.54425,25.45191],[92.54303,25.45067],[92.53666,25.45292],[92.53616,25.45431],[92.53651,25.45745],[92.53253,25.46315],[92.52877,25.46195],[92.52374,25.46444],[92.51792,25.46461],[92.51568,25.46579],[92.51389,25.46605],[92.51198,25.46445],[92.50758,25.46272],[92.50736,25.46071],[92.5049,25.45949],[92.50201,25.4421],[92.50078,25.44357],[92.49872,25.44435],[92.49092,25.44382],[92.48723,25.44292],[92.48604,25.4435],[92.48388,25.44334],[92.48229,25.44478],[92.47806,25.44478],[92.4766,25.44274],[92.47079,25.44132],[92.46885,25.44026],[92.46686,25.44069],[92.46438,25.44022],[92.46236,25.43906],[92.46,25.43918],[92.45713,25.44074],[92.45477,25.44024],[92.45153,25.44188],[92.448,25.44191],[92.43144,25.4384],[92.43044,25.43739],[92.42487,25.43768],[92.42263,25.43723],[92.42165,25.43783],[92.41981,25.43786],[92.4184,25.4362],[92.41761,25.43595],[92.41363,25.43654],[92.40739,25.4361],[92.35091,25.43676],[92.29035,25.45323],[92.26882,25.4508],[92.26456,25.44973],[92.26049,25.44982],[92.26057,25.44832],[92.26224,25.44683],[92.26257,25.4456],[92.25964,25.43995],[92.26003,25.43921],[92.26232,25.43789],[92.26224,25.43592],[92.2639,25.43154],[92.26433,25.42573],[92.26325,25.42351],[92.26091,25.42258],[92.25951,25.42147],[92.2564,25.41644],[92.25672,25.41556],[92.25792,25.41464],[92.25825,25.41285],[92.25993,25.4105],[92.25995,25.40649],[92.25882,25.4057],[92.25507,25.40537],[92.25461,25.4035],[92.25295,25.40123],[92.25331,25.39848],[92.25241,25.3973],[92.25259,25.39578],[92.2516,25.39217],[92.24875,25.38864],[92.24636,25.38772],[92.24457,25.38115],[92.2422,25.37993],[92.23431,25.37927],[92.23206,25.37559],[92.22878,25.3727],[92.22467,25.37411],[92.2206,25.37141],[92.21661,25.37095],[92.21518,25.36978],[92.21273,25.36892],[92.20688,25.36799],[92.20511,25.36581],[92.20385,25.36532],[92.19971,25.36586],[92.19698,25.36361],[92.1911,25.36333],[92.18987,25.36243],[92.188,25.35947],[92.18693,25.3587],[92.18346,25.35886],[92.18052,25.35765],[92.17769,25.35488],[92.17423,25.35414],[92.17251,25.34852],[92.17364,25.34628],[92.17299,25.34356],[92.17132,25.34136],[92.17178,25.33586],[92.17773,25.33272],[92.17606,25.32958],[92.17701,25.32606],[92.18151,25.31829],[92.18302,25.31723],[92.18301,25.31601],[92.18533,25.31475],[92.18597,25.31393],[92.18722,25.30897],[92.18779,25.30856],[92.19044,25.30852],[92.1919,25.30735],[92.19302,25.30555],[92.19291,25.30339],[92.18977,25.30154],[92.18938,25.30079],[92.18962,25.29974],[92.19175,25.29886],[92.195,25.29629],[92.19942,25.29175],[92.19863,25.28666],[92.20096,25.28475],[92.20142,25.28362],[92.1975,25.2745],[92.19855,25.27187],[92.19808,25.26645],[92.19995,25.2636],[92.20162,25.25832],[92.20135,25.2564],[92.20016,25.25475],[92.20024,25.25383],[92.20172,25.25166],[92.20266,25.24876],[92.20527,25.24601],[92.20481,25.24382],[92.20584,25.24195],[92.20436,25.2403],[92.20545,25.23633],[92.2045,25.23489],[92.20436,25.23365],[92.20541,25.23261],[92.20562,25.23131],[92.20648,25.23033],[92.20607,25.22867],[92.20647,25.22756],[92.20777,25.22711],[92.20931,25.22733],[92.21307,25.22958],[92.21455,25.23],[92.21874,25.22616],[92.22046,25.22544],[92.22351,25.22315],[92.22643,25.22194],[92.22668,25.21956],[92.22879,25.21702],[92.22802,25.21337],[92.22842,25.21239],[92.23042,25.21214],[92.23349,25.21249],[92.23601,25.21139],[92.23571,25.20933],[92.23292,25.20623],[92.23193,25.20371],[92.23238,25.20264],[92.23487,25.20109],[92.23709,25.19876],[92.23857,25.18955],[92.23794,25.18823],[92.2309,25.1849],[92.23381,25.17614],[92.23333,25.17496],[92.23145,25.17386],[92.22868,25.17029],[92.22578,25.16864],[92.22518,25.16518],[92.22582,25.16172],[92.2252,25.15764],[92.22604,25.15583],[92.22531,25.15389],[92.22295,25.1533],[92.22168,25.15371],[92.21522,25.15855],[92.20817,25.15763],[92.20736,25.15624],[92.20814,25.15314],[92.21208,25.15042],[92.21277,25.14778],[92.21193,25.14428],[92.21048,25.14334],[92.20771,25.14267],[92.20685,25.14173],[92.20717,25.13992],[92.20667,25.13534],[92.20684,25.1314],[92.20495,25.12935],[92.20342,25.12871],[92.19785,25.12942],[92.19617,25.13018],[92.19478,25.13008],[92.19323,25.13341],[92.18933,25.13629],[92.1876,25.13264],[92.18907,25.13215],[92.18863,25.12782],[92.18622,25.12423],[92.18388,25.11793],[92.18159,25.11907],[92.18027,25.12138],[92.17749,25.12221],[92.17673,25.12286],[92.17815,25.12316],[92.17936,25.12401],[92.17889,25.12613],[92.17801,25.12604],[92.17771,25.12442],[92.17724,25.12496],[92.17682,25.12385],[92.17633,25.12441],[92.17624,25.12632],[92.17261,25.12675],[92.17142,25.1278],[92.17201,25.12826],[92.17092,25.12858],[92.17015,25.12752],[92.16972,25.12795],[92.16886,25.12685],[92.16575,25.12646],[92.16477,25.12594],[92.16479,25.12539],[92.16417,25.12537],[92.16244,25.12657],[92.1615,25.12616],[92.15959,25.1266],[92.15964,25.12778],[92.16184,25.12794],[92.16301,25.12849],[92.1649,25.13046],[92.16144,25.12958],[92.15945,25.13003],[92.15887,25.13299],[92.1608,25.13363],[92.16296,25.1334],[92.16337,25.13445],[92.16576,25.13498],[92.16568,25.13596],[92.16256,25.13621],[92.16185,25.1358],[92.16187,25.1351],[92.16036,25.13497],[92.15968,25.13399],[92.15772,25.13322],[92.15557,25.13322],[92.15433,25.13342],[92.1542,25.13381],[92.1527,25.13368],[92.15319,25.13621],[92.15221,25.1376],[92.15084,25.13823],[92.14907,25.13727],[92.14736,25.13525],[92.14203,25.13605],[92.14162,25.13647],[92.14201,25.13757],[92.14129,25.13731],[92.14005,25.13798],[92.13792,25.13807],[92.13584,25.13874],[92.13611,25.13968],[92.1385,25.14001],[92.13847,25.14042],[92.13941,25.14035],[92.13956,25.14094],[92.14025,25.14031],[92.13955,25.13985],[92.14103,25.14015],[92.14152,25.13968],[92.14137,25.14022],[92.14187,25.14046],[92.14267,25.13963],[92.14401,25.13935],[92.14457,25.13966],[92.14159,25.14106],[92.14111,25.14085],[92.1402,25.14158],[92.13718,25.14137],[92.13513,25.14206],[92.1344,25.14278],[92.13424,25.14359],[92.13519,25.1456],[92.13486,25.14709],[92.13389,25.14833],[92.1356,25.15151],[92.13408,25.15266],[92.13835,25.15202],[92.13974,25.15353],[92.13922,25.15499],[92.13605,25.15522],[92.1337,25.15638],[92.13286,25.15634],[92.13206,25.15744],[92.13288,25.16015],[92.13081,25.15992],[92.13023,25.16109],[92.12853,25.16188],[92.12731,25.16173],[92.12044,25.16383],[92.11795,25.16656],[92.10905,25.17035],[92.10772,25.1726],[92.10526,25.17259],[92.10445,25.17463],[92.09888,25.17576],[92.09436,25.17793],[92.0923,25.17754],[92.08767,25.1796],[92.08323,25.18227],[92.08106,25.18261],[92.07885,25.18096],[92.07385,25.18495],[92.05601,25.18542],[92.05543,25.18426],[92.05389,25.18518],[92.05432,25.18644],[92.05028,25.18656],[92.04938,25.18696],[92.04934,25.18538],[92.04733,25.18536],[92.04723,25.18639],[92.04498,25.18607],[92.04055,25.18637],[92.04015,25.18492],[92.03912,25.18435],[92.03899,25.18231],[92.03734,25.18197],[92.03422,25.18338],[92.03158,25.18359],[92.02996,25.18311],[92.02791,25.18342],[92.0277,25.18166],[92.0263,25.18025],[92.02619,25.17917],[92.01845,25.1827],[92.01765,25.1853],[92.01666,25.1868],[92.01908,25.1898],[92.02012,25.19323],[92.02074,25.19806],[92.0198,25.20186],[92.01802,25.20401],[92.01415,25.20456],[92.01115,25.20436],[92.00888,25.20503],[92.00021,25.21378],[92.00035,25.21848],[91.99623,25.22323],[91.99338,25.22987],[91.99338,25.23241],[91.99263,25.2348],[91.98716,25.23965],[91.98569,25.24258],[91.98516,25.24802],[91.98599,25.25063],[91.98134,25.25758],[91.98102,25.25945],[91.98258,25.26637],[91.98231,25.26843],[91.98273,25.27148],[91.9897,25.28301],[91.99099,25.28421],[91.99678,25.28699],[92.00069,25.29126],[92.00208,25.29343],[92.00283,25.29781],[92.00403,25.29941],[92.00903,25.3002],[92.01303,25.30158],[92.01581,25.30479],[92.01685,25.30749],[92.01917,25.30972],[92.02335,25.31094],[92.02807,25.31306],[92.03185,25.31357],[92.03309,25.31435],[92.03502,25.31695],[92.03795,25.31804],[92.04235,25.31859],[92.04455,25.32076],[92.04534,25.32101],[92.05052,25.32155],[92.05231,25.32094],[92.05361,25.31855],[92.05354,25.31433],[92.05443,25.31382],[92.05672,25.31402],[92.05966,25.31692],[92.06389,25.31747],[92.06722,25.31878],[92.0709,25.31727],[92.07175,25.31475],[92.07251,25.31419],[92.08175,25.31418],[92.08336,25.31149],[92.08532,25.31076],[92.09094,25.31361],[92.09401,25.31601],[92.09471,25.31548],[92.09319,25.31139],[92.09334,25.3107],[92.1026,25.30513],[92.10533,25.30494],[92.10921,25.30558],[92.11132,25.30615],[92.11321,25.30775],[92.11332,25.31109],[92.11513,25.31644],[92.11433,25.32007],[92.11437,25.32294],[92.11695,25.32472],[92.11653,25.32697],[92.11687,25.32845],[92.11939,25.33185],[92.11806,25.3323],[92.11492,25.33219],[92.11337,25.33296],[92.11249,25.33459],[92.11106,25.3359],[92.1105,25.33757],[92.11081,25.33872],[92.11375,25.34167],[92.11363,25.34453],[92.11088,25.35066],[92.11029,25.35122],[92.10847,25.35124],[92.10748,25.35196],[92.10669,25.35473],[92.10807,25.35744],[92.10832,25.35987],[92.11101,25.36365],[92.11045,25.3693],[92.11112,25.37308],[92.11194,25.37474],[92.11177,25.37612],[92.11084,25.37764],[92.11154,25.3799],[92.11037,25.38402],[92.10647,25.3891],[92.10471,25.39419],[92.10186,25.3981],[92.10153,25.39919],[92.10304,25.40146],[92.10835,25.40321],[92.11234,25.40829],[92.11334,25.41099],[92.10965,25.41977],[92.10967,25.42615],[92.10456,25.42933],[92.10285,25.43274],[92.10268,25.43514],[92.10332,25.4401],[92.10256,25.44197],[92.10284,25.4444],[92.09704,25.44745],[92.09449,25.45114],[92.09555,25.45391],[92.1031,25.46033],[92.10591,25.46546],[92.10826,25.46838],[92.10911,25.47126],[92.10746,25.47458],[92.10777,25.47834],[92.1069,25.4814],[92.10231,25.48428],[92.09943,25.48502],[92.09683,25.48675],[92.09522,25.49012],[92.09479,25.49422],[92.09747,25.49789],[92.09702,25.50066],[92.09872,25.50264],[92.09901,25.50401],[92.1004,25.50489],[92.10096,25.50609],[92.10003,25.50747],[92.1008,25.50885],[92.10079,25.51032],[92.09982,25.51176],[92.09782,25.51341],[92.09734,25.51446],[92.0988,25.51657],[92.10129,25.51772],[92.10654,25.52212],[92.10696,25.52488],[92.10648,25.5292],[92.10763,25.53251],[92.10814,25.53752],[92.11283,25.54147],[92.11313,25.54368],[92.11391,25.54475],[92.11267,25.54776],[92.10894,25.55109],[92.10626,25.55283],[92.10549,25.55528],[92.10648,25.5574],[92.10563,25.55894],[92.10522,25.56213],[92.10683,25.564],[92.10712,25.56634],[92.11024,25.56837],[92.10977,25.57181],[92.11125,25.57334],[92.11163,25.57549],[92.11249,25.57632],[92.11455,25.57665],[92.11612,25.57749],[92.11575,25.58035],[92.11812,25.5827],[92.12073,25.58268],[92.12292,25.5842],[92.12305,25.58468],[92.12109,25.58733],[92.12035,25.59193],[92.12138,25.59354],[92.12152,25.59544],[92.12362,25.59557],[92.1247,25.59673],[92.12134,25.60048],[92.12107,25.60639],[92.12613,25.612],[92.1294,25.61278],[92.13049,25.61361],[92.1309,25.61462],[92.13019,25.61581],[92.1305,25.61718],[92.13392,25.62096],[92.137,25.62304],[92.13803,25.62563],[92.13764,25.62835],[92.13573,25.62931],[92.13426,25.63134],[92.13374,25.63347],[92.13441,25.63596],[92.13416,25.63798],[92.13137,25.64276],[92.13117,25.64459],[92.13175,25.64486],[92.13286,25.64444],[92.1361,25.64127],[92.13752,25.64098],[92.14571,25.64422],[92.14822,25.64581],[92.14889,25.64685],[92.14788,25.6511],[92.14914,25.65354],[92.15039,25.65294],[92.15151,25.64786],[92.15315,25.6451],[92.15424,25.64535],[92.15586,25.64876],[92.15481,25.65715],[92.15274,25.66032],[92.15036,25.66241],[92.14947,25.6658],[92.14866,25.66677],[92.15038,25.67008],[92.15311,25.6728],[92.15455,25.67303],[92.16384,25.66701],[92.16704,25.66634],[92.1702,25.66713],[92.17128,25.66826],[92.17343,25.67414],[92.17748,25.67431],[92.17951,25.67785],[92.18528,25.68194],[92.18746,25.68413],[92.19137,25.68563],[92.19676,25.68665],[92.20039,25.69209],[92.20206,25.69334],[92.20781,25.69561],[92.20925,25.69882],[92.21648,25.7046],[92.219,25.70845],[92.22023,25.71206],[92.22145,25.71396],[92.22536,25.71635],[92.22974,25.71691],[92.23155,25.7162],[92.2323,25.71496],[92.23264,25.70939],[92.23383,25.70783],[92.23521,25.70793],[92.23908,25.71095],[92.24451,25.71172],[92.24751,25.71333],[92.25114,25.71082],[92.25299,25.71252],[92.25433,25.71265],[92.26093,25.71064],[92.26347,25.70931],[92.26562,25.70945],[92.2715,25.71164],[92.2776,25.71586],[92.28005,25.7157],[92.28173,25.71684],[92.28561,25.71633],[92.28843,25.71696],[92.29275,25.71662],[92.29712,25.72019],[92.3015,25.72078],[92.30238,25.72127],[92.30413,25.72257],[92.30621,25.72533],[92.31127,25.7281],[92.31208,25.72783],[92.31341,25.72505],[92.31501,25.72313],[92.31731,25.72253],[92.32432,25.72496],[92.32864,25.72498],[92.33129,25.72408],[92.33361,25.72439],[92.33627,25.72613],[92.34591,25.72943],[92.3477,25.73255],[92.35213,25.73727],[92.35324,25.73991],[92.35436,25.73989],[92.36093,25.73665],[92.36209,25.7366],[92.36427,25.73735],[92.36486,25.73817],[92.36513,25.74031],[92.36894,25.74729],[92.37064,25.7474],[92.3727,25.74988],[92.37376,25.75041],[92.37619,25.75002],[92.37847,25.74852],[92.38152,25.75092],[92.38157,25.75167],[92.38325,25.75241],[92.38462,25.75488],[92.38578,25.75296],[92.3858,25.751],[92.38301,25.7484]]]}},{"id":"9","type":"Feature","properties":{"state":"MEGHALAYA","state_lgd":"17","district":"SOUTH WEST KH>SI HILLS","district_lgd":"668"},"geometry":{"type":"Polygon","coordinates":[[[91.43887,25.44907],[91.44058,25.44479],[91.44149,25.44481],[91.44339,25.44615],[91.44445,25.44451],[91.4446,25.44341],[91.44559,25.44251],[91.44803,25.44167],[91.44828,25.44083],[91.45006,25.44122],[91.45074,25.44197],[91.45165,25.4408],[91.45357,25.44196],[91.45662,25.44118],[91.458,25.44196],[91.45981,25.4417],[91.46094,25.44212],[91.46233,25.44124],[91.46264,25.43992],[91.46347,25.44059],[91.46452,25.4405],[91.47078,25.43844],[91.47163,25.43844],[91.47249,25.43944],[91.47454,25.43866],[91.48126,25.43827],[91.48424,25.43952],[91.48983,25.43846],[91.497,25.44025],[91.51521,25.4411],[91.5157,25.44097],[91.51643,25.43795],[91.51538,25.43656],[91.51541,25.43306],[91.51422,25.43271],[91.51391,25.43215],[91.51413,25.43135],[91.51494,25.43149],[91.51454,25.43069],[91.51688,25.43005],[91.51937,25.43137],[91.52367,25.43551],[91.52491,25.43528],[91.53305,25.43791],[91.53656,25.43966],[91.53999,25.44036],[91.54218,25.43954],[91.54111,25.43763],[91.54373,25.43456],[91.54249,25.43278],[91.5433,25.43181],[91.5429,25.43073],[91.54392,25.43074],[91.54466,25.43015],[91.54557,25.43059],[91.54621,25.43027],[91.54829,25.43064],[91.5499,25.42964],[91.5506,25.4299],[91.55144,25.42907],[91.55371,25.42939],[91.55432,25.42989],[91.55527,25.42963],[91.55472,25.42772],[91.55368,25.42646],[91.55403,25.42508],[91.55613,25.42142],[91.55666,25.42111],[91.55735,25.42138],[91.55735,25.41885],[91.55817,25.41682],[91.55975,25.41517],[91.55992,25.4141],[91.56113,25.41308],[91.5615,25.41195],[91.56286,25.41125],[91.56456,25.40774],[91.56331,25.40676],[91.56141,25.40749],[91.55935,25.40643],[91.55783,25.40312],[91.55743,25.40038],[91.55615,25.39936],[91.55546,25.39802],[91.55524,25.39628],[91.55597,25.39452],[91.55544,25.39341],[91.55135,25.39089],[91.53974,25.38634],[91.53928,25.38405],[91.53676,25.38021],[91.53714,25.37738],[91.5381,25.37606],[91.53939,25.37572],[91.53906,25.37393],[91.53351,25.36511],[91.53356,25.36408],[91.53133,25.36163],[91.53091,25.35971],[91.52821,25.35512],[91.52644,25.35509],[91.52537,25.35415],[91.52386,25.35452],[91.5233,25.35275],[91.52469,25.34945],[91.52511,25.34379],[91.52643,25.34363],[91.52894,25.34477],[91.53206,25.3443],[91.53344,25.34305],[91.53378,25.34086],[91.53524,25.33911],[91.53581,25.33668],[91.53769,25.33614],[91.54192,25.33649],[91.54416,25.3356],[91.54729,25.3354],[91.54892,25.33301],[91.54799,25.33086],[91.5477,25.32756],[91.55076,25.32557],[91.55118,25.32291],[91.5524,25.32081],[91.55214,25.31902],[91.55029,25.31677],[91.54865,25.31288],[91.54949,25.30948],[91.55194,25.3068],[91.55263,25.30376],[91.54926,25.29991],[91.55022,25.29535],[91.55117,25.29316],[91.5507,25.29173],[91.54838,25.28916],[91.54841,25.28621],[91.54426,25.28469],[91.54414,25.28156],[91.54251,25.28114],[91.54053,25.28141],[91.53838,25.27929],[91.53501,25.27726],[91.53306,25.27717],[91.53153,25.27776],[91.53105,25.2808],[91.53051,25.28134],[91.52666,25.28126],[91.52028,25.27962],[91.51915,25.27974],[91.5147,25.28186],[91.51276,25.28191],[91.51096,25.28085],[91.51009,25.28123],[91.50773,25.28408],[91.49923,25.28347],[91.49803,25.2839],[91.4964,25.28593],[91.49523,25.28614],[91.49411,25.28543],[91.49186,25.28176],[91.48891,25.27936],[91.48853,25.27658],[91.48885,25.27293],[91.48847,25.27192],[91.48605,25.2701],[91.48581,25.26918],[91.48682,25.26754],[91.48664,25.26624],[91.48403,25.26361],[91.48157,25.26292],[91.47193,25.2649],[91.47122,25.27045],[91.46927,25.27203],[91.46088,25.2679],[91.46232,25.25965],[91.46358,25.25687],[91.46426,25.25341],[91.46528,25.25207],[91.45939,25.25095],[91.45577,25.25187],[91.45136,25.24679],[91.44637,25.24598],[91.44538,25.24427],[91.44422,25.24394],[91.44361,25.24209],[91.44247,25.24134],[91.44034,25.23809],[91.43865,25.23811],[91.43716,25.23742],[91.43149,25.23706],[91.43117,25.23644],[91.43036,25.23628],[91.42934,25.23448],[91.42414,25.23408],[91.42182,25.23341],[91.42021,25.23435],[91.41735,25.23889],[91.41402,25.24128],[91.40949,25.24065],[91.40827,25.23837],[91.40686,25.23918],[91.40596,25.24037],[91.39984,25.24057],[91.39714,25.24135],[91.39582,25.24271],[91.39394,25.24351],[91.3924,25.24333],[91.39102,25.24405],[91.38667,25.24304],[91.38675,25.23928],[91.38607,25.23845],[91.37731,25.24503],[91.37529,25.24519],[91.37024,25.24421],[91.36811,25.24295],[91.36637,25.23736],[91.36476,25.23531],[91.36354,25.23524],[91.36098,25.2366],[91.35996,25.2366],[91.35381,25.23433],[91.35304,25.23171],[91.35389,25.22987],[91.35461,25.22329],[91.35746,25.22017],[91.36187,25.21899],[91.36646,25.21945],[91.36543,25.21892],[91.36485,25.21737],[91.36317,25.21614],[91.36379,25.21312],[91.37005,25.20917],[91.37105,25.20811],[91.37313,25.20512],[91.37363,25.20154],[91.37694,25.20122],[91.37788,25.20001],[91.37952,25.19907],[91.377,25.19393],[91.37712,25.19153],[91.37932,25.18939],[91.38189,25.18093],[91.38891,25.16744],[91.38765,25.16811],[91.38692,25.16969],[91.38626,25.16995],[91.38326,25.16961],[91.38137,25.16825],[91.37642,25.16795],[91.37367,25.16875],[91.36963,25.17069],[91.3688,25.17062],[91.36778,25.17122],[91.36517,25.17472],[91.36472,25.17746],[91.36382,25.17807],[91.36098,25.1778],[91.35969,25.17684],[91.35908,25.17551],[91.3574,25.17476],[91.35375,25.17126],[91.35153,25.17582],[91.34724,25.17419],[91.33752,25.17349],[91.3353,25.17436],[91.3345,25.17666],[91.33197,25.1774],[91.32703,25.17618],[91.32621,25.17677],[91.3256,25.17916],[91.32432,25.18073],[91.32168,25.18222],[91.31964,25.18236],[91.31907,25.18321],[91.31778,25.18367],[91.3117,25.18413],[91.30812,25.18374],[91.30602,25.18261],[91.30446,25.1826],[91.30013,25.18424],[91.29248,25.1838],[91.28844,25.18649],[91.28657,25.18535],[91.2881,25.18729],[91.28868,25.19012],[91.29151,25.19164],[91.29223,25.19332],[91.28924,25.19487],[91.28464,25.19634],[91.28175,25.19669],[91.27618,25.19905],[91.26801,25.20724],[91.26582,25.20593],[91.26174,25.20495],[91.26027,25.2051],[91.25979,25.20102],[91.25151,25.19912],[91.25163,25.19517],[91.24734,25.19776],[91.244,25.19695],[91.23678,25.19696],[91.23638,25.19903],[91.23326,25.1991],[91.23042,25.19689],[91.22449,25.20016],[91.22327,25.19901],[91.21996,25.20001],[91.20058,25.201],[91.19468,25.20182],[91.18401,25.19958],[91.18006,25.19807],[91.1755,25.19772],[91.17161,25.19667],[91.16484,25.19585],[91.16032,25.19778],[91.15609,25.19621],[91.1535,25.19631],[91.15068,25.19704],[91.13966,25.19638],[91.13463,25.1946],[91.12525,25.194],[91.10809,25.1949],[91.10053,25.19632],[91.09209,25.19685],[91.08489,25.19631],[91.08022,25.19685],[91.07399,25.19869],[91.06964,25.19841],[91.06983,25.19622],[91.0717,25.19521],[91.07188,25.19336],[91.07019,25.19223],[91.06788,25.19153],[91.06295,25.19123],[91.05515,25.19243],[91.05331,25.19201],[91.04997,25.18973],[91.04803,25.19016],[91.04684,25.18924],[91.04161,25.18764],[91.0403,25.18763],[91.04023,25.18861],[91.03955,25.18852],[91.03913,25.18694],[91.03839,25.18626],[91.03596,25.18681],[91.03484,25.18626],[91.03221,25.18629],[91.03199,25.18564],[91.03076,25.18565],[91.03041,25.18511],[91.02706,25.18581],[91.02673,25.18545],[91.02379,25.18553],[91.02105,25.18697],[91.01911,25.18697],[91.01878,25.18382],[91.01617,25.18366],[91.01601,25.18305],[91.01226,25.18295],[91.01052,25.18234],[91.00944,25.1832],[91.00815,25.1827],[91.00824,25.18138],[91.00611,25.18026],[91.00366,25.18037],[91.00341,25.18141],[91.00213,25.18133],[91.00201,25.1804],[91.00125,25.18044],[90.99918,25.1793],[90.99805,25.17906],[90.99786,25.17947],[90.99726,25.17886],[90.99284,25.17783],[90.99242,25.17817],[90.98793,25.1759],[90.98732,25.1762],[90.98474,25.17498],[90.98035,25.17515],[90.97733,25.17401],[90.97359,25.17504],[90.9731,25.17507],[90.97314,25.17473],[90.97002,25.17884],[90.96976,25.17986],[90.9726,25.18652],[90.97353,25.19076],[90.97333,25.19186],[90.96466,25.19892],[90.96429,25.20155],[90.95987,25.20381],[90.95918,25.20701],[90.957,25.20817],[90.95488,25.20833],[90.9542,25.21265],[90.95245,25.21346],[90.94963,25.2139],[90.94925,25.21448],[90.94876,25.21736],[90.95162,25.2196],[90.95079,25.22206],[90.95051,25.22521],[90.95329,25.22688],[90.95476,25.22875],[90.95835,25.23143],[90.95948,25.23308],[90.95978,25.23462],[90.95782,25.23915],[90.95848,25.24266],[90.95848,25.24912],[90.95435,25.25259],[90.95421,25.25435],[90.95232,25.25661],[90.94868,25.25831],[90.94437,25.26143],[90.94262,25.26178],[90.94112,25.26268],[90.9383,25.26887],[90.93354,25.27406],[90.93182,25.27747],[90.92998,25.27941],[90.9239,25.2792],[90.92227,25.27819],[90.91891,25.27819],[90.91592,25.27704],[90.916,25.28132],[90.91535,25.28231],[90.91475,25.28549],[90.91033,25.28743],[90.90666,25.29029],[90.90615,25.29154],[90.90422,25.29352],[90.90345,25.29577],[90.90149,25.29732],[90.88829,25.29686],[90.87895,25.29354],[90.87563,25.293],[90.87018,25.28998],[90.86515,25.29378],[90.86038,25.29347],[90.85869,25.29425],[90.86423,25.3021],[90.8653,25.30475],[90.86964,25.30879],[90.87411,25.31458],[90.87542,25.31706],[90.8754,25.31819],[90.87848,25.3194],[90.88346,25.31986],[90.88494,25.31912],[90.88834,25.31839],[90.88871,25.31735],[90.89133,25.31509],[90.89166,25.31362],[90.89662,25.31367],[90.90091,25.3177],[90.90263,25.3182],[90.90528,25.32636],[90.90661,25.32806],[90.91002,25.32942],[90.91348,25.3283],[90.91936,25.32921],[90.92206,25.32789],[90.92315,25.32896],[90.92438,25.32909],[90.92649,25.33071],[90.92888,25.33501],[90.93403,25.33415],[90.936,25.33269],[90.93669,25.33034],[90.93623,25.32197],[90.93832,25.32279],[90.93935,25.32375],[90.94116,25.32922],[90.94422,25.33165],[90.94557,25.33477],[90.94749,25.33503],[90.95381,25.32867],[90.95452,25.32857],[90.95568,25.32919],[90.95994,25.32841],[90.96559,25.32558],[90.96722,25.32541],[90.96978,25.32408],[90.971,25.32248],[90.97196,25.31977],[90.97774,25.32091],[90.98247,25.32362],[90.98264,25.32646],[90.9833,25.3281],[90.98203,25.33181],[90.98399,25.33453],[90.98144,25.33737],[90.97905,25.33829],[90.97778,25.33826],[90.97706,25.34001],[90.97861,25.34394],[90.98114,25.34289],[90.9836,25.34418],[90.98624,25.34298],[90.988,25.34385],[90.98981,25.34614],[90.9912,25.34681],[90.99303,25.34871],[90.99406,25.35085],[90.99384,25.35416],[90.99429,25.35526],[90.99326,25.35578],[90.99134,25.36112],[90.99192,25.36263],[90.99456,25.36579],[90.99579,25.36577],[90.99591,25.36374],[90.99706,25.36269],[90.99894,25.36188],[91.00208,25.35925],[91.00652,25.35756],[91.00972,25.3545],[91.01097,25.35159],[91.01271,25.34141],[91.01554,25.33926],[91.01874,25.33978],[91.02098,25.33849],[91.02117,25.33654],[91.01871,25.33298],[91.01828,25.33135],[91.01957,25.3299],[91.02265,25.32826],[91.02613,25.3235],[91.034,25.32421],[91.03845,25.32236],[91.04475,25.3233],[91.04948,25.32458],[91.05528,25.33036],[91.05936,25.33079],[91.06271,25.32892],[91.06616,25.32849],[91.06981,25.32621],[91.07121,25.32398],[91.07613,25.31918],[91.08273,25.31169],[91.08434,25.30915],[91.0869,25.30708],[91.09258,25.30654],[91.10073,25.31041],[91.10337,25.31205],[91.10421,25.31324],[91.10116,25.31865],[91.0992,25.32027],[91.09863,25.32259],[91.09894,25.32553],[91.09656,25.32858],[91.09535,25.33193],[91.09558,25.33405],[91.09823,25.33774],[91.09863,25.33903],[91.09644,25.34518],[91.09642,25.34623],[91.0975,25.34871],[91.10003,25.35087],[91.10277,25.35219],[91.10344,25.35327],[91.10402,25.35664],[91.10802,25.36024],[91.112,25.36167],[91.11699,25.36194],[91.12033,25.36484],[91.12464,25.36758],[91.12791,25.3726],[91.13064,25.37327],[91.13496,25.37224],[91.13651,25.37233],[91.13675,25.37519],[91.13786,25.37667],[91.13896,25.37706],[91.14146,25.37656],[91.14215,25.37702],[91.1417,25.38654],[91.14125,25.38752],[91.13699,25.38917],[91.13547,25.39085],[91.13054,25.39326],[91.12408,25.39329],[91.12241,25.39395],[91.12074,25.39553],[91.11848,25.40103],[91.12038,25.40242],[91.12051,25.40469],[91.11729,25.40469],[91.1146,25.4091],[91.11172,25.41022],[91.11024,25.41254],[91.11162,25.41578],[91.11181,25.41843],[91.11252,25.42036],[91.11457,25.42308],[91.11844,25.42394],[91.1233,25.426],[91.12697,25.42695],[91.13035,25.43013],[91.14136,25.43419],[91.14276,25.43489],[91.144,25.43654],[91.14873,25.43722],[91.1522,25.43971],[91.15556,25.44083],[91.16023,25.44363],[91.16159,25.44583],[91.16673,25.44836],[91.17111,25.45127],[91.17345,25.45166],[91.17532,25.45132],[91.17759,25.44972],[91.1796,25.44654],[91.18131,25.44301],[91.17895,25.43876],[91.17863,25.43462],[91.1792,25.43377],[91.18051,25.43315],[91.18239,25.43291],[91.18345,25.43323],[91.18535,25.43604],[91.18867,25.43862],[91.18936,25.44051],[91.18862,25.44242],[91.18916,25.44329],[91.192,25.44346],[91.1955,25.44479],[91.19734,25.445],[91.19832,25.44466],[91.20058,25.44256],[91.20305,25.4437],[91.20643,25.44652],[91.20917,25.44691],[91.21204,25.44598],[91.21332,25.44507],[91.21471,25.44318],[91.21537,25.44019],[91.21745,25.43841],[91.21747,25.43388],[91.21821,25.4337],[91.21978,25.43465],[91.22102,25.43388],[91.22373,25.43349],[91.22729,25.43533],[91.2277,25.43771],[91.2284,25.43855],[91.2267,25.44111],[91.22374,25.44126],[91.22367,25.44323],[91.22632,25.44484],[91.2287,25.44471],[91.23061,25.44525],[91.23058,25.44815],[91.23148,25.4505],[91.23505,25.44461],[91.23724,25.443],[91.24082,25.43816],[91.24383,25.43219],[91.24703,25.42868],[91.25067,25.42569],[91.25173,25.42243],[91.25368,25.41912],[91.26833,25.40432],[91.26915,25.40313],[91.26931,25.40075],[91.27206,25.39687],[91.27494,25.39802],[91.27856,25.39707],[91.28127,25.39719],[91.28516,25.39819],[91.28478,25.39988],[91.28526,25.40028],[91.28852,25.39952],[91.28931,25.39986],[91.29013,25.40178],[91.28954,25.40321],[91.29174,25.40374],[91.29002,25.40536],[91.29092,25.40767],[91.2891,25.41008],[91.2893,25.41207],[91.28832,25.41319],[91.28962,25.41412],[91.29145,25.41438],[91.29387,25.41546],[91.29781,25.41797],[91.30017,25.41808],[91.30658,25.4205],[91.30969,25.42111],[91.31136,25.42358],[91.30706,25.42883],[91.30682,25.43018],[91.30938,25.42936],[91.30955,25.43045],[91.30999,25.43065],[91.31159,25.42967],[91.3124,25.43028],[91.31568,25.43009],[91.31714,25.43186],[91.32198,25.43411],[91.32431,25.43253],[91.32528,25.43355],[91.32641,25.43283],[91.3283,25.43526],[91.32942,25.43575],[91.32914,25.43802],[91.33111,25.43856],[91.33156,25.44026],[91.33347,25.43958],[91.33413,25.43749],[91.33521,25.43798],[91.33766,25.43794],[91.34029,25.4386],[91.34187,25.43782],[91.37243,25.44525],[91.37921,25.44261],[91.40849,25.44287],[91.41297,25.44387],[91.41517,25.44622],[91.42026,25.44918],[91.42822,25.44856],[91.42938,25.44686],[91.4349,25.4479],[91.438,25.44915],[91.43887,25.44907]]]}},{"id":"10","type":"Feature","properties":{"state":"MEGHALAYA","state_lgd":"17","district":"EASTERN WEST KHASI HILLS","district_lgd":"765"},"geometry":{"type":"Polygon","coordinates":[[[91.75487,25.8183],[91.75706,25.81816],[91.76899,25.81135],[91.76967,25.8092],[91.77123,25.80817],[91.77196,25.80565],[91.77391,25.80475],[91.77417,25.80141],[91.77705,25.79508],[91.78023,25.79471],[91.78139,25.79337],[91.78391,25.79308],[91.7868,25.78974],[91.78754,25.78781],[91.7895,25.78591],[91.78807,25.78201],[91.78651,25.78021],[91.78425,25.77552],[91.78272,25.77372],[91.78158,25.77082],[91.77987,25.76853],[91.77985,25.76376],[91.77509,25.7628],[91.77134,25.75856],[91.76946,25.75857],[91.76986,25.75687],[91.76646,25.75598],[91.76598,25.75542],[91.76331,25.75057],[91.76385,25.74958],[91.76367,25.74816],[91.76593,25.74663],[91.76535,25.74399],[91.76763,25.7428],[91.77099,25.74507],[91.77163,25.74433],[91.77225,25.73948],[91.77425,25.73949],[91.77633,25.73855],[91.77888,25.73865],[91.78018,25.73814],[91.78261,25.73865],[91.78307,25.73724],[91.78049,25.73465],[91.78199,25.7334],[91.78234,25.73247],[91.78633,25.73264],[91.78897,25.73379],[91.79096,25.73327],[91.79179,25.73183],[91.79278,25.73125],[91.79576,25.7322],[91.7997,25.73244],[91.80414,25.73366],[91.80563,25.7347],[91.80842,25.73359],[91.80968,25.72984],[91.81141,25.72883],[91.81071,25.72689],[91.81144,25.72471],[91.81398,25.72318],[91.81423,25.72256],[91.81507,25.72244],[91.81558,25.7215],[91.81535,25.72045],[91.81572,25.71998],[91.81428,25.71934],[91.81414,25.71887],[91.81615,25.71567],[91.81611,25.71496],[91.81498,25.71354],[91.81355,25.713],[91.81385,25.71189],[91.8124,25.71067],[91.81191,25.70892],[91.81297,25.70418],[91.81478,25.70367],[91.81911,25.70358],[91.82025,25.70295],[91.82135,25.70194],[91.82126,25.70027],[91.82346,25.69861],[91.82542,25.69563],[91.8255,25.69366],[91.8263,25.69296],[91.82782,25.69279],[91.82832,25.69167],[91.82815,25.69004],[91.82715,25.68882],[91.82844,25.68166],[91.82687,25.67943],[91.82804,25.67728],[91.82982,25.67697],[91.83012,25.67167],[91.82869,25.67053],[91.8279,25.66918],[91.82486,25.67],[91.82028,25.66804],[91.81876,25.66667],[91.81513,25.66678],[91.81207,25.66235],[91.81079,25.66179],[91.80835,25.65924],[91.80955,25.65714],[91.81201,25.65465],[91.81298,25.65088],[91.81245,25.649],[91.80943,25.6442],[91.80959,25.6377],[91.80731,25.63415],[91.80478,25.63369],[91.80267,25.63186],[91.80206,25.63082],[91.80174,25.62824],[91.80004,25.62719],[91.79903,25.62575],[91.79947,25.62482],[91.80252,25.62348],[91.80581,25.62031],[91.80557,25.61841],[91.8068,25.61543],[91.8052,25.61375],[91.8028,25.61226],[91.79946,25.60838],[91.79729,25.6075],[91.79484,25.60491],[91.7897,25.60155],[91.78861,25.6025],[91.78638,25.6029],[91.78587,25.60363],[91.78416,25.60346],[91.78051,25.60182],[91.78004,25.6014],[91.77992,25.5998],[91.77835,25.599],[91.77675,25.59598],[91.77451,25.59357],[91.77291,25.59061],[91.77301,25.58915],[91.77102,25.58769],[91.76966,25.5854],[91.7676,25.58543],[91.76498,25.58366],[91.76358,25.58486],[91.76185,25.58526],[91.76161,25.58258],[91.76053,25.58175],[91.75953,25.58162],[91.75874,25.58329],[91.7578,25.58328],[91.75679,25.58283],[91.75431,25.57989],[91.75129,25.57961],[91.74094,25.57687],[91.74054,25.57594],[91.74114,25.57399],[91.73749,25.57542],[91.73654,25.57446],[91.73532,25.57405],[91.73222,25.57435],[91.73115,25.57393],[91.73145,25.57152],[91.72934,25.56723],[91.7292,25.56306],[91.72883,25.56287],[91.72577,25.56425],[91.72333,25.56474],[91.72106,25.5637],[91.7202,25.56269],[91.71967,25.55842],[91.71849,25.55841],[91.71688,25.5594],[91.71377,25.55975],[91.71354,25.55559],[91.71045,25.55211],[91.70524,25.54974],[91.70119,25.54928],[91.69964,25.54654],[91.69753,25.54567],[91.69775,25.54262],[91.69984,25.53719],[91.69955,25.53597],[91.69858,25.53536],[91.69847,25.53439],[91.69752,25.53313],[91.69464,25.53317],[91.69221,25.52795],[91.68774,25.52766],[91.68675,25.52814],[91.68486,25.52613],[91.68295,25.52575],[91.68159,25.5239],[91.68008,25.52302],[91.67647,25.52236],[91.66919,25.52303],[91.66643,25.52471],[91.66603,25.52764],[91.66372,25.52661],[91.66136,25.52637],[91.65805,25.52777],[91.65636,25.52979],[91.65772,25.53247],[91.65699,25.53425],[91.65714,25.53597],[91.65642,25.5365],[91.65536,25.53872],[91.65352,25.54001],[91.65183,25.54279],[91.65096,25.54561],[91.65116,25.54858],[91.65045,25.54954],[91.64665,25.54984],[91.64183,25.54879],[91.63694,25.54692],[91.63288,25.54804],[91.63131,25.54791],[91.62852,25.54634],[91.62435,25.54662],[91.62236,25.54464],[91.62119,25.54177],[91.61921,25.54066],[91.61701,25.54116],[91.61292,25.54321],[91.61107,25.54318],[91.61053,25.54256],[91.61007,25.54009],[91.60952,25.53962],[91.60697,25.53945],[91.60607,25.5372],[91.60347,25.53477],[91.60184,25.53395],[91.59968,25.53391],[91.59653,25.53292],[91.59577,25.53053],[91.59444,25.52895],[91.59075,25.52665],[91.58871,25.52615],[91.58722,25.52407],[91.57894,25.52114],[91.57561,25.5187],[91.57031,25.51768],[91.56469,25.51789],[91.56148,25.51643],[91.55664,25.51596],[91.55047,25.51684],[91.54679,25.51415],[91.54696,25.51205],[91.54628,25.51189],[91.54399,25.51301],[91.54386,25.50731],[91.54298,25.50505],[91.53964,25.50058],[91.54024,25.49834],[91.54143,25.49657],[91.54419,25.49505],[91.54716,25.49196],[91.54938,25.48823],[91.55196,25.48552],[91.55272,25.47658],[91.555,25.4665],[91.55522,25.45214],[91.55685,25.44123],[91.55712,25.43719],[91.55599,25.42997],[91.55144,25.42907],[91.5506,25.4299],[91.5499,25.42964],[91.54829,25.43064],[91.54621,25.43027],[91.54557,25.43059],[91.54466,25.43015],[91.54392,25.43074],[91.5429,25.43073],[91.5433,25.43181],[91.54249,25.43278],[91.54373,25.43456],[91.54111,25.43763],[91.54218,25.43954],[91.53999,25.44036],[91.53656,25.43966],[91.53305,25.43791],[91.52491,25.43528],[91.52367,25.43551],[91.51937,25.43137],[91.51688,25.43005],[91.51454,25.43069],[91.51494,25.43149],[91.51413,25.43135],[91.51391,25.43215],[91.51422,25.43271],[91.51541,25.43306],[91.51538,25.43656],[91.51643,25.43795],[91.5157,25.44097],[91.51521,25.4411],[91.497,25.44025],[91.48983,25.43846],[91.48424,25.43952],[91.48126,25.43827],[91.47454,25.43866],[91.47249,25.43944],[91.47163,25.43844],[91.47078,25.43844],[91.46452,25.4405],[91.46347,25.44059],[91.46264,25.43992],[91.46233,25.44124],[91.46094,25.44212],[91.45981,25.4417],[91.458,25.44196],[91.45662,25.44118],[91.45357,25.44196],[91.45165,25.4408],[91.45074,25.44197],[91.45006,25.44122],[91.44874,25.4408],[91.44828,25.44083],[91.44803,25.44167],[91.44559,25.44251],[91.4446,25.44341],[91.44445,25.44451],[91.44312,25.44613],[91.4442,25.44646],[91.44631,25.44601],[91.44839,25.44664],[91.44908,25.44874],[91.45329,25.45358],[91.45333,25.45585],[91.45259,25.45717],[91.45135,25.45805],[91.45098,25.46201],[91.4525,25.46612],[91.45713,25.47157],[91.45833,25.47497],[91.46045,25.47794],[91.4639,25.4771],[91.46472,25.47927],[91.46484,25.48375],[91.47384,25.48369],[91.47871,25.48584],[91.47877,25.49276],[91.48044,25.49711],[91.47923,25.50383],[91.47635,25.50718],[91.47512,25.51031],[91.47129,25.51042],[91.46664,25.51201],[91.46666,25.51488],[91.46608,25.51487],[91.46545,25.51409],[91.46185,25.51542],[91.45823,25.51609],[91.45618,25.51413],[91.45427,25.51408],[91.45069,25.51482],[91.44907,25.51428],[91.44637,25.51436],[91.44487,25.51582],[91.44347,25.51637],[91.44168,25.51852],[91.4393,25.52003],[91.4358,25.52111],[91.43456,25.52242],[91.43205,25.52351],[91.43098,25.5231],[91.4296,25.5239],[91.4301,25.52551],[91.43124,25.52567],[91.43237,25.52674],[91.43184,25.5292],[91.43099,25.53067],[91.43168,25.5327],[91.43368,25.53499],[91.43397,25.53769],[91.4331,25.53855],[91.43296,25.53942],[91.43999,25.54937],[91.43998,25.55126],[91.44088,25.55404],[91.43953,25.55616],[91.43811,25.55736],[91.43715,25.55976],[91.43486,25.56236],[91.43352,25.56507],[91.43244,25.56566],[91.43107,25.56769],[91.427,25.57183],[91.42634,25.57384],[91.42394,25.57518],[91.42145,25.57824],[91.4187,25.57884],[91.41787,25.57963],[91.41812,25.58152],[91.41701,25.58268],[91.4145,25.5837],[91.41246,25.58708],[91.41277,25.58799],[91.40622,25.59133],[91.4059,25.59312],[91.40483,25.59431],[91.40493,25.59479],[91.40696,25.59578],[91.40949,25.59556],[91.41002,25.59948],[91.41082,25.60082],[91.41258,25.60098],[91.41341,25.60183],[91.41484,25.60164],[91.41857,25.60564],[91.42103,25.60532],[91.42219,25.60739],[91.42828,25.60948],[91.43189,25.61188],[91.43403,25.6115],[91.43469,25.61249],[91.43632,25.61282],[91.43573,25.61508],[91.43681,25.61655],[91.4368,25.62034],[91.43847,25.62294],[91.43874,25.6251],[91.44032,25.62713],[91.44015,25.62858],[91.44075,25.6301],[91.44235,25.63038],[91.44725,25.62902],[91.44982,25.63049],[91.45249,25.63423],[91.45567,25.63548],[91.46072,25.63657],[91.46222,25.6426],[91.45956,25.64673],[91.45961,25.64885],[91.45884,25.64949],[91.45891,25.65151],[91.45823,25.65433],[91.45731,25.65565],[91.45568,25.65603],[91.45534,25.6575],[91.45707,25.6614],[91.45906,25.66242],[91.45981,25.66427],[91.46195,25.66572],[91.46467,25.66921],[91.46902,25.67227],[91.47124,25.67586],[91.467,25.67934],[91.46659,25.68197],[91.46883,25.68292],[91.46913,25.68427],[91.46675,25.68753],[91.46688,25.69187],[91.46597,25.69444],[91.46223,25.69888],[91.46217,25.70226],[91.45919,25.70471],[91.45813,25.70741],[91.45573,25.70891],[91.45333,25.712],[91.45235,25.71432],[91.44972,25.71676],[91.44718,25.72358],[91.44505,25.72461],[91.4424,25.7277],[91.43257,25.73248],[91.43533,25.73888],[91.43235,25.74557],[91.43163,25.74574],[91.42763,25.74469],[91.42646,25.74579],[91.42646,25.74817],[91.42919,25.74975],[91.43043,25.75103],[91.43183,25.75404],[91.43088,25.75516],[91.4276,25.75583],[91.4263,25.76059],[91.42108,25.76571],[91.42355,25.7708],[91.4215,25.77302],[91.42138,25.77403],[91.42249,25.77584],[91.43476,25.77992],[91.43775,25.78238],[91.43747,25.78478],[91.43651,25.78614],[91.42892,25.79059],[91.42897,25.79131],[91.43409,25.79265],[91.44041,25.79677],[91.44132,25.79644],[91.44234,25.79431],[91.44456,25.79267],[91.4479,25.79375],[91.44936,25.79364],[91.45385,25.79553],[91.45512,25.79653],[91.45791,25.79706],[91.4588,25.79659],[91.45902,25.79562],[91.4579,25.79441],[91.45639,25.78968],[91.45734,25.78904],[91.46152,25.7885],[91.46468,25.78871],[91.46949,25.79154],[91.47278,25.79104],[91.47558,25.79345],[91.47807,25.79437],[91.47991,25.7967],[91.48005,25.79788],[91.48078,25.79878],[91.48444,25.79892],[91.48939,25.79744],[91.49204,25.79879],[91.49517,25.79939],[91.49799,25.79921],[91.50045,25.80137],[91.50488,25.79864],[91.5062,25.79838],[91.50969,25.80054],[91.51445,25.80074],[91.51586,25.79971],[91.51738,25.7993],[91.51949,25.80015],[91.52634,25.80007],[91.52761,25.80041],[91.52814,25.80326],[91.52871,25.80361],[91.52946,25.80333],[91.53383,25.79855],[91.53523,25.79787],[91.53743,25.79955],[91.53996,25.80013],[91.54214,25.80171],[91.54513,25.80189],[91.54632,25.80303],[91.54656,25.80488],[91.55008,25.80514],[91.55079,25.80695],[91.55167,25.80779],[91.56137,25.80797],[91.56534,25.81048],[91.57001,25.81024],[91.57587,25.8111],[91.57986,25.81283],[91.5826,25.81175],[91.58923,25.81265],[91.59104,25.81079],[91.59493,25.80508],[91.59601,25.80582],[91.59791,25.80882],[91.59964,25.81043],[91.6046,25.81047],[91.61141,25.8116],[91.6136,25.81079],[91.61986,25.81083],[91.62364,25.81367],[91.63889,25.80732],[91.64751,25.80507],[91.65117,25.80538],[91.65281,25.80603],[91.66118,25.8113],[91.66331,25.8121],[91.67063,25.81326],[91.67482,25.81293],[91.68202,25.81072],[91.70524,25.80574],[91.7066,25.80638],[91.70973,25.80953],[91.71448,25.81717],[91.71812,25.82023],[91.73017,25.82432],[91.7323,25.82544],[91.74069,25.82735],[91.74885,25.82719],[91.7502,25.82452],[91.75279,25.8235],[91.75456,25.82198],[91.75514,25.82087],[91.75445,25.81879],[91.75487,25.8183]]]}},{"id":"11","type":"Feature","properties":{"state":"MEGHALAYA","state_lgd":"17","district":"WEST KHASI HILLS","district_lgd":"296"},"geometry":{"type":"Polygon","coordinates":[[[91.20333,25.84233],[91.20228,25.84079],[91.19948,25.83924],[91.19729,25.83524],[91.19468,25.83486],[91.19501,25.83247],[91.19422,25.83085],[91.19446,25.82728],[91.18937,25.82374],[91.18631,25.81836],[91.1868,25.8164],[91.18782,25.8148],[91.19027,25.81365],[91.19044,25.81143],[91.18909,25.80948],[91.18877,25.80745],[91.18766,25.80667],[91.18704,25.80415],[91.18419,25.79889],[91.18417,25.79763],[91.18343,25.79616],[91.1839,25.79442],[91.18207,25.7836],[91.1784,25.78016],[91.17826,25.77735],[91.18152,25.77375],[91.18513,25.77199],[91.18374,25.76871],[91.18368,25.76706],[91.18416,25.76643],[91.18754,25.76517],[91.18929,25.76395],[91.18855,25.75999],[91.18932,25.75651],[91.18935,25.75286],[91.18881,25.74843],[91.18798,25.74646],[91.18787,25.74271],[91.1865,25.73867],[91.18736,25.73804],[91.19159,25.73751],[91.19291,25.73687],[91.19365,25.73418],[91.19198,25.73036],[91.19282,25.73032],[91.19427,25.7311],[91.20431,25.72932],[91.20598,25.72704],[91.20696,25.72707],[91.20759,25.72599],[91.20947,25.72555],[91.21229,25.72569],[91.21566,25.72699],[91.21864,25.72645],[91.21998,25.72682],[91.22037,25.72646],[91.22061,25.72188],[91.2213,25.72202],[91.22218,25.72356],[91.22545,25.72596],[91.22605,25.72694],[91.22757,25.72714],[91.22916,25.72833],[91.233,25.73002],[91.23469,25.73005],[91.23592,25.73202],[91.24167,25.73581],[91.24186,25.73725],[91.24494,25.73936],[91.24701,25.74153],[91.25002,25.74386],[91.25435,25.7459],[91.25678,25.74793],[91.25858,25.74863],[91.26269,25.74902],[91.26512,25.74978],[91.26584,25.74917],[91.26817,25.74854],[91.27059,25.74672],[91.27202,25.74664],[91.27325,25.74558],[91.27367,25.7459],[91.27441,25.7485],[91.27439,25.75036],[91.27631,25.75323],[91.27775,25.75439],[91.27898,25.75736],[91.28284,25.76038],[91.28377,25.76195],[91.28534,25.76246],[91.28863,25.7655],[91.28978,25.76937],[91.29004,25.77264],[91.29456,25.77592],[91.29532,25.77776],[91.29556,25.78018],[91.29744,25.78143],[91.298,25.78286],[91.29945,25.78412],[91.30006,25.7854],[91.30185,25.78648],[91.30259,25.7899],[91.30971,25.79888],[91.31142,25.80361],[91.31258,25.80584],[91.31369,25.80661],[91.31472,25.80959],[91.31759,25.8118],[91.32075,25.81572],[91.32232,25.82153],[91.32708,25.82544],[91.33188,25.83113],[91.33432,25.83307],[91.33326,25.83675],[91.33485,25.83998],[91.3357,25.84069],[91.33903,25.83814],[91.34416,25.83713],[91.34361,25.83025],[91.34232,25.828],[91.34268,25.82599],[91.34859,25.82202],[91.35042,25.81921],[91.35314,25.81805],[91.35493,25.81446],[91.35742,25.81283],[91.35836,25.80926],[91.35994,25.80756],[91.36389,25.8073],[91.36726,25.80634],[91.37485,25.80226],[91.37758,25.80257],[91.38065,25.80179],[91.38192,25.80211],[91.38337,25.80383],[91.38437,25.80428],[91.38688,25.80447],[91.38887,25.80541],[91.39373,25.80618],[91.39748,25.80592],[91.39958,25.8049],[91.40929,25.80254],[91.41331,25.80267],[91.41634,25.80399],[91.41837,25.8039],[91.41986,25.80205],[91.42059,25.80006],[91.41996,25.79661],[91.41874,25.7954],[91.41876,25.794],[91.41942,25.79272],[91.42122,25.79167],[91.42305,25.79188],[91.42897,25.79131],[91.42892,25.79059],[91.43651,25.78614],[91.43775,25.78349],[91.43775,25.78238],[91.43689,25.78135],[91.43476,25.77992],[91.42249,25.77584],[91.42138,25.77403],[91.4215,25.77302],[91.42355,25.7708],[91.42108,25.76571],[91.4263,25.76059],[91.4276,25.75583],[91.43088,25.75516],[91.43183,25.75404],[91.43043,25.75103],[91.42919,25.74975],[91.42646,25.74817],[91.42646,25.74579],[91.42763,25.74469],[91.43163,25.74574],[91.43235,25.74557],[91.43533,25.73888],[91.43257,25.73248],[91.4424,25.7277],[91.44505,25.72461],[91.44718,25.72358],[91.44972,25.71676],[91.45235,25.71432],[91.45333,25.712],[91.45573,25.70891],[91.45813,25.70741],[91.45919,25.70471],[91.46217,25.70226],[91.46223,25.69888],[91.46597,25.69444],[91.46688,25.69187],[91.46675,25.68753],[91.46913,25.68427],[91.46883,25.68292],[91.46659,25.68197],[91.467,25.67934],[91.47124,25.67586],[91.46902,25.67227],[91.46467,25.66921],[91.46195,25.66572],[91.45981,25.66427],[91.45906,25.66242],[91.45707,25.6614],[91.45534,25.6575],[91.45568,25.65603],[91.45731,25.65565],[91.45823,25.65433],[91.45891,25.65151],[91.45884,25.64949],[91.45961,25.64885],[91.45956,25.64673],[91.46222,25.6426],[91.46072,25.63657],[91.45567,25.63548],[91.45249,25.63423],[91.44982,25.63049],[91.44725,25.62902],[91.44235,25.63038],[91.44075,25.6301],[91.44015,25.62858],[91.44032,25.62713],[91.43874,25.6251],[91.43847,25.62294],[91.4368,25.62034],[91.43681,25.61655],[91.43573,25.61508],[91.43632,25.61282],[91.43469,25.61249],[91.43403,25.6115],[91.43189,25.61188],[91.42828,25.60948],[91.42219,25.60739],[91.42103,25.60532],[91.41857,25.60564],[91.41484,25.60164],[91.41341,25.60183],[91.41258,25.60098],[91.41082,25.60082],[91.41002,25.59948],[91.40949,25.59556],[91.40696,25.59578],[91.40493,25.59479],[91.40483,25.59431],[91.4059,25.59312],[91.40622,25.59133],[91.41277,25.58799],[91.41246,25.58708],[91.4145,25.5837],[91.41701,25.58268],[91.41812,25.58152],[91.41787,25.57963],[91.4187,25.57884],[91.42145,25.57824],[91.42394,25.57518],[91.42634,25.57384],[91.427,25.57183],[91.43107,25.56769],[91.43244,25.56566],[91.43352,25.56507],[91.43486,25.56236],[91.43715,25.55976],[91.43811,25.55736],[91.43953,25.55616],[91.44088,25.55404],[91.43998,25.55126],[91.43999,25.54937],[91.43296,25.53942],[91.4331,25.53855],[91.43397,25.53769],[91.43368,25.53499],[91.43168,25.5327],[91.43099,25.53067],[91.43184,25.5292],[91.43237,25.52674],[91.43124,25.52567],[91.4301,25.52551],[91.4296,25.5239],[91.43098,25.5231],[91.43205,25.52351],[91.43456,25.52242],[91.4358,25.52111],[91.4393,25.52003],[91.44168,25.51852],[91.44347,25.51637],[91.44487,25.51582],[91.44637,25.51436],[91.44907,25.51428],[91.45069,25.51482],[91.45427,25.51408],[91.45618,25.51413],[91.45774,25.51599],[91.45899,25.5161],[91.46545,25.51409],[91.46643,25.51497],[91.46689,25.51454],[91.46664,25.51201],[91.47129,25.51042],[91.47512,25.51031],[91.47635,25.50718],[91.47923,25.50383],[91.48038,25.49798],[91.48029,25.49603],[91.47877,25.49276],[91.47871,25.48584],[91.47384,25.48369],[91.46484,25.48375],[91.46472,25.47927],[91.4639,25.4771],[91.46045,25.47794],[91.45833,25.47497],[91.45713,25.47157],[91.4525,25.46612],[91.45104,25.46303],[91.45135,25.45805],[91.45259,25.45717],[91.45333,25.45585],[91.45329,25.45358],[91.44908,25.44874],[91.44839,25.44664],[91.44631,25.44601],[91.44374,25.44647],[91.44088,25.44467],[91.43932,25.44862],[91.43854,25.44914],[91.43342,25.44751],[91.42938,25.44686],[91.42822,25.44856],[91.42026,25.44918],[91.41517,25.44622],[91.41297,25.44387],[91.40849,25.44287],[91.37921,25.44261],[91.37243,25.44525],[91.34187,25.43782],[91.34029,25.4386],[91.33766,25.43794],[91.33521,25.43798],[91.33413,25.43749],[91.33347,25.43958],[91.33156,25.44026],[91.33111,25.43856],[91.32914,25.43802],[91.32942,25.43575],[91.3283,25.43526],[91.32641,25.43283],[91.32528,25.43355],[91.32431,25.43253],[91.32198,25.43411],[91.31714,25.43186],[91.31568,25.43009],[91.3124,25.43028],[91.31159,25.42967],[91.30999,25.43065],[91.30955,25.43045],[91.30938,25.42936],[91.30682,25.43018],[91.30706,25.42883],[91.31136,25.42358],[91.31015,25.42143],[91.30017,25.41808],[91.29781,25.41797],[91.29387,25.41546],[91.2889,25.41367],[91.28832,25.41319],[91.2893,25.41207],[91.2891,25.41008],[91.29092,25.40767],[91.29002,25.40536],[91.29174,25.40374],[91.28954,25.40321],[91.29013,25.40178],[91.28911,25.39974],[91.28748,25.39963],[91.28526,25.40028],[91.28478,25.39988],[91.28516,25.39819],[91.27975,25.39699],[91.27494,25.39802],[91.27249,25.39687],[91.27176,25.39697],[91.26931,25.40075],[91.26915,25.40313],[91.26833,25.40432],[91.25368,25.41912],[91.25173,25.42243],[91.25067,25.42569],[91.24703,25.42868],[91.24383,25.43219],[91.24082,25.43816],[91.23724,25.443],[91.23505,25.44461],[91.23148,25.4505],[91.23058,25.44815],[91.23061,25.44525],[91.2287,25.44471],[91.22632,25.44484],[91.22367,25.44323],[91.22374,25.44126],[91.2267,25.44111],[91.2284,25.43855],[91.2277,25.43771],[91.22729,25.43533],[91.22373,25.43349],[91.22102,25.43388],[91.21978,25.43465],[91.21821,25.4337],[91.21747,25.43388],[91.21745,25.43841],[91.21537,25.44019],[91.21471,25.44318],[91.21332,25.44507],[91.21204,25.44598],[91.20917,25.44691],[91.20643,25.44652],[91.20305,25.4437],[91.20058,25.44256],[91.19832,25.44466],[91.19734,25.445],[91.1955,25.44479],[91.192,25.44346],[91.18916,25.44329],[91.18862,25.44242],[91.18936,25.44051],[91.18867,25.43862],[91.18535,25.43604],[91.18345,25.43323],[91.18239,25.43291],[91.18051,25.43315],[91.1792,25.43377],[91.17863,25.43462],[91.17895,25.43876],[91.18131,25.44301],[91.1796,25.44654],[91.17759,25.44972],[91.17532,25.45132],[91.17345,25.45166],[91.17093,25.45121],[91.16673,25.44836],[91.16159,25.44583],[91.16023,25.44363],[91.15556,25.44083],[91.1522,25.43971],[91.14873,25.43722],[91.144,25.43654],[91.14276,25.43489],[91.14136,25.43419],[91.13035,25.43013],[91.12697,25.42695],[91.1233,25.426],[91.11844,25.42394],[91.11457,25.42308],[91.11252,25.42036],[91.11181,25.41843],[91.11162,25.41578],[91.11024,25.41254],[91.11172,25.41022],[91.1146,25.4091],[91.11729,25.40469],[91.12051,25.40469],[91.12038,25.40242],[91.11848,25.40103],[91.12074,25.39553],[91.12241,25.39395],[91.12408,25.39329],[91.13054,25.39326],[91.13547,25.39085],[91.13699,25.38917],[91.14125,25.38752],[91.1417,25.38654],[91.14215,25.37702],[91.14146,25.37656],[91.13896,25.37706],[91.13786,25.37667],[91.13675,25.37519],[91.13651,25.37233],[91.13496,25.37224],[91.13064,25.37327],[91.12791,25.3726],[91.12464,25.36758],[91.12033,25.36484],[91.11699,25.36194],[91.112,25.36167],[91.10802,25.36024],[91.10402,25.35664],[91.10344,25.35327],[91.10277,25.35219],[91.10003,25.35087],[91.0975,25.34871],[91.09642,25.34623],[91.09644,25.34518],[91.09863,25.33903],[91.09823,25.33774],[91.09558,25.33405],[91.09535,25.33193],[91.09656,25.32858],[91.09894,25.32553],[91.09863,25.32259],[91.0992,25.32027],[91.10116,25.31865],[91.10421,25.31324],[91.10399,25.31256],[91.10189,25.31107],[91.09497,25.30796],[91.09317,25.3067],[91.0869,25.30708],[91.08434,25.30915],[91.08273,25.31169],[91.07613,25.31918],[91.07121,25.32398],[91.06981,25.32621],[91.06616,25.32849],[91.06271,25.32892],[91.05936,25.33079],[91.05528,25.33036],[91.04948,25.32458],[91.04475,25.3233],[91.03845,25.32236],[91.034,25.32421],[91.02613,25.3235],[91.02265,25.32826],[91.01957,25.3299],[91.01828,25.33135],[91.01871,25.33298],[91.02117,25.33654],[91.02098,25.33849],[91.01874,25.33978],[91.01554,25.33926],[91.01271,25.34141],[91.01097,25.35159],[91.00972,25.3545],[91.00652,25.35756],[91.00208,25.35925],[90.99894,25.36188],[90.99706,25.36269],[90.99591,25.36374],[90.99579,25.36577],[90.99456,25.36579],[90.99192,25.36263],[90.99134,25.36112],[90.99326,25.35578],[90.99429,25.35526],[90.99384,25.35416],[90.99406,25.35085],[90.99303,25.34871],[90.9912,25.34681],[90.98981,25.34614],[90.988,25.34385],[90.98624,25.34298],[90.9836,25.34418],[90.98114,25.34289],[90.97861,25.34394],[90.97706,25.34001],[90.97778,25.33826],[90.97905,25.33829],[90.98144,25.33737],[90.98399,25.33453],[90.98203,25.33181],[90.9833,25.3281],[90.98264,25.32646],[90.98247,25.32362],[90.97774,25.32091],[90.97196,25.31977],[90.971,25.32248],[90.96978,25.32408],[90.96722,25.32541],[90.96559,25.32558],[90.95994,25.32841],[90.95568,25.32919],[90.95452,25.32857],[90.95381,25.32867],[90.94749,25.33503],[90.94557,25.33477],[90.94422,25.33165],[90.94116,25.32922],[90.93935,25.32375],[90.93832,25.32279],[90.93623,25.32197],[90.93669,25.33034],[90.936,25.33269],[90.93403,25.33415],[90.92888,25.33501],[90.92649,25.33071],[90.92438,25.32909],[90.92315,25.32896],[90.92206,25.32789],[90.91936,25.32921],[90.91348,25.3283],[90.91002,25.32942],[90.90661,25.32806],[90.90528,25.32636],[90.90263,25.3182],[90.90091,25.3177],[90.89662,25.31367],[90.89166,25.31362],[90.89133,25.31509],[90.88871,25.31735],[90.88834,25.31839],[90.88494,25.31912],[90.88346,25.31986],[90.87848,25.3194],[90.87557,25.31829],[90.87542,25.31706],[90.87411,25.31458],[90.86964,25.30879],[90.8653,25.30475],[90.86423,25.3021],[90.85869,25.29425],[90.85581,25.29383],[90.85492,25.29416],[90.85179,25.29723],[90.84829,25.30199],[90.84701,25.30271],[90.84647,25.30375],[90.84655,25.3063],[90.84004,25.30551],[90.83854,25.30731],[90.83807,25.31153],[90.8387,25.31253],[90.8406,25.31362],[90.84022,25.31476],[90.83863,25.3162],[90.83887,25.31765],[90.8378,25.32005],[90.83796,25.32182],[90.83737,25.3233],[90.84018,25.32406],[90.83868,25.32708],[90.84009,25.32941],[90.83914,25.33292],[90.84077,25.33545],[90.84011,25.33596],[90.83836,25.33569],[90.83793,25.33686],[90.8416,25.34315],[90.84128,25.346],[90.84322,25.34492],[90.84555,25.34581],[90.84453,25.34768],[90.84102,25.34891],[90.84117,25.35163],[90.83877,25.35297],[90.83812,25.35524],[90.83586,25.35613],[90.83353,25.3547],[90.8323,25.35443],[90.83079,25.35648],[90.82989,25.35674],[90.82777,25.35466],[90.82562,25.3542],[90.8244,25.35633],[90.82223,25.35688],[90.82053,25.35926],[90.81811,25.35956],[90.81617,25.35818],[90.81497,25.36071],[90.81497,25.36405],[90.81427,25.36605],[90.81112,25.36626],[90.80792,25.36829],[90.805,25.36734],[90.80137,25.36875],[90.79904,25.36904],[90.79612,25.36794],[90.79302,25.36762],[90.7904,25.36792],[90.787,25.36554],[90.78056,25.36352],[90.77641,25.36331],[90.77589,25.36376],[90.77558,25.3666],[90.77488,25.36705],[90.77333,25.36708],[90.77081,25.36613],[90.76831,25.36697],[90.76359,25.36736],[90.76327,25.36807],[90.76443,25.37307],[90.76149,25.37388],[90.75871,25.3775],[90.75628,25.3789],[90.75525,25.37904],[90.75284,25.37757],[90.75143,25.37783],[90.7497,25.37917],[90.74797,25.37931],[90.74639,25.38603],[90.74756,25.38966],[90.74988,25.39055],[90.75263,25.39084],[90.75415,25.39408],[90.75673,25.39606],[90.76053,25.39605],[90.76211,25.39672],[90.76227,25.4019],[90.76299,25.40324],[90.76072,25.40528],[90.76048,25.40667],[90.76189,25.40935],[90.76244,25.41349],[90.76371,25.41642],[90.7633,25.41768],[90.76036,25.41825],[90.76059,25.42285],[90.75992,25.42565],[90.75952,25.42638],[90.75603,25.42821],[90.75543,25.42965],[90.76117,25.43949],[90.7618,25.44248],[90.76167,25.44479],[90.75969,25.44755],[90.75364,25.44832],[90.75178,25.44921],[90.75129,25.45015],[90.75161,25.45167],[90.75837,25.45778],[90.76029,25.4585],[90.76128,25.45803],[90.76353,25.45521],[90.76617,25.45339],[90.77371,25.45146],[90.77422,25.45282],[90.77243,25.45551],[90.77317,25.45667],[90.77697,25.4589],[90.78379,25.46186],[90.78722,25.46258],[90.78794,25.46479],[90.7898,25.4669],[90.78928,25.4682],[90.78666,25.46894],[90.78063,25.46926],[90.77469,25.46733],[90.77403,25.46767],[90.77354,25.46909],[90.77455,25.47649],[90.78139,25.47774],[90.78376,25.4777],[90.78429,25.47856],[90.78399,25.48166],[90.78541,25.48228],[90.78618,25.4838],[90.7898,25.48589],[90.79012,25.48778],[90.7895,25.49056],[90.78805,25.49208],[90.78476,25.49331],[90.78434,25.49469],[90.78542,25.49954],[90.78765,25.50391],[90.79024,25.50658],[90.78968,25.50797],[90.78612,25.50993],[90.78298,25.51353],[90.78063,25.51398],[90.7811,25.51507],[90.78523,25.51643],[90.78563,25.51707],[90.78318,25.51867],[90.7815,25.52179],[90.77889,25.52347],[90.77989,25.52909],[90.77938,25.53319],[90.77647,25.53615],[90.77473,25.53896],[90.7701,25.54004],[90.76898,25.54088],[90.76796,25.54296],[90.76602,25.54389],[90.7662,25.54542],[90.76726,25.54702],[90.76709,25.54806],[90.76595,25.54879],[90.76191,25.54975],[90.76142,25.55035],[90.7658,25.55583],[90.7697,25.55644],[90.77073,25.55733],[90.77026,25.55866],[90.76537,25.5613],[90.76505,25.56202],[90.76549,25.56301],[90.76991,25.5674],[90.76952,25.56829],[90.76828,25.56908],[90.77024,25.57099],[90.76954,25.57412],[90.77181,25.57498],[90.77235,25.57757],[90.77564,25.57958],[90.77665,25.58149],[90.77804,25.58217],[90.77901,25.58357],[90.78117,25.58447],[90.78253,25.58321],[90.782,25.58075],[90.78435,25.57977],[90.78431,25.57818],[90.78649,25.57467],[90.78707,25.57076],[90.78648,25.569],[90.7875,25.56866],[90.79312,25.57273],[90.79349,25.57425],[90.79263,25.57616],[90.7927,25.57789],[90.79202,25.57879],[90.79273,25.58026],[90.79451,25.58042],[90.79657,25.57868],[90.79747,25.57868],[90.80073,25.58232],[90.80148,25.58378],[90.80013,25.58528],[90.79977,25.58689],[90.80011,25.5882],[90.8008,25.5886],[90.80378,25.58606],[90.80653,25.58492],[90.80711,25.58413],[90.80747,25.58144],[90.81046,25.57671],[90.81225,25.57558],[90.81328,25.57561],[90.81412,25.57629],[90.81584,25.57937],[90.81994,25.58203],[90.81994,25.58398],[90.81845,25.58555],[90.81872,25.58691],[90.81925,25.58739],[90.82331,25.58825],[90.82446,25.5902],[90.82667,25.59051],[90.82796,25.59173],[90.8293,25.59161],[90.83154,25.59058],[90.83223,25.5881],[90.83387,25.58721],[90.83592,25.59018],[90.83949,25.59092],[90.84333,25.5941],[90.84551,25.59459],[90.84789,25.59357],[90.84941,25.59412],[90.8505,25.59548],[90.85049,25.59783],[90.8543,25.59878],[90.85664,25.59879],[90.86112,25.60359],[90.86454,25.60331],[90.86768,25.60236],[90.87212,25.60422],[90.87236,25.60584],[90.87322,25.60674],[90.87261,25.60955],[90.87457,25.60952],[90.87628,25.60808],[90.8773,25.60882],[90.87744,25.61046],[90.87862,25.61192],[90.87918,25.61419],[90.87869,25.61731],[90.87941,25.61924],[90.883,25.62266],[90.88578,25.62307],[90.88615,25.62536],[90.88755,25.62668],[90.88858,25.62978],[90.88955,25.63067],[90.89225,25.63187],[90.89355,25.63369],[90.89455,25.63692],[90.89579,25.63734],[90.89789,25.63593],[90.89932,25.63597],[90.90085,25.63689],[90.90131,25.63588],[90.90233,25.63588],[90.90392,25.63791],[90.90656,25.63831],[90.90688,25.63984],[90.90815,25.64197],[90.90719,25.64276],[90.90808,25.64329],[90.91004,25.64705],[90.91026,25.6489],[90.90937,25.6496],[90.90968,25.65025],[90.90898,25.65183],[90.90937,25.65283],[90.91004,25.6525],[90.90988,25.65337],[90.91029,25.65374],[90.91241,25.65336],[90.91339,25.65474],[90.91658,25.65622],[90.91763,25.65778],[90.91698,25.65847],[90.91742,25.66002],[90.91981,25.66079],[90.91973,25.66224],[90.92109,25.66281],[90.92216,25.66269],[90.92172,25.66335],[90.92455,25.66355],[90.92535,25.66531],[90.92615,25.66563],[90.92595,25.66712],[90.92483,25.66818],[90.92589,25.66848],[90.92562,25.66927],[90.92654,25.66902],[90.92715,25.67049],[90.92759,25.67034],[90.9303,25.67233],[90.93093,25.67227],[90.9313,25.67309],[90.93036,25.67471],[90.93222,25.67714],[90.932,25.67775],[90.93327,25.67818],[90.93432,25.67767],[90.93468,25.67938],[90.93438,25.68105],[90.93499,25.68131],[90.93458,25.68207],[90.93582,25.6821],[90.93541,25.68299],[90.93587,25.68399],[90.93752,25.6851],[90.93856,25.68465],[90.94063,25.68645],[90.94191,25.68579],[90.94253,25.68593],[90.9427,25.68649],[90.94502,25.68686],[90.94786,25.68865],[90.94746,25.6897],[90.94789,25.69245],[90.94894,25.69346],[90.94856,25.69698],[90.9493,25.69811],[90.95,25.69813],[90.95089,25.69971],[90.9509,25.70155],[90.95182,25.70207],[90.95171,25.70274],[90.95335,25.70323],[90.95301,25.70678],[90.95344,25.70761],[90.95484,25.70831],[90.95414,25.70888],[90.95522,25.7105],[90.95512,25.71121],[90.95671,25.71237],[90.95653,25.71394],[90.95843,25.71473],[90.95951,25.71441],[90.96132,25.71555],[90.96133,25.71695],[90.9623,25.71953],[90.96167,25.72095],[90.96371,25.72332],[90.96393,25.72484],[90.96519,25.72486],[90.96648,25.72564],[90.97004,25.72658],[90.96952,25.72814],[90.9707,25.73069],[90.97259,25.73256],[90.97304,25.73453],[90.97746,25.73668],[90.97739,25.73831],[90.97892,25.7388],[90.97968,25.73989],[90.98081,25.74024],[90.98405,25.74279],[90.9835,25.74517],[90.98225,25.74661],[90.98208,25.74767],[90.98078,25.74755],[90.97861,25.74846],[90.97289,25.75276],[90.97061,25.75261],[90.96531,25.75029],[90.96025,25.74898],[90.95619,25.75121],[90.95471,25.75342],[90.95412,25.75706],[90.9535,25.7578],[90.95135,25.75771],[90.9474,25.75422],[90.94575,25.7534],[90.94477,25.75329],[90.94154,25.75449],[90.94056,25.75518],[90.9399,25.75809],[90.93835,25.75967],[90.94083,25.76168],[90.94022,25.76258],[90.94076,25.7636],[90.94045,25.76507],[90.94225,25.76716],[90.94291,25.76977],[90.94474,25.7706],[90.94467,25.77254],[90.94648,25.77221],[90.94922,25.77468],[90.95018,25.77407],[90.95279,25.77365],[90.95385,25.77595],[90.95566,25.77641],[90.95756,25.776],[90.95872,25.7768],[90.95947,25.77805],[90.96342,25.77966],[90.96595,25.78271],[90.96665,25.78477],[90.97208,25.78985],[90.9779,25.79793],[90.97924,25.79874],[90.9796,25.79756],[90.98022,25.79744],[90.98227,25.79931],[90.98276,25.80205],[90.98451,25.80617],[90.98748,25.80785],[90.988,25.80898],[90.989,25.80906],[90.98993,25.81104],[90.99376,25.81335],[90.99506,25.81595],[90.99743,25.81748],[90.99839,25.8194],[90.9986,25.82146],[91.00128,25.8251],[91.00601,25.82038],[91.00802,25.82119],[91.01057,25.82036],[91.0134,25.82156],[91.01662,25.82241],[91.01781,25.82207],[91.0215,25.82334],[91.02245,25.82377],[91.02863,25.83116],[91.03168,25.83241],[91.0325,25.835],[91.03785,25.83606],[91.03923,25.83689],[91.04291,25.8422],[91.04608,25.84508],[91.04729,25.84886],[91.04772,25.84908],[91.05627,25.84876],[91.05806,25.84757],[91.05893,25.84747],[91.0617,25.84801],[91.06188,25.8469],[91.06446,25.84795],[91.06627,25.84673],[91.06721,25.84663],[91.06851,25.84693],[91.06929,25.84824],[91.07075,25.84795],[91.07249,25.84866],[91.07601,25.85227],[91.07752,25.85227],[91.07834,25.85284],[91.07845,25.85171],[91.07458,25.84864],[91.07298,25.84589],[91.0729,25.84499],[91.0737,25.84366],[91.07258,25.84237],[91.07324,25.84046],[91.07186,25.83876],[91.07062,25.83781],[91.06773,25.83681],[91.06641,25.83886],[91.06481,25.83755],[91.05937,25.83666],[91.05904,25.8333],[91.05773,25.83177],[91.05529,25.83121],[91.05297,25.83181],[91.04888,25.82927],[91.06213,25.82078],[91.06697,25.82573],[91.07714,25.82894],[91.08526,25.83034],[91.11963,25.8327],[91.12186,25.83398],[91.12946,25.84261],[91.13611,25.84263],[91.14755,25.85049],[91.15201,25.85103],[91.16047,25.84978],[91.17362,25.84441],[91.18012,25.84417],[91.18383,25.85046],[91.18906,25.852],[91.19583,25.86139],[91.19642,25.85905],[91.19621,25.8564],[91.19776,25.85449],[91.19689,25.85269],[91.19756,25.84954],[91.19833,25.84838],[91.20343,25.84414],[91.20333,25.84233]]]}}]}