{"type":"FeatureCollection","features":[{"id":"0","type":"Feature","properties":{"state":"MIZORAM","state_lgd":"15","district":"CHAMPHAI","district_lgd":"284"},"geometry":{"type":"Polygon","coordinates":[[[93.38108,23.93291],[93.38318,23.93205],[93.3849,23.9301],[93.38682,23.9312],[93.38827,23.93044],[93.38965,23.9304],[93.39116,23.92917],[93.39294,23.92913],[93.39308,23.92848],[93.39188,23.92812],[93.39064,23.92688],[93.39103,23.92557],[93.39067,23.92382],[93.39221,23.92455],[93.39275,23.92549],[93.39396,23.92534],[93.39424,23.92386],[93.39182,23.92024],[93.39162,23.91851],[93.39275,23.9181],[93.39251,23.91669],[93.39307,23.91653],[93.39364,23.91724],[93.39431,23.91696],[93.39528,23.91537],[93.39413,23.91453],[93.3914,23.91424],[93.39182,23.90649],[93.3901,23.90603],[93.39145,23.90353],[93.39003,23.9019],[93.3908,23.90041],[93.38979,23.89824],[93.39029,23.89641],[93.38915,23.89478],[93.38977,23.89245],[93.38863,23.89086],[93.38925,23.88884],[93.38844,23.88739],[93.3881,23.88516],[93.38699,23.88397],[93.3876,23.88282],[93.38748,23.8818],[93.38584,23.88053],[93.38619,23.87853],[93.38464,23.87681],[93.38476,23.87301],[93.38764,23.86866],[93.3868,23.86673],[93.38734,23.86587],[93.38879,23.86511],[93.38735,23.86363],[93.38799,23.8613],[93.38565,23.85854],[93.38757,23.85515],[93.38615,23.85368],[93.38636,23.85141],[93.38496,23.84813],[93.38655,23.84575],[93.38644,23.84457],[93.38729,23.84345],[93.38719,23.84173],[93.38852,23.84071],[93.38842,23.83811],[93.38941,23.83663],[93.38878,23.83583],[93.38873,23.83479],[93.39016,23.83384],[93.38862,23.83288],[93.39001,23.83011],[93.38862,23.82717],[93.38846,23.82557],[93.38923,23.82493],[93.39189,23.82432],[93.39239,23.82342],[93.3902,23.82116],[93.39031,23.81736],[93.39262,23.81641],[93.3936,23.81766],[93.39433,23.81755],[93.39595,23.81602],[93.39601,23.81482],[93.39668,23.81407],[93.39714,23.81401],[93.3985,23.81528],[93.40084,23.81272],[93.40188,23.81244],[93.40183,23.81024],[93.40326,23.80705],[93.40313,23.80363],[93.40217,23.80205],[93.40284,23.79709],[93.40176,23.79509],[93.39789,23.79278],[93.3977,23.78791],[93.3963,23.78653],[93.39666,23.78524],[93.39586,23.78312],[93.39649,23.7805],[93.39598,23.77833],[93.39454,23.77608],[93.39409,23.77441],[93.39431,23.77229],[93.39565,23.77018],[93.39576,23.76886],[93.39386,23.76443],[93.39395,23.7636],[93.39169,23.76118],[93.39167,23.76067],[93.39265,23.76016],[93.39155,23.75669],[93.39284,23.75502],[93.39524,23.75386],[93.39553,23.75262],[93.39504,23.74943],[93.39642,23.7493],[93.39649,23.74877],[93.39827,23.74789],[93.39995,23.74795],[93.40156,23.74738],[93.40377,23.74527],[93.40339,23.74092],[93.40399,23.73774],[93.40553,23.73606],[93.4059,23.73364],[93.40655,23.73255],[93.40872,23.73103],[93.40975,23.73106],[93.41011,23.72986],[93.41095,23.7294],[93.4099,23.72675],[93.41096,23.72375],[93.40931,23.72157],[93.40934,23.72099],[93.41121,23.71971],[93.41139,23.71847],[93.41229,23.71743],[93.40999,23.71799],[93.40939,23.71674],[93.4081,23.71694],[93.40808,23.71554],[93.40707,23.71478],[93.40614,23.71532],[93.40581,23.714],[93.40613,23.71255],[93.40705,23.71152],[93.40757,23.70935],[93.40859,23.7087],[93.40727,23.70724],[93.40929,23.70669],[93.40947,23.7057],[93.41016,23.70535],[93.4098,23.70461],[93.41024,23.7038],[93.41205,23.70407],[93.41409,23.70262],[93.41571,23.70272],[93.41599,23.70193],[93.41658,23.70219],[93.41687,23.70152],[93.41719,23.70224],[93.41945,23.70149],[93.41976,23.69977],[93.4208,23.69991],[93.42133,23.69921],[93.41984,23.6986],[93.4206,23.69814],[93.42117,23.69601],[93.42213,23.69596],[93.42265,23.69451],[93.42519,23.69266],[93.42569,23.69163],[93.42554,23.68928],[93.42715,23.68922],[93.42732,23.68806],[93.42879,23.68751],[93.43691,23.68704],[93.43607,23.68479],[93.43684,23.68346],[93.43636,23.68275],[93.43667,23.68192],[93.43529,23.68111],[93.4356,23.68036],[93.43505,23.67913],[93.43624,23.67844],[93.4361,23.67805],[93.43256,23.67489],[93.43143,23.67489],[93.43288,23.67304],[93.4311,23.67342],[93.43105,23.67178],[93.43012,23.67126],[93.42995,23.66964],[93.42853,23.66813],[93.42834,23.6672],[93.42693,23.66651],[93.42697,23.6656],[93.42559,23.66427],[93.4258,23.66222],[93.42242,23.65997],[93.4241,23.6561],[93.42039,23.65332],[93.422,23.65165],[93.4205,23.65111],[93.41958,23.65008],[93.42044,23.64962],[93.42021,23.64876],[93.4165,23.64763],[93.41682,23.64706],[93.41843,23.64671],[93.41794,23.64315],[93.41719,23.64181],[93.41752,23.63915],[93.41714,23.63765],[93.41834,23.63589],[93.42338,23.63387],[93.42356,23.63306],[93.42267,23.63116],[93.42458,23.62954],[93.42449,23.62867],[93.42157,23.6269],[93.4218,23.62562],[93.42269,23.62458],[93.41994,23.62345],[93.4213,23.61989],[93.42103,23.61849],[93.42186,23.61766],[93.42243,23.61552],[93.4219,23.61338],[93.42046,23.61247],[93.42052,23.6116],[93.42208,23.61032],[93.42164,23.60733],[93.42326,23.60688],[93.42448,23.60491],[93.42205,23.60383],[93.42167,23.60312],[93.42408,23.60269],[93.4257,23.60126],[93.42577,23.60046],[93.42469,23.60106],[93.42419,23.60083],[93.42456,23.59974],[93.42635,23.5996],[93.42585,23.59636],[93.42756,23.59411],[93.42654,23.593],[93.42586,23.59103],[93.42741,23.59042],[93.42856,23.58828],[93.42382,23.5854],[93.42323,23.58444],[93.42257,23.58194],[93.42296,23.58023],[93.42273,23.57823],[93.42145,23.57401],[93.42207,23.57137],[93.42083,23.57016],[93.41812,23.56868],[93.41467,23.57116],[93.41444,23.56794],[93.41355,23.56507],[93.41199,23.56382],[93.41047,23.56454],[93.40982,23.56365],[93.40977,23.56301],[93.41291,23.56136],[93.41378,23.56027],[93.41304,23.55951],[93.40915,23.55872],[93.40906,23.55741],[93.40948,23.55667],[93.41244,23.55644],[93.4126,23.55346],[93.41448,23.54965],[93.41533,23.54457],[93.4178,23.54257],[93.41854,23.54001],[93.41831,23.53904],[93.41609,23.53666],[93.41474,23.53095],[93.41398,23.52954],[93.41114,23.52504],[93.40919,23.52343],[93.40875,23.51731],[93.40752,23.51653],[93.4055,23.51728],[93.4038,23.51672],[93.40356,23.5151],[93.40463,23.51358],[93.40428,23.51259],[93.4032,23.51106],[93.40157,23.50992],[93.39932,23.51101],[93.39796,23.51056],[93.39656,23.50766],[93.39695,23.50499],[93.39472,23.50376],[93.39541,23.50199],[93.39447,23.49939],[93.39528,23.49147],[93.39379,23.48668],[93.39435,23.48592],[93.39578,23.48575],[93.39599,23.48392],[93.39551,23.48132],[93.39267,23.47983],[93.3925,23.47881],[93.3954,23.47502],[93.39816,23.4748],[93.39839,23.47433],[93.39745,23.47344],[93.39746,23.47287],[93.39783,23.47236],[93.3988,23.47256],[93.39931,23.47188],[93.39785,23.46932],[93.39741,23.46629],[93.39396,23.46447],[93.39432,23.46187],[93.39353,23.46058],[93.39419,23.45834],[93.39287,23.45815],[93.39221,23.45737],[93.3923,23.45685],[93.39354,23.45625],[93.39601,23.45367],[93.39545,23.45258],[93.39296,23.45078],[93.39297,23.45016],[93.39478,23.44896],[93.39476,23.44807],[93.39442,23.44763],[93.39301,23.44777],[93.39055,23.45072],[93.38929,23.44971],[93.38801,23.44638],[93.38824,23.44489],[93.39108,23.44203],[93.38975,23.43944],[93.39074,23.4365],[93.38929,23.43278],[93.39029,23.42737],[93.38984,23.42389],[93.38967,23.4233],[93.38844,23.42254],[93.38831,23.42082],[93.39079,23.41856],[93.39063,23.41384],[93.39149,23.40829],[93.39444,23.39717],[93.39747,23.39711],[93.39813,23.39657],[93.39834,23.3928],[93.40144,23.39072],[93.40239,23.38932],[93.40155,23.38598],[93.40165,23.38375],[93.40067,23.38318],[93.3986,23.38385],[93.39696,23.38354],[93.39584,23.38191],[93.395,23.37682],[93.39305,23.37503],[93.38747,23.37472],[93.38649,23.37408],[93.38628,23.37334],[93.38694,23.37184],[93.3901,23.37117],[93.3912,23.37004],[93.39118,23.36952],[93.38855,23.36827],[93.38796,23.36742],[93.38912,23.36668],[93.3893,23.36452],[93.38763,23.3594],[93.38665,23.35959],[93.38483,23.36163],[93.38401,23.36193],[93.38334,23.3619],[93.38254,23.36098],[93.38213,23.35903],[93.38141,23.35819],[93.38034,23.35864],[93.37932,23.36083],[93.37488,23.35899],[93.37119,23.35907],[93.36587,23.35651],[93.36294,23.35601],[93.36132,23.35656],[93.36075,23.35631],[93.3562,23.3534],[93.35577,23.35189],[93.35655,23.3492],[93.35829,23.34609],[93.35812,23.3423],[93.3601,23.34094],[93.36205,23.33724],[93.36304,23.33632],[93.3666,23.33425],[93.37009,23.33306],[93.37288,23.32942],[93.3729,23.32851],[93.3716,23.32615],[93.36731,23.32296],[93.36692,23.32216],[93.36703,23.32042],[93.36755,23.31974],[93.37147,23.31656],[93.37157,23.31354],[93.36902,23.31306],[93.36549,23.31411],[93.36383,23.31323],[93.36384,23.31264],[93.36729,23.31046],[93.37073,23.31023],[93.37162,23.30961],[93.37158,23.309],[93.36943,23.30771],[93.36605,23.30733],[93.36508,23.30634],[93.36553,23.30506],[93.36854,23.30183],[93.3686,23.29921],[93.36625,23.29519],[93.366,23.29398],[93.3675,23.29143],[93.36956,23.2895],[93.37002,23.28865],[93.36993,23.28717],[93.36722,23.28311],[93.3669,23.28098],[93.36388,23.2815],[93.36268,23.2804],[93.36261,23.27914],[93.36346,23.27811],[93.36594,23.27755],[93.36916,23.27607],[93.36878,23.27464],[93.36689,23.27231],[93.36571,23.2692],[93.36633,23.2686],[93.36742,23.26904],[93.3684,23.26877],[93.36859,23.2662],[93.36988,23.26347],[93.37143,23.2624],[93.373,23.26206],[93.37364,23.26126],[93.37266,23.25948],[93.37023,23.25864],[93.37009,23.25667],[93.37166,23.25518],[93.37169,23.25463],[93.37011,23.25249],[93.36947,23.25044],[93.36966,23.24993],[93.37485,23.2489],[93.37664,23.24789],[93.37701,23.24605],[93.37621,23.24405],[93.37939,23.23781],[93.3788,23.23431],[93.37917,23.23371],[93.38158,23.23281],[93.38206,23.23221],[93.38177,23.22964],[93.3808,23.22761],[93.38127,23.2243],[93.38355,23.22392],[93.386,23.21936],[93.38861,23.21692],[93.38804,23.2152],[93.38238,23.21593],[93.3806,23.21535],[93.37963,23.21355],[93.37832,23.21237],[93.37853,23.20849],[93.37799,23.2068],[93.37681,23.20605],[93.37545,23.20422],[93.37735,23.20147],[93.37893,23.20124],[93.38027,23.1999],[93.3798,23.19688],[93.37696,23.19026],[93.37778,23.189],[93.37979,23.18785],[93.38064,23.18659],[93.37836,23.18472],[93.37792,23.1814],[93.37431,23.17722],[93.37288,23.1765],[93.3703,23.1765],[93.36865,23.1753],[93.37144,23.17304],[93.37255,23.17119],[93.37241,23.16862],[93.37123,23.16558],[93.37229,23.16047],[93.37208,23.1593],[93.3717,23.1582],[93.3696,23.15636],[93.36925,23.15412],[93.36979,23.153],[93.37106,23.15297],[93.37139,23.15234],[93.36828,23.14579],[93.36823,23.1441],[93.37118,23.14109],[93.37308,23.14102],[93.37516,23.14169],[93.37828,23.14068],[93.38165,23.14256],[93.38353,23.14449],[93.38645,23.14411],[93.38709,23.14341],[93.38565,23.13892],[93.38561,23.13384],[93.38448,23.13261],[93.38162,23.13254],[93.37962,23.13313],[93.37745,23.13263],[93.37686,23.13111],[93.37796,23.12861],[93.37759,23.12679],[93.3762,23.12601],[93.37234,23.12605],[93.36621,23.12138],[93.36455,23.11956],[93.36424,23.11598],[93.36321,23.11494],[93.36118,23.11513],[93.35757,23.11668],[93.35633,23.11659],[93.35566,23.11605],[93.35514,23.1146],[93.3554,23.11314],[93.3567,23.11116],[93.35821,23.11028],[93.35851,23.10957],[93.35832,23.10873],[93.35642,23.10681],[93.35537,23.10372],[93.35514,23.10123],[93.35412,23.09914],[93.35429,23.09683],[93.35155,23.09382],[93.3506,23.09135],[93.34713,23.09301],[93.34561,23.09285],[93.34457,23.09177],[93.34499,23.09049],[93.34632,23.08913],[93.3464,23.0879],[93.34607,23.08725],[93.34345,23.08595],[93.34292,23.08385],[93.34366,23.08205],[93.34351,23.08018],[93.33969,23.07515],[93.33926,23.07383],[93.3401,23.07311],[93.34368,23.07527],[93.34518,23.07513],[93.348,23.07337],[93.35159,23.07289],[93.35216,23.07228],[93.35206,23.0704],[93.34821,23.07016],[93.34586,23.07097],[93.34401,23.06911],[93.34081,23.0677],[93.34035,23.06692],[93.34041,23.06487],[93.34346,23.06007],[93.34362,23.05908],[93.34243,23.05754],[93.3418,23.05746],[93.33718,23.05999],[93.33518,23.05999],[93.33461,23.05945],[93.33406,23.05826],[93.33429,23.05683],[93.33315,23.05406],[93.33404,23.05065],[93.3336,23.04857],[93.33279,23.04815],[93.32883,23.04806],[93.32742,23.04752],[93.32703,23.04633],[93.32816,23.04333],[93.328,23.0396],[93.32729,23.03871],[93.32523,23.03773],[93.32368,23.03598],[93.32139,23.03692],[93.32037,23.03667],[93.32013,23.03553],[93.32077,23.03404],[93.31995,23.03118],[93.32031,23.02889],[93.3186,23.02766],[93.3157,23.02769],[93.31367,23.0268],[93.31337,23.02538],[93.31415,23.01987],[93.3134,23.01894],[93.31147,23.01915],[93.3071,23.02141],[93.30452,23.02022],[93.30294,23.0188],[93.30184,23.01666],[93.29823,23.01372],[93.29438,23.00693],[93.29277,23.00624],[93.2904,23.00861],[93.28773,23.00796],[93.28317,23.00837],[93.28218,23.00659],[93.28077,23.00529],[93.27501,23.00391],[93.27432,23.00439],[93.27393,23.00743],[93.27238,23.00969],[93.27124,23.01073],[93.26994,23.01087],[93.26731,23.01048],[93.2655,23.00881],[93.264,23.0081],[93.26027,23.00845],[93.24691,23.0066],[93.24166,23.00695],[93.2397,23.00797],[93.23853,23.00956],[93.23551,23.01127],[93.22946,23.01165],[93.2287,23.0123],[93.22843,23.01342],[93.22866,23.01492],[93.23069,23.01774],[93.22978,23.01993],[93.22791,23.0208],[93.22629,23.02002],[93.22552,23.02027],[93.22512,23.02078],[93.22539,23.02302],[93.22499,23.02387],[93.22406,23.02422],[93.2187,23.02394],[93.21529,23.02687],[93.21521,23.02873],[93.21755,23.03193],[93.21742,23.03387],[93.21635,23.03604],[93.21346,23.03594],[93.2113,23.03917],[93.21073,23.04658],[93.20987,23.04854],[93.20826,23.04908],[93.20613,23.04866],[93.20201,23.05075],[93.20125,23.0521],[93.20207,23.05369],[93.20206,23.0545],[93.20152,23.05485],[93.19473,23.05447],[93.19048,23.05199],[93.18972,23.05175],[93.18822,23.05219],[93.18693,23.05357],[93.18695,23.05761],[93.18547,23.05921],[93.18287,23.05942],[93.18172,23.05786],[93.17985,23.05697],[93.17507,23.06276],[93.17457,23.06478],[93.17503,23.06909],[93.1766,23.06972],[93.177,23.07045],[93.17533,23.07304],[93.17104,23.07621],[93.17041,23.07757],[93.17085,23.07873],[93.17448,23.0799],[93.1752,23.08115],[93.1716,23.08499],[93.16988,23.08602],[93.17032,23.09058],[93.16584,23.09391],[93.16362,23.09814],[93.16283,23.10152],[93.16327,23.10666],[93.16402,23.10908],[93.1639,23.11187],[93.16474,23.11494],[93.16462,23.11671],[93.16637,23.11907],[93.16732,23.12229],[93.16725,23.12366],[93.16546,23.12617],[93.16549,23.1282],[93.16769,23.13609],[93.1688,23.13728],[93.17091,23.13825],[93.17269,23.14011],[93.17284,23.14084],[93.17179,23.14245],[93.16888,23.14346],[93.16902,23.14434],[93.17083,23.14517],[93.17133,23.14636],[93.16906,23.14905],[93.16872,23.1516],[93.1669,23.15577],[93.16187,23.16224],[93.16265,23.16506],[93.16128,23.16683],[93.16082,23.16935],[93.15973,23.17152],[93.16112,23.17575],[93.15894,23.17797],[93.15371,23.1785],[93.14697,23.18133],[93.14526,23.18468],[93.14495,23.18958],[93.1455,23.19026],[93.15117,23.19063],[93.15511,23.19413],[93.15797,23.19574],[93.15868,23.1955],[93.16034,23.19307],[93.16116,23.19309],[93.16179,23.19382],[93.16277,23.19749],[93.16169,23.19916],[93.15934,23.20108],[93.15984,23.20411],[93.16057,23.20578],[93.16246,23.20771],[93.16272,23.20959],[93.16352,23.20989],[93.16653,23.20927],[93.16713,23.20989],[93.16254,23.21526],[93.16018,23.21613],[93.15921,23.21814],[93.16079,23.22006],[93.16095,23.22138],[93.16347,23.223],[93.16507,23.22812],[93.16743,23.23074],[93.16754,23.23439],[93.16884,23.23572],[93.17298,23.23782],[93.17586,23.24052],[93.1755,23.2443],[93.18026,23.24832],[93.18078,23.25255],[93.18347,23.25727],[93.18393,23.26031],[93.18034,23.26331],[93.17784,23.26975],[93.17944,23.2704],[93.18032,23.27146],[93.18394,23.2737],[93.18882,23.27512],[93.19243,23.27498],[93.1939,23.27699],[93.19745,23.27963],[93.19756,23.2804],[93.19708,23.28072],[93.19367,23.28103],[93.19321,23.28148],[93.19263,23.28416],[93.19271,23.28738],[93.19376,23.28877],[93.1968,23.29043],[93.19821,23.29193],[93.19907,23.29369],[93.19991,23.29808],[93.20223,23.30176],[93.20423,23.30266],[93.20494,23.30364],[93.20479,23.30526],[93.20276,23.30924],[93.20077,23.31518],[93.20078,23.32148],[93.20553,23.32534],[93.20485,23.32701],[93.20508,23.32791],[93.2106,23.3302],[93.21099,23.33725],[93.21025,23.33811],[93.20849,23.33844],[93.20825,23.3391],[93.20835,23.3418],[93.21007,23.35034],[93.21075,23.35045],[93.21281,23.34868],[93.21434,23.3488],[93.21577,23.35075],[93.21732,23.35557],[93.21853,23.35673],[93.22088,23.35673],[93.2214,23.35742],[93.22121,23.3585],[93.21461,23.36466],[93.21459,23.36656],[93.21529,23.36817],[93.21824,23.36967],[93.21637,23.37223],[93.2163,23.37341],[93.21801,23.37465],[93.21952,23.37764],[93.2218,23.37801],[93.22514,23.3773],[93.22658,23.37768],[93.22824,23.3805],[93.22615,23.384],[93.22616,23.38526],[93.22705,23.38549],[93.22999,23.38378],[93.22963,23.38636],[93.23195,23.38805],[93.23419,23.38883],[93.23686,23.38828],[93.23962,23.38892],[93.24136,23.38689],[93.24322,23.38687],[93.24504,23.3854],[93.24607,23.38518],[93.24645,23.38583],[93.24566,23.38706],[93.24545,23.38873],[93.24782,23.38983],[93.25337,23.38897],[93.256,23.38958],[93.25975,23.38736],[93.26016,23.38832],[93.25847,23.38988],[93.25853,23.39036],[93.26072,23.39088],[93.26318,23.38885],[93.2639,23.38886],[93.26465,23.39139],[93.2667,23.39342],[93.26731,23.39598],[93.27035,23.39699],[93.27168,23.39818],[93.2712,23.39959],[93.26785,23.40239],[93.26691,23.40611],[93.26849,23.40734],[93.2696,23.40706],[93.27072,23.40601],[93.27114,23.4066],[93.26946,23.40983],[93.27453,23.41711],[93.27507,23.41867],[93.2749,23.42046],[93.27309,23.42563],[93.27047,23.42809],[93.26933,23.43029],[93.26455,23.43489],[93.26237,23.43994],[93.2607,23.44222],[93.26031,23.45253],[93.26124,23.45453],[93.2608,23.45691],[93.26227,23.45758],[93.26257,23.45886],[93.2623,23.45959],[93.26066,23.46046],[93.2582,23.46505],[93.25828,23.46571],[93.25893,23.46601],[93.25959,23.46879],[93.25953,23.47131],[93.25841,23.47118],[93.2577,23.47022],[93.2571,23.47033],[93.25639,23.47149],[93.25664,23.47435],[93.25377,23.47467],[93.25495,23.47585],[93.25729,23.48001],[93.25641,23.48414],[93.25669,23.48465],[93.2584,23.48376],[93.25944,23.48413],[93.26076,23.48767],[93.26528,23.49092],[93.26559,23.4917],[93.26522,23.49285],[93.26618,23.49429],[93.26969,23.49485],[93.27161,23.49639],[93.26916,23.49914],[93.26949,23.49984],[93.27121,23.50052],[93.27174,23.50163],[93.26986,23.50272],[93.2694,23.50445],[93.27054,23.50627],[93.27357,23.5057],[93.27423,23.50754],[93.27393,23.50923],[93.27472,23.51044],[93.27278,23.51333],[93.27527,23.51646],[93.27434,23.51865],[93.27386,23.5231],[93.27394,23.52453],[93.27515,23.52666],[93.27323,23.52895],[93.27435,23.53005],[93.27752,23.53081],[93.27881,23.53212],[93.27958,23.53855],[93.28094,23.54401],[93.27955,23.54645],[93.2799,23.54859],[93.27938,23.55006],[93.2755,23.55287],[93.2745,23.55721],[93.27187,23.55882],[93.27165,23.56171],[93.27019,23.56304],[93.26836,23.56646],[93.26767,23.56686],[93.26637,23.56633],[93.26606,23.56799],[93.26171,23.57145],[93.2598,23.57411],[93.26014,23.57624],[93.26403,23.58207],[93.26624,23.58314],[93.26751,23.5866],[93.27043,23.58806],[93.27043,23.58915],[93.26957,23.59088],[93.27049,23.59115],[93.27187,23.59023],[93.27292,23.5912],[93.27282,23.59235],[93.27058,23.59525],[93.27053,23.59869],[93.26978,23.5998],[93.26873,23.59978],[93.26842,23.60058],[93.26665,23.60105],[93.26551,23.60274],[93.263,23.60444],[93.26237,23.60589],[93.26085,23.6057],[93.25983,23.6076],[93.25837,23.60759],[93.25867,23.60842],[93.2558,23.60919],[93.25578,23.61104],[93.25453,23.61236],[93.2533,23.61485],[93.2511,23.61614],[93.24918,23.61819],[93.24933,23.62131],[93.24829,23.62214],[93.2474,23.62648],[93.24683,23.62671],[93.24554,23.62898],[93.24216,23.63045],[93.2408,23.63179],[93.24147,23.6335],[93.24115,23.63537],[93.24218,23.63807],[93.2425,23.64259],[93.23826,23.64402],[93.23617,23.6437],[93.23244,23.64677],[93.22863,23.64838],[93.22827,23.64901],[93.22923,23.64944],[93.22899,23.65028],[93.22568,23.65117],[93.22296,23.65274],[93.22235,23.65471],[93.22122,23.65559],[93.21381,23.65631],[93.20725,23.6537],[93.20535,23.65513],[93.20318,23.65496],[93.20183,23.65817],[93.20135,23.66121],[93.19904,23.66832],[93.19744,23.67059],[93.19672,23.67387],[93.1955,23.67459],[93.19518,23.67841],[93.19346,23.68006],[93.19241,23.683],[93.19149,23.68336],[93.19,23.68336],[93.18725,23.68042],[93.18739,23.67861],[93.186,23.67592],[93.1821,23.67437],[93.18102,23.67254],[93.179,23.67176],[93.17856,23.66997],[93.17575,23.66906],[93.17199,23.66414],[93.16937,23.66389],[93.16435,23.6645],[93.1626,23.6632],[93.16177,23.66357],[93.16113,23.66431],[93.16047,23.66847],[93.15823,23.67316],[93.1577,23.67602],[93.15528,23.67735],[93.15328,23.67784],[93.15373,23.6798],[93.15454,23.68023],[93.15617,23.68626],[93.15752,23.68814],[93.15788,23.69013],[93.15806,23.69194],[93.15621,23.69478],[93.15587,23.69646],[93.15465,23.69767],[93.15264,23.69866],[93.14878,23.6992],[93.14296,23.69818],[93.13991,23.69653],[93.13744,23.69632],[93.13421,23.69814],[93.12955,23.69925],[93.12765,23.70008],[93.12762,23.70367],[93.12566,23.70786],[93.12566,23.70902],[93.12647,23.7121],[93.12734,23.71261],[93.12768,23.71422],[93.12992,23.71537],[93.13092,23.71816],[93.13192,23.71754],[93.13434,23.71733],[93.13767,23.71818],[93.13799,23.71901],[93.14006,23.71985],[93.14165,23.71894],[93.14302,23.71901],[93.14666,23.72068],[93.14819,23.72187],[93.14946,23.7217],[93.15022,23.72255],[93.15629,23.72224],[93.16054,23.72323],[93.16171,23.724],[93.16227,23.72743],[93.16163,23.72964],[93.16259,23.73381],[93.16197,23.73574],[93.16381,23.73638],[93.16449,23.73716],[93.16471,23.73834],[93.16526,23.73847],[93.16414,23.73949],[93.16481,23.7398],[93.16467,23.74085],[93.16579,23.74211],[93.16356,23.74386],[93.16473,23.74545],[93.1631,23.74642],[93.16312,23.748],[93.16177,23.74869],[93.16302,23.75065],[93.16209,23.75189],[93.16263,23.75279],[93.16098,23.75303],[93.16174,23.75433],[93.16051,23.75426],[93.15985,23.75501],[93.15855,23.75487],[93.15498,23.75841],[93.15114,23.76007],[93.1508,23.76167],[93.15111,23.76213],[93.15172,23.76186],[93.15256,23.76289],[93.15391,23.76293],[93.15236,23.76414],[93.15282,23.76591],[93.15775,23.769],[93.15667,23.77011],[93.15975,23.77057],[93.16006,23.77112],[93.16131,23.77133],[93.16111,23.77175],[93.16023,23.77167],[93.1607,23.7725],[93.16043,23.77422],[93.15842,23.77754],[93.15918,23.78244],[93.15863,23.78494],[93.15769,23.78623],[93.15801,23.78813],[93.15936,23.78899],[93.16024,23.7912],[93.16192,23.7915],[93.16187,23.79266],[93.16275,23.79294],[93.16322,23.79431],[93.16614,23.79437],[93.16652,23.79467],[93.16626,23.79578],[93.16782,23.79555],[93.16685,23.7975],[93.16788,23.79899],[93.17028,23.79937],[93.1715,23.80059],[93.17266,23.79968],[93.17594,23.79996],[93.17641,23.79501],[93.17686,23.79454],[93.17947,23.79576],[93.1796,23.79396],[93.18109,23.79328],[93.17912,23.7905],[93.17989,23.78939],[93.18196,23.79203],[93.18396,23.79127],[93.18467,23.7922],[93.18661,23.79179],[93.18793,23.79283],[93.19196,23.792],[93.19153,23.79118],[93.19205,23.7906],[93.19299,23.79037],[93.1945,23.79089],[93.19477,23.78944],[93.19856,23.7886],[93.20287,23.78962],[93.20345,23.79086],[93.20473,23.79134],[93.20625,23.79107],[93.20932,23.78734],[93.21069,23.78265],[93.21131,23.78195],[93.21263,23.78143],[93.21614,23.78175],[93.21862,23.77971],[93.22435,23.78026],[93.22744,23.77913],[93.23353,23.77991],[93.23781,23.7821],[93.23986,23.78463],[93.24304,23.78662],[93.24513,23.78909],[93.24613,23.79293],[93.24764,23.79595],[93.24256,23.79894],[93.2437,23.80207],[93.24183,23.80799],[93.23799,23.81663],[93.23849,23.821],[93.24028,23.82445],[93.24177,23.82927],[93.2394,23.83209],[93.23693,23.83264],[93.23613,23.83164],[93.23573,23.82901],[93.23603,23.82728],[93.23295,23.82292],[93.23008,23.82146],[93.2272,23.82129],[93.22641,23.82147],[93.22414,23.82536],[93.22361,23.82827],[93.22366,23.82907],[93.22707,23.83322],[93.22964,23.83505],[93.22787,23.83647],[93.22801,23.84127],[93.2293,23.84336],[93.22777,23.8448],[93.22579,23.84805],[93.22588,23.84927],[93.22754,23.85124],[93.22865,23.85188],[93.23138,23.85211],[93.23156,23.85629],[93.22875,23.8588],[93.22859,23.86268],[93.22971,23.86381],[93.23182,23.86449],[93.23302,23.86423],[93.23533,23.8632],[93.23933,23.85851],[93.24103,23.85757],[93.24295,23.85895],[93.24435,23.86077],[93.24447,23.8623],[93.2427,23.86767],[93.24104,23.86997],[93.24118,23.87184],[93.24063,23.87341],[93.24079,23.87383],[93.24689,23.87588],[93.24593,23.87722],[93.24337,23.87845],[93.2423,23.87871],[93.24158,23.87765],[93.24014,23.87761],[93.23927,23.8798],[93.23869,23.88007],[93.23703,23.87966],[93.23442,23.88221],[93.23323,23.88276],[93.23365,23.88519],[93.24057,23.88764],[93.24227,23.88902],[93.24448,23.88867],[93.24495,23.88898],[93.24245,23.89556],[93.23867,23.89849],[93.23771,23.90091],[93.23683,23.90197],[93.23439,23.90349],[93.2337,23.90493],[93.23431,23.90726],[93.23335,23.91035],[93.23593,23.91217],[93.23593,23.91285],[93.23364,23.91647],[93.23337,23.92125],[93.23513,23.92366],[93.23844,23.92356],[93.24025,23.92303],[93.24576,23.92005],[93.24629,23.92123],[93.24551,23.92966],[93.24417,23.93147],[93.24438,23.93359],[93.24121,23.93364],[93.24035,23.93288],[93.23877,23.93244],[93.23489,23.93259],[93.23274,23.9315],[93.23116,23.93429],[93.23119,23.93475],[93.23212,23.93523],[93.23171,23.93615],[93.23296,23.93667],[93.23127,23.93768],[93.23149,23.93847],[93.23039,23.93952],[93.2303,23.94021],[93.23115,23.94083],[93.23087,23.9412],[93.23207,23.94141],[93.23319,23.94095],[93.2342,23.94136],[93.23544,23.94382],[93.23791,23.94362],[93.24002,23.94418],[93.25097,23.94183],[93.25691,23.94021],[93.25802,23.93953],[93.26312,23.93925],[93.26879,23.93738],[93.27124,23.93536],[93.27709,23.93441],[93.27544,23.93304],[93.27212,23.93198],[93.26857,23.92802],[93.26718,23.92527],[93.26991,23.92278],[93.27001,23.92134],[93.27183,23.91725],[93.27219,23.91453],[93.27311,23.9122],[93.27289,23.9068],[93.27213,23.90282],[93.26986,23.89615],[93.26967,23.89373],[93.27108,23.89142],[93.27408,23.889],[93.27489,23.88629],[93.27484,23.88436],[93.27398,23.8796],[93.27318,23.87836],[93.26936,23.87804],[93.26807,23.87614],[93.26858,23.87501],[93.26383,23.87281],[93.2651,23.86564],[93.2669,23.86387],[93.26827,23.86117],[93.27238,23.85823],[93.27251,23.85401],[93.27319,23.85202],[93.27526,23.8475],[93.27756,23.8443],[93.27883,23.84423],[93.28101,23.8458],[93.28387,23.84619],[93.28623,23.84587],[93.28849,23.84449],[93.29116,23.84191],[93.29307,23.84122],[93.29853,23.84231],[93.30305,23.84182],[93.3041,23.84134],[93.30458,23.84192],[93.3052,23.84177],[93.30602,23.84277],[93.30919,23.84281],[93.31014,23.84237],[93.30997,23.8417],[93.31075,23.84093],[93.3129,23.84008],[93.31558,23.83758],[93.31607,23.83654],[93.319,23.83479],[93.31952,23.83365],[93.32305,23.83171],[93.32656,23.8329],[93.32789,23.83566],[93.32943,23.83583],[93.33032,23.83667],[93.3352,23.83588],[93.33661,23.83684],[93.339,23.83635],[93.34037,23.83755],[93.34345,23.83793],[93.34419,23.83663],[93.34526,23.83707],[93.34686,23.83659],[93.34765,23.83798],[93.35303,23.83809],[93.35281,23.83897],[93.35436,23.83986],[93.35521,23.839],[93.35815,23.842],[93.35833,23.84334],[93.35742,23.84342],[93.35223,23.84638],[93.35377,23.84699],[93.35488,23.84571],[93.3558,23.84741],[93.35801,23.84872],[93.35936,23.84921],[93.36099,23.84906],[93.36149,23.85095],[93.36031,23.85168],[93.35787,23.84966],[93.3576,23.85055],[93.35615,23.85062],[93.35548,23.8514],[93.35251,23.85242],[93.35256,23.853],[93.35412,23.85328],[93.35605,23.85219],[93.35888,23.85323],[93.36032,23.85491],[93.35973,23.85526],[93.35728,23.85511],[93.35639,23.85614],[93.35635,23.85746],[93.36012,23.85866],[93.36222,23.85812],[93.36274,23.85867],[93.36283,23.86108],[93.36451,23.8602],[93.36586,23.86226],[93.36833,23.86434],[93.36697,23.866],[93.36451,23.86608],[93.36374,23.8672],[93.36467,23.87016],[93.36389,23.87112],[93.36601,23.87338],[93.36403,23.87607],[93.36248,23.87636],[93.36301,23.87839],[93.36152,23.87898],[93.35982,23.87772],[93.35888,23.87779],[93.35787,23.8805],[93.3596,23.88109],[93.35757,23.88123],[93.35704,23.88178],[93.35689,23.8824],[93.35856,23.88343],[93.36055,23.88385],[93.3606,23.88482],[93.35972,23.88511],[93.35641,23.88376],[93.35621,23.88491],[93.35497,23.88637],[93.35553,23.88684],[93.35712,23.88618],[93.35889,23.8875],[93.35757,23.89204],[93.35817,23.89285],[93.35888,23.892],[93.36057,23.89257],[93.36228,23.89457],[93.36275,23.89699],[93.36153,23.89978],[93.36191,23.90315],[93.36125,23.90576],[93.36229,23.9099],[93.36098,23.9118],[93.36241,23.91496],[93.3612,23.91647],[93.36005,23.91686],[93.35964,23.9189],[93.36025,23.91937],[93.36252,23.91906],[93.36366,23.91969],[93.36366,23.92051],[93.36221,23.92236],[93.3627,23.92369],[93.36132,23.92552],[93.36155,23.92606],[93.3646,23.92747],[93.36415,23.92839],[93.36206,23.92845],[93.36181,23.92996],[93.36021,23.93104],[93.35987,23.93268],[93.36198,23.93286],[93.36389,23.93132],[93.3654,23.93359],[93.36616,23.93317],[93.36827,23.93315],[93.36944,23.93144],[93.36952,23.93109],[93.3686,23.93084],[93.36893,23.93018],[93.36947,23.93022],[93.37159,23.93235],[93.37476,23.93213],[93.37653,23.93315],[93.37838,23.93281],[93.38037,23.9345],[93.38096,23.93427],[93.38108,23.93291]]]}},{"id":"1","type":"Feature","properties":{"state":"MIZORAM","state_lgd":"15","district":"HNAHTHIAL","district_lgd":"713"},"geometry":{"type":"Polygon","coordinates":[[[92.93412,23.18614],[92.93484,23.18483],[92.93369,23.18247],[92.93368,23.17876],[92.93236,23.17456],[92.93286,23.17313],[92.93515,23.1712],[92.93611,23.1695],[92.93728,23.16944],[92.93998,23.17071],[92.94121,23.17058],[92.94733,23.16905],[92.95006,23.16787],[92.95379,23.16513],[92.95436,23.16189],[92.95591,23.15903],[92.95603,23.15712],[92.95482,23.15461],[92.95473,23.15281],[92.95495,23.1516],[92.95703,23.14841],[92.95697,23.14558],[92.95597,23.14369],[92.95702,23.14003],[92.95555,23.13613],[92.95637,23.1353],[92.95774,23.1356],[92.95877,23.1352],[92.95948,23.13371],[92.95739,23.12864],[92.95754,23.1196],[92.95676,23.11794],[92.95761,23.11603],[92.9603,23.11595],[92.95984,23.11451],[92.9603,23.11392],[92.96153,23.114],[92.96203,23.11459],[92.96427,23.11366],[92.96454,23.11282],[92.96322,23.11273],[92.96285,23.1121],[92.96484,23.11014],[92.96702,23.10988],[92.96771,23.10887],[92.97013,23.10768],[92.97145,23.10772],[92.97222,23.10671],[92.97345,23.10705],[92.97466,23.10667],[92.97591,23.10709],[92.97792,23.10616],[92.97896,23.10442],[92.98124,23.10336],[92.98451,23.09933],[92.98506,23.09916],[92.98556,23.10034],[92.98597,23.10034],[92.98798,23.09903],[92.98884,23.09637],[92.98947,23.09629],[92.99016,23.09709],[92.99062,23.09692],[92.99054,23.09499],[92.9946,23.09402],[92.99803,23.09132],[93.0018,23.08973],[93.00428,23.08806],[93.00826,23.08756],[93.01032,23.08595],[93.01236,23.0851],[93.0142,23.08271],[93.01644,23.0811],[93.01873,23.08056],[93.02063,23.07935],[93.0226,23.07933],[93.02333,23.07973],[93.0247,23.07919],[93.02539,23.0799],[93.02638,23.07968],[93.02697,23.08045],[93.02989,23.08022],[93.03349,23.08181],[93.03723,23.08147],[93.03776,23.081],[93.03762,23.07917],[93.04153,23.07773],[93.04175,23.07469],[93.04297,23.07401],[93.04263,23.07299],[93.04103,23.07242],[93.04153,23.07059],[93.04029,23.07019],[93.03909,23.06857],[93.03975,23.06763],[93.03783,23.0661],[93.03897,23.06445],[93.0385,23.06228],[93.0398,23.05812],[93.0399,23.05539],[93.03873,23.05311],[93.03889,23.05121],[93.03846,23.04981],[93.0427,23.04745],[93.04459,23.04725],[93.04675,23.0462],[93.04939,23.04594],[93.05272,23.04477],[93.05724,23.04397],[93.05972,23.04404],[93.06258,23.04278],[93.06597,23.04255],[93.06675,23.04201],[93.06796,23.04294],[93.06831,23.04275],[93.07023,23.04066],[93.07315,23.03958],[93.0754,23.03721],[93.07759,23.03688],[93.08131,23.03498],[93.08013,23.03192],[93.07857,23.03077],[93.07972,23.02988],[93.08393,23.02812],[93.08881,23.02754],[93.0928,23.02422],[93.09487,23.02417],[93.09753,23.02253],[93.0987,23.02114],[93.10127,23.02024],[93.10288,23.01894],[93.1051,23.01836],[93.10677,23.01694],[93.10886,23.01638],[93.1104,23.01443],[93.11545,23.01351],[93.11712,23.01238],[93.1183,23.01037],[93.11994,23.00937],[93.12235,23.0064],[93.12017,23.00244],[93.122,23.00164],[93.12387,23.00263],[93.12545,23.00297],[93.12599,23.00263],[93.12704,23.00004],[93.12734,22.99609],[93.13194,22.99121],[93.1335,22.99057],[93.13469,22.99166],[93.13628,22.99193],[93.14015,22.99078],[93.14103,22.98828],[93.14068,22.98708],[93.13924,22.98562],[93.13915,22.98164],[93.14058,22.97917],[93.14285,22.97797],[93.14365,22.97651],[93.14381,22.97488],[93.14346,22.97297],[93.14236,22.97152],[93.14112,22.97118],[93.13741,22.97161],[93.13628,22.97121],[93.13576,22.97039],[93.13546,22.96795],[93.13716,22.96549],[93.13722,22.96176],[93.13819,22.96075],[93.14036,22.9597],[93.14132,22.95762],[93.14059,22.95367],[93.1402,22.95287],[93.13826,22.95159],[93.13804,22.95056],[93.14433,22.94685],[93.1461,22.94368],[93.14651,22.94168],[93.14513,22.9384],[93.1451,22.9323],[93.14813,22.92511],[93.14945,22.92362],[93.15277,22.9217],[93.15307,22.91886],[93.15437,22.91733],[93.15746,22.91797],[93.16168,22.91663],[93.16324,22.91497],[93.16453,22.91099],[93.16395,22.90944],[93.16098,22.90877],[93.15535,22.90799],[93.15026,22.90787],[93.14725,22.91079],[93.14332,22.91296],[93.14181,22.91351],[93.13978,22.91351],[93.13619,22.91205],[93.13395,22.90878],[93.13117,22.90609],[93.12986,22.90387],[93.12966,22.90062],[93.13367,22.89505],[93.13435,22.89129],[93.13225,22.88748],[93.13112,22.88412],[93.12886,22.88105],[93.12865,22.87852],[93.12603,22.87644],[93.1261,22.87582],[93.1275,22.87459],[93.12666,22.8706],[93.12405,22.86688],[93.11868,22.86463],[93.1173,22.86311],[93.11886,22.85868],[93.11742,22.8542],[93.11656,22.84607],[93.11812,22.84249],[93.11558,22.8389],[93.11533,22.83597],[93.11126,22.83423],[93.11011,22.83297],[93.1104,22.83222],[93.11302,22.83063],[93.11311,22.82903],[93.11111,22.82689],[93.10759,22.82671],[93.1055,22.82609],[93.10407,22.82522],[93.10361,22.82433],[93.10349,22.82281],[93.10414,22.82156],[93.10557,22.82071],[93.10942,22.82013],[93.11025,22.81933],[93.11055,22.81805],[93.10676,22.81508],[93.10503,22.81234],[93.0968,22.80891],[93.09485,22.80668],[93.09477,22.80457],[93.09639,22.80133],[93.09589,22.79817],[93.09778,22.79263],[93.09754,22.78887],[93.09651,22.78671],[93.09557,22.78595],[93.0913,22.79109],[93.08963,22.79393],[93.08824,22.79486],[93.08365,22.79599],[93.08174,22.79779],[93.08066,22.8006],[93.08111,22.80201],[93.08472,22.80649],[93.08351,22.80833],[93.08124,22.80875],[93.07965,22.80758],[93.07492,22.80768],[93.07412,22.80612],[93.07278,22.8049],[93.06832,22.8029],[93.06695,22.80358],[93.06546,22.80357],[93.0648,22.80421],[93.06422,22.80402],[93.06306,22.80486],[93.06107,22.80383],[93.06139,22.80249],[93.06078,22.7952],[93.05963,22.79377],[93.05956,22.79289],[93.06315,22.79104],[93.06357,22.78981],[93.06465,22.78961],[93.0651,22.78844],[93.06796,22.78554],[93.06945,22.78103],[93.06869,22.77859],[93.06894,22.77696],[93.06771,22.77335],[93.06606,22.77168],[93.06531,22.76984],[93.06627,22.76772],[93.06654,22.76516],[93.06723,22.76409],[93.06757,22.75735],[93.06713,22.75519],[93.06563,22.7537],[93.06313,22.75262],[93.05971,22.75191],[93.05787,22.75065],[93.05648,22.74861],[93.05606,22.7453],[93.05501,22.74282],[93.05147,22.74151],[93.05082,22.74289],[93.04822,22.74565],[93.04746,22.75193],[93.04745,22.75799],[93.044,22.76088],[93.04101,22.76159],[93.03899,22.7637],[93.04057,22.77002],[93.03732,22.77186],[93.0326,22.77245],[93.03136,22.77455],[93.03011,22.77557],[93.02757,22.77422],[93.02439,22.77155],[93.02012,22.77033],[93.01796,22.76908],[93.01617,22.76929],[93.01278,22.76835],[93.009,22.76552],[93.00875,22.76077],[93.01007,22.75502],[93.00966,22.7532],[93.00522,22.75306],[93.00274,22.75226],[93.00032,22.75352],[92.99518,22.7542],[92.99327,22.75246],[92.99268,22.75243],[92.99191,22.75277],[92.99098,22.75443],[92.98977,22.75471],[92.98535,22.7532],[92.98343,22.75533],[92.98174,22.75621],[92.97932,22.75481],[92.97853,22.75487],[92.97851,22.75735],[92.9707,22.76501],[92.96934,22.76727],[92.96517,22.77019],[92.96425,22.77317],[92.96141,22.77514],[92.96081,22.77688],[92.96077,22.78024],[92.95863,22.78059],[92.9579,22.78301],[92.95514,22.78279],[92.95377,22.78565],[92.95164,22.78514],[92.94922,22.78612],[92.94791,22.78556],[92.94678,22.78575],[92.94576,22.78718],[92.94445,22.78728],[92.9446,22.78901],[92.94304,22.79128],[92.94028,22.79012],[92.93722,22.79172],[92.93408,22.79032],[92.93018,22.79225],[92.92767,22.7924],[92.92514,22.79163],[92.9235,22.79046],[92.923,22.78872],[92.92359,22.78676],[92.92345,22.7854],[92.92231,22.78221],[92.92313,22.78001],[92.92206,22.77991],[92.92039,22.7806],[92.91931,22.78184],[92.91537,22.79067],[92.9134,22.80325],[92.91014,22.8116],[92.91065,22.81518],[92.90953,22.81986],[92.91114,22.82939],[92.91018,22.83152],[92.9079,22.83349],[92.90788,22.83456],[92.90855,22.83571],[92.91463,22.8407],[92.92071,22.8443],[92.92334,22.85268],[92.92273,22.85845],[92.92787,22.8656],[92.93359,22.8716],[92.93567,22.87579],[92.93587,22.87851],[92.93379,22.88305],[92.92933,22.88686],[92.92801,22.88946],[92.9275,22.89168],[92.92826,22.89624],[92.93011,22.89825],[92.92556,22.90182],[92.91338,22.90484],[92.90932,22.90464],[92.91017,22.90949],[92.90869,22.91192],[92.90929,22.91338],[92.91039,22.91429],[92.90916,22.91624],[92.90551,22.91792],[92.90295,22.92102],[92.90125,22.92187],[92.9006,22.92446],[92.90227,22.92862],[92.90252,22.93014],[92.90209,22.93163],[92.90033,22.93301],[92.89572,22.93516],[92.89585,22.93886],[92.89535,22.94038],[92.89452,22.94121],[92.89217,22.94327],[92.88754,22.945],[92.88891,22.94816],[92.88806,22.94975],[92.88982,22.95176],[92.88933,22.95566],[92.88735,22.96251],[92.88649,22.96343],[92.88417,22.96455],[92.88361,22.96555],[92.8851,22.96856],[92.88534,22.97063],[92.88751,22.97349],[92.88893,22.97742],[92.88934,22.98158],[92.89011,22.98376],[92.88992,22.98863],[92.88949,22.98943],[92.88665,22.9913],[92.88544,22.99365],[92.88504,22.99646],[92.8783,23.00391],[92.87858,23.0065],[92.87771,23.00808],[92.87697,23.02454],[92.87835,23.0265],[92.8796,23.03012],[92.87937,23.03503],[92.88007,23.04183],[92.87893,23.04518],[92.87458,23.04947],[92.8726,23.0521],[92.871,23.05723],[92.87098,23.05982],[92.87151,23.06103],[92.87449,23.0646],[92.87454,23.07523],[92.87423,23.07583],[92.87273,23.07626],[92.87001,23.07924],[92.87124,23.08343],[92.86813,23.08236],[92.86641,23.08752],[92.8603,23.08992],[92.85897,23.09133],[92.8591,23.09272],[92.86166,23.09831],[92.86154,23.10212],[92.86415,23.10217],[92.86514,23.1049],[92.8669,23.10768],[92.86673,23.10849],[92.86498,23.11056],[92.86516,23.11563],[92.86595,23.11695],[92.86585,23.11772],[92.86511,23.11864],[92.86106,23.12022],[92.85964,23.1206],[92.85597,23.12042],[92.85511,23.12112],[92.85493,23.12377],[92.85555,23.12769],[92.85476,23.12962],[92.85626,23.13221],[92.86007,23.13257],[92.86153,23.1366],[92.86155,23.13756],[92.85919,23.14068],[92.85834,23.14425],[92.85952,23.1467],[92.86132,23.1478],[92.86201,23.1503],[92.86223,23.15262],[92.86171,23.15471],[92.8613,23.15579],[92.86005,23.15666],[92.86229,23.15708],[92.86271,23.1576],[92.86329,23.15938],[92.86313,23.16094],[92.86451,23.16284],[92.86455,23.16547],[92.86338,23.16641],[92.86052,23.1669],[92.86008,23.16797],[92.86029,23.16907],[92.8627,23.17105],[92.86258,23.17407],[92.86961,23.17579],[92.87056,23.17494],[92.87111,23.17291],[92.87315,23.17212],[92.87365,23.17092],[92.87457,23.17019],[92.87651,23.17035],[92.88035,23.16968],[92.88325,23.17029],[92.885,23.17185],[92.88712,23.17497],[92.88873,23.17537],[92.89121,23.17695],[92.8958,23.17827],[92.90182,23.17728],[92.90527,23.17752],[92.90768,23.17977],[92.91291,23.18193],[92.91465,23.18341],[92.91544,23.18448],[92.91694,23.18909],[92.91941,23.18831],[92.91901,23.18761],[92.92177,23.18715],[92.92299,23.18615],[92.92883,23.18629],[92.9313,23.18809],[92.93251,23.18754],[92.93327,23.18636],[92.93412,23.18614]]]}},{"id":"2","type":"Feature","properties":{"state":"MIZORAM","state_lgd":"15","district":"SERCHHIP","district_lgd":"285"},"geometry":{"type":"Polygon","coordinates":[[[92.80065,23.64125],[92.80252,23.64168],[92.8045,23.63897],[92.80734,23.64031],[92.80803,23.6416],[92.80963,23.64095],[92.8099,23.64246],[92.81125,23.64109],[92.81297,23.64032],[92.81407,23.63803],[92.81581,23.63651],[92.81442,23.63517],[92.81453,23.63199],[92.8127,23.63024],[92.81188,23.6302],[92.81181,23.6283],[92.81068,23.62784],[92.81302,23.62541],[92.8164,23.62443],[92.81654,23.62316],[92.81765,23.62203],[92.81676,23.62145],[92.81929,23.62014],[92.82135,23.61783],[92.82097,23.61651],[92.82128,23.6154],[92.82064,23.61425],[92.82127,23.61336],[92.82077,23.60975],[92.81938,23.60863],[92.81908,23.6059],[92.81834,23.60481],[92.82101,23.60306],[92.82061,23.60224],[92.82116,23.60164],[92.82145,23.59882],[92.82302,23.59768],[92.82184,23.59583],[92.82328,23.59236],[92.82217,23.59075],[92.8219,23.589],[92.82238,23.58786],[92.82404,23.58717],[92.82481,23.58542],[92.82775,23.58535],[92.82935,23.58156],[92.83429,23.57621],[92.84229,23.57401],[92.84341,23.57405],[92.84598,23.57532],[92.85261,23.57417],[92.85282,23.57272],[92.85508,23.57045],[92.85702,23.56479],[92.85916,23.56168],[92.86258,23.55912],[92.86684,23.55775],[92.86861,23.55473],[92.87164,23.55464],[92.87396,23.55724],[92.87536,23.558],[92.87771,23.55807],[92.87938,23.55864],[92.88225,23.55812],[92.88134,23.56052],[92.88275,23.56279],[92.88068,23.56376],[92.88048,23.56431],[92.88219,23.56515],[92.8823,23.56622],[92.88393,23.56708],[92.88388,23.5685],[92.88759,23.57267],[92.88907,23.57206],[92.89132,23.5727],[92.89163,23.57334],[92.89048,23.5743],[92.89152,23.57471],[92.89149,23.57621],[92.89503,23.57619],[92.89499,23.57754],[92.8967,23.57798],[92.89895,23.5779],[92.89788,23.57611],[92.89862,23.57491],[92.89758,23.57391],[92.89692,23.5717],[92.90238,23.56602],[92.90668,23.56437],[92.90923,23.56143],[92.91174,23.56022],[92.92409,23.55776],[92.92571,23.55846],[92.92848,23.55809],[92.93109,23.55901],[92.93426,23.55907],[92.93646,23.5602],[92.94068,23.55895],[92.94426,23.5588],[92.95192,23.55111],[92.95952,23.53795],[92.96094,23.53315],[92.96204,23.53171],[92.96429,23.52957],[92.97173,23.52641],[92.9755,23.52111],[92.9818,23.51509],[92.98456,23.51151],[92.98575,23.50845],[92.98223,23.50155],[92.98167,23.49898],[92.98252,23.49628],[92.97914,23.49239],[92.98474,23.48832],[92.98616,23.48587],[92.98991,23.48386],[92.99618,23.47897],[92.99707,23.47911],[92.99796,23.48127],[93.0005,23.48203],[93.0024,23.4842],[93.00257,23.48321],[93.00441,23.48175],[93.00618,23.48117],[93.00901,23.47834],[93.01185,23.47671],[93.0195,23.47406],[93.02047,23.47311],[93.02067,23.47196],[93.02298,23.47072],[93.02712,23.47229],[93.0324,23.47282],[93.03398,23.47371],[93.03572,23.47522],[93.03656,23.4776],[93.0412,23.48419],[93.0425,23.48411],[93.04465,23.48538],[93.04909,23.48478],[93.05296,23.48233],[93.056,23.4797],[93.06049,23.47733],[93.06423,23.4768],[93.06635,23.47763],[93.0724,23.47737],[93.07748,23.47808],[93.07856,23.47383],[93.07931,23.47228],[93.08161,23.47027],[93.08169,23.46925],[93.08044,23.46807],[93.0787,23.46768],[93.07241,23.46886],[93.07051,23.4688],[93.07005,23.46822],[93.0699,23.46582],[93.07036,23.46447],[93.07358,23.46093],[93.07527,23.45831],[93.07856,23.45572],[93.08012,23.45517],[93.08386,23.45563],[93.0868,23.45325],[93.09064,23.45259],[93.09455,23.45094],[93.09742,23.45112],[93.0982,23.45053],[93.09893,23.4465],[93.09792,23.44307],[93.09344,23.44026],[93.08575,23.43332],[93.08493,23.42958],[93.0851,23.42541],[93.08372,23.42269],[93.08227,23.41378],[93.07956,23.40952],[93.07891,23.40555],[93.0766,23.40294],[93.06866,23.39753],[93.0672,23.39707],[93.06564,23.39758],[93.06326,23.40027],[93.06171,23.40043],[93.05955,23.39968],[93.05824,23.40062],[93.05671,23.4009],[93.05504,23.4026],[93.05386,23.40289],[93.04747,23.40196],[93.04381,23.40078],[93.03998,23.40085],[93.03604,23.4],[93.03424,23.39944],[93.03247,23.39769],[93.0323,23.39684],[93.03304,23.39456],[93.03586,23.39233],[93.03623,23.38727],[93.03754,23.3843],[93.04138,23.37912],[93.04532,23.37629],[93.04627,23.37454],[93.04859,23.37276],[93.04904,23.37162],[93.04859,23.36973],[93.04795,23.36835],[93.04566,23.36684],[93.0446,23.36392],[93.0425,23.36104],[93.04213,23.35846],[93.04092,23.35738],[93.04168,23.35446],[93.03969,23.34891],[93.03709,23.34827],[93.03575,23.34698],[93.03684,23.3457],[93.03717,23.34337],[93.03658,23.3417],[93.03517,23.33993],[93.03473,23.33774],[93.03382,23.33663],[93.03442,23.33247],[93.03248,23.33033],[93.0325,23.32818],[93.03192,23.32679],[93.03113,23.32605],[93.02749,23.32483],[93.02518,23.32118],[93.02089,23.31985],[93.01894,23.31876],[93.01372,23.31361],[93.01186,23.31052],[93.00584,23.30481],[93.00587,23.30347],[93.00676,23.3014],[93.00538,23.29716],[93.0051,23.29045],[93.00691,23.28737],[93.00702,23.28154],[93.01116,23.27385],[93.01491,23.27183],[93.01951,23.26798],[93.02121,23.26765],[93.02396,23.26792],[93.02578,23.2668],[93.0285,23.26683],[93.03081,23.26581],[93.03094,23.26475],[93.0281,23.26287],[93.02765,23.26198],[93.02873,23.26069],[93.0309,23.2606],[93.0316,23.26002],[93.03204,23.25501],[93.03279,23.25397],[93.03424,23.25353],[93.03769,23.25376],[93.03997,23.25163],[93.04171,23.25084],[93.04321,23.249],[93.04485,23.24883],[93.05116,23.24668],[93.0568,23.24128],[93.05904,23.2409],[93.06487,23.23655],[93.0733,23.24314],[93.07452,23.24205],[93.07843,23.2404],[93.08095,23.24089],[93.08215,23.24058],[93.08361,23.23788],[93.0848,23.23678],[93.08759,23.2369],[93.09144,23.23586],[93.09562,23.23629],[93.09647,23.23595],[93.09774,23.23371],[93.09724,23.23012],[93.09981,23.22787],[93.10116,23.22533],[93.10306,23.22584],[93.10575,23.22776],[93.10857,23.2284],[93.11332,23.23136],[93.11524,23.23076],[93.11935,23.22849],[93.12336,23.22435],[93.12903,23.22263],[93.13538,23.21653],[93.13647,23.21676],[93.13688,23.21537],[93.13906,23.21332],[93.14272,23.208],[93.14329,23.20535],[93.14543,23.20275],[93.14769,23.20145],[93.14847,23.20046],[93.15147,23.20021],[93.15428,23.1992],[93.15693,23.19939],[93.15815,23.19905],[93.1581,23.20085],[93.15934,23.20108],[93.16267,23.19791],[93.16179,23.19382],[93.16116,23.19309],[93.16034,23.19307],[93.15868,23.1955],[93.15797,23.19574],[93.15511,23.19413],[93.15117,23.19063],[93.1455,23.19026],[93.14495,23.18958],[93.14526,23.18468],[93.14612,23.18257],[93.14773,23.18076],[93.15171,23.17966],[93.15449,23.1783],[93.15894,23.17797],[93.16112,23.17575],[93.15973,23.17152],[93.16082,23.16935],[93.16128,23.16683],[93.16265,23.16506],[93.16187,23.16224],[93.1669,23.15577],[93.16872,23.1516],[93.16906,23.14905],[93.17133,23.14636],[93.17083,23.14517],[93.16902,23.14434],[93.16888,23.14346],[93.17179,23.14245],[93.17284,23.14084],[93.17269,23.14011],[93.17091,23.13825],[93.1688,23.13728],[93.16769,23.13609],[93.16549,23.1282],[93.16546,23.12617],[93.16725,23.12366],[93.16732,23.12229],[93.16637,23.11907],[93.16462,23.11671],[93.16474,23.11494],[93.1639,23.11187],[93.16402,23.10908],[93.16327,23.10666],[93.16283,23.10152],[93.16362,23.09814],[93.16584,23.09391],[93.17032,23.09058],[93.16988,23.08602],[93.1716,23.08499],[93.1752,23.08115],[93.17448,23.0799],[93.17085,23.07873],[93.17041,23.07716],[93.17309,23.07437],[93.17533,23.07304],[93.1767,23.07109],[93.17686,23.06995],[93.17503,23.06909],[93.17475,23.06353],[93.1767,23.06031],[93.17985,23.05697],[93.17872,23.05535],[93.17567,23.05405],[93.17431,23.05279],[93.16896,23.04669],[93.16804,23.04643],[93.16232,23.04796],[93.1604,23.04795],[93.15977,23.04725],[93.15986,23.04431],[93.15609,23.04318],[93.1538,23.04348],[93.1528,23.04419],[93.15353,23.04631],[93.15226,23.05185],[93.15135,23.05375],[93.14969,23.05434],[93.14379,23.05259],[93.14015,23.0533],[93.13954,23.05423],[93.14065,23.05712],[93.14033,23.05895],[93.13857,23.06043],[93.13712,23.06077],[93.13515,23.05997],[93.13367,23.05827],[93.13326,23.05474],[93.13553,23.0499],[93.13537,23.04836],[93.13487,23.04771],[93.13141,23.04662],[93.1271,23.04427],[93.12581,23.04072],[93.12587,23.03531],[93.12791,23.03242],[93.12827,23.03076],[93.12731,23.02787],[93.12528,23.02427],[93.12536,23.01822],[93.12413,23.0143],[93.12312,23.01267],[93.12301,23.01085],[93.12358,23.00915],[93.12235,23.0064],[93.11582,23.01334],[93.1104,23.01443],[93.10886,23.01638],[93.10677,23.01694],[93.1051,23.01836],[93.10288,23.01894],[93.10127,23.02024],[93.0987,23.02114],[93.09753,23.02253],[93.09487,23.02417],[93.0928,23.02422],[93.08881,23.02754],[93.08393,23.02812],[93.07972,23.02988],[93.07857,23.03077],[93.08013,23.03192],[93.08131,23.03498],[93.07759,23.03688],[93.0754,23.03721],[93.07315,23.03958],[93.07023,23.04066],[93.06796,23.04294],[93.06675,23.04201],[93.06597,23.04255],[93.06258,23.04278],[93.05972,23.04404],[93.05724,23.04397],[93.05272,23.04477],[93.04939,23.04594],[93.04675,23.0462],[93.04459,23.04725],[93.0427,23.04745],[93.03846,23.04981],[93.03889,23.05121],[93.03873,23.05311],[93.0399,23.05539],[93.0398,23.05812],[93.0385,23.06228],[93.03897,23.06445],[93.03783,23.0661],[93.03975,23.06763],[93.03909,23.06857],[93.04029,23.07019],[93.04153,23.07059],[93.04103,23.07242],[93.04263,23.07299],[93.04297,23.07401],[93.04175,23.07469],[93.04153,23.07773],[93.03762,23.07917],[93.03776,23.081],[93.03723,23.08147],[93.03349,23.08181],[93.02989,23.08022],[93.02697,23.08045],[93.02638,23.07968],[93.02539,23.0799],[93.0247,23.07919],[93.02333,23.07973],[93.0226,23.07933],[93.02063,23.07935],[93.01873,23.08056],[93.01644,23.0811],[93.0142,23.08271],[93.01236,23.0851],[93.01032,23.08595],[93.00826,23.08756],[93.00428,23.08806],[93.0018,23.08973],[92.99803,23.09132],[92.9946,23.09402],[92.99054,23.09499],[92.99062,23.09692],[92.99016,23.09709],[92.98947,23.09629],[92.98884,23.09637],[92.98798,23.09903],[92.98597,23.10034],[92.98556,23.10034],[92.98506,23.09916],[92.98451,23.09933],[92.98124,23.10336],[92.97896,23.10442],[92.97792,23.10616],[92.97591,23.10709],[92.97466,23.10667],[92.97345,23.10705],[92.97222,23.10671],[92.97145,23.10772],[92.97013,23.10768],[92.96771,23.10887],[92.96702,23.10988],[92.96484,23.11014],[92.96285,23.1121],[92.96322,23.11273],[92.96454,23.11282],[92.96427,23.11366],[92.96203,23.11459],[92.96153,23.114],[92.9603,23.11392],[92.95984,23.11451],[92.9603,23.11595],[92.95761,23.11603],[92.95676,23.11794],[92.95754,23.1196],[92.95739,23.12864],[92.95948,23.13371],[92.95877,23.1352],[92.95774,23.1356],[92.95637,23.1353],[92.95555,23.13613],[92.95702,23.14003],[92.95597,23.14369],[92.95697,23.14558],[92.95703,23.14841],[92.95495,23.1516],[92.95482,23.15461],[92.95578,23.1564],[92.95606,23.15812],[92.95559,23.15993],[92.95436,23.16189],[92.95408,23.16441],[92.95327,23.16579],[92.94896,23.16853],[92.94733,23.16905],[92.93998,23.17071],[92.93728,23.16944],[92.93611,23.1695],[92.93515,23.1712],[92.93286,23.17313],[92.93236,23.17456],[92.93368,23.17876],[92.93369,23.18247],[92.93484,23.18483],[92.93412,23.18614],[92.93327,23.18636],[92.93251,23.18754],[92.9313,23.18809],[92.92883,23.18629],[92.92299,23.18615],[92.92177,23.18715],[92.91901,23.18761],[92.91941,23.18831],[92.91694,23.18909],[92.91544,23.18448],[92.91465,23.18341],[92.91291,23.18193],[92.90768,23.17977],[92.90527,23.17752],[92.90182,23.17728],[92.8958,23.17827],[92.89121,23.17695],[92.88873,23.17537],[92.88712,23.17497],[92.885,23.17185],[92.88325,23.17029],[92.88035,23.16968],[92.87651,23.17035],[92.87457,23.17019],[92.87365,23.17092],[92.87315,23.17212],[92.87111,23.17291],[92.87056,23.17494],[92.86961,23.17579],[92.86258,23.17407],[92.86241,23.17618],[92.86129,23.17881],[92.85802,23.18368],[92.85788,23.186],[92.85884,23.18942],[92.85496,23.19038],[92.85512,23.19288],[92.85424,23.1945],[92.85509,23.19872],[92.8564,23.19966],[92.85549,23.20282],[92.85712,23.20744],[92.85584,23.20961],[92.85691,23.21018],[92.85701,23.21269],[92.85844,23.21383],[92.85851,23.21437],[92.85721,23.21539],[92.8574,23.21669],[92.85693,23.21747],[92.85554,23.21846],[92.85336,23.21866],[92.8516,23.22046],[92.85188,23.22172],[92.85057,23.22378],[92.84979,23.22391],[92.84932,23.22333],[92.84792,23.22427],[92.8482,23.226],[92.84736,23.22733],[92.84609,23.22721],[92.84531,23.2276],[92.84552,23.22832],[92.84704,23.22902],[92.84485,23.22965],[92.84614,23.22985],[92.84559,23.231],[92.84611,23.23207],[92.84424,23.23299],[92.84645,23.23383],[92.84659,23.23495],[92.8454,23.23435],[92.84481,23.23458],[92.84604,23.23634],[92.84584,23.2368],[92.84133,23.2388],[92.84063,23.24022],[92.83896,23.24034],[92.83872,23.24121],[92.83661,23.24199],[92.83659,23.24315],[92.83583,23.24451],[92.83394,23.2447],[92.83331,23.24595],[92.8317,23.2452],[92.8298,23.246],[92.827,23.24438],[92.82546,23.2427],[92.82256,23.24303],[92.82132,23.24253],[92.82059,23.24087],[92.81786,23.24137],[92.81616,23.23846],[92.81498,23.23754],[92.81759,23.23393],[92.8165,23.23132],[92.81534,23.23038],[92.81637,23.23003],[92.81591,23.2293],[92.81658,23.22824],[92.81545,23.22733],[92.81231,23.22622],[92.81023,23.22671],[92.80886,23.22779],[92.80555,23.22738],[92.79803,23.22804],[92.79562,23.22915],[92.79267,23.22974],[92.78989,23.23172],[92.78727,23.23257],[92.78245,23.22847],[92.77982,23.22739],[92.77773,23.22978],[92.77528,23.2303],[92.77244,23.23293],[92.76924,23.23431],[92.76552,23.23344],[92.76324,23.23116],[92.75924,23.22884],[92.75672,23.22834],[92.75452,23.22697],[92.75357,23.22943],[92.75383,23.23199],[92.75319,23.2327],[92.75031,23.23253],[92.74873,23.23331],[92.74623,23.23291],[92.74448,23.2335],[92.74294,23.23263],[92.74088,23.23308],[92.73811,23.23397],[92.73825,23.23669],[92.73108,23.237],[92.73114,23.23973],[92.725,23.23942],[92.72176,23.24009],[92.72112,23.23822],[92.72036,23.2383],[92.72193,23.23567],[92.72165,23.22577],[92.72249,23.21909],[92.7219,23.21745],[92.72227,23.21652],[92.72135,23.21446],[92.72196,23.21067],[92.72181,23.20761],[92.72028,23.20674],[92.72082,23.20608],[92.7196,23.20586],[92.72053,23.2032],[92.71967,23.19982],[92.72041,23.19774],[92.71958,23.19748],[92.71946,23.19677],[92.72003,23.19416],[92.71767,23.19147],[92.71652,23.19154],[92.7148,23.19059],[92.71299,23.19044],[92.70957,23.19119],[92.70628,23.19396],[92.70364,23.1953],[92.70126,23.19558],[92.69991,23.19622],[92.70121,23.19688],[92.70179,23.19781],[92.70087,23.20107],[92.70238,23.20403],[92.70224,23.20541],[92.70092,23.20937],[92.69881,23.21238],[92.69276,23.21692],[92.69188,23.21858],[92.69124,23.22346],[92.68953,23.22824],[92.68956,23.23001],[92.69057,23.23273],[92.68979,23.23689],[92.68993,23.24027],[92.68655,23.24608],[92.68701,23.24729],[92.69004,23.24969],[92.69053,23.25481],[92.69009,23.25606],[92.68804,23.25851],[92.689,23.26084],[92.68786,23.26378],[92.68953,23.26521],[92.6894,23.26739],[92.68686,23.27151],[92.68637,23.27421],[92.68535,23.2758],[92.68541,23.27646],[92.68724,23.27812],[92.68736,23.27935],[92.68453,23.28087],[92.68593,23.28284],[92.68539,23.28486],[92.68435,23.2862],[92.68417,23.28815],[92.68336,23.29],[92.68484,23.2945],[92.68414,23.29678],[92.68644,23.29735],[92.68701,23.29896],[92.68693,23.30046],[92.68425,23.30309],[92.68412,23.30374],[92.68597,23.30378],[92.68651,23.30462],[92.68644,23.30627],[92.68803,23.30673],[92.68844,23.3074],[92.68747,23.30935],[92.68467,23.31104],[92.68418,23.31186],[92.68477,23.31627],[92.68309,23.32275],[92.6878,23.32489],[92.68799,23.32277],[92.6891,23.32317],[92.68978,23.32272],[92.69231,23.32285],[92.69256,23.32376],[92.69413,23.32387],[92.69322,23.32585],[92.6944,23.32745],[92.69803,23.32419],[92.69936,23.32041],[92.70059,23.31957],[92.70247,23.31951],[92.704,23.31887],[92.71345,23.32175],[92.71427,23.3242],[92.71417,23.32713],[92.71635,23.32889],[92.71756,23.33122],[92.71756,23.33363],[92.71628,23.33663],[92.7171,23.33751],[92.71676,23.33856],[92.7179,23.3398],[92.71726,23.34087],[92.71743,23.34242],[92.71682,23.34387],[92.71923,23.3465],[92.7168,23.34822],[92.71519,23.3484],[92.71512,23.34885],[92.71552,23.3496],[92.72082,23.35015],[92.72127,23.35096],[92.72333,23.34873],[92.72674,23.34912],[92.72829,23.34809],[92.72913,23.34917],[92.73093,23.34878],[92.73177,23.34955],[92.73295,23.34941],[92.7314,23.34491],[92.73213,23.34466],[92.73283,23.3451],[92.73363,23.34348],[92.7353,23.34377],[92.73688,23.34293],[92.73767,23.34211],[92.73764,23.34121],[92.74055,23.33909],[92.74157,23.34013],[92.74543,23.34078],[92.74884,23.33984],[92.75171,23.34171],[92.75435,23.34084],[92.75618,23.33921],[92.7625,23.33844],[92.7654,23.33617],[92.7681,23.33619],[92.76959,23.33571],[92.77073,23.33462],[92.77129,23.33317],[92.77309,23.33232],[92.77406,23.33081],[92.77562,23.33062],[92.77606,23.32869],[92.77679,23.32826],[92.77792,23.32837],[92.7784,23.32717],[92.77929,23.32703],[92.78131,23.32744],[92.78288,23.32854],[92.79127,23.32839],[92.79554,23.32724],[92.79923,23.32726],[92.80335,23.32804],[92.80984,23.32812],[92.81352,23.32545],[92.82005,23.32853],[92.82161,23.33148],[92.82586,23.33426],[92.83056,23.33429],[92.83256,23.33489],[92.83694,23.33336],[92.83854,23.33328],[92.84031,23.33631],[92.84036,23.33856],[92.84103,23.33997],[92.83811,23.34202],[92.83868,23.34603],[92.83733,23.34829],[92.83541,23.34928],[92.83532,23.35172],[92.83387,23.35341],[92.83433,23.35575],[92.83291,23.35979],[92.83295,23.3625],[92.82926,23.36722],[92.82663,23.3672],[92.82536,23.36906],[92.82284,23.37023],[92.82237,23.37087],[92.82325,23.37256],[92.8279,23.37578],[92.82703,23.37742],[92.82754,23.37806],[92.82958,23.37847],[92.82937,23.38095],[92.83086,23.3842],[92.82985,23.38485],[92.82809,23.38343],[92.82645,23.38435],[92.82466,23.38464],[92.82425,23.38641],[92.8235,23.3863],[92.82182,23.38493],[92.82117,23.38606],[92.82185,23.3892],[92.82163,23.39138],[92.82388,23.39048],[92.82484,23.39074],[92.82332,23.39341],[92.8221,23.39429],[92.82368,23.39713],[92.825,23.40129],[92.82663,23.40284],[92.82759,23.40809],[92.82891,23.40906],[92.83023,23.41162],[92.82983,23.41274],[92.83004,23.4153],[92.82833,23.41544],[92.82822,23.41733],[92.82694,23.41928],[92.82905,23.41897],[92.82943,23.41969],[92.82841,23.42031],[92.82949,23.42122],[92.83134,23.42131],[92.82965,23.4241],[92.83229,23.42478],[92.83138,23.42649],[92.83195,23.42851],[92.83127,23.43006],[92.8337,23.43036],[92.83421,23.43101],[92.83522,23.43485],[92.8351,23.43962],[92.83647,23.44101],[92.83553,23.44156],[92.83642,23.44352],[92.83618,23.44392],[92.83493,23.44405],[92.83478,23.44632],[92.83622,23.44694],[92.83512,23.44815],[92.83609,23.44886],[92.83435,23.45057],[92.83518,23.45153],[92.83462,23.4527],[92.83622,23.45369],[92.83473,23.45424],[92.8342,23.45584],[92.83274,23.45776],[92.83341,23.4594],[92.8317,23.45995],[92.8328,23.46243],[92.83472,23.46308],[92.83581,23.4652],[92.83539,23.46764],[92.83406,23.46878],[92.83068,23.4687],[92.82882,23.47044],[92.82593,23.47128],[92.82455,23.47264],[92.81809,23.47301],[92.81053,23.47583],[92.80818,23.4762],[92.80609,23.47752],[92.80399,23.47748],[92.79946,23.47949],[92.79971,23.48109],[92.79859,23.48497],[92.79817,23.48585],[92.79719,23.48585],[92.79801,23.48723],[92.79543,23.48923],[92.7968,23.4899],[92.79836,23.49361],[92.79815,23.49488],[92.7992,23.49643],[92.79855,23.49784],[92.79943,23.49949],[92.79897,23.50194],[92.80014,23.50254],[92.80018,23.50454],[92.80083,23.50554],[92.79791,23.50697],[92.79868,23.50787],[92.79779,23.51017],[92.79911,23.51106],[92.79765,23.512],[92.79577,23.51191],[92.79643,23.51287],[92.79686,23.51602],[92.79542,23.51623],[92.79497,23.51692],[92.79667,23.51952],[92.79818,23.52056],[92.79698,23.52143],[92.79647,23.524],[92.79704,23.52423],[92.79825,23.52375],[92.79866,23.52457],[92.79453,23.52662],[92.79673,23.52783],[92.79574,23.53226],[92.79645,23.53331],[92.79772,23.53291],[92.79844,23.53366],[92.79825,23.53443],[92.79663,23.53443],[92.79599,23.53532],[92.79614,23.53628],[92.7975,23.53696],[92.79945,23.53623],[92.80195,23.53906],[92.79957,23.53836],[92.79903,23.53885],[92.80031,23.54048],[92.80041,23.54158],[92.7997,23.54326],[92.79826,23.54401],[92.79901,23.54561],[92.79752,23.54753],[92.79811,23.54947],[92.79733,23.55051],[92.79545,23.55084],[92.79403,23.55225],[92.78711,23.55345],[92.77729,23.55638],[92.77396,23.55861],[92.77368,23.5606],[92.77254,23.56216],[92.77199,23.56534],[92.7728,23.56745],[92.77264,23.57046],[92.77395,23.57199],[92.77433,23.5738],[92.77184,23.57592],[92.77332,23.57879],[92.77318,23.58086],[92.77423,23.58246],[92.77298,23.58594],[92.7717,23.586],[92.77106,23.58661],[92.77105,23.59015],[92.76922,23.59253],[92.76929,23.59456],[92.77482,23.59791],[92.77663,23.59951],[92.77869,23.59995],[92.78363,23.59889],[92.78504,23.59918],[92.78555,23.60008],[92.78435,23.61309],[92.78545,23.61442],[92.78581,23.6164],[92.78831,23.62198],[92.78846,23.62307],[92.78691,23.62735],[92.78943,23.63159],[92.7884,23.63353],[92.78852,23.6347],[92.79,23.63407],[92.79063,23.63474],[92.79036,23.63686],[92.7908,23.63901],[92.78846,23.64012],[92.78818,23.6409],[92.79025,23.64149],[92.79012,23.64465],[92.7958,23.6434],[92.79828,23.64198],[92.80065,23.64125]]]}},{"id":"3","type":"Feature","properties":{"state":"MIZORAM","state_lgd":"15","district":"LUNGLEI","district_lgd":"286"},"geometry":{"type":"Polygon","coordinates":[[[92.5949,23.40472],[92.59605,23.4045],[92.59697,23.40304],[92.59806,23.40297],[92.60054,23.39967],[92.59986,23.39792],[92.60286,23.39799],[92.60668,23.39724],[92.6075,23.3965],[92.60996,23.39571],[92.61217,23.39375],[92.61362,23.39352],[92.61481,23.39181],[92.61614,23.38631],[92.61989,23.3876],[92.62179,23.38936],[92.62567,23.38969],[92.62668,23.39206],[92.629,23.39266],[92.63076,23.39237],[92.63451,23.39323],[92.63724,23.39248],[92.63872,23.39158],[92.63851,23.38762],[92.63899,23.38597],[92.64347,23.38403],[92.64605,23.38401],[92.64785,23.38458],[92.65,23.38383],[92.65189,23.38433],[92.65572,23.38431],[92.65655,23.38345],[92.65772,23.38391],[92.6598,23.38313],[92.66299,23.38304],[92.665,23.38223],[92.66729,23.38243],[92.66843,23.38465],[92.66934,23.3851],[92.67191,23.38423],[92.67304,23.38237],[92.67614,23.37943],[92.6739,23.37568],[92.6756,23.37298],[92.6757,23.37173],[92.67158,23.36904],[92.67124,23.36779],[92.67214,23.36741],[92.67628,23.36881],[92.67965,23.36905],[92.68164,23.36857],[92.68309,23.36679],[92.68422,23.36257],[92.68533,23.36075],[92.68499,23.35796],[92.6871,23.35485],[92.68666,23.3533],[92.68507,23.3522],[92.68484,23.35149],[92.68667,23.34581],[92.68641,23.34296],[92.68684,23.34051],[92.68451,23.33819],[92.68408,23.33557],[92.68424,23.33406],[92.68605,23.33029],[92.68582,23.32795],[92.68467,23.32672],[92.6818,23.32819],[92.68112,23.32798],[92.68085,23.32715],[92.68128,23.32564],[92.68301,23.32303],[92.68468,23.31692],[92.68418,23.31186],[92.68467,23.31104],[92.68747,23.30935],[92.68844,23.3074],[92.68803,23.30673],[92.68644,23.30627],[92.68651,23.30462],[92.68597,23.30378],[92.68412,23.30374],[92.68425,23.30309],[92.68693,23.30046],[92.68701,23.29896],[92.68644,23.29735],[92.68414,23.29678],[92.68484,23.2945],[92.68336,23.29],[92.68417,23.28815],[92.68435,23.2862],[92.68539,23.28486],[92.68593,23.28284],[92.68453,23.28087],[92.68736,23.27935],[92.68724,23.27812],[92.68541,23.27646],[92.68535,23.2758],[92.68637,23.27421],[92.68686,23.27151],[92.6894,23.26739],[92.68953,23.26521],[92.68786,23.26378],[92.689,23.26084],[92.68804,23.25851],[92.69009,23.25606],[92.69053,23.25481],[92.69004,23.24969],[92.68701,23.24729],[92.68655,23.24608],[92.68993,23.24027],[92.68979,23.23689],[92.69057,23.23273],[92.68956,23.23001],[92.68953,23.22824],[92.69124,23.22346],[92.69188,23.21858],[92.69276,23.21692],[92.69881,23.21238],[92.70092,23.20937],[92.70224,23.20541],[92.70238,23.20403],[92.70087,23.20107],[92.70179,23.19781],[92.70004,23.19603],[92.70364,23.1953],[92.7072,23.19335],[92.70917,23.1914],[92.71299,23.19044],[92.7148,23.19059],[92.71652,23.19154],[92.71767,23.19147],[92.72003,23.19416],[92.71946,23.19677],[92.71958,23.19748],[92.72041,23.19774],[92.71967,23.19982],[92.72053,23.2032],[92.7196,23.20586],[92.72082,23.20608],[92.72028,23.20674],[92.72181,23.20761],[92.72196,23.21067],[92.72135,23.21446],[92.72227,23.21652],[92.7219,23.21745],[92.72249,23.21909],[92.72165,23.22577],[92.72193,23.23567],[92.72036,23.2383],[92.72112,23.23822],[92.72176,23.24009],[92.725,23.23942],[92.73114,23.23973],[92.73108,23.237],[92.73825,23.23669],[92.73811,23.23397],[92.74088,23.23308],[92.74294,23.23263],[92.74448,23.2335],[92.74623,23.23291],[92.74873,23.23331],[92.75031,23.23253],[92.75319,23.2327],[92.75383,23.23199],[92.75357,23.22943],[92.75452,23.22697],[92.75672,23.22834],[92.75924,23.22884],[92.76324,23.23116],[92.76552,23.23344],[92.76924,23.23431],[92.77244,23.23293],[92.77528,23.2303],[92.77773,23.22978],[92.77982,23.22739],[92.78245,23.22847],[92.78727,23.23257],[92.78989,23.23172],[92.79267,23.22974],[92.79562,23.22915],[92.79803,23.22804],[92.80555,23.22738],[92.80886,23.22779],[92.81023,23.22671],[92.81231,23.22622],[92.81545,23.22733],[92.81658,23.22824],[92.81591,23.2293],[92.81637,23.23003],[92.81534,23.23038],[92.8165,23.23132],[92.81759,23.23393],[92.81498,23.23754],[92.81616,23.23846],[92.81786,23.24137],[92.82059,23.24087],[92.82094,23.24231],[92.82256,23.24303],[92.82546,23.2427],[92.827,23.24438],[92.8298,23.246],[92.8317,23.2452],[92.83331,23.24595],[92.83394,23.2447],[92.83583,23.24451],[92.83659,23.24315],[92.83661,23.24199],[92.83872,23.24121],[92.83896,23.24034],[92.84063,23.24022],[92.84133,23.2388],[92.84601,23.23654],[92.84481,23.23458],[92.8454,23.23435],[92.84659,23.23495],[92.84645,23.23383],[92.84424,23.23299],[92.84611,23.23207],[92.84559,23.231],[92.84614,23.22985],[92.84485,23.22965],[92.84704,23.22902],[92.84552,23.22832],[92.84531,23.2276],[92.84609,23.22721],[92.84736,23.22733],[92.8482,23.226],[92.84792,23.22427],[92.84932,23.22333],[92.84979,23.22391],[92.85057,23.22378],[92.85188,23.22172],[92.8516,23.22046],[92.85336,23.21866],[92.85554,23.21846],[92.85693,23.21747],[92.8574,23.21669],[92.85721,23.21539],[92.85857,23.21413],[92.85716,23.21306],[92.85691,23.21018],[92.85584,23.20961],[92.85712,23.20744],[92.85549,23.20282],[92.8564,23.19966],[92.85509,23.19872],[92.85424,23.1945],[92.85512,23.19288],[92.85496,23.19038],[92.85884,23.18942],[92.85788,23.186],[92.85802,23.18368],[92.8602,23.18078],[92.86241,23.17618],[92.8627,23.17105],[92.86029,23.16907],[92.86018,23.16742],[92.86106,23.16661],[92.86401,23.16608],[92.86455,23.16547],[92.86459,23.16384],[92.86451,23.16284],[92.86313,23.16094],[92.86329,23.15938],[92.86271,23.1576],[92.86229,23.15708],[92.86005,23.15666],[92.8613,23.15579],[92.86171,23.15471],[92.86223,23.15262],[92.86201,23.1503],[92.86132,23.1478],[92.85952,23.1467],[92.85834,23.14425],[92.85919,23.14068],[92.86155,23.13756],[92.86153,23.1366],[92.86007,23.13257],[92.85626,23.13221],[92.855,23.13035],[92.85476,23.1292],[92.85555,23.12769],[92.8549,23.12175],[92.85597,23.12042],[92.85964,23.1206],[92.86106,23.12022],[92.86511,23.11864],[92.86585,23.11772],[92.86595,23.11695],[92.86516,23.11563],[92.86498,23.11056],[92.86673,23.10849],[92.8669,23.10768],[92.86514,23.1049],[92.86415,23.10217],[92.86154,23.10212],[92.86166,23.09831],[92.8591,23.09272],[92.85897,23.09133],[92.8603,23.08992],[92.86641,23.08752],[92.86813,23.08236],[92.87124,23.08343],[92.87001,23.07924],[92.87273,23.07626],[92.87423,23.07583],[92.87454,23.07523],[92.87449,23.0646],[92.87151,23.06103],[92.87098,23.05982],[92.871,23.05723],[92.8726,23.0521],[92.87458,23.04947],[92.87893,23.04518],[92.88007,23.04183],[92.87937,23.03503],[92.8796,23.03012],[92.87835,23.0265],[92.87697,23.02454],[92.87771,23.00808],[92.87858,23.0065],[92.8783,23.00391],[92.88504,22.99646],[92.88566,22.99302],[92.88717,22.9907],[92.88968,22.98923],[92.89002,22.98774],[92.89011,22.98376],[92.88934,22.98158],[92.88893,22.97742],[92.88751,22.97349],[92.88534,22.97063],[92.8851,22.96856],[92.88361,22.96555],[92.88417,22.96455],[92.88649,22.96343],[92.88735,22.96251],[92.88933,22.95566],[92.88982,22.95176],[92.88806,22.94975],[92.88891,22.94816],[92.88747,22.94523],[92.89217,22.94327],[92.89452,22.94121],[92.89535,22.94038],[92.89585,22.93886],[92.89572,22.93516],[92.90033,22.93301],[92.90209,22.93163],[92.90252,22.93014],[92.90227,22.92862],[92.9006,22.92446],[92.90125,22.92187],[92.90295,22.92102],[92.90551,22.91792],[92.90916,22.91624],[92.91039,22.91429],[92.90929,22.91338],[92.90869,22.91192],[92.91017,22.90949],[92.90932,22.90464],[92.91338,22.90484],[92.92556,22.90182],[92.93011,22.89825],[92.92826,22.89624],[92.9275,22.89168],[92.92801,22.88946],[92.92933,22.88686],[92.93379,22.88305],[92.93587,22.87851],[92.93567,22.87579],[92.93359,22.8716],[92.92787,22.8656],[92.92273,22.85845],[92.92334,22.85268],[92.92071,22.8443],[92.91463,22.8407],[92.90913,22.83622],[92.90788,22.83456],[92.9079,22.83349],[92.91018,22.83152],[92.91114,22.82939],[92.90953,22.81986],[92.91065,22.81518],[92.91014,22.8116],[92.9134,22.80325],[92.91537,22.79067],[92.91713,22.78607],[92.92039,22.7806],[92.92285,22.77986],[92.92845,22.78132],[92.9314,22.78048],[92.93261,22.77958],[92.93315,22.7783],[92.9329,22.77622],[92.93128,22.77457],[92.92803,22.77494],[92.92545,22.77394],[92.9231,22.7717],[92.92165,22.7691],[92.91797,22.76488],[92.91765,22.76096],[92.92023,22.75089],[92.91799,22.74782],[92.91633,22.7434],[92.91653,22.73584],[92.91623,22.7346],[92.91333,22.73033],[92.91251,22.72674],[92.91285,22.72485],[92.91443,22.72235],[92.91604,22.72147],[92.91949,22.72123],[92.92373,22.71924],[92.93021,22.71363],[92.93164,22.71185],[92.93475,22.70972],[92.93574,22.70824],[92.93558,22.70652],[92.93347,22.7014],[92.93277,22.69471],[92.92991,22.68206],[92.93089,22.67824],[92.93274,22.67541],[92.93332,22.67347],[92.93326,22.67117],[92.93108,22.66541],[92.93125,22.66238],[92.93246,22.65894],[92.93518,22.65444],[92.93835,22.64383],[92.94093,22.64094],[92.94348,22.6392],[92.95146,22.6321],[92.95186,22.6311],[92.94945,22.62381],[92.94965,22.61951],[92.94893,22.61655],[92.94913,22.60763],[92.95094,22.60229],[92.95009,22.59924],[92.94734,22.59569],[92.94603,22.59207],[92.94615,22.59062],[92.94793,22.58803],[92.94723,22.58526],[92.94467,22.58106],[92.94524,22.57698],[92.945,22.57493],[92.94218,22.57076],[92.94038,22.56564],[92.93556,22.56166],[92.93261,22.56036],[92.93162,22.55873],[92.93116,22.55562],[92.92955,22.55529],[92.92798,22.55355],[92.92618,22.55267],[92.92146,22.55237],[92.92034,22.55061],[92.91454,22.54736],[92.91128,22.5473],[92.90934,22.55039],[92.9069,22.55585],[92.90524,22.55753],[92.90504,22.5607],[92.90557,22.56408],[92.90607,22.56465],[92.90425,22.56714],[92.90125,22.56984],[92.90184,22.57622],[92.89977,22.57908],[92.89969,22.58053],[92.8973,22.58176],[92.89469,22.58485],[92.89093,22.58353],[92.88337,22.58248],[92.87986,22.58297],[92.8771,22.58405],[92.87504,22.58603],[92.87243,22.58973],[92.87275,22.59193],[92.87506,22.59448],[92.875,22.59514],[92.86909,22.59655],[92.86612,22.59815],[92.86193,22.599],[92.86166,22.59964],[92.8625,22.60414],[92.85905,22.60437],[92.85329,22.60692],[92.84926,22.60962],[92.84737,22.61217],[92.84664,22.61439],[92.84406,22.61424],[92.84393,22.61478],[92.84503,22.61665],[92.84228,22.6188],[92.84198,22.62022],[92.84037,22.62252],[92.83805,22.62347],[92.83719,22.62539],[92.83195,22.62528],[92.8319,22.62395],[92.82956,22.62435],[92.8283,22.62385],[92.82797,22.62599],[92.82742,22.62667],[92.82633,22.62685],[92.82519,22.6261],[92.82311,22.62783],[92.81869,22.62623],[92.8164,22.62723],[92.81478,22.6274],[92.81404,22.62891],[92.81139,22.63061],[92.80999,22.62968],[92.80568,22.62908],[92.80089,22.62471],[92.79921,22.62142],[92.79919,22.62003],[92.80117,22.61723],[92.80269,22.6131],[92.80227,22.61048],[92.79945,22.60786],[92.79647,22.60618],[92.79693,22.60046],[92.79586,22.59784],[92.7959,22.59335],[92.79938,22.5912],[92.80051,22.58915],[92.80077,22.5879],[92.79981,22.5845],[92.79956,22.58007],[92.80263,22.57426],[92.80328,22.57156],[92.80314,22.56951],[92.8012,22.56675],[92.80037,22.56196],[92.79944,22.5609],[92.79552,22.55894],[92.79472,22.55802],[92.79452,22.55627],[92.79646,22.55351],[92.79594,22.55206],[92.7927,22.54895],[92.78478,22.54714],[92.78243,22.54566],[92.78123,22.54368],[92.77917,22.54191],[92.78026,22.53957],[92.78,22.53858],[92.77645,22.5366],[92.77662,22.53608],[92.7794,22.5357],[92.78029,22.53509],[92.78122,22.53332],[92.77995,22.53273],[92.77631,22.53377],[92.77575,22.53275],[92.77579,22.53046],[92.77392,22.52929],[92.7725,22.52768],[92.77252,22.52671],[92.77495,22.52428],[92.77347,22.51699],[92.77381,22.51658],[92.7771,22.51637],[92.77781,22.51586],[92.77777,22.51508],[92.77617,22.51431],[92.77476,22.512],[92.77744,22.50784],[92.77689,22.50624],[92.77468,22.50316],[92.77477,22.50193],[92.7774,22.49932],[92.77694,22.49703],[92.77456,22.49862],[92.77342,22.50067],[92.77076,22.50165],[92.76904,22.50308],[92.7686,22.50179],[92.76592,22.49921],[92.76301,22.49743],[92.76167,22.49783],[92.76145,22.49705],[92.76039,22.49693],[92.75892,22.49815],[92.7583,22.49955],[92.75645,22.4995],[92.75632,22.50269],[92.75734,22.50558],[92.75641,22.50617],[92.7551,22.50573],[92.75477,22.50604],[92.75435,22.51159],[92.75347,22.5123],[92.75509,22.51453],[92.75545,22.51702],[92.75323,22.51819],[92.75344,22.51987],[92.75275,22.52083],[92.75183,22.52677],[92.75102,22.52793],[92.75295,22.52919],[92.75348,22.53123],[92.75299,22.53227],[92.75474,22.5345],[92.75371,22.53715],[92.75173,22.5396],[92.75173,22.54069],[92.75244,22.54123],[92.75218,22.54489],[92.75072,22.54637],[92.74808,22.54554],[92.7456,22.54899],[92.74351,22.55066],[92.74076,22.55387],[92.73837,22.55554],[92.73634,22.55875],[92.7351,22.55954],[92.7334,22.56022],[92.72991,22.56033],[92.72644,22.56257],[92.71964,22.56415],[92.71934,22.56799],[92.71598,22.57026],[92.71561,22.57263],[92.71439,22.57299],[92.71212,22.57529],[92.71145,22.57622],[92.71151,22.57724],[92.71039,22.57876],[92.7091,22.57852],[92.70985,22.58532],[92.70803,22.58529],[92.70709,22.58289],[92.70631,22.58239],[92.70576,22.58336],[92.70558,22.58567],[92.70453,22.58525],[92.70238,22.58555],[92.70035,22.58466],[92.69997,22.5852],[92.70029,22.58604],[92.69864,22.58615],[92.69696,22.58694],[92.69655,22.58744],[92.69769,22.58772],[92.69789,22.5882],[92.69332,22.59136],[92.69394,22.59333],[92.693,22.59681],[92.69389,22.59871],[92.69414,22.60243],[92.6939,22.60384],[92.69147,22.60728],[92.6904,22.61029],[92.69102,22.61089],[92.69319,22.61058],[92.69441,22.61153],[92.69527,22.61679],[92.69688,22.61891],[92.6982,22.61958],[92.6966,22.62102],[92.69618,22.62216],[92.69426,22.62194],[92.69013,22.62353],[92.68749,22.6228],[92.68296,22.62366],[92.68022,22.62368],[92.67696,22.62469],[92.67445,22.62455],[92.67093,22.62344],[92.66928,22.62447],[92.66775,22.62315],[92.66352,22.62125],[92.66286,22.62037],[92.66249,22.61798],[92.66158,22.61723],[92.65788,22.61878],[92.65502,22.6216],[92.65268,22.6214],[92.65162,22.62039],[92.6505,22.62053],[92.64677,22.61943],[92.64474,22.62102],[92.64068,22.62178],[92.64058,22.62536],[92.64264,22.62793],[92.64327,22.62958],[92.64148,22.63209],[92.64223,22.63258],[92.64513,22.63143],[92.64615,22.63251],[92.64373,22.63736],[92.64433,22.64091],[92.6436,22.644],[92.64453,22.64791],[92.64192,22.64915],[92.64095,22.6527],[92.63977,22.65406],[92.63839,22.65704],[92.63748,22.65743],[92.63342,22.65735],[92.63147,22.65788],[92.62845,22.65795],[92.62632,22.65959],[92.62554,22.66255],[92.62851,22.66373],[92.62974,22.66641],[92.62764,22.67012],[92.62639,22.67109],[92.62524,22.6713],[92.62282,22.67054],[92.61925,22.67046],[92.61771,22.6714],[92.61721,22.67711],[92.61779,22.68039],[92.61712,22.68454],[92.61633,22.68481],[92.61581,22.68447],[92.61632,22.68116],[92.61383,22.67897],[92.61176,22.68051],[92.60886,22.6812],[92.60778,22.68193],[92.60677,22.68351],[92.60545,22.68941],[92.60382,22.69281],[92.60234,22.69387],[92.59869,22.69466],[92.59683,22.69577],[92.59626,22.69874],[92.59641,22.70359],[92.59572,22.70519],[92.59372,22.70764],[92.59358,22.70958],[92.59447,22.71073],[92.59813,22.71305],[92.59829,22.71378],[92.59729,22.71629],[92.59992,22.71713],[92.60128,22.71808],[92.60189,22.71925],[92.60197,22.72095],[92.6013,22.72128],[92.59874,22.72098],[92.59365,22.72516],[92.5933,22.72749],[92.59371,22.72829],[92.59582,22.72981],[92.5955,22.73171],[92.59464,22.73227],[92.59227,22.73083],[92.59039,22.73133],[92.58659,22.73671],[92.58561,22.73924],[92.58604,22.74022],[92.59039,22.74246],[92.59106,22.74338],[92.59097,22.74411],[92.59017,22.74467],[92.58636,22.74543],[92.58566,22.74603],[92.58285,22.75033],[92.57984,22.75353],[92.57979,22.7553],[92.57799,22.75521],[92.5777,22.75268],[92.57553,22.75045],[92.57647,22.75011],[92.57659,22.74744],[92.57732,22.74693],[92.57807,22.74405],[92.57889,22.74304],[92.57862,22.742],[92.57682,22.7409],[92.57828,22.74005],[92.57511,22.73811],[92.57468,22.73583],[92.57323,22.73555],[92.57062,22.73402],[92.57114,22.73318],[92.5694,22.73247],[92.56822,22.73259],[92.56688,22.73166],[92.56549,22.73208],[92.56464,22.73411],[92.56503,22.73481],[92.56444,22.73619],[92.56359,22.73639],[92.56194,22.73825],[92.56122,22.73847],[92.56125,22.74027],[92.5602,22.74343],[92.55831,22.74644],[92.55819,22.74754],[92.55576,22.74822],[92.55376,22.74782],[92.55279,22.74833],[92.55056,22.75119],[92.54867,22.75128],[92.54782,22.7535],[92.54427,22.75568],[92.54361,22.75871],[92.54166,22.75956],[92.54253,22.76274],[92.53816,22.76193],[92.53486,22.76006],[92.53106,22.75935],[92.52747,22.75666],[92.52599,22.75754],[92.52468,22.76056],[92.52327,22.76175],[92.5218,22.76192],[92.5206,22.76127],[92.52014,22.76165],[92.51872,22.76045],[92.51667,22.76002],[92.51595,22.75883],[92.51713,22.75691],[92.51437,22.75476],[92.51525,22.75296],[92.51309,22.75303],[92.51192,22.75189],[92.51202,22.75084],[92.51094,22.75028],[92.50948,22.75039],[92.50544,22.74664],[92.50523,22.7452],[92.50608,22.74461],[92.50517,22.74458],[92.50508,22.74413],[92.50647,22.74227],[92.50559,22.74213],[92.50553,22.74157],[92.50434,22.74185],[92.50431,22.73865],[92.50254,22.73739],[92.49945,22.73785],[92.49793,22.73989],[92.49449,22.73989],[92.49407,22.74033],[92.49395,22.74259],[92.49274,22.74243],[92.49192,22.74126],[92.49104,22.74109],[92.49028,22.74538],[92.48871,22.74628],[92.48217,22.74699],[92.47655,22.74521],[92.47384,22.74621],[92.47395,22.74688],[92.47535,22.7473],[92.47711,22.75042],[92.47869,22.75129],[92.47935,22.7528],[92.47693,22.75423],[92.47597,22.75595],[92.47601,22.75647],[92.47747,22.75765],[92.47691,22.75936],[92.47589,22.75996],[92.47414,22.75937],[92.47368,22.75971],[92.47407,22.76129],[92.47641,22.76417],[92.47606,22.76472],[92.47368,22.76452],[92.47287,22.76494],[92.47313,22.76747],[92.47402,22.76963],[92.47578,22.77071],[92.47585,22.77118],[92.47512,22.77321],[92.47272,22.77611],[92.47244,22.78089],[92.47295,22.78285],[92.47184,22.78376],[92.47013,22.7818],[92.46963,22.78176],[92.4691,22.78247],[92.47005,22.78568],[92.46942,22.78762],[92.47115,22.79045],[92.47164,22.79242],[92.47122,22.79418],[92.47227,22.79586],[92.47107,22.79827],[92.46734,22.80023],[92.46547,22.80222],[92.46485,22.80462],[92.46685,22.80758],[92.46557,22.80963],[92.46369,22.81103],[92.46259,22.81128],[92.46226,22.81004],[92.4628,22.80747],[92.46197,22.80703],[92.46118,22.80735],[92.461,22.81131],[92.45822,22.81659],[92.45905,22.81853],[92.45768,22.81901],[92.45474,22.81843],[92.45425,22.81886],[92.45466,22.81985],[92.45626,22.82066],[92.45813,22.82295],[92.45713,22.82434],[92.45533,22.82534],[92.45532,22.82594],[92.4589,22.82777],[92.46151,22.82989],[92.46195,22.8308],[92.45958,22.83331],[92.45798,22.83699],[92.45647,22.83905],[92.45318,22.84147],[92.45289,22.84297],[92.45329,22.8433],[92.45565,22.84257],[92.4578,22.84073],[92.45926,22.84116],[92.46204,22.84108],[92.46325,22.84175],[92.46352,22.84279],[92.46289,22.84332],[92.46044,22.84367],[92.45846,22.84474],[92.45843,22.84542],[92.45945,22.84612],[92.45905,22.84772],[92.46009,22.84898],[92.46006,22.85033],[92.45705,22.85021],[92.45648,22.85103],[92.45733,22.8525],[92.45831,22.85292],[92.45971,22.85292],[92.4613,22.85202],[92.46242,22.85231],[92.46415,22.85349],[92.46446,22.85465],[92.46295,22.85619],[92.45979,22.85805],[92.46,22.85892],[92.46196,22.86067],[92.46161,22.86154],[92.45543,22.86076],[92.4534,22.86125],[92.45268,22.86218],[92.45212,22.86494],[92.45381,22.8669],[92.45471,22.86953],[92.45585,22.87023],[92.45903,22.87001],[92.46047,22.8709],[92.46008,22.87157],[92.45798,22.87273],[92.44855,22.87637],[92.44872,22.88192],[92.45002,22.88576],[92.45063,22.89035],[92.45021,22.89325],[92.44831,22.89607],[92.44709,22.89695],[92.44596,22.8971],[92.4373,22.88602],[92.43607,22.88521],[92.43373,22.88579],[92.43319,22.88681],[92.43356,22.89056],[92.43315,22.89171],[92.42649,22.89722],[92.42025,22.90961],[92.41971,22.91216],[92.42054,22.91372],[92.42092,22.91593],[92.42027,22.91835],[92.41909,22.91883],[92.41522,22.91445],[92.41302,22.91339],[92.41124,22.91402],[92.40677,22.91784],[92.40415,22.91775],[92.40336,22.917],[92.40325,22.91282],[92.40246,22.91192],[92.4011,22.91195],[92.3997,22.91293],[92.39734,22.91696],[92.39732,22.91821],[92.40132,22.92398],[92.39759,22.9297],[92.39298,22.93069],[92.3874,22.92931],[92.38203,22.9289],[92.37891,22.92936],[92.37642,22.92862],[92.37625,22.93031],[92.37758,22.93181],[92.37614,22.93502],[92.37309,22.93458],[92.37178,22.93617],[92.3723,22.93666],[92.37591,22.93679],[92.37319,22.93891],[92.37269,22.93985],[92.37354,22.94126],[92.37334,22.94336],[92.37475,22.94744],[92.37566,22.94743],[92.37619,22.94687],[92.37745,22.94817],[92.3758,22.94989],[92.37817,22.95206],[92.37777,22.95488],[92.37719,22.95551],[92.37634,22.95529],[92.3757,22.95352],[92.37449,22.95313],[92.37501,22.9561],[92.37284,22.95823],[92.37366,22.95881],[92.37727,22.95966],[92.37468,22.96048],[92.37405,22.96129],[92.3742,22.96211],[92.37563,22.96358],[92.37451,22.96529],[92.37515,22.96703],[92.37434,22.97065],[92.37478,22.97168],[92.37708,22.97355],[92.37833,22.97677],[92.3792,22.97697],[92.37947,22.97525],[92.38041,22.97582],[92.38145,22.9786],[92.38092,22.97935],[92.37926,22.97972],[92.37944,22.98069],[92.38145,22.9824],[92.38421,22.98161],[92.38392,22.98335],[92.38502,22.98611],[92.38428,22.98669],[92.38223,22.98706],[92.38196,22.98809],[92.38248,22.9902],[92.38495,22.99151],[92.38529,22.99219],[92.38224,22.99866],[92.38206,23.00087],[92.38235,23.0016],[92.38328,23.00203],[92.38418,23.00488],[92.38334,23.00888],[92.38465,23.00964],[92.38358,23.01044],[92.38066,23.01079],[92.37976,23.01206],[92.38064,23.01299],[92.38023,23.01479],[92.38061,23.01702],[92.38189,23.01927],[92.38227,23.0213],[92.38372,23.02308],[92.38308,23.02431],[92.38363,23.02534],[92.38342,23.02632],[92.38495,23.02732],[92.38453,23.02896],[92.38317,23.03074],[92.38319,23.03252],[92.38254,23.03327],[92.38385,23.0379],[92.38817,23.03974],[92.38773,23.04134],[92.38814,23.04377],[92.38954,23.04726],[92.38853,23.04926],[92.39127,23.04916],[92.38998,23.05155],[92.39151,23.0521],[92.39219,23.05379],[92.39058,23.05519],[92.39238,23.05645],[92.39071,23.06051],[92.38867,23.06086],[92.3875,23.06189],[92.38737,23.06266],[92.38879,23.06484],[92.38732,23.06581],[92.38753,23.06692],[92.3854,23.06826],[92.3849,23.06991],[92.38313,23.07194],[92.38315,23.07323],[92.38514,23.07444],[92.38548,23.07696],[92.38372,23.07883],[92.38081,23.08051],[92.38068,23.08258],[92.37932,23.08365],[92.38049,23.08542],[92.38005,23.08629],[92.37926,23.08692],[92.37728,23.08698],[92.37661,23.0848],[92.37511,23.08445],[92.37364,23.08662],[92.37243,23.08672],[92.37257,23.08798],[92.37135,23.08866],[92.37073,23.09174],[92.36997,23.09277],[92.37028,23.09437],[92.36918,23.09512],[92.37007,23.09581],[92.37017,23.09651],[92.36975,23.09677],[92.36696,23.09596],[92.36491,23.09786],[92.36306,23.09743],[92.36231,23.09834],[92.36152,23.09824],[92.36188,23.10044],[92.35983,23.10095],[92.36079,23.10143],[92.36053,23.10222],[92.35932,23.1031],[92.3584,23.10293],[92.35801,23.10327],[92.36009,23.10534],[92.35973,23.10618],[92.3583,23.10593],[92.36107,23.11219],[92.36046,23.11283],[92.36272,23.11517],[92.36311,23.1168],[92.36258,23.11764],[92.36474,23.11941],[92.36391,23.12027],[92.36664,23.12253],[92.36671,23.12334],[92.36603,23.12439],[92.36638,23.12496],[92.36727,23.12508],[92.3682,23.12726],[92.36576,23.12701],[92.36529,23.12826],[92.36304,23.13032],[92.363,23.13117],[92.36197,23.13064],[92.35896,23.13296],[92.35889,23.1337],[92.35812,23.13435],[92.35697,23.13415],[92.35756,23.13535],[92.35712,23.13651],[92.35819,23.13726],[92.35885,23.14087],[92.36019,23.14168],[92.35962,23.1438],[92.36096,23.14532],[92.36038,23.14686],[92.35978,23.14693],[92.35857,23.14604],[92.35826,23.14635],[92.36034,23.14873],[92.35983,23.14994],[92.36102,23.15119],[92.36047,23.15284],[92.36222,23.15292],[92.36141,23.15413],[92.36212,23.15634],[92.36415,23.1562],[92.36436,23.15662],[92.36305,23.15832],[92.36272,23.16024],[92.36094,23.162],[92.36251,23.16489],[92.3615,23.16678],[92.36167,23.16755],[92.35903,23.16862],[92.35757,23.17178],[92.35739,23.17396],[92.35651,23.17624],[92.35725,23.17796],[92.3564,23.1785],[92.35445,23.17851],[92.35556,23.17931],[92.35564,23.18021],[92.35765,23.1796],[92.36082,23.18007],[92.36128,23.18257],[92.36029,23.18239],[92.36033,23.18377],[92.35847,23.18421],[92.35842,23.18488],[92.35625,23.18527],[92.35622,23.18476],[92.35448,23.18434],[92.354,23.18463],[92.3543,23.18554],[92.35334,23.18572],[92.35388,23.18799],[92.35318,23.18895],[92.35414,23.19012],[92.35284,23.19195],[92.35311,23.19399],[92.35235,23.19406],[92.35228,23.19457],[92.35291,23.19483],[92.35281,23.19586],[92.35435,23.19707],[92.3542,23.198],[92.35469,23.19875],[92.35407,23.19959],[92.35491,23.20016],[92.35387,23.20113],[92.35403,23.20232],[92.35322,23.20313],[92.35346,23.20347],[92.35412,23.20326],[92.35409,23.20409],[92.35273,23.20489],[92.35345,23.20527],[92.35338,23.206],[92.35241,23.20631],[92.35347,23.20657],[92.35397,23.20725],[92.35447,23.20643],[92.3551,23.2068],[92.35409,23.20787],[92.35445,23.20809],[92.3543,23.2091],[92.35331,23.21102],[92.35391,23.21121],[92.35331,23.21189],[92.35374,23.2119],[92.35386,23.21246],[92.35323,23.21286],[92.35353,23.21351],[92.35298,23.21413],[92.35377,23.21537],[92.35326,23.21784],[92.35342,23.21951],[92.35393,23.2198],[92.35369,23.22057],[92.35316,23.22047],[92.35317,23.22368],[92.35276,23.22379],[92.35329,23.22439],[92.35246,23.22476],[92.35139,23.22808],[92.3515,23.23006],[92.35095,23.23096],[92.35143,23.23237],[92.35098,23.23377],[92.35,23.23473],[92.34785,23.23462],[92.34678,23.23567],[92.40141,23.23658],[92.4004,23.23877],[92.40397,23.24028],[92.40399,23.2411],[92.40268,23.2423],[92.40072,23.24163],[92.39947,23.24186],[92.39546,23.2487],[92.39838,23.25416],[92.39848,23.25577],[92.39448,23.25808],[92.38959,23.25941],[92.38959,23.26209],[92.38874,23.26449],[92.38874,23.26606],[92.38957,23.2661],[92.39097,23.26441],[92.39344,23.2638],[92.39472,23.26433],[92.39393,23.26688],[92.39563,23.26764],[92.39689,23.26666],[92.39894,23.26713],[92.39969,23.26667],[92.40113,23.26411],[92.40404,23.26605],[92.40629,23.26337],[92.40673,23.26405],[92.40636,23.26579],[92.40866,23.26566],[92.40969,23.26497],[92.41115,23.26251],[92.4141,23.26032],[92.41579,23.2575],[92.41697,23.25663],[92.41723,23.2591],[92.41583,23.26171],[92.41578,23.26278],[92.42259,23.26375],[92.42442,23.26715],[92.42689,23.2695],[92.42954,23.27352],[92.43397,23.27615],[92.43756,23.27661],[92.43737,23.27967],[92.4367,23.28022],[92.43413,23.28051],[92.43314,23.28182],[92.43274,23.28317],[92.43317,23.28502],[92.43526,23.28601],[92.43907,23.28658],[92.44093,23.28641],[92.44443,23.28468],[92.45046,23.28542],[92.45136,23.28609],[92.45203,23.28764],[92.45209,23.29352],[92.45305,23.29829],[92.45593,23.30128],[92.45607,23.30427],[92.45711,23.30548],[92.45745,23.30689],[92.4594,23.30863],[92.45957,23.31096],[92.46091,23.31323],[92.46044,23.31682],[92.46086,23.31867],[92.46145,23.31921],[92.46367,23.31916],[92.46545,23.3199],[92.46893,23.31954],[92.47016,23.32091],[92.4713,23.32442],[92.46981,23.32912],[92.46862,23.33097],[92.46883,23.33967],[92.46722,23.34144],[92.46734,23.34371],[92.46484,23.34402],[92.4637,23.34535],[92.46333,23.34716],[92.46094,23.3476],[92.45992,23.34942],[92.45999,23.34993],[92.46154,23.35102],[92.46066,23.3527],[92.4602,23.35758],[92.4617,23.35776],[92.46348,23.35546],[92.46426,23.35531],[92.46512,23.35648],[92.46515,23.3588],[92.46299,23.36037],[92.46009,23.36007],[92.45849,23.36037],[92.4576,23.36135],[92.45713,23.36306],[92.45527,23.3647],[92.45775,23.36775],[92.45816,23.36952],[92.45932,23.3712],[92.45932,23.37285],[92.46003,23.37474],[92.45967,23.37577],[92.45766,23.37599],[92.45642,23.38069],[92.46196,23.38582],[92.46216,23.39008],[92.46338,23.39132],[92.46795,23.3916],[92.47084,23.39363],[92.4724,23.39319],[92.47541,23.39362],[92.47599,23.39128],[92.47692,23.39029],[92.47831,23.38997],[92.47997,23.38831],[92.48003,23.38761],[92.48134,23.38684],[92.48068,23.38562],[92.48148,23.38459],[92.48447,23.38428],[92.48988,23.38181],[92.49132,23.38389],[92.49257,23.38477],[92.49285,23.38614],[92.49429,23.38738],[92.49386,23.38828],[92.49401,23.38963],[92.49319,23.39002],[92.49308,23.39099],[92.492,23.3914],[92.49189,23.39204],[92.49281,23.39299],[92.49404,23.39188],[92.49517,23.39264],[92.49657,23.39161],[92.49984,23.39082],[92.50058,23.38872],[92.50147,23.38821],[92.50144,23.38713],[92.50243,23.38673],[92.5035,23.38538],[92.5072,23.3838],[92.50868,23.38024],[92.50935,23.37975],[92.51258,23.37921],[92.5138,23.3786],[92.51564,23.38019],[92.51847,23.38044],[92.52235,23.38162],[92.52504,23.38091],[92.52953,23.38101],[92.53067,23.3802],[92.53242,23.3798],[92.53569,23.38219],[92.53933,23.38264],[92.54141,23.38241],[92.54424,23.38116],[92.54584,23.3799],[92.54691,23.37724],[92.55079,23.37745],[92.55203,23.37586],[92.55396,23.37077],[92.55855,23.37057],[92.55871,23.37165],[92.55957,23.37219],[92.56147,23.37078],[92.5627,23.37246],[92.56388,23.37811],[92.5656,23.37974],[92.57088,23.38001],[92.57493,23.37834],[92.57728,23.37978],[92.57987,23.37911],[92.58165,23.38069],[92.58454,23.38212],[92.58504,23.38345],[92.58413,23.3847],[92.58599,23.38546],[92.58566,23.3872],[92.58678,23.38785],[92.58705,23.38855],[92.58598,23.38977],[92.58795,23.392],[92.58688,23.39519],[92.58577,23.39637],[92.58608,23.39706],[92.5873,23.39765],[92.58614,23.39841],[92.58709,23.39966],[92.58697,23.40051],[92.58453,23.40205],[92.58425,23.40387],[92.58558,23.4043],[92.58636,23.40554],[92.58775,23.40549],[92.58811,23.40663],[92.58964,23.40727],[92.59289,23.40653],[92.5949,23.40472]]]}},{"id":"4","type":"Feature","properties":{"state":"MIZORAM","state_lgd":"15","district":"MAMIT","district_lgd":"281"},"geometry":{"type":"Polygon","coordinates":[[[92.42254,24.25499],[92.41936,24.22572],[92.41971,24.22202],[92.42082,24.22041],[92.42117,24.21811],[92.42053,24.2161],[92.41889,24.21391],[92.41857,24.21235],[92.41943,24.20977],[92.41876,24.20469],[92.4195,24.203],[92.42116,24.20186],[92.42132,24.20119],[92.4189,24.1927],[92.42003,24.19081],[92.42155,24.1895],[92.42949,24.18649],[92.43379,24.18313],[92.43418,24.18082],[92.43574,24.17915],[92.43434,24.17702],[92.43401,24.17513],[92.43457,24.1739],[92.43662,24.17283],[92.43708,24.17065],[92.43792,24.16951],[92.43584,24.16513],[92.4363,24.16182],[92.4362,24.15351],[92.4369,24.15275],[92.44046,24.15275],[92.44211,24.15451],[92.4428,24.15446],[92.44423,24.15313],[92.4444,24.15166],[92.44551,24.15051],[92.44568,24.14925],[92.44732,24.14841],[92.44769,24.14625],[92.44855,24.14566],[92.44912,24.14397],[92.45018,24.14437],[92.44953,24.1468],[92.45058,24.14714],[92.45237,24.1442],[92.45317,24.14411],[92.45429,24.14498],[92.45673,24.14436],[92.45683,24.14273],[92.45961,24.14111],[92.45965,24.13959],[92.46101,24.13764],[92.46212,24.13735],[92.46308,24.13869],[92.46379,24.13889],[92.46413,24.13843],[92.46331,24.13687],[92.46432,24.13623],[92.46548,24.13627],[92.46596,24.13663],[92.46544,24.13809],[92.46568,24.13865],[92.4674,24.13871],[92.46881,24.14031],[92.4704,24.13954],[92.47224,24.13971],[92.47291,24.14042],[92.47273,24.14205],[92.47426,24.1424],[92.47462,24.14364],[92.47747,24.14202],[92.47896,24.14232],[92.47858,24.14413],[92.48036,24.14447],[92.48061,24.14541],[92.47705,24.1474],[92.47984,24.14899],[92.4807,24.15003],[92.48064,24.15434],[92.48184,24.15597],[92.48113,24.15637],[92.47979,24.156],[92.47943,24.15661],[92.48056,24.1575],[92.48342,24.15826],[92.48351,24.15888],[92.48241,24.16061],[92.48392,24.16317],[92.48456,24.16324],[92.48667,24.16206],[92.49039,24.16279],[92.49193,24.16085],[92.49421,24.16018],[92.49808,24.16085],[92.50151,24.16039],[92.50325,24.16228],[92.50335,24.16343],[92.50568,24.16331],[92.50618,24.16413],[92.50347,24.16655],[92.50299,24.16723],[92.50327,24.16777],[92.5055,24.16788],[92.50753,24.16706],[92.50945,24.16499],[92.51034,24.16462],[92.51141,24.16541],[92.51151,24.16633],[92.50876,24.16737],[92.50741,24.16858],[92.50691,24.16988],[92.50917,24.17058],[92.51152,24.16913],[92.51324,24.16902],[92.51441,24.16946],[92.51468,24.17072],[92.51211,24.17048],[92.50997,24.17246],[92.51346,24.17585],[92.51577,24.179],[92.51647,24.17728],[92.51934,24.1739],[92.52003,24.17331],[92.52274,24.17285],[92.52404,24.17144],[92.53017,24.17632],[92.53042,24.17702],[92.5286,24.17757],[92.53001,24.17865],[92.53252,24.17895],[92.53423,24.18035],[92.53631,24.17685],[92.53637,24.1754],[92.535,24.1724],[92.53222,24.16961],[92.52768,24.16684],[92.52682,24.16519],[92.52732,24.16438],[92.53744,24.15641],[92.54118,24.1506],[92.5452,24.14179],[92.54517,24.14015],[92.54434,24.1389],[92.54068,24.13681],[92.53877,24.13467],[92.53602,24.12711],[92.53634,24.12611],[92.53749,24.12544],[92.54279,24.12603],[92.5435,24.12572],[92.54365,24.12476],[92.53884,24.11721],[92.53658,24.10967],[92.53701,24.10692],[92.53954,24.10227],[92.54009,24.09936],[92.53711,24.09598],[92.53592,24.09261],[92.5388,24.08241],[92.53918,24.07949],[92.53891,24.07631],[92.53591,24.06718],[92.53571,24.06447],[92.53794,24.05625],[92.53756,24.05521],[92.53505,24.05243],[92.53397,24.04738],[92.53461,24.04358],[92.53623,24.04088],[92.53822,24.03572],[92.53925,24.03592],[92.54194,24.03766],[92.54535,24.04155],[92.54663,24.04197],[92.54889,24.04178],[92.54976,24.04242],[92.5504,24.04989],[92.54958,24.05451],[92.55115,24.06257],[92.55199,24.06336],[92.55414,24.06338],[92.55758,24.06204],[92.55788,24.06069],[92.55727,24.05565],[92.55775,24.05466],[92.56229,24.05538],[92.56343,24.05496],[92.56361,24.05444],[92.55879,24.04567],[92.55822,24.04277],[92.55879,24.04091],[92.55994,24.04092],[92.56384,24.04321],[92.56545,24.04116],[92.56609,24.04106],[92.56872,24.04719],[92.57368,24.0533],[92.57079,24.0618],[92.57112,24.06264],[92.57542,24.0667],[92.57361,24.0691],[92.57404,24.07178],[92.57213,24.07396],[92.57157,24.07589],[92.57261,24.07699],[92.57401,24.07716],[92.57566,24.07692],[92.57841,24.07564],[92.57988,24.07728],[92.58082,24.07748],[92.58455,24.07668],[92.58616,24.07571],[92.58713,24.07088],[92.58565,24.06707],[92.58528,24.06496],[92.58565,24.06375],[92.58942,24.06384],[92.5932,24.06278],[92.59836,24.05386],[92.60109,24.05229],[92.60482,24.05111],[92.60961,24.05247],[92.61092,24.05243],[92.61167,24.05192],[92.61332,24.0499],[92.61557,24.04574],[92.61747,24.03639],[92.62199,24.03201],[92.62297,24.03176],[92.62427,24.03292],[92.62261,24.03784],[92.62374,24.04189],[92.62449,24.04304],[92.62551,24.04305],[92.62714,24.04175],[92.6302,24.0367],[92.63289,24.03524],[92.63535,24.03547],[92.63627,24.03506],[92.63644,24.03366],[92.63551,24.03174],[92.63057,24.03318],[92.6297,24.03327],[92.6287,24.03263],[92.62358,24.02318],[92.6219,24.01543],[92.61927,24.01351],[92.61863,24.01242],[92.61945,24.00894],[92.6214,24.00548],[92.62506,24.00471],[92.62824,24.00259],[92.63076,24.00152],[92.63271,23.99921],[92.63292,23.99831],[92.62953,23.99358],[92.62975,23.99198],[92.63165,23.98923],[92.63177,23.98519],[92.62781,23.98366],[92.62577,23.98191],[92.62231,23.972],[92.62039,23.96226],[92.62042,23.95812],[92.62405,23.95719],[92.62568,23.9557],[92.62627,23.95051],[92.62716,23.94854],[92.62886,23.947],[92.62909,23.94548],[92.62832,23.94388],[92.62438,23.94418],[92.62396,23.941],[92.62161,23.93832],[92.62128,23.9373],[92.62242,23.93551],[92.62545,23.93403],[92.63151,23.93266],[92.63803,23.93048],[92.64191,23.9305],[92.64322,23.92936],[92.64417,23.92757],[92.64377,23.923],[92.64411,23.92231],[92.65328,23.92227],[92.6573,23.91911],[92.66015,23.91462],[92.66121,23.9075],[92.66097,23.90534],[92.66006,23.90404],[92.65489,23.89994],[92.64729,23.89966],[92.6423,23.89821],[92.64041,23.89589],[92.63964,23.89233],[92.64034,23.88835],[92.64029,23.87813],[92.64076,23.87471],[92.64183,23.8718],[92.64589,23.8657],[92.64788,23.85688],[92.65207,23.84956],[92.65636,23.84611],[92.65817,23.84369],[92.65963,23.84018],[92.66244,23.83845],[92.66292,23.83674],[92.66199,23.83452],[92.66112,23.83385],[92.65469,23.83244],[92.6479,23.83265],[92.64642,23.83189],[92.64414,23.82908],[92.64288,23.82624],[92.64281,23.82464],[92.64367,23.82206],[92.64539,23.81917],[92.65,23.81889],[92.65342,23.8212],[92.65435,23.81926],[92.64845,23.80993],[92.64324,23.80519],[92.6423,23.80516],[92.6405,23.81095],[92.63854,23.81396],[92.63503,23.81683],[92.63398,23.81706],[92.63254,23.81628],[92.63093,23.81037],[92.62896,23.80559],[92.62381,23.79891],[92.62343,23.7972],[92.62476,23.79539],[92.62798,23.7943],[92.63114,23.79411],[92.63626,23.79484],[92.63865,23.7947],[92.63952,23.79395],[92.64018,23.79213],[92.6404,23.78642],[92.63778,23.77398],[92.63687,23.77164],[92.63555,23.77014],[92.6316,23.76803],[92.62584,23.76357],[92.63078,23.7591],[92.63456,23.75811],[92.63469,23.75531],[92.63681,23.74823],[92.63747,23.74075],[92.63985,23.73597],[92.64295,23.73268],[92.64312,23.72797],[92.64584,23.72488],[92.64868,23.71785],[92.65188,23.71544],[92.65589,23.71396],[92.65848,23.71363],[92.66215,23.71396],[92.66572,23.71084],[92.66659,23.70777],[92.66646,23.70596],[92.66519,23.70293],[92.65998,23.69437],[92.65722,23.69108],[92.65492,23.68433],[92.6498,23.67809],[92.64812,23.67339],[92.64671,23.67135],[92.64564,23.66853],[92.64181,23.66321],[92.63548,23.65976],[92.63541,23.6554],[92.63699,23.6478],[92.63983,23.6451],[92.64166,23.6426],[92.64719,23.63905],[92.65052,23.63796],[92.65101,23.63633],[92.65054,23.63261],[92.65135,23.62997],[92.6602,23.6284],[92.6698,23.62539],[92.6726,23.62362],[92.67412,23.62158],[92.67444,23.62015],[92.67264,23.61451],[92.67344,23.60995],[92.66961,23.60224],[92.66482,23.59686],[92.66094,23.59549],[92.65311,23.59514],[92.65174,23.59406],[92.64926,23.59037],[92.64978,23.58297],[92.65122,23.57796],[92.65294,23.57594],[92.65807,23.57274],[92.6591,23.57131],[92.65903,23.56748],[92.65662,23.56194],[92.65463,23.55879],[92.65233,23.55672],[92.64994,23.55569],[92.64701,23.55609],[92.64419,23.55518],[92.64341,23.55374],[92.64252,23.54597],[92.64127,23.54445],[92.63841,23.54242],[92.63465,23.54133],[92.63337,23.53911],[92.63469,23.53262],[92.63617,23.52864],[92.63929,23.52364],[92.64144,23.52256],[92.64373,23.52053],[92.64522,23.52036],[92.65172,23.52132],[92.65278,23.52111],[92.65384,23.52023],[92.65474,23.51786],[92.65521,23.51172],[92.65442,23.50748],[92.65805,23.50403],[92.65884,23.50176],[92.65798,23.49662],[92.65629,23.49346],[92.65349,23.49028],[92.65268,23.48755],[92.65535,23.48078],[92.65616,23.47363],[92.65723,23.47127],[92.65545,23.46217],[92.65563,23.45584],[92.65474,23.45343],[92.65489,23.45245],[92.65668,23.45047],[92.65529,23.44691],[92.65612,23.44194],[92.65601,23.44059],[92.65504,23.43888],[92.65722,23.43285],[92.65659,23.43035],[92.65706,23.42267],[92.65762,23.42159],[92.66015,23.41961],[92.66269,23.4159],[92.6634,23.41393],[92.66271,23.40933],[92.66356,23.40839],[92.66564,23.40764],[92.66761,23.40323],[92.66432,23.39215],[92.6682,23.38848],[92.6696,23.38517],[92.66843,23.38465],[92.66729,23.38243],[92.665,23.38223],[92.66299,23.38304],[92.6598,23.38313],[92.65772,23.38391],[92.65655,23.38345],[92.65572,23.38431],[92.65189,23.38433],[92.65,23.38383],[92.64785,23.38458],[92.64605,23.38401],[92.64347,23.38403],[92.63899,23.38597],[92.63851,23.38762],[92.63872,23.39158],[92.63724,23.39248],[92.63451,23.39323],[92.63076,23.39237],[92.629,23.39266],[92.62668,23.39206],[92.62567,23.38969],[92.62179,23.38936],[92.61989,23.3876],[92.61614,23.38631],[92.61481,23.39181],[92.61362,23.39352],[92.61217,23.39375],[92.60996,23.39571],[92.6075,23.3965],[92.60668,23.39724],[92.60286,23.39799],[92.59986,23.39792],[92.60067,23.39947],[92.59806,23.40297],[92.59697,23.40304],[92.59605,23.4045],[92.59482,23.40474],[92.59289,23.40653],[92.58964,23.40727],[92.58811,23.40663],[92.58775,23.40549],[92.58636,23.40554],[92.58558,23.4043],[92.58425,23.40387],[92.58453,23.40205],[92.58697,23.40051],[92.58709,23.39966],[92.58614,23.39841],[92.5873,23.39765],[92.58608,23.39706],[92.58577,23.39637],[92.58688,23.39519],[92.58795,23.392],[92.58598,23.38977],[92.58705,23.38855],[92.58678,23.38785],[92.58566,23.3872],[92.58599,23.38546],[92.58413,23.3847],[92.58504,23.38345],[92.58454,23.38212],[92.58165,23.38069],[92.57987,23.37911],[92.57728,23.37978],[92.57493,23.37834],[92.57088,23.38001],[92.5656,23.37974],[92.56388,23.37811],[92.5627,23.37246],[92.56147,23.37078],[92.55957,23.37219],[92.55871,23.37165],[92.55855,23.37057],[92.55396,23.37077],[92.55203,23.37586],[92.55079,23.37745],[92.54691,23.37724],[92.54584,23.3799],[92.54424,23.38116],[92.54141,23.38241],[92.53933,23.38264],[92.53569,23.38219],[92.53242,23.3798],[92.53067,23.3802],[92.52953,23.38101],[92.52504,23.38091],[92.52235,23.38162],[92.51847,23.38044],[92.51564,23.38019],[92.5138,23.3786],[92.51258,23.37921],[92.50935,23.37975],[92.50868,23.38024],[92.5072,23.3838],[92.5035,23.38538],[92.50243,23.38673],[92.50144,23.38713],[92.50147,23.38821],[92.50058,23.38872],[92.49984,23.39082],[92.49657,23.39161],[92.49517,23.39264],[92.49404,23.39188],[92.49281,23.39299],[92.49189,23.39204],[92.492,23.3914],[92.49308,23.39099],[92.49319,23.39002],[92.49401,23.38963],[92.49386,23.38828],[92.49429,23.38738],[92.49285,23.38614],[92.49257,23.38477],[92.49132,23.38389],[92.48988,23.38181],[92.48447,23.38428],[92.48148,23.38459],[92.48068,23.38562],[92.48134,23.38684],[92.48003,23.38761],[92.47997,23.38831],[92.47831,23.38997],[92.47692,23.39029],[92.47599,23.39128],[92.47541,23.39362],[92.4724,23.39319],[92.47084,23.39363],[92.4676,23.39149],[92.46361,23.39146],[92.46216,23.39008],[92.46196,23.38582],[92.45642,23.38069],[92.45766,23.37599],[92.45967,23.37577],[92.46003,23.37474],[92.45932,23.37285],[92.45932,23.3712],[92.45816,23.36952],[92.45775,23.36775],[92.45527,23.3647],[92.45713,23.36306],[92.4576,23.36135],[92.45849,23.36037],[92.46009,23.36007],[92.46299,23.36037],[92.46515,23.3588],[92.46512,23.35648],[92.46426,23.35531],[92.46348,23.35546],[92.4617,23.35776],[92.4602,23.35758],[92.46066,23.3527],[92.46154,23.35102],[92.45999,23.34993],[92.45992,23.34942],[92.46094,23.3476],[92.46333,23.34716],[92.4637,23.34535],[92.46484,23.34402],[92.46734,23.34371],[92.46722,23.34144],[92.46883,23.33967],[92.46862,23.33097],[92.46981,23.32912],[92.47018,23.327],[92.4711,23.32556],[92.47116,23.3237],[92.47016,23.32091],[92.46893,23.31954],[92.46545,23.3199],[92.46367,23.31916],[92.46145,23.31921],[92.46086,23.31867],[92.46044,23.31682],[92.46091,23.31323],[92.45957,23.31096],[92.4594,23.30863],[92.45745,23.30689],[92.45711,23.30548],[92.45607,23.30427],[92.45593,23.30128],[92.45305,23.29829],[92.45209,23.29352],[92.45203,23.28764],[92.45136,23.28609],[92.45046,23.28542],[92.44443,23.28468],[92.44093,23.28641],[92.43907,23.28658],[92.43526,23.28601],[92.43317,23.28502],[92.43274,23.28317],[92.43314,23.28182],[92.43413,23.28051],[92.4367,23.28022],[92.43737,23.27967],[92.43756,23.27661],[92.43397,23.27615],[92.42954,23.27352],[92.42689,23.2695],[92.42442,23.26715],[92.42259,23.26375],[92.41578,23.26278],[92.41583,23.26171],[92.41723,23.2591],[92.41713,23.25688],[92.41674,23.2566],[92.4141,23.26032],[92.41115,23.26251],[92.40903,23.26551],[92.40636,23.26579],[92.40673,23.26405],[92.40629,23.26337],[92.40404,23.26605],[92.40113,23.26411],[92.39928,23.26701],[92.39689,23.26666],[92.39563,23.26764],[92.39393,23.26688],[92.39066,23.27354],[92.38814,23.28129],[92.38596,23.28325],[92.38116,23.2851],[92.38248,23.29068],[92.38469,23.29261],[92.38274,23.29611],[92.38462,23.29812],[92.38305,23.30183],[92.38499,23.3023],[92.38576,23.3031],[92.38568,23.3062],[92.38308,23.30872],[92.37626,23.31296],[92.37733,23.31833],[92.37609,23.31989],[92.37555,23.32011],[92.37136,23.31796],[92.37075,23.31853],[92.36937,23.32244],[92.36875,23.32294],[92.36743,23.32293],[92.36716,23.32228],[92.36882,23.31834],[92.36855,23.3172],[92.36804,23.31711],[92.36436,23.32292],[92.36829,23.32546],[92.37077,23.33018],[92.37209,23.33168],[92.37485,23.33735],[92.37619,23.347],[92.38068,23.35118],[92.38049,23.35557],[92.37838,23.35645],[92.37642,23.35667],[92.37785,23.35862],[92.37906,23.36183],[92.37569,23.36537],[92.371,23.36563],[92.36926,23.36701],[92.36934,23.36923],[92.37112,23.37262],[92.37049,23.37358],[92.36854,23.37191],[92.36564,23.3671],[92.36394,23.36616],[92.36027,23.36773],[92.35643,23.37235],[92.35647,23.37327],[92.35741,23.37465],[92.36012,23.37573],[92.36175,23.37766],[92.36511,23.37959],[92.36339,23.38102],[92.35619,23.37962],[92.3537,23.37997],[92.35266,23.38087],[92.35305,23.38286],[92.35668,23.38471],[92.35601,23.38777],[92.35804,23.38884],[92.35881,23.3907],[92.35731,23.39172],[92.35642,23.39086],[92.35557,23.38888],[92.35453,23.38906],[92.35347,23.39342],[92.35377,23.39478],[92.35294,23.3994],[92.35293,23.40485],[92.35341,23.40579],[92.35392,23.40608],[92.35423,23.40573],[92.35542,23.40081],[92.35815,23.40477],[92.3574,23.4107],[92.35418,23.41299],[92.35256,23.41351],[92.34775,23.41281],[92.34827,23.41902],[92.34649,23.43319],[92.34488,23.43372],[92.34416,23.43336],[92.34286,23.4344],[92.34239,23.43563],[92.34137,23.43553],[92.33808,23.43176],[92.3364,23.43332],[92.33568,23.43345],[92.3353,23.42865],[92.33479,23.42832],[92.33392,23.42883],[92.33303,23.431],[92.3329,23.43558],[92.33082,23.43977],[92.33121,23.44294],[92.33038,23.44616],[92.32959,23.44778],[92.32834,23.44836],[92.32736,23.44814],[92.32708,23.44854],[92.32724,23.44905],[92.32927,23.44995],[92.33255,23.45398],[92.3333,23.45593],[92.33267,23.45682],[92.33172,23.45709],[92.33157,23.45471],[92.33081,23.454],[92.32994,23.45404],[92.3255,23.45908],[92.32589,23.45963],[92.32704,23.45973],[92.33066,23.45936],[92.33213,23.46446],[92.3318,23.46606],[92.3303,23.46701],[92.32869,23.46624],[92.32784,23.46641],[92.32684,23.46748],[92.31933,23.46996],[92.31713,23.47165],[92.31795,23.47283],[92.319,23.47303],[92.31885,23.47419],[92.32006,23.47529],[92.3208,23.47372],[92.3237,23.47522],[92.32361,23.47663],[92.32245,23.4782],[92.32285,23.47892],[92.32529,23.478],[92.32616,23.4788],[92.32406,23.48025],[92.32204,23.48003],[92.32094,23.48045],[92.3209,23.48095],[92.32195,23.48201],[92.32177,23.48289],[92.31606,23.48682],[92.31912,23.48941],[92.32195,23.49011],[92.32195,23.49177],[92.3189,23.49213],[92.31743,23.49425],[92.31781,23.49464],[92.32052,23.49445],[92.32034,23.49744],[92.31929,23.50061],[92.32283,23.50102],[92.32049,23.50146],[92.31892,23.50332],[92.31949,23.50491],[92.31883,23.5079],[92.3197,23.50943],[92.31979,23.51243],[92.31613,23.51184],[92.3156,23.51288],[92.31567,23.51361],[92.31838,23.51492],[92.31769,23.51716],[92.31679,23.51766],[92.31513,23.51536],[92.31384,23.51516],[92.3136,23.5155],[92.31428,23.51703],[92.31326,23.52075],[92.31749,23.52443],[92.31789,23.52633],[92.31626,23.52926],[92.31425,23.52944],[92.31397,23.53326],[92.31328,23.53345],[92.31077,23.53245],[92.30904,23.53234],[92.3078,23.53303],[92.30625,23.53504],[92.30721,23.53619],[92.30799,23.54093],[92.31008,23.5421],[92.30981,23.54408],[92.31069,23.54706],[92.31029,23.54842],[92.30871,23.54961],[92.3092,23.55232],[92.31062,23.55544],[92.31262,23.55299],[92.31351,23.55499],[92.31315,23.55704],[92.31181,23.55971],[92.30746,23.56303],[92.30675,23.5645],[92.30694,23.56616],[92.30751,23.5649],[92.30835,23.56507],[92.30904,23.57112],[92.30856,23.57174],[92.30681,23.57172],[92.30694,23.57105],[92.30822,23.56995],[92.30823,23.56934],[92.30766,23.56901],[92.30642,23.57043],[92.30509,23.57343],[92.30821,23.57771],[92.30676,23.57936],[92.30594,23.58297],[92.30395,23.58291],[92.30371,23.58593],[92.30159,23.58839],[92.3021,23.5919],[92.30144,23.59289],[92.30012,23.59318],[92.29834,23.5926],[92.29786,23.5902],[92.29652,23.58803],[92.29468,23.5898],[92.29403,23.59237],[92.29316,23.59334],[92.29358,23.59516],[92.29141,23.59532],[92.28898,23.59813],[92.28851,23.59751],[92.28848,23.59542],[92.28789,23.59523],[92.28726,23.59604],[92.28787,23.60335],[92.28745,23.60547],[92.28823,23.60735],[92.28738,23.60959],[92.28796,23.61136],[92.28734,23.61674],[92.28799,23.61824],[92.28974,23.61975],[92.29317,23.62061],[92.29587,23.6206],[92.29577,23.62163],[92.29419,23.62424],[92.28949,23.62851],[92.2834,23.62952],[92.28281,23.63012],[92.28152,23.6298],[92.28069,23.63059],[92.27948,23.62968],[92.27913,23.62866],[92.28004,23.62556],[92.27952,23.62494],[92.27863,23.62492],[92.27829,23.62783],[92.27702,23.62975],[92.27664,23.63175],[92.27813,23.63416],[92.27957,23.63495],[92.27966,23.63669],[92.28101,23.63623],[92.28154,23.63661],[92.28178,23.63856],[92.27952,23.63934],[92.27552,23.64194],[92.27358,23.64146],[92.27297,23.64194],[92.27317,23.64321],[92.27484,23.64633],[92.27437,23.64792],[92.27484,23.64952],[92.27604,23.65154],[92.27806,23.65323],[92.27857,23.65619],[92.28031,23.65797],[92.28143,23.66111],[92.28359,23.66178],[92.28362,23.6639],[92.2848,23.66543],[92.28498,23.66895],[92.28648,23.67298],[92.28852,23.67636],[92.28917,23.68034],[92.28971,23.68101],[92.29148,23.68123],[92.29074,23.68278],[92.29092,23.68444],[92.28959,23.68659],[92.29094,23.69083],[92.28969,23.69248],[92.28998,23.69457],[92.28925,23.69554],[92.28928,23.69895],[92.28993,23.69984],[92.28868,23.70005],[92.28935,23.7018],[92.28727,23.70153],[92.28728,23.7026],[92.28554,23.70312],[92.28556,23.70382],[92.28495,23.70427],[92.28451,23.70597],[92.2848,23.70712],[92.28322,23.70674],[92.28081,23.70826],[92.28145,23.70907],[92.27993,23.70908],[92.27847,23.71019],[92.27841,23.7112],[92.27938,23.71251],[92.27863,23.71326],[92.27866,23.7147],[92.27964,23.71515],[92.27969,23.71581],[92.26549,23.72501],[92.26657,23.72964],[92.2674,23.73719],[92.26665,23.7429],[92.26732,23.74972],[92.26876,23.75437],[92.26726,23.75778],[92.26684,23.76178],[92.26866,23.76847],[92.26643,23.77474],[92.26572,23.78061],[92.26385,23.78359],[92.26347,23.78534],[92.26432,23.7931],[92.26298,23.79688],[92.26072,23.80648],[92.2603,23.81338],[92.26228,23.81551],[92.26522,23.81704],[92.26771,23.81687],[92.27263,23.81815],[92.2738,23.81706],[92.27445,23.8155],[92.27565,23.81497],[92.27727,23.81528],[92.27821,23.81603],[92.2798,23.81586],[92.28176,23.81455],[92.28493,23.81499],[92.28584,23.8158],[92.28527,23.81726],[92.28593,23.81794],[92.28578,23.81875],[92.28653,23.81921],[92.28619,23.82142],[92.28527,23.82258],[92.28374,23.82242],[92.28291,23.82281],[92.2819,23.82557],[92.28234,23.82772],[92.28129,23.82836],[92.28264,23.82889],[92.28203,23.82968],[92.2822,23.83025],[92.28096,23.83074],[92.27971,23.83274],[92.27651,23.83504],[92.27596,23.83685],[92.27485,23.83809],[92.27345,23.84408],[92.27434,23.84887],[92.27647,23.8524],[92.28175,23.85496],[92.2822,23.85618],[92.28406,23.85818],[92.2856,23.8585],[92.28508,23.85944],[92.28621,23.85996],[92.28536,23.86119],[92.2875,23.86165],[92.28718,23.86265],[92.28808,23.86325],[92.28862,23.86446],[92.28866,23.86643],[92.28969,23.86733],[92.28954,23.86872],[92.29255,23.87016],[92.29454,23.86993],[92.29493,23.86842],[92.29377,23.86816],[92.29461,23.86781],[92.2944,23.86719],[92.29592,23.86644],[92.29649,23.86555],[92.29761,23.86549],[92.29846,23.86468],[92.29995,23.86557],[92.30366,23.86229],[92.30466,23.8627],[92.30699,23.86198],[92.30828,23.86079],[92.31162,23.86114],[92.31372,23.8622],[92.31617,23.86205],[92.31694,23.86378],[92.32022,23.86433],[92.31817,23.86501],[92.31778,23.86565],[92.32216,23.86643],[92.32338,23.86715],[92.32528,23.86972],[92.32469,23.8724],[92.3253,23.87399],[92.32415,23.87478],[92.3214,23.87529],[92.32098,23.87676],[92.3194,23.87629],[92.31834,23.87521],[92.31757,23.87533],[92.31675,23.87872],[92.31538,23.88092],[92.31594,23.88136],[92.31769,23.88087],[92.3189,23.88256],[92.32083,23.88293],[92.31642,23.88521],[92.31914,23.88684],[92.31755,23.88828],[92.31764,23.88872],[92.32017,23.88841],[92.32154,23.88878],[92.32058,23.89116],[92.32206,23.89197],[92.32201,23.89373],[92.32302,23.89523],[92.32305,23.897],[92.32421,23.89846],[92.32365,23.89882],[92.32354,23.90014],[92.32199,23.90194],[92.32249,23.90231],[92.32541,23.90183],[92.32679,23.90416],[92.329,23.90361],[92.32992,23.90397],[92.33021,23.90583],[92.33133,23.90695],[92.33022,23.90917],[92.33208,23.90931],[92.32872,23.91287],[92.32908,23.91631],[92.32962,23.91732],[92.33072,23.91767],[92.33044,23.91911],[92.33108,23.92076],[92.32962,23.92024],[92.3295,23.92098],[92.32712,23.92163],[92.32633,23.92311],[92.32383,23.92358],[92.32217,23.9251],[92.32098,23.92496],[92.31936,23.92653],[92.31981,23.92909],[92.31698,23.92841],[92.31491,23.93034],[92.31243,23.93132],[92.31275,23.93203],[92.31431,23.93228],[92.31458,23.9327],[92.31346,23.93873],[92.31219,23.9383],[92.31192,23.93867],[92.31416,23.9416],[92.31384,23.94202],[92.31255,23.94112],[92.31216,23.942],[92.31318,23.94529],[92.31398,23.95152],[92.31383,23.95209],[92.3115,23.95248],[92.31125,23.95287],[92.31143,23.95388],[92.31316,23.95403],[92.31247,23.95656],[92.31128,23.9581],[92.31188,23.95898],[92.31368,23.95872],[92.31413,23.95915],[92.31405,23.96357],[92.3133,23.96816],[92.31472,23.96801],[92.31541,23.97054],[92.3169,23.97021],[92.31914,23.97044],[92.31876,23.97257],[92.31915,23.97308],[92.32101,23.97388],[92.3222,23.97255],[92.32353,23.97319],[92.32356,23.97571],[92.32274,23.97722],[92.32291,23.97797],[92.32367,23.97822],[92.32549,23.97748],[92.32595,23.97768],[92.32623,23.98253],[92.3272,23.98328],[92.32965,23.98332],[92.32912,23.98521],[92.32743,23.98584],[92.32727,23.98666],[92.32786,23.98722],[92.3291,23.98684],[92.33013,23.98718],[92.33071,23.99006],[92.32947,23.99241],[92.33043,23.99436],[92.33088,23.99849],[92.32808,24.00078],[92.32837,24.00297],[92.32955,24.00395],[92.32954,24.00499],[92.32802,24.00693],[92.32537,24.00665],[92.32461,24.00943],[92.32315,24.01134],[92.32424,24.01299],[92.32144,24.01302],[92.32089,24.01352],[92.32179,24.01564],[92.3215,24.01652],[92.3202,24.01712],[92.31779,24.01739],[92.31719,24.01796],[92.31862,24.01913],[92.31799,24.02143],[92.31852,24.02227],[92.31922,24.02201],[92.32155,24.01724],[92.32297,24.01793],[92.32394,24.01989],[92.32327,24.02077],[92.32155,24.02018],[92.32034,24.02267],[92.31806,24.02346],[92.32018,24.02554],[92.32122,24.02697],[92.32133,24.02802],[92.31986,24.02898],[92.31682,24.02908],[92.31748,24.03023],[92.31879,24.02977],[92.31922,24.03026],[92.31982,24.03309],[92.31954,24.03395],[92.31867,24.03439],[92.31563,24.03367],[92.3148,24.03407],[92.31557,24.03639],[92.31599,24.03642],[92.31677,24.03508],[92.31709,24.03525],[92.31809,24.04162],[92.3177,24.04296],[92.31559,24.0452],[92.31422,24.04751],[92.31455,24.04961],[92.31738,24.05165],[92.31813,24.05143],[92.3188,24.04978],[92.32087,24.05203],[92.32024,24.05465],[92.31854,24.05673],[92.31854,24.05799],[92.31977,24.05804],[92.32125,24.05679],[92.32271,24.05868],[92.32253,24.05909],[92.32057,24.0595],[92.31844,24.06135],[92.31829,24.06464],[92.31507,24.06662],[92.31516,24.06741],[92.31735,24.06899],[92.31636,24.07073],[92.31632,24.07179],[92.31679,24.07209],[92.31903,24.07118],[92.32246,24.06837],[92.3238,24.06832],[92.32435,24.06934],[92.32191,24.07387],[92.32195,24.07468],[92.32276,24.07513],[92.3263,24.07527],[92.32737,24.07687],[92.32694,24.07754],[92.3261,24.07769],[92.32304,24.07616],[92.32177,24.07623],[92.32142,24.07667],[92.32229,24.07858],[92.32696,24.08302],[92.32524,24.08565],[92.32825,24.08744],[92.32774,24.08909],[92.32862,24.09154],[92.32582,24.09416],[92.32558,24.09505],[92.32878,24.09721],[92.32967,24.09843],[92.32913,24.09935],[92.32814,24.09961],[92.32761,24.09929],[92.32799,24.09844],[92.32651,24.0983],[92.32619,24.09893],[92.32708,24.10004],[92.32629,24.10079],[92.32801,24.10177],[92.32707,24.10351],[92.32892,24.10351],[92.33034,24.10515],[92.33023,24.10638],[92.33135,24.10702],[92.3312,24.10847],[92.32988,24.1092],[92.32819,24.10915],[92.32751,24.10976],[92.32744,24.11075],[92.33224,24.11408],[92.33194,24.11444],[92.33069,24.11418],[92.32973,24.11498],[92.32806,24.11519],[92.32643,24.11706],[92.32736,24.12084],[92.32828,24.12195],[92.32603,24.12217],[92.32534,24.12335],[92.32753,24.12521],[92.32806,24.12646],[92.33079,24.12814],[92.32786,24.12933],[92.32627,24.12931],[92.32569,24.12995],[92.32777,24.13282],[92.32689,24.13608],[92.32723,24.14001],[92.32778,24.14057],[92.32889,24.14061],[92.33354,24.13937],[92.3335,24.14118],[92.32999,24.14447],[92.33095,24.14489],[92.3333,24.14304],[92.33519,24.14303],[92.3364,24.14432],[92.33521,24.14699],[92.3365,24.14767],[92.3366,24.14818],[92.33315,24.15211],[92.33282,24.15576],[92.3316,24.15973],[92.33222,24.16191],[92.33178,24.16332],[92.32719,24.16617],[92.32885,24.17017],[92.3289,24.17376],[92.33007,24.17621],[92.33017,24.17823],[92.3313,24.17953],[92.33068,24.1814],[92.33178,24.18273],[92.32958,24.1834],[92.3294,24.1844],[92.33004,24.18563],[92.32934,24.18642],[92.32802,24.18662],[92.32616,24.18499],[92.32542,24.18562],[92.32542,24.18639],[92.32577,24.18728],[92.32724,24.18851],[92.32962,24.18833],[92.33001,24.18969],[92.32913,24.19015],[92.3267,24.19015],[92.32656,24.19126],[92.32845,24.1921],[92.32845,24.19292],[92.32762,24.19332],[92.32538,24.19333],[92.32323,24.19507],[92.32321,24.19649],[92.32523,24.19843],[92.32501,24.19948],[92.32324,24.20068],[92.32023,24.20138],[92.31887,24.20274],[92.31908,24.20406],[92.3205,24.20613],[92.32154,24.20648],[92.32406,24.20534],[92.32448,24.20609],[92.32338,24.20723],[92.31988,24.20875],[92.31555,24.21383],[92.31425,24.21397],[92.31255,24.21199],[92.31141,24.21135],[92.30984,24.21272],[92.30932,24.21729],[92.31114,24.21825],[92.31196,24.22084],[92.31449,24.22347],[92.31418,24.22406],[92.31215,24.22414],[92.30771,24.22252],[92.30367,24.22351],[92.30091,24.22188],[92.29987,24.22179],[92.29939,24.22484],[92.30188,24.22569],[92.30246,24.22683],[92.30086,24.22783],[92.29677,24.22688],[92.29552,24.22767],[92.29592,24.22853],[92.29881,24.2299],[92.29919,24.23365],[92.29864,24.2343],[92.29626,24.23427],[92.29522,24.23481],[92.29514,24.23628],[92.29619,24.2389],[92.29629,24.24063],[92.29498,24.24334],[92.29272,24.24597],[92.29284,24.24811],[92.29541,24.25084],[92.2983,24.25266],[92.42254,24.25499]]]}},{"id":"5","type":"Feature","properties":{"state":"MIZORAM","state_lgd":"15","district":"KOLASIB","district_lgd":"282"},"geometry":{"type":"Polygon","coordinates":[[[92.7636,24.52112],[92.77075,24.50144],[92.77191,24.50058],[92.79186,24.44567],[92.79654,24.43323],[92.79712,24.43278],[92.79628,24.43054],[92.79582,24.43052],[92.79544,24.43159],[92.79457,24.43072],[92.79413,24.42888],[92.79518,24.42764],[92.79319,24.42794],[92.79319,24.42566],[92.79186,24.42551],[92.79201,24.42418],[92.79055,24.42188],[92.79091,24.42079],[92.79183,24.42205],[92.79292,24.42208],[92.7923,24.4198],[92.79045,24.41941],[92.79003,24.41886],[92.79053,24.41756],[92.79255,24.41756],[92.7931,24.41675],[92.79266,24.41618],[92.79072,24.41634],[92.78853,24.41351],[92.78887,24.41306],[92.79138,24.41271],[92.79127,24.4094],[92.79088,24.4086],[92.78936,24.40976],[92.78846,24.40928],[92.78995,24.40838],[92.78793,24.40699],[92.78895,24.40569],[92.78864,24.40489],[92.78728,24.4039],[92.78748,24.40216],[92.78697,24.4009],[92.78744,24.39912],[92.78475,24.39615],[92.78635,24.3949],[92.78611,24.39453],[92.78486,24.39454],[92.7844,24.39365],[92.78573,24.39201],[92.78563,24.39123],[92.78399,24.3898],[92.78233,24.38999],[92.78143,24.38825],[92.77853,24.38755],[92.77734,24.38523],[92.77781,24.38311],[92.77918,24.38265],[92.78117,24.37987],[92.78183,24.37717],[92.78432,24.37583],[92.78474,24.37463],[92.78302,24.3719],[92.78153,24.37192],[92.77996,24.37295],[92.7794,24.37172],[92.78076,24.36859],[92.77918,24.36784],[92.77905,24.3673],[92.78057,24.36671],[92.78226,24.36149],[92.77956,24.35519],[92.77725,24.3532],[92.77661,24.35333],[92.77465,24.35545],[92.77334,24.35498],[92.77248,24.35405],[92.77352,24.35261],[92.77431,24.35004],[92.77686,24.35027],[92.77691,24.34752],[92.77947,24.34729],[92.78026,24.34543],[92.77763,24.34448],[92.77622,24.34517],[92.77508,24.34497],[92.77472,24.34032],[92.77356,24.33884],[92.77042,24.34141],[92.76848,24.3403],[92.76843,24.33482],[92.76682,24.33054],[92.76683,24.32919],[92.76863,24.32575],[92.77145,24.32667],[92.77197,24.32555],[92.77044,24.3228],[92.77016,24.32048],[92.76956,24.31998],[92.76772,24.3204],[92.76667,24.32146],[92.76615,24.32316],[92.76557,24.32321],[92.76443,24.32044],[92.76469,24.31665],[92.76685,24.3154],[92.76833,24.31537],[92.76996,24.31598],[92.77082,24.31532],[92.77213,24.31684],[92.77264,24.31684],[92.77416,24.31504],[92.77427,24.31308],[92.77509,24.3116],[92.77616,24.31106],[92.77912,24.31147],[92.78073,24.31258],[92.78458,24.31381],[92.78577,24.31752],[92.7878,24.31866],[92.78879,24.31844],[92.78948,24.32115],[92.79123,24.32153],[92.79261,24.32267],[92.79261,24.32333],[92.79096,24.32444],[92.79096,24.32506],[92.79604,24.32436],[92.79856,24.32242],[92.79925,24.32009],[92.80046,24.3193],[92.80077,24.31643],[92.80283,24.31548],[92.80596,24.31552],[92.80834,24.31329],[92.81173,24.31162],[92.8124,24.3088],[92.8114,24.30695],[92.81073,24.30251],[92.81163,24.29929],[92.81278,24.29801],[92.81476,24.29772],[92.81739,24.29615],[92.82259,24.29664],[92.82676,24.29775],[92.82904,24.2989],[92.83302,24.2987],[92.83515,24.29977],[92.83732,24.29927],[92.83821,24.30018],[92.8403,24.30078],[92.84196,24.30463],[92.84296,24.30528],[92.84327,24.30826],[92.84448,24.30846],[92.84597,24.30965],[92.84612,24.31122],[92.84686,24.3116],[92.84743,24.31335],[92.84898,24.31481],[92.84968,24.31636],[92.85124,24.31649],[92.8526,24.31553],[92.85364,24.31591],[92.85597,24.31507],[92.85687,24.31388],[92.85409,24.31161],[92.85342,24.30982],[92.85426,24.30649],[92.85529,24.30552],[92.85619,24.30549],[92.86002,24.30859],[92.86133,24.30893],[92.86207,24.30859],[92.86265,24.30709],[92.86197,24.30424],[92.86216,24.30226],[92.8641,24.30048],[92.86782,24.29927],[92.87025,24.29659],[92.87112,24.29298],[92.87016,24.28996],[92.87235,24.28687],[92.87185,24.2857],[92.86983,24.28488],[92.86886,24.28311],[92.8691,24.28224],[92.87244,24.27954],[92.87216,24.27759],[92.87146,24.27711],[92.86853,24.2778],[92.86603,24.27672],[92.86539,24.27459],[92.86396,24.27404],[92.86222,24.27244],[92.86015,24.26798],[92.86038,24.26515],[92.8645,24.26344],[92.86518,24.2624],[92.86411,24.26146],[92.86012,24.26127],[92.85846,24.25869],[92.8589,24.25803],[92.86128,24.25865],[92.86207,24.25846],[92.86168,24.25511],[92.86452,24.25227],[92.86288,24.25101],[92.85876,24.25032],[92.85889,24.24966],[92.86117,24.24745],[92.86148,24.24639],[92.85908,24.24436],[92.85909,24.24363],[92.86105,24.24249],[92.86326,24.24196],[92.86454,24.24198],[92.86843,24.24349],[92.87093,24.24297],[92.87584,24.23837],[92.87742,24.2341],[92.87956,24.23321],[92.88095,24.23385],[92.88273,24.23661],[92.8859,24.23927],[92.88689,24.24253],[92.88696,24.24542],[92.8881,24.24557],[92.88928,24.24431],[92.88995,24.24132],[92.89599,24.23965],[92.89668,24.23897],[92.89718,24.23437],[92.89909,24.23157],[92.89944,24.22828],[92.90027,24.22602],[92.89846,24.2232],[92.89903,24.21892],[92.89685,24.21695],[92.89673,24.21545],[92.89463,24.21224],[92.89528,24.21175],[92.89823,24.21219],[92.89826,24.21137],[92.89624,24.20855],[92.8971,24.20578],[92.89635,24.20497],[92.89279,24.20466],[92.89264,24.20402],[92.8939,24.20205],[92.89244,24.20125],[92.89184,24.20014],[92.89208,24.19951],[92.89361,24.19859],[92.89368,24.19799],[92.8931,24.19215],[92.89151,24.18615],[92.89241,24.18263],[92.89139,24.17964],[92.8908,24.17384],[92.8873,24.17211],[92.88288,24.17128],[92.8819,24.17036],[92.88207,24.16942],[92.88505,24.1695],[92.88567,24.16871],[92.88377,24.16071],[92.88281,24.15959],[92.87991,24.15813],[92.88009,24.15729],[92.88188,24.15659],[92.88188,24.15466],[92.87949,24.15079],[92.87481,24.14797],[92.87149,24.14006],[92.87136,24.13574],[92.87324,24.13384],[92.87581,24.13251],[92.87651,24.13027],[92.8755,24.12923],[92.87207,24.12885],[92.87065,24.1279],[92.87009,24.12652],[92.87,24.1221],[92.86606,24.11858],[92.86626,24.11746],[92.86866,24.11479],[92.86766,24.11283],[92.86764,24.10974],[92.86571,24.10834],[92.8631,24.10726],[92.85863,24.10725],[92.85832,24.1063],[92.85873,24.09932],[92.85761,24.0987],[92.85599,24.10001],[92.85545,24.0998],[92.85552,24.09699],[92.8546,24.09467],[92.8546,24.09327],[92.8575,24.0896],[92.85775,24.08835],[92.85653,24.08563],[92.85593,24.08198],[92.85434,24.07985],[92.85541,24.07799],[92.85401,24.07522],[92.85434,24.07305],[92.85108,24.0704],[92.8488,24.0698],[92.84757,24.06829],[92.84594,24.06323],[92.84695,24.05996],[92.84463,24.05466],[92.84619,24.05365],[92.84702,24.05102],[92.84691,24.05029],[92.84475,24.04819],[92.84477,24.04594],[92.84542,24.04526],[92.84811,24.04437],[92.84689,24.04268],[92.84774,24.04013],[92.84751,24.03494],[92.84662,24.03414],[92.84435,24.03622],[92.8433,24.03624],[92.84208,24.03456],[92.84171,24.03305],[92.84469,24.03053],[92.84582,24.02816],[92.84581,24.02685],[92.84495,24.02637],[92.84259,24.02688],[92.84101,24.02639],[92.8412,24.02295],[92.83934,24.02036],[92.84022,24.01664],[92.83888,24.0151],[92.83728,24.01519],[92.83577,24.01683],[92.83462,24.01929],[92.83345,24.02387],[92.83221,24.02424],[92.8313,24.02365],[92.83052,24.02116],[92.8289,24.01906],[92.82909,24.01819],[92.83086,24.01613],[92.82883,24.01321],[92.82916,24.00935],[92.82856,24.0068],[92.82743,24.00466],[92.82695,24.00049],[92.82656,24.00017],[92.82506,24.00057],[92.82435,24.0003],[92.82531,23.99786],[92.8252,23.99654],[92.82135,23.99481],[92.8208,23.99409],[92.82116,23.99283],[92.82424,23.99166],[92.82524,23.9906],[92.82487,23.9891],[92.82213,23.98803],[92.82162,23.98695],[92.82223,23.98655],[92.82637,23.98676],[92.82669,23.98608],[92.82497,23.98438],[92.82336,23.98155],[92.8214,23.98216],[92.82053,23.98167],[92.81995,23.97951],[92.82091,23.9749],[92.82053,23.97191],[92.81827,23.96693],[92.81682,23.96743],[92.81608,23.96637],[92.81787,23.96028],[92.8177,23.95873],[92.8217,23.95618],[92.82246,23.95472],[92.82247,23.95339],[92.81894,23.94894],[92.81988,23.94616],[92.81946,23.94494],[92.81802,23.94341],[92.81609,23.9425],[92.81495,23.93884],[92.81497,23.93769],[92.81584,23.93598],[92.81858,23.93504],[92.81788,23.93409],[92.81522,23.93269],[92.81248,23.92915],[92.81112,23.92184],[92.80776,23.92195],[92.80665,23.91962],[92.81045,23.91653],[92.81172,23.91613],[92.81519,23.91837],[92.81627,23.91861],[92.81659,23.91751],[92.81519,23.91497],[92.81532,23.91387],[92.81656,23.91411],[92.81841,23.91594],[92.81966,23.91627],[92.82088,23.91552],[92.82195,23.91209],[92.82168,23.91165],[92.81944,23.91133],[92.81853,23.90985],[92.81959,23.9063],[92.81754,23.9003],[92.81777,23.89737],[92.81742,23.89623],[92.81499,23.89478],[92.81249,23.89483],[92.81205,23.89384],[92.81009,23.8943],[92.80969,23.89361],[92.8102,23.89251],[92.80923,23.89214],[92.8104,23.89115],[92.80896,23.88992],[92.80993,23.88938],[92.81058,23.88704],[92.8098,23.88668],[92.80937,23.8858],[92.80847,23.88651],[92.80673,23.88686],[92.80604,23.88598],[92.80485,23.88195],[92.80531,23.88105],[92.80464,23.87982],[92.80509,23.87832],[92.80386,23.87759],[92.80372,23.87644],[92.80276,23.87516],[92.803,23.8732],[92.80219,23.87198],[92.80304,23.87088],[92.80155,23.86795],[92.80134,23.86566],[92.80057,23.86554],[92.80187,23.86359],[92.80104,23.86298],[92.80187,23.85932],[92.80045,23.85824],[92.80188,23.85721],[92.80077,23.85607],[92.80098,23.85408],[92.79847,23.85141],[92.79922,23.85025],[92.79709,23.84803],[92.79301,23.84776],[92.79162,23.84952],[92.79009,23.85054],[92.78886,23.85012],[92.78768,23.85144],[92.78668,23.85052],[92.78236,23.85027],[92.77919,23.85219],[92.77682,23.85221],[92.77198,23.85131],[92.76812,23.84969],[92.76099,23.84848],[92.75833,23.84732],[92.75095,23.84648],[92.74918,23.84588],[92.74651,23.84729],[92.74521,23.84895],[92.74377,23.84922],[92.74354,23.85005],[92.7403,23.85015],[92.73568,23.84909],[92.728,23.85246],[92.72616,23.85111],[92.72522,23.85156],[92.72288,23.85489],[92.71902,23.85527],[92.71519,23.85757],[92.71275,23.85807],[92.7119,23.86006],[92.70867,23.86177],[92.70783,23.86166],[92.70701,23.85999],[92.7044,23.85918],[92.7036,23.85828],[92.70017,23.85733],[92.69846,23.85801],[92.69818,23.85568],[92.69557,23.85584],[92.69582,23.85711],[92.69411,23.85725],[92.69311,23.85872],[92.69164,23.85808],[92.68659,23.85982],[92.68503,23.86291],[92.67985,23.86725],[92.67247,23.86696],[92.67025,23.86538],[92.66779,23.86752],[92.66628,23.86715],[92.66228,23.86806],[92.66226,23.86879],[92.66299,23.86951],[92.66317,23.87282],[92.66263,23.87493],[92.6626,23.87894],[92.66182,23.88143],[92.66074,23.88272],[92.65782,23.88398],[92.65513,23.88599],[92.65306,23.88806],[92.65168,23.89045],[92.65,23.89175],[92.6513,23.89474],[92.65091,23.89738],[92.65192,23.89957],[92.65489,23.89994],[92.65629,23.90079],[92.65921,23.90313],[92.66097,23.90534],[92.66121,23.9075],[92.6605,23.91054],[92.66039,23.91385],[92.65914,23.91667],[92.6573,23.91911],[92.65328,23.92227],[92.64411,23.92231],[92.64377,23.923],[92.64417,23.92757],[92.64322,23.92936],[92.64191,23.9305],[92.63803,23.93048],[92.63151,23.93266],[92.62545,23.93403],[92.62242,23.93551],[92.62128,23.9373],[92.62161,23.93832],[92.62396,23.941],[92.62438,23.94418],[92.62832,23.94388],[92.62909,23.94548],[92.62886,23.947],[92.62716,23.94854],[92.62627,23.95051],[92.62568,23.9557],[92.62405,23.95719],[92.62042,23.95812],[92.62039,23.96226],[92.62231,23.972],[92.62577,23.98191],[92.62781,23.98366],[92.63177,23.98519],[92.63165,23.98923],[92.62975,23.99198],[92.62953,23.99358],[92.63292,23.99831],[92.63271,23.99921],[92.63076,24.00152],[92.62824,24.00259],[92.62506,24.00471],[92.6214,24.00548],[92.61945,24.00894],[92.61863,24.01242],[92.61927,24.01351],[92.6219,24.01543],[92.62358,24.02318],[92.6287,24.03263],[92.6297,24.03327],[92.63057,24.03318],[92.63551,24.03174],[92.63644,24.03366],[92.63607,24.03531],[92.63289,24.03524],[92.6302,24.0367],[92.62714,24.04175],[92.62551,24.04305],[92.62449,24.04304],[92.62374,24.04189],[92.62261,24.03784],[92.62427,24.03292],[92.62297,24.03176],[92.62199,24.03201],[92.61747,24.03639],[92.61557,24.04574],[92.61332,24.0499],[92.61167,24.05192],[92.61092,24.05243],[92.60961,24.05247],[92.60482,24.05111],[92.60109,24.05229],[92.59836,24.05386],[92.5932,24.06278],[92.58942,24.06384],[92.58565,24.06375],[92.58528,24.06496],[92.58565,24.06707],[92.58713,24.07088],[92.58616,24.07571],[92.58455,24.07668],[92.58082,24.07748],[92.57988,24.07728],[92.57841,24.07564],[92.57566,24.07692],[92.57401,24.07716],[92.57261,24.07699],[92.57157,24.07589],[92.57213,24.07396],[92.57404,24.07178],[92.57361,24.0691],[92.57542,24.0667],[92.57112,24.06264],[92.57079,24.0618],[92.57368,24.0533],[92.56872,24.04719],[92.56609,24.04106],[92.56545,24.04116],[92.56384,24.04321],[92.55994,24.04092],[92.55879,24.04091],[92.55822,24.04277],[92.55879,24.04567],[92.56361,24.05444],[92.56343,24.05496],[92.56229,24.05538],[92.55775,24.05466],[92.55727,24.05565],[92.55788,24.06069],[92.55758,24.06204],[92.55414,24.06338],[92.55199,24.06336],[92.55115,24.06257],[92.54958,24.05451],[92.5504,24.04989],[92.54976,24.04242],[92.54889,24.04178],[92.54663,24.04197],[92.54535,24.04155],[92.54194,24.03766],[92.53925,24.03592],[92.53822,24.03572],[92.53623,24.04088],[92.53461,24.04358],[92.53397,24.04738],[92.53505,24.05243],[92.53756,24.05521],[92.53794,24.05625],[92.53571,24.06447],[92.53591,24.06718],[92.53891,24.07631],[92.53918,24.07949],[92.5388,24.08241],[92.53592,24.09261],[92.53711,24.09598],[92.54009,24.09936],[92.53954,24.10227],[92.53701,24.10692],[92.53658,24.10967],[92.53884,24.11721],[92.54365,24.12476],[92.5435,24.12572],[92.54279,24.12603],[92.53749,24.12544],[92.53634,24.12611],[92.53602,24.12711],[92.53877,24.13467],[92.54068,24.13681],[92.54434,24.1389],[92.54517,24.14015],[92.5452,24.14179],[92.54118,24.1506],[92.53744,24.15641],[92.52732,24.16438],[92.52682,24.16519],[92.52702,24.16607],[92.52837,24.16744],[92.53091,24.16863],[92.53433,24.17162],[92.53637,24.1754],[92.53631,24.17685],[92.53111,24.18511],[92.53384,24.19017],[92.53464,24.19367],[92.53784,24.19677],[92.53808,24.19856],[92.53695,24.19993],[92.53669,24.20126],[92.53703,24.20177],[92.5393,24.20245],[92.54048,24.20358],[92.54045,24.20438],[92.54153,24.20551],[92.54201,24.20752],[92.54108,24.20876],[92.54096,24.21024],[92.54326,24.21147],[92.54326,24.2119],[92.54228,24.21241],[92.5423,24.21344],[92.5436,24.21581],[92.54592,24.21691],[92.54582,24.21882],[92.54712,24.22016],[92.54681,24.22165],[92.54774,24.22313],[92.54706,24.22454],[92.54675,24.22991],[92.54848,24.23186],[92.54687,24.23297],[92.54705,24.23645],[92.54856,24.2397],[92.55065,24.247],[92.5528,24.24744],[92.55595,24.24681],[92.55782,24.24835],[92.56005,24.24899],[92.56177,24.25077],[92.56357,24.25142],[92.57213,24.25188],[92.58042,24.24976],[92.58287,24.25047],[92.58755,24.24971],[92.58903,24.24877],[92.59091,24.24872],[92.5918,24.24949],[92.59571,24.25049],[92.60091,24.25015],[92.6026,24.24857],[92.60605,24.24845],[92.60683,24.24867],[92.60718,24.24989],[92.6084,24.25107],[92.6123,24.25347],[92.6129,24.25569],[92.61416,24.25595],[92.61311,24.25865],[92.61442,24.26099],[92.61441,24.26372],[92.61533,24.26457],[92.61492,24.26617],[92.61599,24.26889],[92.6166,24.27507],[92.6179,24.27709],[92.61721,24.27825],[92.61794,24.27894],[92.6171,24.28025],[92.61835,24.28119],[92.61816,24.28406],[92.61909,24.28455],[92.61971,24.28713],[92.61898,24.28817],[92.61603,24.28939],[92.61622,24.29228],[92.61819,24.29818],[92.61817,24.30116],[92.61919,24.30602],[92.61828,24.30726],[92.6195,24.30801],[92.61875,24.3094],[92.61946,24.31128],[92.61937,24.31306],[92.62167,24.31672],[92.62178,24.31886],[92.62306,24.31923],[92.62361,24.32028],[92.62374,24.3228],[92.62299,24.32333],[92.62155,24.32343],[92.62191,24.32528],[92.62313,24.32609],[92.62243,24.32672],[92.62368,24.32728],[92.62352,24.32778],[92.62234,24.32811],[92.62239,24.33119],[92.62375,24.33225],[92.62477,24.33408],[92.63024,24.33362],[92.63569,24.3367],[92.63704,24.33497],[92.63869,24.33445],[92.63674,24.33434],[92.63542,24.33356],[92.6363,24.33134],[92.63722,24.33126],[92.63949,24.33356],[92.64036,24.33361],[92.64009,24.33146],[92.63872,24.32842],[92.64027,24.32868],[92.64142,24.32768],[92.64278,24.32836],[92.64576,24.32778],[92.64611,24.32896],[92.64553,24.33036],[92.64643,24.33102],[92.6482,24.32878],[92.64953,24.32868],[92.65019,24.32923],[92.64971,24.33068],[92.65011,24.3316],[92.65093,24.33185],[92.65172,24.33105],[92.65161,24.33547],[92.6527,24.33671],[92.65383,24.33662],[92.65759,24.34128],[92.65911,24.3419],[92.65915,24.34283],[92.65768,24.34389],[92.65768,24.34438],[92.65911,24.3446],[92.66062,24.34405],[92.66016,24.34519],[92.6612,24.34806],[92.66248,24.34815],[92.66316,24.34882],[92.66427,24.34606],[92.66511,24.3496],[92.66562,24.34964],[92.6663,24.3463],[92.66676,24.34614],[92.66793,24.34685],[92.66894,24.34609],[92.66981,24.34748],[92.6716,24.3475],[92.67339,24.34964],[92.67716,24.35015],[92.6791,24.3478],[92.682,24.34762],[92.68452,24.34639],[92.68512,24.34774],[92.68382,24.34915],[92.68391,24.3507],[92.6877,24.35204],[92.68976,24.3536],[92.69001,24.35418],[92.68925,24.35524],[92.69067,24.35712],[92.69151,24.35754],[92.69106,24.35945],[92.69117,24.36252],[92.69398,24.36418],[92.69348,24.36535],[92.69476,24.36536],[92.69274,24.3677],[92.69282,24.36847],[92.69533,24.36885],[92.69702,24.37193],[92.6966,24.37301],[92.69764,24.3743],[92.70007,24.37386],[92.70045,24.375],[92.7019,24.37435],[92.70361,24.37545],[92.70463,24.37831],[92.70322,24.38033],[92.70445,24.38259],[92.70409,24.38464],[92.70472,24.38494],[92.70566,24.38438],[92.70734,24.38699],[92.70647,24.39215],[92.70928,24.39337],[92.70924,24.39483],[92.71005,24.3961],[92.70922,24.39735],[92.711,24.39935],[92.71141,24.40093],[92.71327,24.40332],[92.71186,24.40521],[92.71138,24.40722],[92.71394,24.40811],[92.71367,24.40896],[92.71509,24.40954],[92.71486,24.41009],[92.7129,24.41121],[92.71457,24.41316],[92.71509,24.41498],[92.71724,24.41534],[92.71714,24.41718],[92.71811,24.41891],[92.71797,24.42015],[92.72007,24.4235],[92.72179,24.42523],[92.72125,24.42657],[92.72294,24.42846],[92.7216,24.43095],[92.72171,24.43195],[92.7239,24.43623],[92.72559,24.43743],[92.72612,24.43851],[92.7275,24.44642],[92.73061,24.44901],[92.73146,24.45205],[92.73645,24.46295],[92.73993,24.46851],[92.74033,24.4726],[92.74374,24.47829],[92.74634,24.4868],[92.7503,24.49246],[92.74934,24.49498],[92.75422,24.502],[92.75189,24.50401],[92.75215,24.50623],[92.75332,24.50684],[92.75399,24.50867],[92.75523,24.50878],[92.75613,24.50957],[92.75604,24.51126],[92.75805,24.51102],[92.75777,24.51277],[92.75864,24.51331],[92.75984,24.51564],[92.76119,24.51676],[92.76116,24.51868],[92.76258,24.52013],[92.7628,24.52102],[92.7636,24.52112]]]}},{"id":"6","type":"Feature","properties":{"state":"MIZORAM","state_lgd":"15","district":"AIZAWL","district_lgd":"283"},"geometry":{"type":"Polygon","coordinates":[[[92.79989,24.43026],[92.80125,24.42981],[92.80113,24.42872],[92.8018,24.42716],[92.80114,24.42552],[92.80185,24.42472],[92.80263,24.42499],[92.80267,24.42452],[92.80179,24.4225],[92.80177,24.42074],[92.80094,24.42055],[92.80051,24.41987],[92.79927,24.42008],[92.79935,24.41929],[92.802,24.41809],[92.80344,24.41815],[92.80432,24.41769],[92.80549,24.41893],[92.80682,24.41901],[92.8077,24.41758],[92.80777,24.41593],[92.80898,24.41586],[92.8082,24.4151],[92.80878,24.41284],[92.80936,24.41275],[92.81007,24.41353],[92.81159,24.41345],[92.81123,24.41232],[92.81005,24.41202],[92.81085,24.41136],[92.81214,24.41164],[92.81243,24.40945],[92.81486,24.40894],[92.81892,24.41021],[92.81913,24.40939],[92.81827,24.4094],[92.81766,24.40818],[92.81911,24.40728],[92.81873,24.40564],[92.81959,24.40506],[92.82014,24.40387],[92.82226,24.40314],[92.82372,24.40205],[92.826,24.40257],[92.82766,24.40228],[92.82992,24.40045],[92.82914,24.39707],[92.82653,24.3933],[92.82479,24.39175],[92.82312,24.38663],[92.82537,24.38462],[92.82543,24.38279],[92.82659,24.3814],[92.82649,24.37959],[92.82553,24.37788],[92.82571,24.37719],[92.82871,24.37505],[92.82958,24.37376],[92.83214,24.37506],[92.83573,24.37865],[92.83983,24.37686],[92.84334,24.37803],[92.84521,24.37987],[92.84622,24.38616],[92.84785,24.38629],[92.8496,24.38979],[92.85243,24.39227],[92.85644,24.39379],[92.85892,24.39715],[92.86092,24.39866],[92.86175,24.39873],[92.86569,24.396],[92.86878,24.39481],[92.87049,24.39572],[92.87332,24.39503],[92.87484,24.39654],[92.87906,24.39901],[92.88366,24.40258],[92.88711,24.40033],[92.88853,24.3985],[92.88936,24.39907],[92.88954,24.40014],[92.89043,24.40004],[92.89143,24.40061],[92.89078,24.3985],[92.89254,24.39764],[92.89181,24.39612],[92.89295,24.39284],[92.89995,24.39079],[92.90286,24.39123],[92.9039,24.39237],[92.90249,24.39432],[92.90285,24.39593],[92.90444,24.39964],[92.90669,24.40292],[92.90628,24.40607],[92.90717,24.40916],[92.90705,24.41145],[92.90932,24.41307],[92.91094,24.41214],[92.91083,24.4117],[92.90928,24.41097],[92.90925,24.4103],[92.91286,24.40891],[92.91465,24.40726],[92.91689,24.40653],[92.92094,24.40327],[92.92197,24.40368],[92.92187,24.40197],[92.92038,24.40184],[92.92035,24.40105],[92.92434,24.39806],[92.92417,24.39622],[92.92548,24.39631],[92.92641,24.39575],[92.9275,24.39664],[92.92887,24.3959],[92.92897,24.39517],[92.92959,24.39546],[92.93042,24.39372],[92.93118,24.39317],[92.93398,24.39245],[92.93468,24.39298],[92.93446,24.39435],[92.93664,24.3971],[92.93668,24.39856],[92.93891,24.3994],[92.93929,24.40089],[92.94078,24.40063],[92.94209,24.40136],[92.94344,24.40044],[92.94544,24.40022],[92.94631,24.40092],[92.94717,24.40095],[92.94759,24.40253],[92.95115,24.40316],[92.95218,24.40291],[92.95327,24.40175],[92.95506,24.39779],[92.95493,24.39652],[92.95586,24.39431],[92.9573,24.39224],[92.9579,24.39207],[92.96015,24.3921],[92.96127,24.39362],[92.9662,24.39701],[92.96847,24.40136],[92.97117,24.40295],[92.97276,24.40564],[92.97382,24.40588],[92.97294,24.40714],[92.97364,24.40847],[92.97481,24.40862],[92.97592,24.40766],[92.97628,24.40845],[92.97725,24.40781],[92.97914,24.40749],[92.97928,24.40665],[92.9848,24.40581],[92.98441,24.40518],[92.98864,24.40369],[92.99102,24.40108],[92.99199,24.3993],[92.99427,24.39911],[92.99732,24.39953],[92.99925,24.40055],[93.00183,24.40418],[93.00363,24.40547],[93.00385,24.40713],[93.00619,24.40743],[93.00673,24.40791],[93.00751,24.40961],[93.00709,24.4102],[93.00575,24.40947],[93.00638,24.41139],[93.00693,24.41186],[93.00883,24.41184],[93.00925,24.40646],[93.01266,24.40455],[93.0169,24.40135],[93.02157,24.39538],[93.02503,24.39203],[93.02486,24.38938],[93.02284,24.38623],[93.01895,24.38425],[93.0184,24.38308],[93.02017,24.37705],[93.02176,24.3737],[93.02102,24.37082],[93.01782,24.36465],[93.01777,24.36028],[93.01875,24.35645],[93.01766,24.35317],[93.01781,24.3505],[93.01863,24.34888],[93.01991,24.34793],[93.02966,24.34455],[93.03165,24.34466],[93.03433,24.34596],[93.03554,24.34577],[93.04002,24.34357],[93.04054,24.34198],[93.03913,24.3364],[93.03643,24.33169],[93.03465,24.32303],[93.02375,24.30294],[93.01883,24.29609],[93.0093,24.2883],[93.00803,24.28669],[93.00689,24.28178],[93.00741,24.27798],[93.00869,24.2751],[93.01246,24.27131],[93.00944,24.26687],[93.00585,24.2635],[93.00467,24.26155],[93.00427,24.25972],[93.00465,24.25726],[93.00666,24.25363],[93.00723,24.24913],[93.00919,24.24347],[93.01651,24.23585],[93.01956,24.23448],[93.02218,24.23508],[93.0238,24.23417],[93.02379,24.2334],[93.0208,24.23207],[93.01966,24.23091],[93.01592,24.22447],[93.01631,24.22318],[93.02118,24.21907],[93.02194,24.21778],[93.0199,24.20982],[93.01678,24.20599],[93.01536,24.20092],[93.0144,24.19939],[93.01153,24.1977],[93.0054,24.19832],[93.00025,24.19795],[92.9994,24.19713],[92.99909,24.1953],[92.99946,24.19359],[93.00324,24.18913],[93.00455,24.18604],[93.00765,24.18223],[93.00751,24.18002],[93.004,24.1765],[93.00304,24.17378],[93.00324,24.17122],[93.00395,24.16885],[93.00501,24.16753],[93.00603,24.16196],[93.00302,24.15774],[93.00061,24.15661],[92.9978,24.15418],[92.99091,24.15158],[92.98839,24.1494],[92.98752,24.14717],[92.98772,24.14542],[92.9904,24.13966],[92.99058,24.13721],[92.98997,24.13588],[92.98739,24.13333],[92.98634,24.12962],[92.98363,24.12586],[92.98297,24.12539],[92.98092,24.12524],[92.97473,24.12575],[92.97068,24.12086],[92.97066,24.11816],[92.97289,24.11249],[92.96817,24.10877],[92.96721,24.1068],[92.96739,24.10419],[92.97032,24.09654],[92.96974,24.096],[92.96713,24.09544],[92.96646,24.09478],[92.96697,24.09376],[92.96892,24.0934],[92.97803,24.09311],[92.9814,24.0926],[92.98646,24.09039],[92.99097,24.08981],[92.99234,24.0885],[92.9925,24.08631],[92.99142,24.08177],[92.99225,24.07863],[92.99286,24.0717],[92.99445,24.07002],[92.99286,24.06641],[92.99359,24.06488],[92.99327,24.05723],[92.99475,24.0527],[92.99462,24.05176],[92.99197,24.04896],[92.99192,24.04838],[92.99273,24.04399],[92.99452,24.04116],[92.99182,24.03504],[92.99407,24.02236],[92.99214,24.01771],[92.99256,24.01506],[92.99201,24.01363],[92.99213,24.01041],[92.99276,24.00713],[92.9938,24.00473],[92.99761,23.99979],[92.9954,23.99456],[92.9978,23.98939],[92.99785,23.98637],[92.99755,23.98457],[92.99588,23.98246],[92.99507,23.98013],[92.99361,23.97864],[92.99322,23.97577],[92.99138,23.97464],[92.99058,23.97208],[92.99106,23.97021],[92.99276,23.96829],[92.99127,23.96455],[92.99241,23.96161],[92.99169,23.96081],[92.98884,23.95959],[92.98772,23.95947],[92.98551,23.96029],[92.9833,23.95739],[92.98719,23.95364],[92.98694,23.95235],[92.9852,23.9509],[92.98731,23.94597],[92.99063,23.94222],[92.99588,23.93841],[92.99676,23.93226],[92.9962,23.93086],[92.99441,23.93086],[92.99426,23.92872],[92.99157,23.92623],[92.99034,23.92361],[92.98592,23.92235],[92.98219,23.91886],[92.97919,23.91799],[92.97864,23.91415],[92.97927,23.91041],[92.98196,23.906],[92.98343,23.90139],[92.98496,23.89848],[92.98463,23.89509],[92.98555,23.8899],[92.9916,23.88837],[92.99271,23.88754],[92.99383,23.88502],[92.99609,23.88306],[92.99609,23.8795],[92.9993,23.87744],[93.00191,23.87499],[93.00434,23.8697],[93.00269,23.86442],[93.00125,23.86205],[93.00036,23.8582],[92.99381,23.85303],[92.99309,23.85288],[92.9899,23.85441],[92.98557,23.85455],[92.98052,23.85421],[92.97648,23.85228],[92.97216,23.85188],[92.9686,23.842],[92.96671,23.83857],[92.96621,23.83576],[92.96497,23.83285],[92.96073,23.8277],[92.95845,23.82688],[92.95601,23.8239],[92.95315,23.82306],[92.95064,23.82333],[92.9474,23.82096],[92.9451,23.82069],[92.94302,23.81958],[92.94145,23.81935],[92.93886,23.81726],[92.93422,23.8172],[92.93108,23.81844],[92.92565,23.81802],[92.92084,23.81938],[92.9159,23.81973],[92.90829,23.81901],[92.90688,23.8195],[92.90532,23.81903],[92.90205,23.81605],[92.9005,23.81187],[92.90139,23.80909],[92.90005,23.80776],[92.89833,23.80385],[92.89684,23.80188],[92.89565,23.79851],[92.89376,23.79578],[92.89294,23.79558],[92.89211,23.79455],[92.89069,23.79454],[92.88977,23.79382],[92.88888,23.79184],[92.88921,23.79],[92.88828,23.78817],[92.88475,23.78757],[92.88333,23.786],[92.88391,23.78519],[92.88364,23.78456],[92.88177,23.78257],[92.8813,23.78075],[92.88153,23.77805],[92.88457,23.7741],[92.8843,23.77359],[92.88249,23.77324],[92.88199,23.77246],[92.88202,23.77123],[92.88386,23.76951],[92.88319,23.76797],[92.88251,23.76334],[92.88243,23.75883],[92.88312,23.75807],[92.8858,23.75881],[92.88694,23.75786],[92.88672,23.75441],[92.88804,23.75261],[92.88735,23.75083],[92.88837,23.74908],[92.88815,23.74755],[92.88696,23.74535],[92.88894,23.74388],[92.88855,23.73916],[92.88928,23.73646],[92.88823,23.7347],[92.8906,23.73208],[92.88776,23.72676],[92.88838,23.72511],[92.89014,23.72341],[92.89041,23.72155],[92.8878,23.713],[92.88939,23.71016],[92.88813,23.70775],[92.88918,23.70416],[92.88762,23.7024],[92.89128,23.69762],[92.89062,23.69645],[92.88845,23.69497],[92.88832,23.69251],[92.8863,23.6902],[92.88701,23.6876],[92.88514,23.68424],[92.88569,23.68109],[92.88446,23.68011],[92.88446,23.67855],[92.88351,23.6771],[92.88454,23.67501],[92.88457,23.67386],[92.88307,23.67264],[92.88287,23.67117],[92.8838,23.66718],[92.88329,23.66657],[92.88154,23.66607],[92.88125,23.66544],[92.88339,23.66227],[92.88532,23.66099],[92.88691,23.6582],[92.88713,23.65633],[92.88574,23.65497],[92.88715,23.65293],[92.88853,23.64928],[92.88787,23.64797],[92.88392,23.64353],[92.88333,23.6416],[92.88215,23.64102],[92.88056,23.63897],[92.87881,23.63878],[92.87695,23.63699],[92.87769,23.63646],[92.87934,23.6364],[92.87987,23.63583],[92.8795,23.63436],[92.87993,23.63306],[92.8793,23.63185],[92.8793,23.63015],[92.87828,23.62927],[92.87892,23.62825],[92.87858,23.6271],[92.88037,23.62456],[92.88112,23.62115],[92.883,23.61931],[92.88256,23.61685],[92.88372,23.61627],[92.8837,23.61499],[92.88623,23.6126],[92.8872,23.61085],[92.89044,23.6074],[92.89183,23.60665],[92.89165,23.60617],[92.88944,23.60575],[92.88951,23.60492],[92.89059,23.6038],[92.88855,23.60101],[92.88843,23.59823],[92.89064,23.59766],[92.89191,23.59592],[92.89424,23.59511],[92.89488,23.59401],[92.89451,23.59274],[92.89774,23.59202],[92.89704,23.59114],[92.89867,23.58965],[92.89914,23.58988],[92.89877,23.59075],[92.89913,23.59139],[92.90144,23.59076],[92.89979,23.58896],[92.90088,23.58886],[92.90132,23.58821],[92.902,23.58569],[92.90048,23.585],[92.89962,23.58298],[92.898,23.58182],[92.89848,23.58074],[92.9003,23.58002],[92.89907,23.57798],[92.89499,23.57754],[92.8948,23.57613],[92.89149,23.57621],[92.89152,23.57471],[92.89048,23.5743],[92.89163,23.57334],[92.89132,23.5727],[92.88907,23.57206],[92.88759,23.57267],[92.88388,23.5685],[92.88393,23.56708],[92.8823,23.56622],[92.88219,23.56515],[92.88048,23.56431],[92.88068,23.56376],[92.88275,23.56279],[92.88134,23.56052],[92.88225,23.55812],[92.87938,23.55864],[92.87771,23.55807],[92.87536,23.558],[92.87396,23.55724],[92.87164,23.55464],[92.86853,23.55474],[92.86684,23.55775],[92.86258,23.55912],[92.85916,23.56168],[92.85702,23.56479],[92.85508,23.57045],[92.85282,23.57272],[92.85261,23.57417],[92.84598,23.57532],[92.84341,23.57405],[92.84229,23.57401],[92.83445,23.57612],[92.82935,23.58156],[92.82775,23.58535],[92.82481,23.58542],[92.82387,23.58738],[92.82238,23.58786],[92.82198,23.59025],[92.82328,23.59236],[92.82184,23.59583],[92.82302,23.59768],[92.82145,23.59882],[92.82116,23.60164],[92.82061,23.60224],[92.82101,23.60306],[92.81834,23.60481],[92.81908,23.6059],[92.81938,23.60863],[92.82077,23.60975],[92.82127,23.61336],[92.82064,23.61425],[92.82128,23.6154],[92.82097,23.61651],[92.82135,23.61783],[92.81929,23.62014],[92.81676,23.62145],[92.81765,23.62203],[92.81654,23.62316],[92.8164,23.62443],[92.81302,23.62541],[92.8107,23.62773],[92.81181,23.6283],[92.81188,23.6302],[92.8127,23.63024],[92.81453,23.63199],[92.81442,23.63517],[92.81585,23.63636],[92.81407,23.63803],[92.81297,23.64032],[92.81125,23.64109],[92.8099,23.64246],[92.80963,23.64095],[92.80803,23.6416],[92.80734,23.64031],[92.80433,23.63898],[92.80252,23.64168],[92.80117,23.64111],[92.79875,23.64177],[92.7958,23.6434],[92.79012,23.64465],[92.79025,23.64149],[92.78818,23.6409],[92.78846,23.64012],[92.7908,23.63901],[92.79036,23.63686],[92.79063,23.63474],[92.79,23.63407],[92.78852,23.6347],[92.7884,23.63353],[92.78943,23.63159],[92.78691,23.62735],[92.78846,23.62307],[92.78831,23.62198],[92.78581,23.6164],[92.78545,23.61442],[92.78435,23.61309],[92.78555,23.60008],[92.78504,23.59918],[92.78363,23.59889],[92.77869,23.59995],[92.77663,23.59951],[92.77482,23.59791],[92.76929,23.59456],[92.76922,23.59253],[92.77105,23.59015],[92.77106,23.58661],[92.7717,23.586],[92.77298,23.58594],[92.77421,23.58267],[92.77318,23.58086],[92.77332,23.57879],[92.77184,23.57592],[92.77433,23.5738],[92.77395,23.57199],[92.77264,23.57046],[92.7728,23.56745],[92.77199,23.56563],[92.77254,23.56216],[92.77368,23.5606],[92.77396,23.55861],[92.77782,23.55617],[92.78711,23.55345],[92.79403,23.55225],[92.79545,23.55084],[92.79718,23.55063],[92.7981,23.54967],[92.79752,23.54753],[92.79896,23.54588],[92.79826,23.54401],[92.7997,23.54326],[92.80041,23.54158],[92.80031,23.54048],[92.79903,23.53885],[92.79957,23.53836],[92.80195,23.53906],[92.79945,23.53623],[92.7975,23.53696],[92.79614,23.53628],[92.79599,23.53532],[92.79663,23.53443],[92.79825,23.53443],[92.79844,23.53366],[92.79772,23.53291],[92.79645,23.53331],[92.79574,23.53226],[92.79673,23.52783],[92.79453,23.52662],[92.79866,23.52457],[92.79825,23.52375],[92.79704,23.52423],[92.79647,23.524],[92.79698,23.52143],[92.79818,23.52056],[92.79667,23.51952],[92.79497,23.51692],[92.79542,23.51623],[92.79686,23.51602],[92.79643,23.51287],[92.79577,23.51191],[92.79765,23.512],[92.79911,23.51106],[92.79779,23.51017],[92.79868,23.50787],[92.79791,23.50697],[92.80083,23.50554],[92.80018,23.50454],[92.80014,23.50254],[92.79897,23.50194],[92.79943,23.49949],[92.79855,23.49784],[92.7992,23.49643],[92.79815,23.49488],[92.79836,23.49361],[92.7968,23.4899],[92.79543,23.48923],[92.79801,23.48723],[92.79719,23.48585],[92.79817,23.48585],[92.79859,23.48497],[92.79971,23.48109],[92.79946,23.47949],[92.80399,23.47748],[92.80609,23.47752],[92.80818,23.4762],[92.81053,23.47583],[92.81809,23.47301],[92.82455,23.47264],[92.82593,23.47128],[92.82882,23.47044],[92.83068,23.4687],[92.8346,23.46856],[92.83539,23.46764],[92.83592,23.46567],[92.83472,23.46308],[92.8328,23.46243],[92.83169,23.46027],[92.83189,23.45967],[92.83341,23.4594],[92.83274,23.45776],[92.8342,23.45584],[92.83473,23.45424],[92.83622,23.45369],[92.83462,23.4527],[92.83518,23.45153],[92.83435,23.45057],[92.83609,23.44886],[92.83512,23.44815],[92.83622,23.44694],[92.83478,23.44632],[92.83493,23.44405],[92.83618,23.44392],[92.83642,23.44352],[92.83553,23.44156],[92.83647,23.44101],[92.8351,23.43962],[92.83522,23.43485],[92.83421,23.43101],[92.8337,23.43036],[92.83127,23.43006],[92.83195,23.42851],[92.83138,23.42649],[92.83229,23.42478],[92.82965,23.4241],[92.83134,23.42131],[92.82949,23.42122],[92.82841,23.42031],[92.82943,23.41969],[92.82905,23.41897],[92.82694,23.41928],[92.82822,23.41733],[92.82833,23.41544],[92.83004,23.4153],[92.82983,23.41274],[92.83023,23.41162],[92.82891,23.40906],[92.82759,23.40809],[92.82663,23.40284],[92.825,23.40129],[92.82368,23.39713],[92.8221,23.39429],[92.82332,23.39341],[92.82484,23.39074],[92.82388,23.39048],[92.82163,23.39138],[92.82185,23.3892],[92.82117,23.38606],[92.82182,23.38493],[92.8235,23.3863],[92.82425,23.38641],[92.82466,23.38464],[92.82645,23.38435],[92.82809,23.38343],[92.82985,23.38485],[92.83086,23.3842],[92.82937,23.38095],[92.82958,23.37847],[92.82754,23.37806],[92.82703,23.37742],[92.8279,23.37578],[92.82325,23.37256],[92.82237,23.37087],[92.82284,23.37023],[92.82536,23.36906],[92.82663,23.3672],[92.82926,23.36722],[92.83295,23.3625],[92.83291,23.35979],[92.83433,23.35575],[92.83387,23.35341],[92.83532,23.35172],[92.83541,23.34928],[92.83733,23.34829],[92.83868,23.34603],[92.83811,23.34202],[92.84103,23.33997],[92.84036,23.33856],[92.84031,23.33631],[92.83887,23.33358],[92.83694,23.33336],[92.83256,23.33489],[92.83056,23.33429],[92.82586,23.33426],[92.82161,23.33148],[92.82005,23.32853],[92.81352,23.32545],[92.80984,23.32812],[92.80335,23.32804],[92.79923,23.32726],[92.79554,23.32724],[92.79127,23.32839],[92.78288,23.32854],[92.78131,23.32744],[92.77929,23.32703],[92.7784,23.32717],[92.77792,23.32837],[92.77679,23.32826],[92.77606,23.32869],[92.77562,23.33062],[92.77406,23.33081],[92.77309,23.33232],[92.77129,23.33317],[92.77073,23.33462],[92.76959,23.33571],[92.7681,23.33619],[92.7654,23.33617],[92.7625,23.33844],[92.75618,23.33921],[92.75435,23.34084],[92.75171,23.34171],[92.74884,23.33984],[92.74543,23.34078],[92.74157,23.34013],[92.74055,23.33909],[92.73764,23.34121],[92.73767,23.34211],[92.73688,23.34293],[92.7353,23.34377],[92.73363,23.34348],[92.73283,23.3451],[92.73213,23.34466],[92.7314,23.34491],[92.73295,23.34941],[92.73177,23.34955],[92.73093,23.34878],[92.72913,23.34917],[92.72829,23.34809],[92.72674,23.34912],[92.72333,23.34873],[92.72127,23.35096],[92.72082,23.35015],[92.71552,23.3496],[92.71512,23.34885],[92.71519,23.3484],[92.7168,23.34822],[92.71923,23.3465],[92.71682,23.34387],[92.71743,23.34242],[92.71726,23.34087],[92.7179,23.3398],[92.71676,23.33856],[92.7171,23.33751],[92.71628,23.33663],[92.71756,23.33363],[92.71756,23.33122],[92.71635,23.32889],[92.71417,23.32713],[92.71433,23.32467],[92.71372,23.32204],[92.71182,23.32104],[92.71001,23.32093],[92.70381,23.31888],[92.69959,23.32015],[92.69803,23.32419],[92.69477,23.32737],[92.69424,23.32739],[92.69324,23.32599],[92.69413,23.32387],[92.69256,23.32376],[92.69203,23.3228],[92.68978,23.32272],[92.6891,23.32317],[92.68799,23.32277],[92.6878,23.32489],[92.68309,23.32275],[92.68103,23.32626],[92.68089,23.3277],[92.6814,23.32816],[92.68467,23.32672],[92.68607,23.32866],[92.68572,23.33148],[92.68405,23.33481],[92.68451,23.33819],[92.68684,23.34051],[92.68641,23.34296],[92.68667,23.34581],[92.68484,23.35149],[92.68507,23.3522],[92.68666,23.3533],[92.68705,23.35508],[92.68499,23.35796],[92.68533,23.36075],[92.68422,23.36257],[92.68369,23.36559],[92.68198,23.36834],[92.68037,23.36897],[92.6783,23.36907],[92.67214,23.36741],[92.67124,23.36779],[92.67158,23.36904],[92.6757,23.37173],[92.6756,23.37298],[92.6739,23.37568],[92.67614,23.37943],[92.67304,23.38237],[92.67227,23.384],[92.66982,23.38482],[92.6682,23.38848],[92.66432,23.39215],[92.66761,23.40323],[92.66564,23.40764],[92.66356,23.40839],[92.66271,23.40933],[92.66328,23.4146],[92.66015,23.41961],[92.65762,23.42159],[92.6567,23.42466],[92.65659,23.43035],[92.65722,23.43285],[92.65504,23.43927],[92.65601,23.44059],[92.65612,23.44194],[92.65529,23.44691],[92.65668,23.45047],[92.65473,23.4531],[92.65567,23.45616],[92.65557,23.46312],[92.65723,23.47127],[92.65616,23.47363],[92.65535,23.48078],[92.65268,23.48755],[92.65349,23.49028],[92.65629,23.49346],[92.65798,23.49662],[92.65884,23.50176],[92.65805,23.50403],[92.65442,23.50748],[92.65521,23.51172],[92.65474,23.51786],[92.65384,23.52023],[92.65278,23.52111],[92.65172,23.52132],[92.64522,23.52036],[92.64373,23.52053],[92.64144,23.52256],[92.63929,23.52364],[92.63617,23.52864],[92.6334,23.53802],[92.63353,23.53984],[92.63415,23.54094],[92.63841,23.54242],[92.64127,23.54445],[92.64252,23.54597],[92.64341,23.55374],[92.64419,23.55518],[92.64701,23.55609],[92.64994,23.55569],[92.65233,23.55672],[92.65463,23.55879],[92.65662,23.56194],[92.65903,23.56748],[92.6591,23.57131],[92.65807,23.57274],[92.65294,23.57594],[92.65122,23.57796],[92.64978,23.58297],[92.64926,23.59037],[92.65174,23.59406],[92.65311,23.59514],[92.66094,23.59549],[92.66482,23.59686],[92.67003,23.60275],[92.67344,23.60995],[92.67264,23.61451],[92.67444,23.62065],[92.6726,23.62362],[92.6698,23.62539],[92.6602,23.6284],[92.65135,23.62997],[92.65054,23.63261],[92.65101,23.63633],[92.65052,23.63796],[92.64719,23.63905],[92.64166,23.6426],[92.63983,23.6451],[92.63699,23.6478],[92.63643,23.64906],[92.63541,23.6554],[92.63548,23.65976],[92.64181,23.66321],[92.64564,23.66853],[92.64671,23.67135],[92.64812,23.67339],[92.6498,23.67809],[92.65492,23.68433],[92.65722,23.69108],[92.65998,23.69437],[92.66519,23.70293],[92.66646,23.70596],[92.66659,23.70777],[92.66572,23.71084],[92.66215,23.71396],[92.65848,23.71363],[92.65589,23.71396],[92.65188,23.71544],[92.64868,23.71785],[92.64584,23.72488],[92.64312,23.72797],[92.64295,23.73268],[92.63985,23.73597],[92.63747,23.74075],[92.63681,23.74823],[92.63469,23.75531],[92.63456,23.75811],[92.63078,23.7591],[92.62584,23.76357],[92.6316,23.76803],[92.63555,23.77014],[92.63719,23.7722],[92.6404,23.78642],[92.63974,23.7935],[92.63865,23.7947],[92.63737,23.79492],[92.63114,23.79411],[92.62708,23.79446],[92.62406,23.79604],[92.62345,23.79791],[92.62896,23.80559],[92.63093,23.81037],[92.63254,23.81628],[92.6336,23.81697],[92.63583,23.81641],[92.63975,23.81249],[92.64253,23.805],[92.64357,23.80544],[92.64845,23.80993],[92.65338,23.81739],[92.65435,23.81926],[92.65428,23.82009],[92.65342,23.8212],[92.65,23.81889],[92.64539,23.81917],[92.64292,23.82402],[92.64288,23.82624],[92.64364,23.8282],[92.64574,23.83113],[92.64734,23.83248],[92.64959,23.83282],[92.65469,23.83244],[92.65839,23.83306],[92.66151,23.83404],[92.66292,23.83674],[92.66244,23.83845],[92.65963,23.84018],[92.65817,23.84369],[92.65636,23.84611],[92.65348,23.84814],[92.65147,23.85038],[92.64768,23.85737],[92.64589,23.8657],[92.64124,23.87308],[92.64029,23.87813],[92.64034,23.88835],[92.63964,23.89233],[92.64041,23.89589],[92.6423,23.89821],[92.64729,23.89966],[92.65192,23.89957],[92.65091,23.89738],[92.6513,23.89474],[92.65,23.89175],[92.65168,23.89045],[92.65306,23.88806],[92.65513,23.88599],[92.65782,23.88398],[92.66074,23.88272],[92.66182,23.88143],[92.6626,23.87894],[92.66263,23.87493],[92.66317,23.87282],[92.66299,23.86951],[92.66218,23.86845],[92.66248,23.86786],[92.66628,23.86715],[92.66779,23.86752],[92.67025,23.86538],[92.67247,23.86696],[92.67985,23.86725],[92.68503,23.86291],[92.68659,23.85982],[92.69164,23.85808],[92.69311,23.85872],[92.69411,23.85725],[92.69582,23.85711],[92.69557,23.85584],[92.69818,23.85568],[92.69846,23.85801],[92.70017,23.85733],[92.7036,23.85828],[92.7044,23.85918],[92.70701,23.85999],[92.70783,23.86166],[92.70839,23.86182],[92.7119,23.86006],[92.71275,23.85807],[92.71519,23.85757],[92.71902,23.85527],[92.72288,23.85489],[92.72522,23.85156],[92.72616,23.85111],[92.728,23.85246],[92.73568,23.84909],[92.7403,23.85015],[92.74354,23.85005],[92.74377,23.84922],[92.74521,23.84895],[92.74651,23.84729],[92.74918,23.84588],[92.75095,23.84648],[92.75833,23.84732],[92.76099,23.84848],[92.76812,23.84969],[92.77198,23.85131],[92.77682,23.85221],[92.77919,23.85219],[92.78236,23.85027],[92.78668,23.85052],[92.78768,23.85144],[92.78886,23.85012],[92.79009,23.85054],[92.79162,23.84952],[92.79301,23.84776],[92.79693,23.84801],[92.79918,23.85016],[92.7984,23.85129],[92.80041,23.85307],[92.80098,23.85408],[92.80077,23.85607],[92.80189,23.85714],[92.80045,23.85817],[92.80154,23.85873],[92.80187,23.85948],[92.80104,23.86298],[92.80187,23.86359],[92.80057,23.86554],[92.80134,23.86566],[92.80155,23.86795],[92.80304,23.87088],[92.80219,23.87198],[92.803,23.8732],[92.80276,23.87516],[92.80372,23.87644],[92.80386,23.87759],[92.80509,23.87832],[92.80464,23.87982],[92.80531,23.88105],[92.80485,23.88195],[92.80604,23.88598],[92.80673,23.88686],[92.80847,23.88651],[92.80937,23.8858],[92.8098,23.88668],[92.81058,23.88704],[92.80993,23.88938],[92.80896,23.88992],[92.8104,23.89115],[92.80923,23.89214],[92.8102,23.89251],[92.80969,23.89361],[92.81009,23.8943],[92.81205,23.89384],[92.81249,23.89483],[92.81499,23.89478],[92.81742,23.89623],[92.81777,23.89737],[92.81754,23.9003],[92.81959,23.9063],[92.81853,23.90985],[92.81944,23.91133],[92.82168,23.91165],[92.82195,23.91209],[92.82088,23.91552],[92.81966,23.91627],[92.81841,23.91594],[92.81656,23.91411],[92.81532,23.91387],[92.81519,23.91497],[92.81659,23.91751],[92.81627,23.91861],[92.81519,23.91837],[92.81172,23.91613],[92.81045,23.91653],[92.80665,23.91962],[92.80776,23.92195],[92.81112,23.92184],[92.81248,23.92915],[92.81522,23.93269],[92.81788,23.93409],[92.81858,23.93504],[92.81584,23.93598],[92.81497,23.93769],[92.81495,23.93884],[92.81609,23.9425],[92.81802,23.94341],[92.81946,23.94494],[92.81988,23.94616],[92.81894,23.94894],[92.82247,23.95339],[92.82246,23.95472],[92.8217,23.95618],[92.8177,23.95873],[92.81787,23.96028],[92.81608,23.96637],[92.81682,23.96743],[92.81827,23.96693],[92.82053,23.97191],[92.82091,23.9749],[92.81995,23.97951],[92.82053,23.98167],[92.8214,23.98216],[92.82336,23.98155],[92.82497,23.98438],[92.82669,23.98608],[92.82637,23.98676],[92.82223,23.98655],[92.82162,23.98695],[92.82213,23.98803],[92.82487,23.9891],[92.82524,23.9906],[92.82424,23.99166],[92.82116,23.99283],[92.8208,23.99409],[92.82135,23.99481],[92.8252,23.99654],[92.82531,23.99786],[92.82435,24.0003],[92.82506,24.00057],[92.82656,24.00017],[92.82695,24.00049],[92.82743,24.00466],[92.82856,24.0068],[92.82916,24.00935],[92.82883,24.01321],[92.83086,24.01613],[92.82909,24.01819],[92.8289,24.01906],[92.83052,24.02116],[92.8313,24.02365],[92.83221,24.02424],[92.83345,24.02387],[92.83462,24.01929],[92.83577,24.01683],[92.83728,24.01519],[92.83888,24.0151],[92.84022,24.01664],[92.83934,24.02036],[92.8412,24.02295],[92.84101,24.02639],[92.84259,24.02688],[92.84495,24.02637],[92.84581,24.02685],[92.84582,24.02816],[92.84469,24.03053],[92.84171,24.03305],[92.84208,24.03456],[92.8433,24.03624],[92.84435,24.03622],[92.84662,24.03414],[92.84751,24.03494],[92.84774,24.04013],[92.84689,24.04268],[92.84811,24.04437],[92.84542,24.04526],[92.84477,24.04594],[92.84475,24.04819],[92.84691,24.05029],[92.84702,24.05102],[92.84619,24.05365],[92.84463,24.05466],[92.84695,24.05996],[92.84594,24.06323],[92.84757,24.06829],[92.8488,24.0698],[92.85108,24.0704],[92.85434,24.07305],[92.85401,24.07522],[92.85541,24.07799],[92.85434,24.07985],[92.85593,24.08198],[92.85653,24.08563],[92.85775,24.08835],[92.8575,24.0896],[92.8546,24.09327],[92.8546,24.09467],[92.85552,24.09699],[92.85545,24.0998],[92.85599,24.10001],[92.85761,24.0987],[92.85873,24.09932],[92.85832,24.1063],[92.85863,24.10725],[92.8631,24.10726],[92.86571,24.10834],[92.86764,24.10974],[92.86766,24.11283],[92.86866,24.11479],[92.86626,24.11746],[92.86606,24.11858],[92.87,24.1221],[92.87009,24.12652],[92.87065,24.1279],[92.87207,24.12885],[92.8755,24.12923],[92.87651,24.13027],[92.87581,24.13251],[92.87324,24.13384],[92.87136,24.13574],[92.87149,24.14006],[92.87481,24.14797],[92.87949,24.15079],[92.88188,24.15466],[92.88188,24.15659],[92.88009,24.15729],[92.87991,24.15813],[92.88281,24.15959],[92.88377,24.16071],[92.88567,24.16871],[92.88505,24.1695],[92.88207,24.16942],[92.8819,24.17036],[92.88288,24.17128],[92.8873,24.17211],[92.8908,24.17384],[92.89139,24.17964],[92.89241,24.18263],[92.89151,24.18615],[92.8931,24.19215],[92.89368,24.19799],[92.89361,24.19859],[92.89208,24.19951],[92.89184,24.20014],[92.89244,24.20125],[92.8939,24.20205],[92.89264,24.20402],[92.89279,24.20466],[92.89635,24.20497],[92.8971,24.20578],[92.89624,24.20855],[92.89826,24.21137],[92.89823,24.21219],[92.89528,24.21175],[92.89463,24.21224],[92.89673,24.21545],[92.89685,24.21695],[92.89903,24.21892],[92.89846,24.2232],[92.90027,24.22602],[92.89944,24.22828],[92.89909,24.23157],[92.89718,24.23437],[92.89668,24.23897],[92.89599,24.23965],[92.88995,24.24132],[92.88928,24.24431],[92.8881,24.24557],[92.88696,24.24542],[92.88689,24.24253],[92.8859,24.23927],[92.88273,24.23661],[92.88095,24.23385],[92.87956,24.23321],[92.87742,24.2341],[92.87584,24.23837],[92.87093,24.24297],[92.86843,24.24349],[92.86454,24.24198],[92.86326,24.24196],[92.86105,24.24249],[92.85909,24.24363],[92.85908,24.24436],[92.86148,24.24639],[92.86117,24.24745],[92.85889,24.24966],[92.85876,24.25032],[92.86288,24.25101],[92.86452,24.25227],[92.86168,24.25511],[92.86207,24.25846],[92.86128,24.25865],[92.8589,24.25803],[92.85846,24.25869],[92.86012,24.26127],[92.86411,24.26146],[92.86518,24.2624],[92.8645,24.26344],[92.86038,24.26515],[92.86015,24.26798],[92.86222,24.27244],[92.86396,24.27404],[92.86539,24.27459],[92.86603,24.27672],[92.86853,24.2778],[92.87146,24.27711],[92.87216,24.27759],[92.87244,24.27954],[92.8691,24.28224],[92.86886,24.28311],[92.86983,24.28488],[92.87185,24.2857],[92.87235,24.28687],[92.87016,24.28996],[92.87112,24.29298],[92.87025,24.29659],[92.86782,24.29927],[92.8641,24.30048],[92.86216,24.30226],[92.86197,24.30424],[92.86265,24.30709],[92.86207,24.30859],[92.86133,24.30893],[92.86002,24.30859],[92.85619,24.30549],[92.85529,24.30552],[92.85426,24.30649],[92.85342,24.30982],[92.85409,24.31161],[92.85687,24.31388],[92.85597,24.31507],[92.85364,24.31591],[92.8526,24.31553],[92.85124,24.31649],[92.84968,24.31636],[92.84898,24.31481],[92.84743,24.31335],[92.84686,24.3116],[92.84612,24.31122],[92.84597,24.30965],[92.84448,24.30846],[92.84327,24.30826],[92.84296,24.30528],[92.84196,24.30463],[92.8403,24.30078],[92.83821,24.30018],[92.83732,24.29927],[92.83515,24.29977],[92.83302,24.2987],[92.82904,24.2989],[92.82676,24.29775],[92.82259,24.29664],[92.81739,24.29615],[92.81476,24.29772],[92.81278,24.29801],[92.81163,24.29929],[92.81073,24.30251],[92.8114,24.30695],[92.8124,24.3088],[92.81173,24.31162],[92.80834,24.31329],[92.80596,24.31552],[92.80283,24.31548],[92.80077,24.31643],[92.80046,24.3193],[92.79925,24.32009],[92.79856,24.32242],[92.79604,24.32436],[92.79096,24.32506],[92.79096,24.32444],[92.79261,24.32333],[92.79261,24.32267],[92.79123,24.32153],[92.78948,24.32115],[92.78879,24.31844],[92.7878,24.31866],[92.78577,24.31752],[92.78458,24.31381],[92.78073,24.31258],[92.77912,24.31147],[92.77616,24.31106],[92.77509,24.3116],[92.77427,24.31308],[92.77416,24.31504],[92.77264,24.31684],[92.77213,24.31684],[92.77082,24.31532],[92.76996,24.31598],[92.76833,24.31537],[92.76685,24.3154],[92.76469,24.31665],[92.76443,24.32044],[92.76557,24.32321],[92.76615,24.32316],[92.76667,24.32146],[92.76772,24.3204],[92.76956,24.31998],[92.77016,24.32048],[92.77044,24.3228],[92.77197,24.32555],[92.77145,24.32667],[92.76863,24.32575],[92.76683,24.32919],[92.76682,24.33054],[92.76843,24.33482],[92.76848,24.3403],[92.77042,24.34141],[92.77356,24.33884],[92.77472,24.34032],[92.77508,24.34497],[92.77622,24.34517],[92.77763,24.34448],[92.78026,24.34543],[92.77947,24.34729],[92.77691,24.34752],[92.77686,24.35027],[92.77431,24.35004],[92.77352,24.35261],[92.77248,24.35405],[92.77334,24.35498],[92.77465,24.35545],[92.77661,24.35333],[92.77725,24.3532],[92.77956,24.35519],[92.78226,24.36149],[92.78057,24.36671],[92.77905,24.3673],[92.77918,24.36784],[92.78076,24.36859],[92.7794,24.37172],[92.77996,24.37295],[92.78153,24.37192],[92.78302,24.3719],[92.78474,24.37463],[92.78432,24.37583],[92.78183,24.37717],[92.78117,24.37987],[92.77918,24.38265],[92.77781,24.38311],[92.77734,24.38523],[92.77853,24.38755],[92.78143,24.38825],[92.78233,24.38999],[92.78399,24.3898],[92.78563,24.39123],[92.78573,24.39201],[92.7844,24.39365],[92.78486,24.39454],[92.78611,24.39453],[92.78635,24.3949],[92.78475,24.39615],[92.78744,24.39912],[92.78697,24.4009],[92.78748,24.40216],[92.78728,24.4039],[92.78864,24.40489],[92.78895,24.40569],[92.78793,24.40699],[92.78995,24.40838],[92.78846,24.40928],[92.78936,24.40976],[92.79088,24.4086],[92.79127,24.4094],[92.79138,24.41271],[92.78887,24.41306],[92.78853,24.41351],[92.79072,24.41634],[92.79266,24.41618],[92.7931,24.41675],[92.79255,24.41756],[92.79053,24.41756],[92.79007,24.4185],[92.79023,24.4193],[92.7923,24.4198],[92.793,24.42164],[92.79292,24.42208],[92.79205,24.42216],[92.79098,24.42082],[92.79054,24.42108],[92.79066,24.42219],[92.79201,24.42418],[92.79174,24.42532],[92.79319,24.42566],[92.79319,24.42794],[92.79518,24.42764],[92.79413,24.42888],[92.79457,24.43072],[92.79544,24.43159],[92.79582,24.43052],[92.79628,24.43054],[92.79712,24.43278],[92.79941,24.4315],[92.79989,24.43026]]]}},{"id":"7","type":"Feature","properties":{"state":"MIZORAM","state_lgd":"15","district":"SAIHA","district_lgd":"288"},"geometry":{"type":"Polygon","coordinates":[[[92.98926,22.63228],[92.98758,22.62751],[92.9867,22.62624],[92.98538,22.62622],[92.98422,22.625],[92.9811,22.6191],[92.97936,22.6171],[92.98031,22.61503],[92.97908,22.61298],[92.97991,22.61001],[92.97926,22.60824],[92.98144,22.60465],[92.99053,22.60225],[92.99527,22.59914],[92.99584,22.59833],[92.99577,22.59648],[92.99481,22.59523],[92.9928,22.59394],[92.99031,22.59012],[92.99043,22.58836],[92.99116,22.58702],[92.9939,22.58609],[92.9952,22.584],[92.99532,22.58217],[92.99429,22.58014],[92.99301,22.57379],[92.99469,22.57309],[92.99887,22.57003],[93.00219,22.56889],[93.00542,22.56639],[93.00831,22.56505],[93.01217,22.56366],[93.01609,22.56306],[93.01831,22.56205],[93.02145,22.56227],[93.02421,22.55797],[93.0276,22.55473],[93.02668,22.54892],[93.02158,22.5398],[93.02272,22.53573],[93.02152,22.534],[93.02231,22.53249],[93.02424,22.52323],[93.0222,22.51775],[93.02088,22.51608],[93.02296,22.5166],[93.02779,22.51659],[93.03504,22.51952],[93.04458,22.51935],[93.04873,22.51993],[93.05173,22.51855],[93.0535,22.51878],[93.05549,22.51795],[93.06158,22.51734],[93.07013,22.51486],[93.07301,22.51537],[93.07368,22.51654],[93.0724,22.51855],[93.07235,22.52328],[93.07261,22.52403],[93.07493,22.52561],[93.0746,22.52682],[93.0756,22.52959],[93.07541,22.53238],[93.07701,22.53528],[93.07656,22.53676],[93.07435,22.53597],[93.07381,22.5385],[93.07477,22.54035],[93.07752,22.54265],[93.07724,22.54497],[93.07924,22.54766],[93.08018,22.55339],[93.08108,22.55428],[93.08313,22.55256],[93.08447,22.55031],[93.08708,22.54883],[93.0891,22.5464],[93.09334,22.5451],[93.09653,22.5448],[93.09937,22.54212],[93.10078,22.54169],[93.10174,22.54244],[93.10603,22.53942],[93.10951,22.54083],[93.10924,22.53664],[93.10991,22.53591],[93.11185,22.53518],[93.1125,22.53275],[93.1073,22.52873],[93.10655,22.52703],[93.10741,22.52558],[93.10853,22.52482],[93.10959,22.52473],[93.115,22.52576],[93.11807,22.52535],[93.12509,22.52549],[93.12719,22.52475],[93.12821,22.52365],[93.12798,22.52006],[93.1265,22.51527],[93.12373,22.51036],[93.12379,22.50838],[93.12572,22.50171],[93.13039,22.49619],[93.13402,22.49316],[93.13456,22.49175],[93.13477,22.49041],[93.13301,22.48892],[93.13282,22.48789],[93.13295,22.48627],[93.1341,22.48328],[93.134,22.48208],[93.13181,22.47772],[93.13247,22.47366],[93.13085,22.46816],[93.13197,22.46538],[93.13631,22.46159],[93.1387,22.45452],[93.14012,22.45386],[93.14418,22.45369],[93.1509,22.45455],[93.15462,22.45332],[93.1587,22.45339],[93.16126,22.45179],[93.16347,22.4513],[93.16657,22.44718],[93.16832,22.44327],[93.17266,22.4412],[93.1752,22.44116],[93.17694,22.4403],[93.17859,22.43722],[93.17764,22.43465],[93.17811,22.4328],[93.18114,22.43093],[93.18232,22.42927],[93.18422,22.42917],[93.18529,22.42815],[93.18573,22.42401],[93.18275,22.42255],[93.18154,22.41887],[93.18301,22.41041],[93.18636,22.40711],[93.18746,22.40338],[93.18692,22.40247],[93.18433,22.40194],[93.1834,22.39812],[93.18162,22.39531],[93.18445,22.39189],[93.18506,22.38717],[93.18907,22.38439],[93.18977,22.38269],[93.18847,22.38165],[93.18607,22.38104],[93.18354,22.37436],[93.18361,22.37101],[93.18478,22.36935],[93.18707,22.36766],[93.18801,22.36549],[93.18668,22.35988],[93.1873,22.35661],[93.18691,22.35083],[93.18813,22.34511],[93.18608,22.34199],[93.18583,22.33994],[93.18761,22.33782],[93.19165,22.33583],[93.19434,22.3338],[93.19668,22.32876],[93.19635,22.32733],[93.19182,22.32473],[93.18974,22.32414],[93.18905,22.32273],[93.18957,22.32044],[93.19433,22.3171],[93.19538,22.3158],[93.19575,22.31432],[93.19499,22.31273],[93.19123,22.31091],[93.19053,22.30953],[93.19059,22.30879],[93.19518,22.30374],[93.1954,22.3017],[93.19413,22.3012],[93.19238,22.30165],[93.19121,22.30267],[93.19006,22.3025],[93.18957,22.3008],[93.19241,22.29742],[93.19407,22.29661],[93.19725,22.29636],[93.19886,22.29513],[93.19918,22.29424],[93.19929,22.29308],[93.19814,22.29121],[93.19514,22.29133],[93.19368,22.29062],[93.19359,22.28809],[93.19738,22.27877],[93.19729,22.27271],[93.19805,22.26969],[93.20181,22.26476],[93.20195,22.26309],[93.20179,22.26257],[93.19927,22.26147],[93.19806,22.26021],[93.19928,22.2564],[93.19904,22.25569],[93.19811,22.25512],[93.19493,22.25515],[93.19276,22.2546],[93.18736,22.25164],[93.18627,22.25048],[93.18367,22.24996],[93.1813,22.24887],[93.17762,22.24572],[93.17565,22.24554],[93.17107,22.2465],[93.16756,22.24608],[93.16654,22.24671],[93.16459,22.24978],[93.16395,22.24998],[93.16003,22.24926],[93.15653,22.24758],[93.15452,22.24724],[93.15182,22.24748],[93.14958,22.24953],[93.14833,22.24953],[93.14549,22.2486],[93.1421,22.24546],[93.14183,22.24311],[93.14357,22.23931],[93.14356,22.23795],[93.14221,22.23624],[93.14009,22.23619],[93.13994,22.23471],[93.1417,22.2326],[93.14519,22.23099],[93.1474,22.22934],[93.15234,22.21664],[93.15202,22.21572],[93.14885,22.21326],[93.14864,22.21171],[93.14996,22.21052],[93.15344,22.209],[93.15458,22.20563],[93.15709,22.20135],[93.16061,22.19882],[93.16146,22.1971],[93.16149,22.19515],[93.1604,22.19209],[93.15728,22.18837],[93.15697,22.18713],[93.15752,22.18593],[93.15564,22.18471],[93.15585,22.18142],[93.15337,22.178],[93.15134,22.17717],[93.15083,22.17626],[93.14769,22.17637],[93.14654,22.17504],[93.14176,22.17589],[93.13921,22.17588],[93.13682,22.17546],[93.1351,22.1743],[93.13214,22.17413],[93.12943,22.17325],[93.12608,22.17305],[93.12356,22.17355],[93.12251,22.17525],[93.12337,22.17963],[93.12049,22.18235],[93.11958,22.18527],[93.11689,22.18934],[93.11446,22.19068],[93.11446,22.19458],[93.1133,22.19652],[93.11104,22.20403],[93.1042,22.2011],[93.10353,22.19984],[93.10274,22.19948],[93.10046,22.19917],[93.09785,22.19808],[93.09248,22.19772],[93.08872,22.19654],[93.0849,22.19823],[93.083,22.19986],[93.08031,22.20005],[93.07815,22.20141],[93.07599,22.20172],[93.07077,22.20416],[93.06776,22.20465],[93.06488,22.2058],[93.06407,22.20702],[93.0633,22.2073],[93.06158,22.20442],[93.05682,22.20081],[93.05567,22.20084],[93.05367,22.20246],[93.05052,22.20041],[93.04914,22.20084],[93.04724,22.20249],[93.04642,22.20244],[93.04526,22.20066],[93.04298,22.19918],[93.04355,22.1973],[93.04301,22.19558],[93.04198,22.19508],[93.0393,22.19557],[93.03822,22.19503],[93.03815,22.19359],[93.04212,22.19],[93.04019,22.18772],[93.04014,22.18688],[93.04215,22.18526],[93.04564,22.17845],[93.04811,22.17515],[93.04879,22.17311],[93.04824,22.17056],[93.0491,22.1689],[93.04814,22.16694],[93.04811,22.1634],[93.04757,22.16226],[93.04488,22.16159],[93.04213,22.1594],[93.04224,22.1584],[93.04381,22.15818],[93.04455,22.15725],[93.04122,22.15069],[93.03691,22.14887],[93.0372,22.14438],[93.03851,22.14392],[93.03981,22.14526],[93.04061,22.1427],[93.04148,22.14264],[93.04293,22.14344],[93.04409,22.14318],[93.04423,22.14255],[93.04191,22.1415],[93.04073,22.13949],[93.03951,22.13855],[93.04221,22.13648],[93.04386,22.1376],[93.04496,22.13731],[93.04508,22.13359],[93.04941,22.12955],[93.05079,22.1271],[93.05391,22.12531],[93.05441,22.12109],[93.05648,22.12163],[93.05705,22.12137],[93.0572,22.12025],[93.05648,22.1186],[93.05679,22.11559],[93.05835,22.1137],[93.05776,22.11008],[93.05886,22.10717],[93.05779,22.10304],[93.0593,22.10216],[93.05958,22.10125],[93.05906,22.10034],[93.05762,22.10082],[93.05607,22.09998],[93.05572,22.10065],[93.05505,22.10071],[93.05302,22.09941],[93.04945,22.09908],[93.04735,22.09814],[93.04434,22.09921],[93.03918,22.09964],[93.03851,22.10032],[93.03613,22.10039],[93.03522,22.09996],[93.03302,22.10067],[93.02707,22.1011],[93.02533,22.10182],[93.02347,22.10092],[93.0194,22.10114],[93.01617,22.10231],[93.01367,22.10239],[93.0108,22.10382],[93.00772,22.10464],[93.00542,22.10456],[93.00453,22.10359],[93.00427,22.09997],[93.00624,22.09772],[93.00661,22.09467],[93.00718,22.09395],[93.00959,22.09326],[93.01058,22.09234],[93.01163,22.0884],[93.00872,22.08476],[93.00886,22.0818],[93.00845,22.08079],[93.00565,22.08049],[93.00518,22.08003],[93.00508,22.07625],[93.00364,22.07457],[93.00576,22.07351],[93.0066,22.07096],[93.00501,22.06951],[93.00363,22.06905],[93.0029,22.06759],[93.0014,22.06681],[93.00145,22.06524],[93.00288,22.0628],[93.00127,22.06093],[93.00187,22.05791],[92.99751,22.05435],[92.99808,22.05196],[92.99581,22.04807],[92.99632,22.04513],[92.99469,22.0422],[92.99516,22.04076],[92.99501,22.03917],[92.99714,22.03771],[92.99737,22.03561],[92.99709,22.03458],[92.99528,22.03321],[92.99481,22.03219],[92.99561,22.02991],[92.99716,22.0285],[92.99731,22.0274],[92.99908,22.02524],[92.99936,22.02334],[93.00427,22.01705],[93.004,22.01528],[93.00445,22.01349],[93.00355,22.01165],[93.00296,22.00862],[93.00181,22.00679],[93.0027,22.00555],[93.00276,21.99692],[93.00449,21.9936],[93.00512,21.98681],[93.00741,21.98233],[93.00331,21.98191],[92.99382,21.9778],[92.99335,21.97821],[92.99193,21.97821],[92.99067,21.97918],[92.9878,21.97931],[92.98591,21.9801],[92.98471,21.98002],[92.98397,21.97918],[92.98292,21.97905],[92.98056,21.98006],[92.98033,21.98195],[92.97881,21.98397],[92.97814,21.98687],[92.97804,21.98914],[92.97893,21.99178],[92.97792,21.99747],[92.97354,22.00044],[92.97385,22.00128],[92.97213,22.00381],[92.97237,22.00608],[92.9715,22.00685],[92.96959,22.00725],[92.96819,22.00671],[92.96724,22.00967],[92.965,22.01079],[92.96495,22.01359],[92.96424,22.01388],[92.96467,22.01495],[92.96325,22.01573],[92.96503,22.01739],[92.96372,22.01791],[92.96075,22.02171],[92.96179,22.02354],[92.96098,22.02566],[92.95703,22.02944],[92.95553,22.02939],[92.95462,22.02999],[92.95225,22.02971],[92.95038,22.02695],[92.94729,22.02491],[92.94677,22.02246],[92.94546,22.02109],[92.94214,22.02006],[92.94239,22.01668],[92.94071,22.01682],[92.94114,22.01442],[92.93997,22.01356],[92.93748,22.01428],[92.93553,22.01592],[92.93333,22.01598],[92.93076,22.01757],[92.92965,22.0173],[92.92725,22.01564],[92.92718,22.01457],[92.92855,22.01211],[92.92895,22.00853],[92.93245,22.01065],[92.93462,22.01069],[92.93578,22.00991],[92.93505,22.00832],[92.9359,22.00653],[92.93578,22.0057],[92.93334,22.00126],[92.93101,21.99883],[92.93099,21.99764],[92.92995,21.99739],[92.92997,21.99592],[92.92782,21.9955],[92.92642,21.99433],[92.92235,21.99362],[92.92075,21.99183],[92.92075,21.99127],[92.92175,21.9906],[92.92013,21.98997],[92.92035,21.98872],[92.91951,21.98784],[92.92016,21.98697],[92.91977,21.98636],[92.92033,21.986],[92.91881,21.98124],[92.91701,21.98137],[92.91658,21.98008],[92.91534,21.97896],[92.91521,21.97749],[92.91403,21.97546],[92.91293,21.97028],[92.91343,21.96736],[92.91156,21.96595],[92.91145,21.96435],[92.91293,21.96552],[92.91357,21.96514],[92.91324,21.96404],[92.9118,21.96254],[92.91136,21.96096],[92.91191,21.95551],[92.91116,21.95364],[92.91146,21.95079],[92.9095,21.94694],[92.90594,21.94361],[92.90614,21.94316],[92.90723,21.94346],[92.90746,21.94282],[92.90663,21.94236],[92.90614,21.94058],[92.90561,21.94023],[92.90448,21.9406],[92.90385,21.94004],[92.90301,21.94075],[92.90116,21.94694],[92.90165,21.94778],[92.90118,21.94973],[92.90153,21.95189],[92.90081,21.9524],[92.90011,21.95464],[92.89881,21.95595],[92.90052,21.95751],[92.89984,21.95858],[92.90038,21.96009],[92.89894,21.96332],[92.89927,21.96395],[92.90048,21.96437],[92.89927,21.96534],[92.89863,21.9715],[92.89701,21.97299],[92.89795,21.97379],[92.89801,21.97624],[92.89737,21.97866],[92.89776,21.97977],[92.89665,21.98168],[92.89675,21.98413],[92.89525,21.98939],[92.89474,21.99422],[92.89507,21.99537],[92.89435,21.99631],[92.89414,21.9982],[92.89451,22.00335],[92.89388,22.00507],[92.89204,22.00631],[92.89133,22.01125],[92.89073,22.01202],[92.88913,22.01266],[92.8835,22.01364],[92.87864,22.01505],[92.8785,22.01806],[92.87999,22.02171],[92.87966,22.0222],[92.87575,22.02115],[92.87343,22.02157],[92.87167,22.02266],[92.8686,22.02246],[92.86767,22.02347],[92.86506,22.02369],[92.86389,22.02675],[92.8636,22.03296],[92.86497,22.03642],[92.86444,22.0381],[92.86461,22.04101],[92.86593,22.05156],[92.86518,22.05219],[92.86531,22.05302],[92.86439,22.05374],[92.86407,22.05575],[92.86304,22.0577],[92.86353,22.06236],[92.86297,22.06282],[92.86188,22.06271],[92.85881,22.06705],[92.85747,22.06617],[92.85608,22.06625],[92.85513,22.06571],[92.85362,22.06636],[92.85237,22.06633],[92.85036,22.06315],[92.84847,22.06542],[92.84748,22.06888],[92.84646,22.07426],[92.84601,22.08242],[92.8464,22.08997],[92.84466,22.10076],[92.84311,22.10514],[92.84256,22.11044],[92.84012,22.12048],[92.84139,22.12549],[92.84304,22.12889],[92.84383,22.13649],[92.84153,22.14643],[92.84203,22.1511],[92.8397,22.15681],[92.83938,22.16072],[92.84027,22.16761],[92.83949,22.17104],[92.83937,22.17531],[92.83787,22.18004],[92.83697,22.18706],[92.83714,22.18887],[92.83853,22.19272],[92.8387,22.19813],[92.83579,22.20684],[92.83521,22.21573],[92.8365,22.2208],[92.83677,22.22581],[92.83447,22.24207],[92.83297,22.24612],[92.83209,22.25088],[92.82962,22.25594],[92.83297,22.26384],[92.83507,22.26695],[92.83437,22.27096],[92.83147,22.2721],[92.83059,22.27432],[92.83072,22.27632],[92.83294,22.28381],[92.83252,22.28829],[92.83579,22.28956],[92.83686,22.29108],[92.83178,22.2971],[92.82978,22.30087],[92.82264,22.30651],[92.82236,22.3082],[92.82287,22.30993],[92.82471,22.3111],[92.82558,22.3123],[92.82637,22.31683],[92.82563,22.31833],[92.82244,22.32111],[92.8208,22.32408],[92.82059,22.32577],[92.82142,22.32933],[92.82237,22.33063],[92.82288,22.3326],[92.82456,22.3338],[92.82676,22.33377],[92.83321,22.33044],[92.83768,22.32919],[92.83978,22.3294],[92.84125,22.33022],[92.84396,22.33003],[92.84475,22.326],[92.84782,22.32204],[92.84867,22.3196],[92.84952,22.31911],[92.85313,22.31948],[92.85481,22.32222],[92.85721,22.32182],[92.85894,22.31978],[92.86036,22.32013],[92.86168,22.32187],[92.86312,22.32698],[92.8652,22.33104],[92.86888,22.33548],[92.86897,22.34094],[92.87319,22.348],[92.87647,22.35535],[92.88023,22.35909],[92.88604,22.36303],[92.88838,22.36444],[92.89051,22.365],[92.89511,22.36864],[92.90465,22.37402],[92.90883,22.38063],[92.91234,22.38443],[92.91955,22.39095],[92.928,22.39568],[92.93186,22.39653],[92.93576,22.39469],[92.93768,22.39251],[92.93781,22.39085],[92.93267,22.38644],[92.93178,22.38538],[92.93155,22.38363],[92.93383,22.38006],[92.93986,22.37462],[92.94179,22.37361],[92.95006,22.37299],[92.95356,22.37218],[92.95727,22.37396],[92.95825,22.37561],[92.95908,22.37774],[92.95961,22.38181],[92.96236,22.38732],[92.96462,22.39039],[92.9653,22.39357],[92.96297,22.3978],[92.95969,22.39868],[92.95752,22.39871],[92.95388,22.39993],[92.95111,22.40212],[92.95014,22.40355],[92.9431,22.42086],[92.9422,22.42906],[92.94014,22.43513],[92.93725,22.44105],[92.93757,22.4454],[92.93641,22.44876],[92.93462,22.45736],[92.93473,22.45865],[92.93568,22.46007],[92.93933,22.46184],[92.94329,22.46264],[92.94429,22.46628],[92.94375,22.46786],[92.94058,22.4722],[92.93911,22.47566],[92.93719,22.47758],[92.93506,22.47747],[92.93265,22.47872],[92.93135,22.4806],[92.93089,22.48253],[92.9308,22.48588],[92.93249,22.49168],[92.93321,22.49641],[92.9333,22.50184],[92.9344,22.5051],[92.93462,22.50844],[92.93624,22.51219],[92.93591,22.5147],[92.93439,22.51838],[92.93423,22.52047],[92.9353,22.52383],[92.93782,22.52776],[92.93777,22.53256],[92.93885,22.53606],[92.93501,22.54427],[92.9312,22.54856],[92.93079,22.55085],[92.93116,22.55562],[92.93162,22.55873],[92.93261,22.56036],[92.93556,22.56166],[92.94038,22.56564],[92.94218,22.57076],[92.945,22.57493],[92.94524,22.57698],[92.94467,22.58106],[92.94723,22.58526],[92.94793,22.58803],[92.94615,22.59062],[92.94603,22.59207],[92.94734,22.59569],[92.95009,22.59924],[92.95094,22.60229],[92.94913,22.60763],[92.94893,22.61655],[92.94965,22.61951],[92.94945,22.62381],[92.95028,22.6271],[92.9513,22.62889],[92.95492,22.62655],[92.95681,22.62711],[92.9586,22.62693],[92.96192,22.63093],[92.96222,22.63356],[92.96826,22.63326],[92.97052,22.63242],[92.97248,22.63067],[92.97441,22.62978],[92.97578,22.6297],[92.97663,22.63007],[92.97748,22.63142],[92.98116,22.63089],[92.98256,22.63227],[92.9875,22.63439],[92.98866,22.63415],[92.98926,22.63228]]]}},{"id":"8","type":"Feature","properties":{"state":"MIZORAM","state_lgd":"15","district":"SAITUAL","district_lgd":"682"},"geometry":{"type":"Polygon","coordinates":[[[93.00255,24.10992],[93.0067,24.10724],[93.00996,24.10672],[93.01128,24.1028],[93.01342,24.10125],[93.01752,24.10052],[93.01964,24.10103],[93.02232,24.09998],[93.02456,24.10103],[93.02682,24.101],[93.03094,24.0985],[93.03444,24.09725],[93.03639,24.09383],[93.03799,24.09232],[93.03916,24.09209],[93.04166,24.093],[93.0466,24.09013],[93.04937,24.09078],[93.0518,24.08963],[93.05306,24.08968],[93.06098,24.09221],[93.06417,24.09414],[93.06651,24.09714],[93.06961,24.09943],[93.07345,24.10076],[93.07472,24.10202],[93.07855,24.10185],[93.07947,24.09992],[93.07978,24.09574],[93.0818,24.09393],[93.08251,24.08963],[93.08627,24.08473],[93.0877,24.0815],[93.09203,24.08042],[93.09426,24.077],[93.09743,24.07373],[93.0981,24.07075],[93.09795,24.06562],[93.09962,24.0635],[93.09755,24.06132],[93.09721,24.05637],[93.0981,24.05541],[93.1004,24.05425],[93.10103,24.05294],[93.09739,24.04994],[93.097,24.04396],[93.09945,24.04337],[93.10146,24.04451],[93.10111,24.04569],[93.10344,24.04692],[93.10271,24.04843],[93.10419,24.05004],[93.10514,24.05004],[93.10648,24.04866],[93.10694,24.04977],[93.10898,24.05036],[93.11044,24.05212],[93.11058,24.05307],[93.11197,24.05357],[93.11236,24.05451],[93.11417,24.05408],[93.11395,24.05581],[93.11806,24.05603],[93.11816,24.0565],[93.11697,24.05737],[93.1193,24.05821],[93.11828,24.05939],[93.12057,24.05876],[93.12129,24.05899],[93.11977,24.06034],[93.11989,24.06075],[93.12412,24.06083],[93.12615,24.06231],[93.12661,24.06357],[93.12787,24.06456],[93.12804,24.06564],[93.12872,24.0662],[93.12821,24.06745],[93.13027,24.06943],[93.13036,24.0704],[93.13189,24.0717],[93.13094,24.07296],[93.13373,24.07669],[93.13323,24.07841],[93.13422,24.07992],[93.13638,24.08138],[93.13691,24.08282],[93.13989,24.08487],[93.14013,24.08644],[93.13971,24.08706],[93.14056,24.0881],[93.14346,24.08596],[93.14805,24.08531],[93.15013,24.08439],[93.15081,24.08387],[93.15085,24.08301],[93.154,24.08148],[93.15589,24.07781],[93.1584,24.07673],[93.16113,24.07353],[93.16583,24.07377],[93.16545,24.0729],[93.16652,24.07216],[93.16624,24.07048],[93.16474,24.06794],[93.16454,24.0637],[93.16277,24.05981],[93.16382,24.05787],[93.16312,24.05649],[93.16327,24.0557],[93.16677,24.0528],[93.16729,24.05171],[93.16914,24.05147],[93.1789,24.05387],[93.18715,24.05412],[93.18978,24.05358],[93.19216,24.05221],[93.19713,24.0507],[93.20231,24.0505],[93.2068,24.04893],[93.20996,24.04837],[93.21161,24.04863],[93.2127,24.04947],[93.21606,24.05402],[93.21755,24.05767],[93.22032,24.06097],[93.22168,24.06604],[93.22161,24.06846],[93.22273,24.07097],[93.22213,24.07416],[93.21984,24.07669],[93.21889,24.07856],[93.21898,24.08171],[93.22044,24.08358],[93.22172,24.0845],[93.2242,24.08474],[93.23228,24.08239],[93.23845,24.08329],[93.2407,24.08243],[93.24298,24.08268],[93.24472,24.0817],[93.25055,24.08035],[93.25234,24.07766],[93.25552,24.07531],[93.25709,24.07284],[93.26108,24.07043],[93.26155,24.06825],[93.26127,24.06221],[93.26341,24.05838],[93.26285,24.05722],[93.26051,24.05633],[93.25954,24.05548],[93.25736,24.05111],[93.25633,24.04689],[93.25488,24.0444],[93.25105,24.0327],[93.25135,24.03049],[93.25241,24.0296],[93.25495,24.02894],[93.25524,24.02842],[93.25518,24.02594],[93.25323,24.02194],[93.25365,24.02123],[93.25464,24.02195],[93.25569,24.02403],[93.25689,24.02516],[93.263,24.0278],[93.26997,24.03249],[93.27387,24.03654],[93.27383,24.03911],[93.27418,24.03944],[93.27884,24.04183],[93.28203,24.04274],[93.28389,24.04604],[93.28579,24.04687],[93.28682,24.04791],[93.28617,24.05103],[93.2872,24.05266],[93.28887,24.05229],[93.29168,24.0494],[93.29358,24.04873],[93.29744,24.04952],[93.30345,24.05281],[93.3055,24.0522],[93.30808,24.05228],[93.31053,24.05294],[93.31528,24.05186],[93.31781,24.05315],[93.32322,24.04844],[93.32576,24.04836],[93.32625,24.04782],[93.32594,24.04597],[93.32741,24.04477],[93.32763,24.04237],[93.32881,24.04207],[93.33196,24.04251],[93.33286,24.04104],[93.33406,24.04045],[93.33646,24.04139],[93.33751,24.04117],[93.33787,24.03983],[93.3374,24.03914],[93.33497,24.03907],[93.33239,24.03802],[93.33272,24.03695],[93.335,24.03631],[93.33532,24.03563],[93.32871,24.0338],[93.32591,24.02992],[93.3259,24.02934],[93.32637,24.02923],[93.33127,24.0302],[93.33182,24.02997],[93.33071,24.02709],[93.3338,24.02736],[93.33568,24.02582],[93.33779,24.0256],[93.33778,24.02359],[93.33896,24.02148],[93.3351,24.01903],[93.33326,24.01929],[93.33157,24.02107],[93.32999,24.02108],[93.3296,24.02044],[93.32944,24.01913],[93.33041,24.01531],[93.3335,24.01444],[93.33295,24.01276],[93.33337,24.01091],[93.33283,24.00761],[93.33449,24.00471],[93.33329,24.00331],[93.33221,23.99941],[93.3343,23.99772],[93.33424,23.99218],[93.33673,23.99064],[93.3375,23.98967],[93.33716,23.98888],[93.33199,23.98668],[93.32983,23.98658],[93.32862,23.98538],[93.32889,23.9848],[93.33155,23.98398],[93.33356,23.98528],[93.33415,23.98513],[93.33506,23.9826],[93.33248,23.98026],[93.33328,23.97906],[93.3351,23.98001],[93.33731,23.97982],[93.33947,23.98056],[93.33947,23.97938],[93.33717,23.97755],[93.33669,23.97588],[93.33761,23.97538],[93.34328,23.97508],[93.3438,23.97414],[93.34401,23.97124],[93.34344,23.97022],[93.34269,23.96991],[93.34125,23.97017],[93.34103,23.96979],[93.34452,23.96555],[93.34672,23.96442],[93.34688,23.96193],[93.34749,23.96126],[93.3484,23.96107],[93.35012,23.96261],[93.35114,23.96165],[93.35092,23.95924],[93.35199,23.95806],[93.35201,23.95729],[93.35061,23.95615],[93.35025,23.95455],[93.35048,23.95403],[93.35285,23.95352],[93.35368,23.95199],[93.35358,23.95107],[93.35327,23.95014],[93.35111,23.94829],[93.34876,23.94913],[93.34856,23.94805],[93.34943,23.94668],[93.3503,23.94624],[93.35316,23.94694],[93.35443,23.94461],[93.35452,23.94329],[93.3542,23.94248],[93.35348,23.94217],[93.35096,23.94252],[93.35076,23.94165],[93.35271,23.94096],[93.35565,23.94195],[93.35634,23.9441],[93.3575,23.94545],[93.36119,23.94476],[93.36173,23.94378],[93.35939,23.94151],[93.35933,23.94093],[93.36197,23.93994],[93.36429,23.93762],[93.36505,23.93587],[93.3654,23.93359],[93.36389,23.93132],[93.36262,23.93257],[93.36143,23.93302],[93.36009,23.93292],[93.35984,23.93239],[93.36069,23.93044],[93.36181,23.92996],[93.36206,23.92845],[93.36415,23.92839],[93.3646,23.92747],[93.36155,23.92606],[93.36132,23.92552],[93.3627,23.92369],[93.36221,23.92236],[93.36366,23.92051],[93.36366,23.91969],[93.36252,23.91906],[93.36025,23.91937],[93.35964,23.9189],[93.36005,23.91686],[93.3612,23.91647],[93.36241,23.91496],[93.36098,23.9118],[93.36229,23.9099],[93.36123,23.90632],[93.36191,23.90315],[93.36153,23.89978],[93.36275,23.89699],[93.36243,23.89497],[93.36029,23.89238],[93.35888,23.892],[93.35817,23.89285],[93.35772,23.89239],[93.35757,23.89124],[93.35837,23.89015],[93.35889,23.8875],[93.35712,23.88618],[93.35553,23.88684],[93.35497,23.88637],[93.35621,23.88491],[93.35641,23.88376],[93.35972,23.88511],[93.3606,23.88482],[93.36055,23.88385],[93.35856,23.88343],[93.35689,23.8824],[93.35704,23.88178],[93.35757,23.88123],[93.3596,23.88109],[93.35787,23.8805],[93.35888,23.87779],[93.35982,23.87772],[93.36152,23.87898],[93.36301,23.87839],[93.36248,23.87636],[93.36403,23.87607],[93.36601,23.87338],[93.36389,23.87112],[93.36467,23.87016],[93.36374,23.8672],[93.36451,23.86608],[93.36697,23.866],[93.36833,23.86434],[93.36586,23.86226],[93.36451,23.8602],[93.36283,23.86108],[93.36274,23.85867],[93.36222,23.85812],[93.36012,23.85866],[93.35635,23.85746],[93.35639,23.85614],[93.35728,23.85511],[93.35973,23.85526],[93.36032,23.85491],[93.35888,23.85323],[93.35605,23.85219],[93.35412,23.85328],[93.35256,23.853],[93.35251,23.85242],[93.35548,23.8514],[93.35615,23.85062],[93.3576,23.85055],[93.35787,23.84966],[93.36031,23.85168],[93.36149,23.85095],[93.36099,23.84906],[93.35936,23.84921],[93.35801,23.84872],[93.3558,23.84741],[93.35488,23.84571],[93.35377,23.84699],[93.35223,23.84638],[93.35742,23.84342],[93.35833,23.84334],[93.35815,23.842],[93.35521,23.839],[93.35436,23.83986],[93.35281,23.83897],[93.35303,23.83809],[93.34765,23.83798],[93.34686,23.83659],[93.34526,23.83707],[93.34419,23.83663],[93.34345,23.83793],[93.34037,23.83755],[93.339,23.83635],[93.33661,23.83684],[93.3352,23.83588],[93.33032,23.83667],[93.32943,23.83583],[93.32789,23.83566],[93.32656,23.8329],[93.32305,23.83171],[93.31952,23.83365],[93.319,23.83479],[93.31607,23.83654],[93.31558,23.83758],[93.3129,23.84008],[93.31075,23.84093],[93.30997,23.8417],[93.31014,23.84237],[93.30919,23.84281],[93.30602,23.84277],[93.3052,23.84177],[93.30458,23.84192],[93.3041,23.84134],[93.30305,23.84182],[93.29853,23.84231],[93.29307,23.84122],[93.29116,23.84191],[93.28849,23.84449],[93.28623,23.84587],[93.28387,23.84619],[93.28101,23.8458],[93.27883,23.84423],[93.27756,23.8443],[93.27526,23.8475],[93.27319,23.85202],[93.27251,23.85401],[93.27238,23.85823],[93.26827,23.86117],[93.2669,23.86387],[93.2651,23.86564],[93.26383,23.87281],[93.26858,23.87501],[93.26807,23.87614],[93.26936,23.87804],[93.27318,23.87836],[93.27398,23.8796],[93.27489,23.88629],[93.27408,23.889],[93.27108,23.89142],[93.26967,23.89373],[93.27013,23.89717],[93.27213,23.90282],[93.27321,23.91153],[93.26991,23.92278],[93.26718,23.92527],[93.26857,23.92802],[93.27212,23.93198],[93.27544,23.93304],[93.27709,23.93441],[93.27124,23.93536],[93.26879,23.93738],[93.26312,23.93925],[93.25802,23.93953],[93.25691,23.94021],[93.25097,23.94183],[93.24002,23.94418],[93.23791,23.94362],[93.23544,23.94382],[93.2342,23.94136],[93.23319,23.94095],[93.23207,23.94141],[93.23087,23.9412],[93.23115,23.94083],[93.2303,23.94021],[93.23039,23.93952],[93.23149,23.93847],[93.23127,23.93768],[93.23296,23.93667],[93.23171,23.93615],[93.23212,23.93523],[93.23119,23.93475],[93.23116,23.93429],[93.23274,23.9315],[93.23489,23.93259],[93.23877,23.93244],[93.24035,23.93288],[93.24121,23.93364],[93.24438,23.93359],[93.24417,23.93147],[93.24551,23.92966],[93.24629,23.92123],[93.24576,23.92005],[93.24025,23.92303],[93.23844,23.92356],[93.23513,23.92366],[93.23337,23.92125],[93.23364,23.91647],[93.23593,23.91285],[93.23593,23.91217],[93.23335,23.91035],[93.23431,23.90726],[93.2337,23.90493],[93.23439,23.90349],[93.23683,23.90197],[93.23771,23.90091],[93.23867,23.89849],[93.24245,23.89556],[93.24495,23.88898],[93.24448,23.88867],[93.24227,23.88902],[93.24057,23.88764],[93.23365,23.88519],[93.23323,23.88276],[93.23442,23.88221],[93.23703,23.87966],[93.23869,23.88007],[93.23927,23.8798],[93.24014,23.87761],[93.24158,23.87765],[93.2423,23.87871],[93.24337,23.87845],[93.24593,23.87722],[93.24689,23.87588],[93.24079,23.87383],[93.24063,23.87341],[93.24118,23.87184],[93.24104,23.86997],[93.2427,23.86767],[93.24447,23.8623],[93.24435,23.86077],[93.24295,23.85895],[93.24103,23.85757],[93.23933,23.85851],[93.23533,23.8632],[93.23302,23.86423],[93.23182,23.86449],[93.22971,23.86381],[93.22859,23.86268],[93.22875,23.8588],[93.23156,23.85629],[93.23138,23.85211],[93.22865,23.85188],[93.22754,23.85124],[93.22588,23.84927],[93.22579,23.84805],[93.22777,23.8448],[93.2293,23.84336],[93.22801,23.84127],[93.22787,23.83647],[93.22964,23.83505],[93.22707,23.83322],[93.22366,23.82907],[93.22361,23.82827],[93.22414,23.82536],[93.22641,23.82147],[93.2272,23.82129],[93.23008,23.82146],[93.23295,23.82292],[93.23603,23.82728],[93.23573,23.82901],[93.23613,23.83164],[93.23693,23.83264],[93.2394,23.83209],[93.24177,23.82927],[93.24028,23.82445],[93.23849,23.821],[93.23799,23.81663],[93.24183,23.80799],[93.2437,23.80207],[93.24256,23.79894],[93.24764,23.79595],[93.24613,23.79293],[93.24513,23.78909],[93.24304,23.78662],[93.23986,23.78463],[93.23781,23.7821],[93.23626,23.78111],[93.23353,23.77991],[93.22744,23.77913],[93.22435,23.78026],[93.21862,23.77971],[93.21543,23.78194],[93.21184,23.78162],[93.21069,23.78265],[93.21024,23.78511],[93.20901,23.78787],[93.20625,23.79107],[93.2054,23.79137],[93.20347,23.79088],[93.20287,23.78962],[93.19856,23.7886],[93.19477,23.78944],[93.1945,23.79089],[93.19299,23.79037],[93.19205,23.7906],[93.19153,23.79118],[93.19196,23.792],[93.18793,23.79283],[93.18661,23.79179],[93.18467,23.7922],[93.18396,23.79127],[93.18196,23.79203],[93.18063,23.79066],[93.18037,23.78957],[93.17952,23.7895],[93.17912,23.7905],[93.18109,23.79328],[93.1796,23.79396],[93.17947,23.79576],[93.17686,23.79454],[93.17641,23.79501],[93.17594,23.79996],[93.17266,23.79968],[93.1715,23.80059],[93.17028,23.79937],[93.16829,23.79926],[93.16712,23.79831],[93.16685,23.7975],[93.16782,23.79555],[93.16626,23.79578],[93.16652,23.79467],[93.16614,23.79437],[93.16322,23.79431],[93.16275,23.79294],[93.16187,23.79266],[93.16192,23.7915],[93.16001,23.79096],[93.15946,23.78913],[93.15801,23.78813],[93.15769,23.78623],[93.15863,23.78494],[93.15918,23.78244],[93.15917,23.78089],[93.15844,23.77936],[93.15856,23.77684],[93.16043,23.77422],[93.1607,23.7725],[93.16023,23.77167],[93.16111,23.77175],[93.16131,23.77133],[93.16006,23.77112],[93.15975,23.77057],[93.15667,23.77011],[93.15775,23.769],[93.15282,23.76591],[93.15236,23.76414],[93.15391,23.76293],[93.15256,23.76289],[93.15172,23.76186],[93.15102,23.7621],[93.15082,23.76048],[93.15183,23.75954],[93.15498,23.75841],[93.15855,23.75487],[93.15985,23.75501],[93.16051,23.75426],[93.16174,23.75433],[93.16098,23.75303],[93.16263,23.75279],[93.16209,23.75189],[93.16302,23.75065],[93.16177,23.74869],[93.16312,23.748],[93.1631,23.74642],[93.16473,23.74545],[93.16356,23.74386],[93.16562,23.74238],[93.16581,23.74172],[93.16475,23.74103],[93.16491,23.74],[93.16414,23.73949],[93.16526,23.73847],[93.16471,23.73834],[93.16449,23.73716],[93.16381,23.73638],[93.16197,23.73574],[93.16259,23.73381],[93.16163,23.72964],[93.16227,23.72743],[93.16191,23.72445],[93.16054,23.72323],[93.15629,23.72224],[93.15022,23.72255],[93.14946,23.7217],[93.14819,23.72187],[93.14666,23.72068],[93.14302,23.71901],[93.14165,23.71894],[93.14006,23.71985],[93.13799,23.71901],[93.13767,23.71818],[93.13434,23.71733],[93.13192,23.71754],[93.13092,23.71816],[93.12992,23.71537],[93.12788,23.71447],[93.12734,23.71261],[93.12647,23.7121],[93.12566,23.70786],[93.12762,23.70367],[93.1277,23.70029],[93.1261,23.69966],[93.12556,23.69871],[93.12496,23.69037],[93.12698,23.68765],[93.12707,23.68691],[93.12625,23.68637],[93.12308,23.68616],[93.12111,23.68538],[93.11858,23.68386],[93.11749,23.68254],[93.11724,23.67659],[93.11749,23.67502],[93.11938,23.67151],[93.11941,23.67021],[93.11919,23.6695],[93.11816,23.66901],[93.11826,23.66717],[93.11526,23.66129],[93.11626,23.65958],[93.11551,23.65747],[93.11573,23.65622],[93.11796,23.65244],[93.11883,23.64904],[93.12004,23.64668],[93.12046,23.64262],[93.12001,23.64114],[93.12099,23.6403],[93.12104,23.63932],[93.11847,23.64152],[93.11557,23.64205],[93.11443,23.64359],[93.11205,23.6444],[93.10957,23.64918],[93.10855,23.64994],[93.10731,23.65001],[93.10596,23.65128],[93.10396,23.65223],[93.10391,23.65312],[93.10176,23.65562],[93.10124,23.65792],[93.09923,23.659],[93.09825,23.66119],[93.09723,23.66174],[93.09646,23.66387],[93.09727,23.66534],[93.09708,23.66661],[93.09553,23.66818],[93.09427,23.67046],[93.09511,23.67132],[93.095,23.67249],[93.09459,23.67426],[93.0938,23.67525],[93.09542,23.67802],[93.09489,23.6793],[93.09548,23.68013],[93.09512,23.68225],[93.09608,23.68444],[93.09559,23.68497],[93.09585,23.68591],[93.09492,23.687],[93.09614,23.68798],[93.09488,23.68945],[93.09543,23.6901],[93.09622,23.69008],[93.0962,23.69232],[93.09668,23.69292],[93.09607,23.69417],[93.09603,23.69635],[93.09686,23.69815],[93.098,23.69913],[93.09994,23.70581],[93.10239,23.70722],[93.10448,23.70775],[93.10654,23.71084],[93.10645,23.71206],[93.1045,23.71295],[93.10299,23.71615],[93.10516,23.71776],[93.1058,23.71892],[93.10602,23.72012],[93.10549,23.72229],[93.10622,23.72444],[93.10699,23.72475],[93.10677,23.72642],[93.1055,23.72888],[93.10467,23.72912],[93.10526,23.72687],[93.10159,23.7243],[93.10054,23.7224],[93.09938,23.72221],[93.09758,23.72043],[93.09621,23.71992],[93.09627,23.71845],[93.09528,23.7176],[93.09507,23.71561],[93.09431,23.71546],[93.09384,23.71316],[93.09282,23.71181],[93.09313,23.70762],[93.09258,23.70674],[93.09295,23.70597],[93.09183,23.70418],[93.09107,23.70117],[93.08928,23.69845],[93.08985,23.6974],[93.0891,23.69513],[93.08948,23.69247],[93.0868,23.68251],[93.08735,23.68086],[93.0874,23.6768],[93.08815,23.6757],[93.08716,23.67156],[93.08773,23.66889],[93.08576,23.66925],[93.08462,23.66889],[93.0842,23.66922],[93.08398,23.67222],[93.08152,23.67196],[93.07894,23.67386],[93.07725,23.67417],[93.07598,23.67616],[93.07492,23.67575],[93.07494,23.67766],[93.07392,23.67886],[93.07292,23.67884],[93.07306,23.67753],[93.07142,23.6773],[93.07114,23.67659],[93.0701,23.67626],[93.07015,23.67788],[93.06903,23.67963],[93.06921,23.68362],[93.06616,23.68444],[93.06572,23.68361],[93.06302,23.68485],[93.06174,23.68451],[93.0625,23.68392],[93.06266,23.68177],[93.06182,23.68099],[93.06259,23.68056],[93.0627,23.67924],[93.06252,23.67881],[93.06168,23.67918],[93.06126,23.67877],[93.06043,23.67944],[93.05969,23.67927],[93.05957,23.67859],[93.06039,23.67779],[93.06006,23.67716],[93.06061,23.67667],[93.06009,23.67646],[93.05911,23.67704],[93.05902,23.67577],[93.05854,23.67631],[93.05766,23.67601],[93.05718,23.6765],[93.05555,23.67546],[93.05356,23.67642],[93.05248,23.67576],[93.05267,23.67646],[93.04962,23.67799],[93.04942,23.67939],[93.04852,23.67875],[93.04751,23.67918],[93.04685,23.67849],[93.04395,23.67959],[93.03841,23.68406],[93.03733,23.68335],[93.03804,23.68188],[93.03643,23.68171],[93.03542,23.6805],[93.03475,23.67776],[93.0337,23.67788],[93.03287,23.6771],[93.03235,23.67756],[93.02908,23.67732],[93.02796,23.67782],[93.02592,23.6745],[93.02752,23.67236],[93.02745,23.67009],[93.02791,23.66888],[93.02734,23.66689],[93.02801,23.66331],[93.02747,23.66185],[93.0276,23.65986],[93.02965,23.65878],[93.02854,23.6556],[93.0288,23.65422],[93.02951,23.65389],[93.03052,23.65497],[93.03105,23.65474],[93.03099,23.65215],[93.03184,23.65127],[93.03086,23.64977],[93.03253,23.64758],[93.03263,23.64552],[93.03155,23.64268],[93.0319,23.64064],[93.03006,23.63834],[93.03128,23.63284],[93.02866,23.63182],[93.02761,23.63077],[93.02844,23.62869],[93.0301,23.62673],[93.0297,23.62632],[93.02872,23.62636],[93.02828,23.6258],[93.02934,23.62321],[93.02811,23.61925],[93.0293,23.61596],[93.02849,23.61358],[93.02955,23.6118],[93.02821,23.60915],[93.02946,23.60511],[93.02816,23.60321],[93.02777,23.60064],[93.02829,23.59815],[93.02791,23.59706],[93.02918,23.59415],[93.0285,23.5903],[93.02882,23.58757],[93.02961,23.58529],[93.03117,23.58343],[93.03099,23.58145],[93.03164,23.57988],[93.03134,23.57835],[93.03286,23.57779],[93.03508,23.57521],[93.03355,23.57107],[93.03364,23.56814],[93.0331,23.56651],[93.03137,23.56537],[93.03168,23.5649],[93.03249,23.56517],[93.03278,23.56168],[93.03393,23.56242],[93.03516,23.5619],[93.03676,23.56196],[93.03575,23.56096],[93.03383,23.56009],[93.03329,23.5531],[93.03494,23.55089],[93.03695,23.5517],[93.0367,23.54735],[93.03825,23.54533],[93.03809,23.54325],[93.03901,23.54202],[93.03751,23.54062],[93.03853,23.5396],[93.03846,23.53881],[93.03688,23.53755],[93.03796,23.53675],[93.0395,23.53654],[93.03833,23.53186],[93.03966,23.53094],[93.03947,23.5287],[93.03825,23.5274],[93.03949,23.52685],[93.04087,23.52386],[93.04022,23.52301],[93.04061,23.52189],[93.03939,23.51895],[93.03665,23.51776],[93.03641,23.51647],[93.03305,23.51382],[93.03189,23.51354],[93.02997,23.51424],[93.02629,23.5133],[93.02496,23.51429],[93.02403,23.51269],[93.02381,23.51098],[93.02028,23.51094],[93.02002,23.51055],[93.02093,23.50942],[93.01843,23.51023],[93.01765,23.51001],[93.01826,23.50841],[93.01783,23.50823],[93.01732,23.50869],[93.01589,23.50686],[93.01562,23.50611],[93.01614,23.50496],[93.01399,23.50414],[93.01348,23.50308],[93.0122,23.5031],[93.01263,23.50143],[93.01145,23.49951],[93.01216,23.49831],[93.01074,23.49776],[93.01151,23.49669],[93.01134,23.49507],[93.00997,23.49395],[93.00977,23.49159],[93.00932,23.49142],[93.00862,23.49201],[93.00751,23.49099],[93.00645,23.4907],[93.0063,23.48891],[93.00467,23.48937],[93.0049,23.48742],[93.00328,23.48565],[93.003,23.48453],[93.00038,23.48196],[92.99818,23.48145],[92.99703,23.47906],[92.99618,23.47897],[92.98991,23.48386],[92.98616,23.48587],[92.98474,23.48832],[92.97922,23.49212],[92.9793,23.49289],[92.98252,23.49628],[92.98167,23.49898],[92.98223,23.50155],[92.9856,23.50773],[92.98556,23.50929],[92.98415,23.51222],[92.9818,23.51509],[92.9755,23.52111],[92.97173,23.52641],[92.96429,23.52957],[92.96204,23.53171],[92.96094,23.53315],[92.95952,23.53795],[92.95192,23.55111],[92.94426,23.5588],[92.94068,23.55895],[92.93646,23.5602],[92.93426,23.55907],[92.93109,23.55901],[92.92848,23.55809],[92.92571,23.55846],[92.92409,23.55776],[92.9176,23.55929],[92.91332,23.55973],[92.90923,23.56143],[92.90668,23.56437],[92.90238,23.56602],[92.89692,23.5717],[92.89758,23.57391],[92.89862,23.57491],[92.89797,23.57636],[92.9003,23.58002],[92.89848,23.58074],[92.898,23.58182],[92.89962,23.58298],[92.90048,23.585],[92.902,23.58569],[92.90132,23.58821],[92.90088,23.58886],[92.89979,23.58896],[92.90144,23.59076],[92.89913,23.59139],[92.89877,23.59075],[92.89914,23.58988],[92.89867,23.58965],[92.89704,23.59114],[92.89774,23.59202],[92.89451,23.59274],[92.89488,23.59401],[92.89424,23.59511],[92.89191,23.59592],[92.89064,23.59766],[92.88843,23.59823],[92.88855,23.60101],[92.89059,23.6038],[92.88951,23.60492],[92.88944,23.60575],[92.89165,23.60617],[92.89183,23.60665],[92.89044,23.6074],[92.8872,23.61085],[92.88623,23.6126],[92.8837,23.61499],[92.88372,23.61627],[92.88256,23.61685],[92.883,23.61931],[92.88112,23.62115],[92.88037,23.62456],[92.87858,23.6271],[92.87892,23.62825],[92.87828,23.62927],[92.8793,23.63015],[92.8793,23.63185],[92.87993,23.63306],[92.8795,23.63436],[92.87987,23.63583],[92.87934,23.6364],[92.87769,23.63646],[92.87695,23.63699],[92.87881,23.63878],[92.88056,23.63897],[92.88215,23.64102],[92.88333,23.6416],[92.88392,23.64353],[92.88787,23.64797],[92.88853,23.64928],[92.88715,23.65293],[92.88574,23.65497],[92.88713,23.65633],[92.88691,23.6582],[92.88532,23.66099],[92.88339,23.66227],[92.88125,23.66544],[92.88154,23.66607],[92.88329,23.66657],[92.8838,23.66718],[92.88287,23.67117],[92.88307,23.67264],[92.88457,23.67386],[92.88454,23.67501],[92.88351,23.6771],[92.88446,23.67855],[92.88446,23.68011],[92.88569,23.68109],[92.88514,23.68424],[92.88701,23.6876],[92.8863,23.6902],[92.88832,23.69251],[92.88845,23.69497],[92.89062,23.69645],[92.89128,23.69762],[92.88762,23.7024],[92.88918,23.70416],[92.88813,23.70775],[92.88939,23.71016],[92.8878,23.713],[92.89041,23.72155],[92.89014,23.72341],[92.88838,23.72511],[92.88776,23.72676],[92.8906,23.73208],[92.88823,23.7347],[92.88928,23.73646],[92.88855,23.73916],[92.88892,23.74411],[92.88696,23.74535],[92.88816,23.74761],[92.8883,23.74966],[92.88735,23.75083],[92.88804,23.75261],[92.88679,23.75402],[92.88669,23.75821],[92.88536,23.75885],[92.88312,23.75807],[92.88243,23.75883],[92.88251,23.76334],[92.88319,23.76797],[92.88386,23.76951],[92.88202,23.77123],[92.88199,23.77246],[92.88249,23.77324],[92.8843,23.77359],[92.88457,23.7741],[92.88348,23.77596],[92.88168,23.77771],[92.88127,23.77974],[92.88177,23.78257],[92.88388,23.78503],[92.88333,23.786],[92.88485,23.78763],[92.88819,23.78806],[92.88921,23.79],[92.88888,23.79184],[92.8897,23.79372],[92.89069,23.79454],[92.89211,23.79455],[92.89294,23.79558],[92.89376,23.79578],[92.89565,23.79851],[92.89684,23.80188],[92.89833,23.80385],[92.90005,23.80776],[92.90139,23.80909],[92.9005,23.81187],[92.90205,23.81605],[92.90532,23.81903],[92.90688,23.8195],[92.90829,23.81901],[92.9159,23.81973],[92.92084,23.81938],[92.92565,23.81802],[92.93108,23.81844],[92.93422,23.8172],[92.93886,23.81726],[92.94145,23.81935],[92.94302,23.81958],[92.9451,23.82069],[92.9474,23.82096],[92.95064,23.82333],[92.95315,23.82306],[92.95601,23.8239],[92.95845,23.82688],[92.96073,23.8277],[92.96497,23.83285],[92.96621,23.83576],[92.96671,23.83857],[92.9686,23.842],[92.97216,23.85188],[92.97648,23.85228],[92.98052,23.85421],[92.98557,23.85455],[92.9899,23.85441],[92.99309,23.85288],[92.99381,23.85303],[93.00036,23.8582],[93.00125,23.86205],[93.00269,23.86442],[93.00434,23.8697],[93.00191,23.87499],[92.9993,23.87744],[92.99609,23.8795],[92.99609,23.88306],[92.99383,23.88502],[92.99271,23.88754],[92.9916,23.88837],[92.98555,23.8899],[92.98463,23.89509],[92.98496,23.89848],[92.98343,23.90139],[92.98196,23.906],[92.97927,23.91041],[92.97864,23.91415],[92.97919,23.91799],[92.98219,23.91886],[92.98592,23.92235],[92.99034,23.92361],[92.99157,23.92623],[92.99426,23.92872],[92.99441,23.93086],[92.9962,23.93086],[92.99676,23.93226],[92.99588,23.93841],[92.99063,23.94222],[92.98731,23.94597],[92.9852,23.9509],[92.98694,23.95235],[92.98719,23.95364],[92.9833,23.95739],[92.98551,23.96029],[92.98772,23.95947],[92.98884,23.95959],[92.99169,23.96081],[92.99241,23.96161],[92.99127,23.96455],[92.99276,23.96829],[92.99106,23.97021],[92.99058,23.97208],[92.99138,23.97464],[92.99322,23.97577],[92.99361,23.97864],[92.99507,23.98013],[92.99588,23.98246],[92.99755,23.98457],[92.99785,23.98637],[92.9978,23.98939],[92.9954,23.99456],[92.99761,23.99979],[92.9938,24.00473],[92.99276,24.00713],[92.99213,24.01041],[92.99201,24.01363],[92.99256,24.01506],[92.99214,24.01771],[92.99407,24.02236],[92.99182,24.03504],[92.99452,24.04116],[92.99273,24.04399],[92.99192,24.04838],[92.99197,24.04896],[92.99462,24.05176],[92.99475,24.0527],[92.99327,24.05723],[92.99359,24.06488],[92.99286,24.06641],[92.99445,24.07002],[92.99286,24.0717],[92.99225,24.07863],[92.99142,24.08177],[92.9925,24.08631],[92.99234,24.0885],[92.99097,24.08981],[92.98646,24.09039],[92.9814,24.0926],[92.97803,24.09311],[92.96892,24.0934],[92.96697,24.09376],[92.96646,24.09478],[92.96713,24.09544],[92.96974,24.096],[92.97032,24.09654],[92.96739,24.10419],[92.96737,24.1074],[92.96977,24.11036],[92.97289,24.11249],[92.97618,24.11232],[92.97985,24.11277],[92.98754,24.11522],[92.99036,24.11569],[92.9933,24.11469],[93.00255,24.10992]]]}},{"id":"9","type":"Feature","properties":{"state":"MIZORAM","state_lgd":"15","district":"LAWNGTLAI","district_lgd":"287"},"geometry":{"type":"MultiPolygon","coordinates":[[[[92.54443,22.75553],[92.54782,22.7535],[92.54867,22.75128],[92.55056,22.75119],[92.55279,22.74833],[92.55376,22.74782],[92.55576,22.74822],[92.55819,22.74754],[92.55831,22.74644],[92.5602,22.74343],[92.56125,22.74027],[92.56122,22.73847],[92.56194,22.73825],[92.56359,22.73639],[92.56444,22.73619],[92.56503,22.73481],[92.56464,22.73411],[92.56549,22.73208],[92.56688,22.73166],[92.56822,22.73259],[92.5694,22.73247],[92.57114,22.73318],[92.57062,22.73402],[92.57323,22.73555],[92.57468,22.73583],[92.57511,22.73811],[92.57828,22.74005],[92.57682,22.7409],[92.57862,22.742],[92.57889,22.74304],[92.57807,22.74405],[92.57732,22.74693],[92.57659,22.74744],[92.57647,22.75011],[92.57553,22.75045],[92.5777,22.75268],[92.57816,22.75399],[92.57789,22.75491],[92.57835,22.75543],[92.57979,22.7553],[92.57984,22.75353],[92.58285,22.75033],[92.58566,22.74603],[92.58636,22.74543],[92.5908,22.74439],[92.59106,22.74338],[92.59039,22.74246],[92.58572,22.73999],[92.58591,22.73809],[92.59039,22.73133],[92.59227,22.73083],[92.59464,22.73227],[92.5955,22.73171],[92.59582,22.72981],[92.59371,22.72829],[92.5933,22.72749],[92.59333,22.72598],[92.59403,22.72459],[92.59874,22.72098],[92.60163,22.72123],[92.6021,22.72047],[92.60166,22.7186],[92.60066,22.71752],[92.59729,22.71629],[92.59829,22.71378],[92.59813,22.71305],[92.59365,22.70989],[92.59372,22.70764],[92.59572,22.70519],[92.59641,22.70359],[92.5966,22.69616],[92.59796,22.69491],[92.60169,22.6941],[92.60382,22.69281],[92.60545,22.68941],[92.60677,22.68351],[92.60778,22.68193],[92.60886,22.6812],[92.61176,22.68051],[92.61383,22.67897],[92.61632,22.68116],[92.61581,22.68447],[92.61633,22.68481],[92.61712,22.68454],[92.61779,22.68039],[92.61721,22.67711],[92.61771,22.6714],[92.61925,22.67046],[92.62282,22.67054],[92.62524,22.6713],[92.62639,22.67109],[92.62764,22.67012],[92.62974,22.66641],[92.62851,22.66373],[92.62554,22.66255],[92.62632,22.65959],[92.62845,22.65795],[92.63147,22.65788],[92.63342,22.65735],[92.63748,22.65743],[92.63839,22.65704],[92.63977,22.65406],[92.64095,22.6527],[92.64192,22.64915],[92.64453,22.64791],[92.6436,22.644],[92.64433,22.64091],[92.64373,22.63736],[92.64615,22.63251],[92.64513,22.63143],[92.64223,22.63258],[92.64148,22.63209],[92.64327,22.62958],[92.64264,22.62793],[92.64058,22.62536],[92.64068,22.62178],[92.64474,22.62102],[92.64677,22.61943],[92.6505,22.62053],[92.65162,22.62039],[92.65268,22.6214],[92.65502,22.6216],[92.65788,22.61878],[92.66158,22.61723],[92.66249,22.61798],[92.66286,22.62037],[92.66352,22.62125],[92.66775,22.62315],[92.66928,22.62447],[92.67093,22.62344],[92.67445,22.62455],[92.67696,22.62469],[92.68022,22.62368],[92.68296,22.62366],[92.68749,22.6228],[92.69013,22.62353],[92.69426,22.62194],[92.6963,22.62205],[92.6966,22.62102],[92.6982,22.61958],[92.69688,22.61891],[92.69527,22.61679],[92.69441,22.61153],[92.69319,22.61058],[92.69102,22.61089],[92.6904,22.61029],[92.69147,22.60728],[92.6939,22.60384],[92.69414,22.60243],[92.69389,22.59871],[92.693,22.59681],[92.69394,22.59333],[92.69332,22.59136],[92.69789,22.5882],[92.69769,22.58772],[92.69655,22.58744],[92.69696,22.58694],[92.69864,22.58615],[92.70029,22.58604],[92.69997,22.5852],[92.70035,22.58466],[92.70238,22.58555],[92.70453,22.58525],[92.70558,22.58567],[92.70576,22.58336],[92.70631,22.58239],[92.70709,22.58289],[92.70803,22.58529],[92.70985,22.58532],[92.7091,22.57852],[92.71039,22.57876],[92.71151,22.57724],[92.71145,22.57622],[92.71212,22.57529],[92.71439,22.57299],[92.71561,22.57263],[92.71598,22.57026],[92.71934,22.56799],[92.71964,22.56415],[92.72644,22.56257],[92.72991,22.56033],[92.7334,22.56022],[92.7351,22.55954],[92.73634,22.55875],[92.73837,22.55554],[92.74076,22.55387],[92.74351,22.55066],[92.7456,22.54899],[92.74808,22.54554],[92.75072,22.54637],[92.75218,22.54489],[92.75244,22.54123],[92.75173,22.54069],[92.75173,22.5396],[92.75371,22.53715],[92.75474,22.53501],[92.75299,22.53227],[92.75348,22.53123],[92.75295,22.52919],[92.75102,22.52793],[92.75183,22.52677],[92.75275,22.52083],[92.75344,22.51987],[92.75323,22.51819],[92.75545,22.51702],[92.75509,22.51453],[92.75347,22.5123],[92.75435,22.51159],[92.75477,22.50604],[92.7551,22.50573],[92.75641,22.50617],[92.75734,22.50558],[92.75632,22.50269],[92.75645,22.4995],[92.7583,22.49955],[92.75892,22.49815],[92.76039,22.49693],[92.76145,22.49705],[92.76167,22.49783],[92.76301,22.49743],[92.76592,22.49921],[92.7686,22.50179],[92.76904,22.50308],[92.77076,22.50165],[92.77342,22.50067],[92.77456,22.49862],[92.77694,22.49703],[92.7774,22.49932],[92.77477,22.50193],[92.77468,22.50316],[92.77689,22.50624],[92.77744,22.50784],[92.77476,22.512],[92.77617,22.51431],[92.77777,22.51508],[92.77781,22.51586],[92.7771,22.51637],[92.77381,22.51658],[92.77347,22.51699],[92.77495,22.52428],[92.77252,22.52671],[92.7725,22.52768],[92.77392,22.52929],[92.77579,22.53046],[92.77575,22.53275],[92.77631,22.53377],[92.77995,22.53273],[92.78122,22.53332],[92.78029,22.53509],[92.7794,22.5357],[92.77662,22.53608],[92.77645,22.5366],[92.78,22.53858],[92.78026,22.53957],[92.77917,22.54191],[92.78123,22.54368],[92.78243,22.54566],[92.78478,22.54714],[92.7927,22.54895],[92.79594,22.55206],[92.79646,22.55351],[92.79452,22.55627],[92.79472,22.55802],[92.79552,22.55894],[92.79944,22.5609],[92.80037,22.56196],[92.8012,22.56675],[92.80314,22.56951],[92.80328,22.57156],[92.80263,22.57426],[92.79956,22.58007],[92.79981,22.5845],[92.80077,22.5879],[92.80051,22.58915],[92.79938,22.5912],[92.7959,22.59335],[92.79586,22.59784],[92.79693,22.60046],[92.79647,22.60618],[92.79945,22.60786],[92.80227,22.61048],[92.80269,22.6131],[92.80117,22.61723],[92.79919,22.62003],[92.79921,22.62142],[92.80089,22.62471],[92.80651,22.62938],[92.80999,22.62968],[92.81139,22.63061],[92.81404,22.62891],[92.81478,22.6274],[92.81898,22.62617],[92.82311,22.62783],[92.82519,22.6261],[92.82633,22.62685],[92.82773,22.6265],[92.8283,22.62385],[92.82956,22.62435],[92.8319,22.62395],[92.83195,22.62528],[92.83719,22.62539],[92.83805,22.62347],[92.84037,22.62252],[92.84198,22.62022],[92.84228,22.6188],[92.84503,22.61665],[92.84393,22.61478],[92.84406,22.61424],[92.84664,22.61439],[92.84737,22.61217],[92.84926,22.60962],[92.85329,22.60692],[92.85905,22.60437],[92.8625,22.60414],[92.86166,22.59964],[92.86193,22.599],[92.86612,22.59815],[92.86909,22.59655],[92.875,22.59514],[92.87506,22.59448],[92.87275,22.59193],[92.87243,22.58973],[92.87504,22.58603],[92.8771,22.58405],[92.87986,22.58297],[92.88337,22.58248],[92.89093,22.58353],[92.89469,22.58485],[92.8973,22.58176],[92.89969,22.58053],[92.89977,22.57908],[92.90184,22.57622],[92.90125,22.56984],[92.90425,22.56714],[92.90607,22.56465],[92.90557,22.56408],[92.90504,22.5607],[92.90524,22.55753],[92.9069,22.55585],[92.90934,22.55039],[92.91128,22.5473],[92.91454,22.54736],[92.92034,22.55061],[92.92146,22.55237],[92.92618,22.55267],[92.92798,22.55355],[92.92955,22.55529],[92.93116,22.55562],[92.93079,22.55085],[92.9312,22.54856],[92.93501,22.54427],[92.93885,22.53606],[92.93777,22.53256],[92.93782,22.52776],[92.9353,22.52383],[92.93423,22.52047],[92.93439,22.51838],[92.93591,22.5147],[92.93624,22.51219],[92.93462,22.50844],[92.9344,22.5051],[92.9333,22.50184],[92.93321,22.49641],[92.93249,22.49168],[92.9308,22.48588],[92.93089,22.48253],[92.93135,22.4806],[92.93265,22.47872],[92.93506,22.47747],[92.93719,22.47758],[92.93911,22.47566],[92.94058,22.4722],[92.94375,22.46786],[92.94429,22.46628],[92.94329,22.46264],[92.93793,22.46123],[92.93568,22.46007],[92.93473,22.45865],[92.93462,22.45736],[92.93617,22.44975],[92.93757,22.4454],[92.93725,22.44105],[92.94014,22.43513],[92.9422,22.42906],[92.9431,22.42086],[92.95014,22.40355],[92.95111,22.40212],[92.95388,22.39993],[92.95752,22.39871],[92.95969,22.39868],[92.96297,22.3978],[92.9648,22.39495],[92.96536,22.39309],[92.96462,22.39039],[92.96236,22.38732],[92.96004,22.38286],[92.95927,22.3808],[92.95908,22.37774],[92.9578,22.37481],[92.95552,22.3728],[92.95356,22.37218],[92.95006,22.37299],[92.94116,22.37379],[92.93278,22.38129],[92.93166,22.38321],[92.93178,22.38538],[92.93758,22.39056],[92.93803,22.39147],[92.93768,22.39251],[92.93576,22.39469],[92.93186,22.39653],[92.92919,22.39601],[92.92455,22.39399],[92.91955,22.39095],[92.90919,22.38105],[92.90465,22.37402],[92.89511,22.36864],[92.89051,22.365],[92.88838,22.36444],[92.88604,22.36303],[92.88023,22.35909],[92.87647,22.35535],[92.87319,22.348],[92.86897,22.34094],[92.86888,22.33548],[92.8652,22.33104],[92.86312,22.32698],[92.86168,22.32187],[92.8599,22.31984],[92.8586,22.32],[92.85721,22.32182],[92.85527,22.32226],[92.85463,22.32213],[92.85313,22.31948],[92.85007,22.319],[92.84909,22.31932],[92.84833,22.32023],[92.84782,22.32204],[92.84475,22.326],[92.84401,22.32995],[92.8432,22.33027],[92.84125,22.33022],[92.83978,22.3294],[92.83768,22.32919],[92.83321,22.33044],[92.82726,22.33361],[92.82528,22.33389],[92.82404,22.3336],[92.82288,22.3326],[92.82237,22.33063],[92.82142,22.32933],[92.82059,22.32577],[92.8208,22.32408],[92.82244,22.32111],[92.82563,22.31833],[92.82637,22.31683],[92.82558,22.3123],[92.82471,22.3111],[92.82287,22.30993],[92.82243,22.30702],[92.82343,22.30557],[92.82978,22.30087],[92.83178,22.2971],[92.83686,22.29108],[92.83579,22.28956],[92.83252,22.28829],[92.83294,22.28381],[92.83072,22.27632],[92.83059,22.27432],[92.83147,22.2721],[92.83437,22.27096],[92.83507,22.26695],[92.83297,22.26384],[92.82962,22.25594],[92.83221,22.25048],[92.83297,22.24612],[92.83447,22.24207],[92.83616,22.23219],[92.83684,22.2241],[92.83521,22.21573],[92.83579,22.20684],[92.83636,22.20424],[92.83869,22.19883],[92.83853,22.19272],[92.83714,22.18887],[92.83697,22.18706],[92.83787,22.18004],[92.83937,22.17531],[92.83949,22.17104],[92.84027,22.16761],[92.83938,22.16072],[92.8397,22.15681],[92.84203,22.1511],[92.84153,22.14643],[92.84383,22.13649],[92.84304,22.12889],[92.84139,22.12549],[92.84012,22.12048],[92.84256,22.11044],[92.84311,22.10514],[92.84466,22.10076],[92.8464,22.08997],[92.84598,22.08303],[92.84646,22.07426],[92.84796,22.06669],[92.84877,22.06494],[92.85036,22.06315],[92.85022,22.06263],[92.84806,22.06162],[92.84746,22.06054],[92.84385,22.06026],[92.84226,22.05905],[92.84169,22.05913],[92.84076,22.05959],[92.83985,22.06091],[92.83995,22.06292],[92.8386,22.06505],[92.83829,22.0686],[92.83674,22.07166],[92.83471,22.07169],[92.83103,22.07329],[92.82737,22.07241],[92.82491,22.07304],[92.82343,22.07433],[92.82184,22.07365],[92.81847,22.07469],[92.81756,22.07595],[92.81671,22.08097],[92.81779,22.08471],[92.81767,22.08688],[92.81627,22.08816],[92.81346,22.0891],[92.80994,22.09592],[92.80659,22.09598],[92.80392,22.09801],[92.80107,22.09433],[92.7984,22.09346],[92.79641,22.09478],[92.79594,22.09891],[92.79393,22.09999],[92.79255,22.1],[92.79238,22.10191],[92.7908,22.10299],[92.79035,22.1048],[92.78656,22.1048],[92.78391,22.10543],[92.78381,22.10592],[92.78238,22.1067],[92.78014,22.10682],[92.77906,22.10766],[92.77807,22.10768],[92.7771,22.10678],[92.77623,22.10712],[92.77483,22.10662],[92.77368,22.10698],[92.77276,22.10791],[92.77295,22.10902],[92.77105,22.10907],[92.77029,22.11037],[92.77039,22.11191],[92.76683,22.1141],[92.76766,22.11671],[92.76694,22.11726],[92.76571,22.11696],[92.76643,22.11916],[92.76573,22.11926],[92.7651,22.11866],[92.7633,22.11877],[92.7631,22.11927],[92.76413,22.12069],[92.76276,22.12011],[92.7619,22.12039],[92.76087,22.12277],[92.75988,22.12345],[92.76052,22.12454],[92.76003,22.12551],[92.75657,22.12575],[92.75356,22.12423],[92.75186,22.12551],[92.75022,22.12574],[92.74951,22.12692],[92.74824,22.12701],[92.74718,22.12778],[92.74684,22.13033],[92.74624,22.13119],[92.74535,22.13112],[92.74458,22.1319],[92.744,22.13052],[92.74208,22.13066],[92.7413,22.13118],[92.74125,22.13282],[92.73962,22.13198],[92.73674,22.13456],[92.73538,22.13444],[92.73536,22.13574],[92.73391,22.13642],[92.73256,22.13843],[92.73284,22.13882],[92.73363,22.13866],[92.73322,22.13972],[92.73179,22.14024],[92.72923,22.14314],[92.72861,22.14422],[92.729,22.1457],[92.72791,22.14624],[92.72847,22.14752],[92.72759,22.1474],[92.72756,22.14837],[92.7268,22.14911],[92.72503,22.14918],[92.72492,22.14795],[92.72412,22.14829],[92.72229,22.14793],[92.72107,22.14864],[92.71845,22.14777],[92.71645,22.14803],[92.71282,22.14741],[92.71152,22.14853],[92.7104,22.15112],[92.7072,22.15185],[92.7059,22.15052],[92.70437,22.15021],[92.70084,22.15157],[92.70035,22.15192],[92.69976,22.15507],[92.69474,22.15349],[92.69437,22.14937],[92.69475,22.14702],[92.69667,22.1438],[92.69697,22.14243],[92.69585,22.13749],[92.69491,22.13777],[92.69379,22.13904],[92.69239,22.13945],[92.69202,22.1391],[92.69161,22.13306],[92.6926,22.12601],[92.69207,22.12231],[92.69262,22.12096],[92.69177,22.10695],[92.69115,22.10523],[92.69244,22.10034],[92.69132,22.08854],[92.69163,22.07965],[92.69253,22.0751],[92.69147,22.07462],[92.69108,22.07263],[92.68963,22.07188],[92.68889,22.072],[92.68864,22.07271],[92.68843,22.08944],[92.68902,22.09205],[92.68811,22.09429],[92.68804,22.10373],[92.68695,22.10431],[92.68407,22.1036],[92.68232,22.10392],[92.68177,22.10346],[92.68257,22.10035],[92.68175,22.09114],[92.68224,22.07288],[92.6835,22.06868],[92.68518,22.04305],[92.68324,22.0263],[92.68267,22.02564],[92.68278,22.02387],[92.68171,22.02047],[92.68118,22.0151],[92.67981,22.01352],[92.6799,22.01186],[92.67933,22.01118],[92.67673,22.01047],[92.67133,22.01109],[92.67021,22.00962],[92.66979,22.00967],[92.66921,22.01077],[92.66785,22.01097],[92.6681,22.01208],[92.66678,22.0135],[92.66327,22.01426],[92.6607,22.0133],[92.65805,22.01558],[92.65334,22.01631],[92.65161,22.01591],[92.65139,22.01002],[92.64953,22.00886],[92.64828,22.00585],[92.64342,22.00249],[92.64365,22.00164],[92.64311,22.00027],[92.64344,21.99654],[92.64239,21.99556],[92.6419,21.99216],[92.64076,21.99228],[92.63677,21.99011],[92.63561,21.98804],[92.63494,21.98322],[92.62981,21.98351],[92.62391,21.98282],[92.62137,21.98013],[92.60754,21.97466],[92.60418,21.97642],[92.60331,21.97737],[92.6036,21.97879],[92.60319,21.98003],[92.60417,21.98277],[92.61055,21.98377],[92.61107,21.98433],[92.61193,21.98591],[92.6119,21.98849],[92.61268,21.98972],[92.61265,21.99076],[92.61169,21.99198],[92.61005,21.99279],[92.61,21.99767],[92.60351,22.00104],[92.6026,22.00195],[92.60237,22.00345],[92.59928,22.00675],[92.59914,22.00853],[92.5981,22.00898],[92.59824,22.01094],[92.59749,22.01225],[92.59908,22.01419],[92.59869,22.01538],[92.5997,22.01682],[92.60054,22.01973],[92.59952,22.02384],[92.60007,22.02841],[92.59553,22.0311],[92.59362,22.03151],[92.59326,22.03602],[92.59262,22.03744],[92.59365,22.04097],[92.59914,22.04225],[92.59785,22.04441],[92.59777,22.04651],[92.59841,22.04786],[92.59797,22.04937],[92.60032,22.05299],[92.60035,22.05822],[92.60226,22.05993],[92.60266,22.0611],[92.60127,22.06183],[92.59911,22.06123],[92.59556,22.06171],[92.59222,22.06562],[92.59187,22.06749],[92.58986,22.07062],[92.59067,22.0717],[92.58973,22.07567],[92.59046,22.07748],[92.59016,22.07918],[92.59065,22.081],[92.58885,22.08108],[92.58489,22.08251],[92.58546,22.08505],[92.58334,22.08689],[92.58435,22.09002],[92.5817,22.09164],[92.58279,22.09295],[92.58209,22.09424],[92.58257,22.09757],[92.58027,22.10162],[92.5781,22.10335],[92.57758,22.10468],[92.57661,22.10497],[92.57583,22.10895],[92.57631,22.11022],[92.57486,22.11285],[92.5755,22.11443],[92.57514,22.11617],[92.57332,22.1178],[92.57244,22.11973],[92.57035,22.12097],[92.56727,22.12406],[92.56565,22.12434],[92.5639,22.12556],[92.56262,22.12802],[92.56366,22.12976],[92.56345,22.13109],[92.56397,22.13352],[92.56568,22.13478],[92.56749,22.1355],[92.57085,22.13595],[92.57587,22.13578],[92.57735,22.13645],[92.57748,22.13795],[92.57632,22.13958],[92.57846,22.14142],[92.5785,22.14341],[92.5823,22.1417],[92.589,22.14046],[92.59259,22.13883],[92.59328,22.13739],[92.59129,22.13393],[92.5892,22.13224],[92.58898,22.13144],[92.59189,22.12741],[92.59446,22.12514],[92.59918,22.12314],[92.60057,22.12342],[92.60342,22.12288],[92.60575,22.12339],[92.60783,22.12797],[92.6082,22.13115],[92.60786,22.13331],[92.60822,22.13431],[92.61008,22.13517],[92.61086,22.13844],[92.60983,22.1419],[92.6099,22.14538],[92.60901,22.14676],[92.60904,22.15159],[92.60806,22.15363],[92.60827,22.15831],[92.60744,22.16039],[92.60827,22.1613],[92.60923,22.16402],[92.60847,22.16514],[92.60666,22.16591],[92.60776,22.16847],[92.60713,22.17253],[92.60534,22.1727],[92.60375,22.17161],[92.59679,22.17527],[92.59523,22.17539],[92.59633,22.17609],[92.59706,22.17734],[92.59637,22.17861],[92.59559,22.17887],[92.59568,22.18089],[92.5944,22.18122],[92.59552,22.18282],[92.59691,22.1837],[92.595,22.18388],[92.59615,22.18598],[92.59624,22.18792],[92.59574,22.18919],[92.59661,22.19026],[92.59533,22.19262],[92.59526,22.19338],[92.59641,22.19359],[92.59542,22.19439],[92.59568,22.19586],[92.59505,22.19646],[92.5948,22.19597],[92.59407,22.19596],[92.59522,22.19855],[92.59398,22.20197],[92.59484,22.2042],[92.59361,22.2044],[92.59412,22.20684],[92.59355,22.20894],[92.59268,22.20995],[92.59309,22.21047],[92.59253,22.21084],[92.59269,22.21147],[92.59183,22.21164],[92.59044,22.21326],[92.5917,22.21364],[92.59179,22.21423],[92.5908,22.21506],[92.5884,22.2155],[92.58805,22.21598],[92.58896,22.21764],[92.58812,22.21854],[92.58927,22.22027],[92.59019,22.22082],[92.59035,22.22293],[92.58932,22.22423],[92.58809,22.22397],[92.58807,22.2245],[92.58939,22.2259],[92.58852,22.22681],[92.58933,22.22823],[92.58815,22.23039],[92.59068,22.23095],[92.58952,22.23199],[92.59049,22.23244],[92.59032,22.23284],[92.58876,22.23295],[92.58953,22.23377],[92.59119,22.23414],[92.59161,22.23467],[92.58967,22.23567],[92.5904,22.23673],[92.58997,22.23781],[92.59184,22.23922],[92.59046,22.24429],[92.59175,22.24476],[92.59067,22.24524],[92.59142,22.24653],[92.58928,22.24701],[92.58911,22.24752],[92.59092,22.249],[92.58978,22.25052],[92.59013,22.25153],[92.58959,22.25211],[92.59018,22.25297],[92.58943,22.25392],[92.59058,22.25396],[92.59077,22.25547],[92.59024,22.25612],[92.5888,22.25558],[92.58907,22.25733],[92.58703,22.25731],[92.58676,22.25906],[92.58615,22.25908],[92.58567,22.2584],[92.58511,22.2586],[92.58523,22.25935],[92.58673,22.25988],[92.58513,22.26033],[92.58437,22.26151],[92.58484,22.26269],[92.58605,22.26307],[92.58689,22.26395],[92.58403,22.26515],[92.58376,22.26598],[92.58432,22.26735],[92.58102,22.26918],[92.58251,22.27028],[92.58202,22.2713],[92.58317,22.2726],[92.58229,22.27411],[92.58076,22.2735],[92.5814,22.27508],[92.58073,22.27606],[92.58225,22.27659],[92.5835,22.27617],[92.58338,22.27732],[92.58484,22.27649],[92.58633,22.27653],[92.58645,22.27682],[92.58493,22.27732],[92.58439,22.27905],[92.58659,22.28025],[92.5842,22.28164],[92.58231,22.28146],[92.58185,22.28179],[92.58192,22.28325],[92.58411,22.28468],[92.58323,22.28551],[92.58092,22.28642],[92.58259,22.28774],[92.58197,22.28878],[92.58219,22.28971],[92.58107,22.29047],[92.58249,22.29105],[92.58264,22.29811],[92.58333,22.29892],[92.58259,22.3001],[92.58128,22.30028],[92.58174,22.30197],[92.58076,22.30181],[92.58019,22.30261],[92.58051,22.30301],[92.58215,22.30272],[92.58341,22.30393],[92.5803,22.30385],[92.58068,22.30576],[92.57957,22.30613],[92.58145,22.3069],[92.58137,22.30842],[92.58055,22.30942],[92.57771,22.31039],[92.57725,22.31115],[92.57761,22.31182],[92.57895,22.31091],[92.58016,22.31175],[92.57856,22.31244],[92.57967,22.31363],[92.57996,22.31493],[92.57802,22.31654],[92.58045,22.31921],[92.57945,22.32104],[92.58117,22.32176],[92.57847,22.32338],[92.57877,22.32388],[92.57993,22.32387],[92.58023,22.32498],[92.57672,22.32499],[92.57578,22.33128],[92.57428,22.33166],[92.57479,22.33264],[92.57608,22.33296],[92.57408,22.33434],[92.57596,22.33516],[92.57503,22.33618],[92.57599,22.33708],[92.57518,22.33803],[92.57436,22.33745],[92.57367,22.33804],[92.57471,22.33978],[92.57505,22.34216],[92.5729,22.34209],[92.57252,22.34267],[92.57332,22.34542],[92.57202,22.34596],[92.5719,22.34663],[92.57322,22.3477],[92.57323,22.34829],[92.57094,22.35662],[92.57187,22.35864],[92.57041,22.36009],[92.56901,22.3599],[92.56802,22.36051],[92.56836,22.36148],[92.56684,22.36533],[92.5679,22.36731],[92.56704,22.36874],[92.5674,22.37072],[92.56439,22.37073],[92.56248,22.37166],[92.56379,22.37543],[92.56333,22.37591],[92.562,22.37575],[92.56165,22.37713],[92.56198,22.37792],[92.56154,22.37835],[92.56338,22.3801],[92.55933,22.38186],[92.56114,22.38511],[92.55944,22.38744],[92.56009,22.38834],[92.56106,22.38852],[92.56106,22.38932],[92.55894,22.39028],[92.55829,22.39113],[92.55975,22.39133],[92.55846,22.39408],[92.55983,22.39552],[92.55595,22.39854],[92.5567,22.39947],[92.55946,22.39984],[92.55983,22.40183],[92.55882,22.40261],[92.55692,22.40279],[92.55622,22.40422],[92.55478,22.40549],[92.55521,22.40623],[92.55758,22.40716],[92.55689,22.40927],[92.55457,22.41072],[92.55354,22.40912],[92.55208,22.40897],[92.55311,22.41102],[92.55236,22.41297],[92.55286,22.4137],[92.55231,22.41533],[92.55457,22.41688],[92.55351,22.41961],[92.5509,22.42137],[92.55069,22.42257],[92.55125,22.42321],[92.55267,22.42259],[92.55449,22.4233],[92.55523,22.42254],[92.55639,22.4251],[92.55498,22.42508],[92.55539,22.42663],[92.55499,22.42721],[92.55311,22.42655],[92.55161,22.42689],[92.55124,22.42738],[92.55193,22.4284],[92.55362,22.42745],[92.55526,22.42866],[92.55538,22.42921],[92.55486,22.43252],[92.55338,22.43379],[92.55425,22.43622],[92.55168,22.43769],[92.55261,22.43841],[92.55131,22.44063],[92.55205,22.44225],[92.54985,22.44288],[92.54946,22.44351],[92.54981,22.44464],[92.55104,22.4452],[92.55131,22.44594],[92.55003,22.44774],[92.55142,22.44869],[92.55034,22.45104],[92.55097,22.4544],[92.54811,22.45602],[92.54826,22.45655],[92.54958,22.45624],[92.55015,22.4569],[92.54823,22.45741],[92.54948,22.45896],[92.54784,22.46126],[92.54635,22.46246],[92.54684,22.46441],[92.54808,22.46569],[92.54782,22.46615],[92.54652,22.4662],[92.54573,22.46838],[92.54554,22.47163],[92.54626,22.47361],[92.54731,22.47455],[92.54751,22.47593],[92.54536,22.47971],[92.54561,22.48243],[92.54423,22.48294],[92.54535,22.48616],[92.54614,22.48679],[92.54564,22.4877],[92.54627,22.48866],[92.54521,22.4898],[92.54346,22.49021],[92.54436,22.49195],[92.54333,22.49325],[92.54379,22.49441],[92.54518,22.49521],[92.54951,22.49575],[92.54993,22.49733],[92.54938,22.49843],[92.54292,22.49837],[92.5426,22.49876],[92.54272,22.49976],[92.54335,22.50038],[92.54593,22.49948],[92.5467,22.50012],[92.54712,22.50159],[92.54851,22.50095],[92.54932,22.50145],[92.54945,22.50269],[92.54817,22.5028],[92.54719,22.50352],[92.5481,22.5052],[92.54817,22.50742],[92.55022,22.50678],[92.55087,22.50774],[92.55083,22.50961],[92.5503,22.51001],[92.54839,22.50946],[92.54657,22.50989],[92.54756,22.51077],[92.55067,22.51203],[92.55128,22.5133],[92.55016,22.51421],[92.54725,22.51508],[92.547,22.51682],[92.54642,22.51653],[92.54504,22.51352],[92.54405,22.51346],[92.54338,22.51417],[92.54406,22.51614],[92.54569,22.51779],[92.54414,22.52134],[92.54231,22.52145],[92.54179,22.52242],[92.54168,22.52345],[92.54225,22.52454],[92.54376,22.52497],[92.54081,22.5256],[92.54051,22.526],[92.54119,22.52758],[92.53918,22.52893],[92.53965,22.5295],[92.54123,22.52954],[92.54151,22.53037],[92.54081,22.53229],[92.54152,22.53362],[92.54132,22.53426],[92.54056,22.53472],[92.53903,22.53396],[92.5386,22.53473],[92.53988,22.53702],[92.5391,22.5384],[92.54,22.5406],[92.53704,22.5419],[92.53767,22.54413],[92.53721,22.54517],[92.53421,22.54409],[92.53155,22.5451],[92.53121,22.54686],[92.53245,22.55051],[92.53192,22.55221],[92.52836,22.55662],[92.52428,22.55777],[92.52167,22.55988],[92.52425,22.56113],[92.52569,22.56356],[92.52804,22.56562],[92.5273,22.57299],[92.52979,22.57283],[92.53264,22.57147],[92.53617,22.57333],[92.53814,22.5751],[92.53817,22.57691],[92.53646,22.57873],[92.53745,22.5798],[92.53766,22.5829],[92.5371,22.58462],[92.53855,22.58591],[92.53756,22.58618],[92.53438,22.58517],[92.53316,22.58599],[92.53297,22.58776],[92.53364,22.58846],[92.53548,22.58663],[92.536,22.58663],[92.53937,22.58915],[92.53869,22.58986],[92.53619,22.58942],[92.53501,22.59103],[92.53483,22.59163],[92.53671,22.59215],[92.53782,22.59405],[92.53592,22.59571],[92.53577,22.59751],[92.53506,22.59861],[92.53537,22.60014],[92.53303,22.60211],[92.53043,22.60349],[92.5305,22.60668],[92.52995,22.60914],[92.53132,22.60916],[92.53271,22.60772],[92.53375,22.6075],[92.53482,22.60871],[92.53536,22.61167],[92.53216,22.61167],[92.53048,22.61394],[92.5291,22.61476],[92.52864,22.61549],[92.52867,22.61702],[92.53002,22.62058],[92.52743,22.62078],[92.52966,22.62529],[92.53261,22.6275],[92.53189,22.6306],[92.53253,22.63269],[92.53204,22.63319],[92.52853,22.63302],[92.52621,22.63357],[92.5263,22.6346],[92.52767,22.63514],[92.52791,22.63566],[92.52654,22.63671],[92.52677,22.63934],[92.52507,22.63967],[92.52492,22.64014],[92.52512,22.64499],[92.52452,22.64689],[92.52462,22.65047],[92.52557,22.65074],[92.52706,22.65041],[92.5273,22.65077],[92.52675,22.65181],[92.52666,22.65374],[92.52441,22.65387],[92.52362,22.65507],[92.52352,22.65624],[92.52433,22.65899],[92.52552,22.65925],[92.52749,22.65873],[92.52868,22.65949],[92.52653,22.66047],[92.52872,22.66515],[92.52819,22.66561],[92.52645,22.66482],[92.52607,22.66519],[92.52552,22.6713],[92.52595,22.6731],[92.52253,22.67408],[92.52327,22.67916],[92.5212,22.68244],[92.52143,22.68401],[92.51889,22.6879],[92.51893,22.69334],[92.51649,22.70217],[92.5166,22.70444],[92.5158,22.70518],[92.5155,22.70727],[92.5146,22.70724],[92.5139,22.708],[92.51385,22.71032],[92.51562,22.71206],[92.5175,22.71555],[92.5167,22.72217],[92.51559,22.72337],[92.51416,22.72327],[92.51408,22.72465],[92.51194,22.72774],[92.5105,22.72805],[92.50994,22.72863],[92.50999,22.7294],[92.5132,22.73279],[92.51117,22.73304],[92.50905,22.73167],[92.50787,22.73709],[92.50564,22.73922],[92.50431,22.73865],[92.5041,22.73979],[92.50434,22.74185],[92.50553,22.74157],[92.50559,22.74213],[92.50647,22.74227],[92.50508,22.74413],[92.50517,22.74458],[92.50608,22.74461],[92.50523,22.7452],[92.50544,22.74664],[92.50948,22.75039],[92.51094,22.75028],[92.51202,22.75084],[92.51192,22.75189],[92.51309,22.75303],[92.51525,22.75296],[92.51451,22.75509],[92.51713,22.75691],[92.51606,22.75919],[92.51667,22.76002],[92.51872,22.76045],[92.52014,22.76165],[92.5206,22.76127],[92.52261,22.7619],[92.52389,22.76139],[92.52561,22.75889],[92.52599,22.75754],[92.52747,22.75666],[92.53106,22.75935],[92.53486,22.76006],[92.53816,22.76193],[92.54253,22.76274],[92.54166,22.75956],[92.54361,22.75871],[92.54443,22.75553]]],[[[93.08124,22.80875],[93.08351,22.80833],[93.08472,22.80649],[93.08111,22.80201],[93.08066,22.8006],[93.08174,22.79779],[93.08365,22.79599],[93.08824,22.79486],[93.08963,22.79393],[93.0913,22.79109],[93.09566,22.78587],[93.09685,22.78069],[93.09943,22.77684],[93.0993,22.77504],[93.10231,22.76744],[93.10218,22.76631],[93.10022,22.76461],[93.10017,22.76388],[93.10471,22.75813],[93.107,22.75416],[93.10736,22.75262],[93.106,22.74282],[93.10349,22.73976],[93.09855,22.72821],[93.09819,22.72493],[93.09751,22.72329],[93.09831,22.72029],[93.09785,22.7179],[93.09683,22.71579],[93.09455,22.71445],[93.09285,22.71278],[93.09189,22.71001],[93.09201,22.70663],[93.09099,22.70481],[93.09111,22.70353],[93.09306,22.70026],[93.09606,22.69957],[93.09724,22.69839],[93.09881,22.69371],[93.09861,22.6909],[93.0966,22.68805],[93.09661,22.68674],[93.09783,22.68573],[93.10009,22.68653],[93.10087,22.68611],[93.10192,22.68267],[93.10168,22.68114],[93.10089,22.68056],[93.09576,22.68098],[93.09476,22.68053],[93.09442,22.67958],[93.09563,22.67176],[93.10157,22.66511],[93.10152,22.66071],[93.10843,22.65686],[93.10957,22.65549],[93.10973,22.65078],[93.11079,22.64923],[93.11081,22.64731],[93.10993,22.64419],[93.10699,22.63997],[93.10713,22.63822],[93.10826,22.63573],[93.10927,22.63495],[93.11246,22.63393],[93.11645,22.63111],[93.11799,22.62875],[93.12137,22.62566],[93.12452,22.62595],[93.12641,22.62556],[93.12797,22.62394],[93.1284,22.62247],[93.12809,22.61979],[93.12719,22.61834],[93.12727,22.61706],[93.12886,22.61548],[93.13229,22.61513],[93.13369,22.61415],[93.13399,22.61025],[93.13735,22.60332],[93.1376,22.60147],[93.13684,22.60014],[93.13704,22.598],[93.14019,22.59285],[93.14015,22.58889],[93.13906,22.58468],[93.13801,22.58284],[93.12858,22.57825],[93.12591,22.5753],[93.12492,22.5704],[93.12285,22.5673],[93.12068,22.56522],[93.11611,22.56391],[93.11491,22.56286],[93.11207,22.55762],[93.11182,22.55516],[93.11091,22.5536],[93.1096,22.54839],[93.10951,22.54083],[93.10603,22.53942],[93.10174,22.54244],[93.10078,22.54169],[93.09937,22.54212],[93.09653,22.5448],[93.09334,22.5451],[93.0891,22.5464],[93.08708,22.54883],[93.08447,22.55031],[93.08191,22.55375],[93.08108,22.55428],[93.08046,22.55382],[93.07924,22.54766],[93.07724,22.54497],[93.07752,22.54265],[93.07477,22.54035],[93.07381,22.5385],[93.07435,22.53597],[93.07656,22.53676],[93.07701,22.53528],[93.07541,22.53238],[93.0756,22.52959],[93.0746,22.52682],[93.07493,22.52561],[93.07261,22.52403],[93.07235,22.52328],[93.0724,22.51855],[93.07368,22.51654],[93.07301,22.51537],[93.07013,22.51486],[93.06158,22.51734],[93.05549,22.51795],[93.0535,22.51878],[93.05173,22.51855],[93.04873,22.51993],[93.04458,22.51935],[93.03504,22.51952],[93.02779,22.51659],[93.02296,22.5166],[93.02088,22.51608],[93.0222,22.51775],[93.02424,22.52323],[93.02231,22.53249],[93.02152,22.534],[93.02272,22.53573],[93.02158,22.5398],[93.02668,22.54892],[93.0276,22.55473],[93.02421,22.55797],[93.02145,22.56227],[93.01831,22.56205],[93.01609,22.56306],[93.01217,22.56366],[93.00831,22.56505],[93.00542,22.56639],[93.00219,22.56889],[92.99887,22.57003],[92.99469,22.57309],[92.99301,22.57379],[92.99429,22.58014],[92.99532,22.58217],[92.9952,22.584],[92.9939,22.58609],[92.99116,22.58702],[92.99043,22.58836],[92.99031,22.59012],[92.9928,22.59394],[92.99481,22.59523],[92.99577,22.59648],[92.99584,22.59833],[92.99527,22.59914],[92.99053,22.60225],[92.98144,22.60465],[92.97926,22.60824],[92.97991,22.61001],[92.97908,22.61298],[92.98031,22.61503],[92.97936,22.6171],[92.9811,22.6191],[92.98422,22.625],[92.98538,22.62622],[92.9867,22.62624],[92.98758,22.62751],[92.98928,22.63187],[92.98866,22.63415],[92.98687,22.63434],[92.98256,22.63227],[92.98116,22.63089],[92.97748,22.63142],[92.97639,22.62988],[92.97522,22.62968],[92.97248,22.63067],[92.97052,22.63242],[92.96826,22.63326],[92.96222,22.63356],[92.96192,22.63093],[92.95876,22.62708],[92.95681,22.62711],[92.95492,22.62655],[92.9513,22.62889],[92.95186,22.6311],[92.95146,22.6321],[92.94348,22.6392],[92.94093,22.64094],[92.93835,22.64383],[92.93518,22.65444],[92.93246,22.65894],[92.93165,22.66118],[92.93094,22.66446],[92.93326,22.67117],[92.93332,22.67347],[92.93274,22.67541],[92.93089,22.67824],[92.92991,22.68206],[92.93277,22.69471],[92.93347,22.7014],[92.93558,22.70652],[92.93574,22.70824],[92.93475,22.70972],[92.93164,22.71185],[92.93021,22.71363],[92.92373,22.71924],[92.91949,22.72123],[92.91604,22.72147],[92.91443,22.72235],[92.91285,22.72485],[92.91251,22.72674],[92.91333,22.73033],[92.91623,22.7346],[92.91653,22.73584],[92.91633,22.7434],[92.91799,22.74782],[92.92023,22.75089],[92.91765,22.76096],[92.91797,22.76488],[92.92165,22.7691],[92.9231,22.7717],[92.92545,22.77394],[92.92803,22.77494],[92.93128,22.77457],[92.9329,22.77622],[92.93315,22.77725],[92.93261,22.77958],[92.93016,22.78099],[92.92845,22.78132],[92.92313,22.78001],[92.92231,22.78141],[92.92359,22.78676],[92.92304,22.78934],[92.92398,22.79097],[92.92767,22.7924],[92.93018,22.79225],[92.93408,22.79032],[92.93722,22.79172],[92.94028,22.79012],[92.94304,22.79128],[92.9446,22.78901],[92.94445,22.78728],[92.94576,22.78718],[92.94678,22.78575],[92.94791,22.78556],[92.94922,22.78612],[92.95164,22.78514],[92.95377,22.78565],[92.95514,22.78279],[92.9579,22.78301],[92.95863,22.78059],[92.96077,22.78024],[92.96081,22.77688],[92.96141,22.77514],[92.96425,22.77317],[92.96517,22.77019],[92.96934,22.76727],[92.9707,22.76501],[92.97851,22.75735],[92.97853,22.75487],[92.97932,22.75481],[92.98174,22.75621],[92.98343,22.75533],[92.98535,22.7532],[92.98977,22.75471],[92.99098,22.75443],[92.99191,22.75277],[92.99268,22.75243],[92.99327,22.75246],[92.99518,22.7542],[93.00032,22.75352],[93.00274,22.75226],[93.00522,22.75306],[93.00966,22.7532],[93.01007,22.75502],[93.00875,22.76077],[93.009,22.76552],[93.01278,22.76835],[93.01617,22.76929],[93.01796,22.76908],[93.02012,22.77033],[93.02439,22.77155],[93.02757,22.77422],[93.03011,22.77557],[93.03136,22.77455],[93.0326,22.77245],[93.03732,22.77186],[93.04057,22.77002],[93.03899,22.7637],[93.04101,22.76159],[93.044,22.76088],[93.04745,22.75799],[93.04746,22.75193],[93.04822,22.74565],[93.05082,22.74289],[93.05147,22.74151],[93.05501,22.74282],[93.05606,22.7453],[93.05648,22.74861],[93.05787,22.75065],[93.05971,22.75191],[93.06313,22.75262],[93.06563,22.7537],[93.06713,22.75519],[93.06757,22.75735],[93.06723,22.76409],[93.06654,22.76516],[93.06627,22.76772],[93.06531,22.76984],[93.06606,22.77168],[93.06771,22.77335],[93.06894,22.77696],[93.06869,22.77859],[93.06945,22.78103],[93.06796,22.78554],[93.0651,22.78844],[93.06465,22.78961],[93.06357,22.78981],[93.06315,22.79104],[93.05956,22.79289],[93.05963,22.79377],[93.06078,22.7952],[93.06139,22.80249],[93.06107,22.80383],[93.06306,22.80486],[93.06422,22.80402],[93.0648,22.80421],[93.06546,22.80357],[93.06695,22.80358],[93.06832,22.8029],[93.07278,22.8049],[93.07412,22.80612],[93.07492,22.80768],[93.07965,22.80758],[93.08124,22.80875]]]]}},{"id":"10","type":"Feature","properties":{"state":"MIZORAM","state_lgd":"15","district":"KHAWZAWL","district_lgd":"703"},"geometry":{"type":"Polygon","coordinates":[[[93.10299,23.71615],[93.1045,23.71295],[93.10645,23.71206],[93.10654,23.71084],[93.10448,23.70775],[93.10239,23.70722],[93.09994,23.70581],[93.098,23.69913],[93.09686,23.69815],[93.09603,23.69635],[93.09607,23.69417],[93.09668,23.69292],[93.0962,23.69232],[93.09622,23.69008],[93.09543,23.6901],[93.09488,23.68945],[93.09614,23.68798],[93.09492,23.687],[93.09585,23.68591],[93.09559,23.68497],[93.09608,23.68444],[93.09512,23.68225],[93.09548,23.68013],[93.09489,23.6793],[93.09542,23.67802],[93.0938,23.67525],[93.09459,23.67426],[93.095,23.67249],[93.09511,23.67132],[93.09427,23.67046],[93.09553,23.66818],[93.09708,23.66661],[93.09727,23.66534],[93.09646,23.66387],[93.09723,23.66174],[93.09825,23.66119],[93.09923,23.659],[93.10124,23.65792],[93.10176,23.65562],[93.10391,23.65312],[93.10396,23.65223],[93.10596,23.65128],[93.1071,23.65013],[93.10855,23.64994],[93.10975,23.64901],[93.11044,23.64714],[93.11136,23.6464],[93.11187,23.64456],[93.11443,23.64359],[93.11557,23.64205],[93.11847,23.64152],[93.12025,23.63975],[93.12067,23.63943],[93.12104,23.63932],[93.12099,23.6403],[93.12001,23.64114],[93.12046,23.64262],[93.12004,23.64668],[93.11883,23.64904],[93.11796,23.65244],[93.11573,23.65622],[93.11551,23.65747],[93.11626,23.65958],[93.11526,23.66129],[93.11826,23.66717],[93.11816,23.66901],[93.11919,23.6695],[93.11941,23.67021],[93.11938,23.67151],[93.11749,23.67502],[93.11724,23.67659],[93.11749,23.68254],[93.11858,23.68386],[93.12111,23.68538],[93.12308,23.68616],[93.12625,23.68637],[93.12707,23.68691],[93.12698,23.68765],[93.12496,23.69037],[93.12515,23.69654],[93.1261,23.69966],[93.12806,23.69999],[93.13196,23.69843],[93.13421,23.69814],[93.13744,23.69632],[93.13991,23.69653],[93.14296,23.69818],[93.14878,23.6992],[93.15264,23.69866],[93.15465,23.69767],[93.15587,23.69646],[93.15621,23.69478],[93.15806,23.69194],[93.15788,23.69013],[93.15752,23.68814],[93.15617,23.68626],[93.15454,23.68023],[93.15373,23.6798],[93.15328,23.67784],[93.15528,23.67735],[93.1577,23.67602],[93.15823,23.67316],[93.16066,23.66796],[93.16113,23.66431],[93.1626,23.6632],[93.16435,23.6645],[93.16937,23.66389],[93.17199,23.66414],[93.17575,23.66906],[93.17856,23.66997],[93.179,23.67176],[93.18102,23.67254],[93.1821,23.67437],[93.186,23.67592],[93.18739,23.67861],[93.18725,23.68042],[93.19,23.68336],[93.19241,23.683],[93.19346,23.68006],[93.19518,23.67841],[93.1955,23.67459],[93.19672,23.67387],[93.19744,23.67059],[93.19904,23.66832],[93.20135,23.66121],[93.20183,23.65817],[93.20318,23.65496],[93.20535,23.65513],[93.20725,23.6537],[93.21381,23.65631],[93.22122,23.65559],[93.22235,23.65471],[93.22296,23.65274],[93.22568,23.65117],[93.22899,23.65028],[93.22923,23.64944],[93.22827,23.64901],[93.22863,23.64838],[93.23244,23.64677],[93.23617,23.6437],[93.23826,23.64402],[93.2425,23.64259],[93.24218,23.63807],[93.24115,23.63537],[93.24147,23.6335],[93.2408,23.63179],[93.24216,23.63045],[93.24554,23.62898],[93.24683,23.62671],[93.2474,23.62648],[93.24829,23.62214],[93.24933,23.62131],[93.24918,23.61819],[93.2511,23.61614],[93.2533,23.61485],[93.25453,23.61236],[93.25578,23.61104],[93.2558,23.60919],[93.25867,23.60842],[93.25837,23.60759],[93.25983,23.6076],[93.26085,23.6057],[93.26237,23.60589],[93.263,23.60444],[93.26551,23.60274],[93.26665,23.60105],[93.26842,23.60058],[93.26873,23.59978],[93.26957,23.5999],[93.27022,23.59923],[93.27077,23.59736],[93.27058,23.59525],[93.27282,23.59235],[93.27292,23.5912],[93.27187,23.59023],[93.27049,23.59115],[93.26957,23.59088],[93.27043,23.58915],[93.27043,23.58806],[93.26751,23.5866],[93.26624,23.58314],[93.26403,23.58207],[93.26014,23.57624],[93.2598,23.57411],[93.26171,23.57145],[93.26606,23.56799],[93.26637,23.56633],[93.26767,23.56686],[93.26836,23.56646],[93.27019,23.56304],[93.27165,23.56171],[93.27187,23.55882],[93.2745,23.55721],[93.2755,23.55287],[93.27938,23.55006],[93.2799,23.54859],[93.27955,23.54645],[93.28094,23.54401],[93.27958,23.53855],[93.27881,23.53212],[93.27752,23.53081],[93.27435,23.53005],[93.27323,23.52895],[93.27515,23.52666],[93.27394,23.52453],[93.27386,23.5231],[93.27434,23.51865],[93.27527,23.51646],[93.27278,23.51333],[93.27472,23.51044],[93.27393,23.50923],[93.27423,23.50754],[93.27357,23.5057],[93.27054,23.50627],[93.2694,23.50445],[93.26986,23.50272],[93.27174,23.50163],[93.27121,23.50052],[93.26949,23.49984],[93.26916,23.49914],[93.27161,23.49639],[93.26969,23.49485],[93.26618,23.49429],[93.26522,23.49285],[93.26559,23.4917],[93.26528,23.49092],[93.26076,23.48767],[93.25944,23.48413],[93.2584,23.48376],[93.25669,23.48465],[93.25641,23.48414],[93.25729,23.48001],[93.25495,23.47585],[93.25377,23.47467],[93.25664,23.47435],[93.25639,23.47149],[93.2571,23.47033],[93.2577,23.47022],[93.25841,23.47118],[93.25953,23.47131],[93.25959,23.46879],[93.25893,23.46601],[93.25828,23.46571],[93.2582,23.46505],[93.26066,23.46046],[93.2623,23.45959],[93.26257,23.45886],[93.26227,23.45758],[93.2608,23.45691],[93.26124,23.45453],[93.26031,23.45253],[93.2607,23.44222],[93.26237,23.43994],[93.26455,23.43489],[93.26933,23.43029],[93.27047,23.42809],[93.27309,23.42563],[93.2749,23.42046],[93.27507,23.41867],[93.27453,23.41711],[93.26946,23.40983],[93.27114,23.4066],[93.27072,23.40601],[93.2696,23.40706],[93.26849,23.40734],[93.26691,23.40611],[93.26785,23.40239],[93.2712,23.39959],[93.27168,23.39818],[93.27035,23.39699],[93.26731,23.39598],[93.2667,23.39342],[93.26465,23.39139],[93.2639,23.38886],[93.26318,23.38885],[93.26072,23.39088],[93.25853,23.39036],[93.25847,23.38988],[93.26016,23.38832],[93.25975,23.38736],[93.256,23.38958],[93.25337,23.38897],[93.24782,23.38983],[93.24545,23.38873],[93.24566,23.38706],[93.24645,23.38583],[93.24607,23.38518],[93.24504,23.3854],[93.24322,23.38687],[93.24136,23.38689],[93.23962,23.38892],[93.23686,23.38828],[93.23419,23.38883],[93.23195,23.38805],[93.22963,23.38636],[93.22999,23.38378],[93.22705,23.38549],[93.22616,23.38526],[93.22615,23.384],[93.22824,23.3805],[93.22658,23.37768],[93.22514,23.3773],[93.2218,23.37801],[93.21952,23.37764],[93.21801,23.37465],[93.2163,23.37341],[93.21637,23.37223],[93.21824,23.36967],[93.21529,23.36817],[93.21459,23.36656],[93.21461,23.36466],[93.22121,23.3585],[93.2214,23.35742],[93.22088,23.35673],[93.21853,23.35673],[93.21732,23.35557],[93.21577,23.35075],[93.21434,23.3488],[93.21281,23.34868],[93.21075,23.35045],[93.21007,23.35034],[93.20835,23.3418],[93.20825,23.3391],[93.20849,23.33844],[93.21025,23.33811],[93.21099,23.33725],[93.2106,23.3302],[93.20508,23.32791],[93.20485,23.32701],[93.20553,23.32534],[93.20078,23.32148],[93.20077,23.31518],[93.20276,23.30924],[93.20479,23.30526],[93.20494,23.30364],[93.20423,23.30266],[93.20223,23.30176],[93.19991,23.29808],[93.19907,23.29369],[93.19821,23.29193],[93.1968,23.29043],[93.19376,23.28877],[93.19271,23.28738],[93.19263,23.28416],[93.19321,23.28148],[93.19367,23.28103],[93.19708,23.28072],[93.19757,23.27996],[93.1939,23.27699],[93.19243,23.27498],[93.18882,23.27512],[93.18394,23.2737],[93.18032,23.27146],[93.17944,23.2704],[93.17784,23.26975],[93.18034,23.26331],[93.18393,23.26031],[93.18347,23.25727],[93.18078,23.25255],[93.18026,23.24832],[93.1755,23.2443],[93.17586,23.24052],[93.17298,23.23782],[93.16884,23.23572],[93.16754,23.23439],[93.16743,23.23074],[93.16507,23.22812],[93.16347,23.223],[93.16095,23.22138],[93.16079,23.22006],[93.15934,23.21846],[93.15963,23.21674],[93.16076,23.21585],[93.16212,23.21555],[93.16407,23.21381],[93.16711,23.2096],[93.16653,23.20927],[93.16352,23.20989],[93.16272,23.20959],[93.16226,23.20733],[93.16007,23.20478],[93.15934,23.20108],[93.15802,23.2007],[93.15815,23.19905],[93.15693,23.19939],[93.15428,23.1992],[93.15118,23.20027],[93.14913,23.20017],[93.14606,23.20219],[93.14329,23.20535],[93.14272,23.208],[93.13906,23.21332],[93.13688,23.21537],[93.13647,23.21676],[93.13538,23.21653],[93.12903,23.22263],[93.12336,23.22435],[93.11935,23.22849],[93.11524,23.23076],[93.11332,23.23136],[93.10857,23.2284],[93.10575,23.22776],[93.10306,23.22584],[93.10116,23.22533],[93.09981,23.22787],[93.09724,23.23012],[93.09774,23.23371],[93.09647,23.23595],[93.09562,23.23629],[93.09144,23.23586],[93.08759,23.2369],[93.0848,23.23678],[93.08361,23.23788],[93.08215,23.24058],[93.08095,23.24089],[93.07843,23.2404],[93.07452,23.24205],[93.0733,23.24314],[93.06487,23.23655],[93.05904,23.2409],[93.0568,23.24128],[93.05116,23.24668],[93.04485,23.24883],[93.04321,23.249],[93.04171,23.25084],[93.03997,23.25163],[93.03769,23.25376],[93.03424,23.25353],[93.03279,23.25397],[93.03204,23.25501],[93.0316,23.26002],[93.0309,23.2606],[93.02873,23.26069],[93.02765,23.26198],[93.0281,23.26287],[93.03094,23.26475],[93.03081,23.26581],[93.0285,23.26683],[93.02578,23.2668],[93.02396,23.26792],[93.02121,23.26765],[93.01951,23.26798],[93.01491,23.27183],[93.01116,23.27385],[93.00702,23.28154],[93.00691,23.28737],[93.0051,23.29045],[93.00538,23.29716],[93.00676,23.3014],[93.00587,23.30347],[93.00584,23.30481],[93.01186,23.31052],[93.01372,23.31361],[93.01894,23.31876],[93.02089,23.31985],[93.02518,23.32118],[93.02749,23.32483],[93.03113,23.32605],[93.03192,23.32679],[93.0325,23.32818],[93.03248,23.33033],[93.03442,23.33247],[93.03382,23.33663],[93.03473,23.33774],[93.03517,23.33993],[93.03658,23.3417],[93.03717,23.34337],[93.03684,23.3457],[93.03575,23.34698],[93.03709,23.34827],[93.03969,23.34891],[93.04168,23.35446],[93.04092,23.35738],[93.04213,23.35846],[93.0425,23.36104],[93.0446,23.36392],[93.04566,23.36684],[93.04795,23.36835],[93.04859,23.36973],[93.04904,23.37162],[93.04859,23.37276],[93.04627,23.37454],[93.04532,23.37629],[93.04138,23.37912],[93.03754,23.3843],[93.03623,23.38727],[93.03586,23.39233],[93.03304,23.39456],[93.0323,23.39684],[93.03247,23.39769],[93.03424,23.39944],[93.03604,23.4],[93.03998,23.40085],[93.04381,23.40078],[93.04747,23.40196],[93.05331,23.4029],[93.05469,23.40279],[93.05671,23.4009],[93.05824,23.40062],[93.05955,23.39968],[93.06171,23.40043],[93.06326,23.40027],[93.0665,23.39709],[93.06826,23.39729],[93.07411,23.40111],[93.0772,23.40345],[93.07891,23.40555],[93.07956,23.40952],[93.08227,23.41378],[93.08372,23.42269],[93.0851,23.42541],[93.08493,23.42958],[93.08575,23.43332],[93.09344,23.44026],[93.09772,23.44285],[93.09893,23.4465],[93.09781,23.45102],[93.09455,23.45094],[93.09064,23.45259],[93.0868,23.45325],[93.08386,23.45563],[93.0798,23.45518],[93.07794,23.4561],[93.07527,23.45831],[93.06997,23.465],[93.07005,23.46822],[93.07064,23.46886],[93.0787,23.46768],[93.08044,23.46807],[93.08169,23.46925],[93.08161,23.47027],[93.07931,23.47228],[93.07856,23.47383],[93.07748,23.47808],[93.0724,23.47737],[93.06635,23.47763],[93.06423,23.4768],[93.06049,23.47733],[93.056,23.4797],[93.05296,23.48233],[93.04909,23.48478],[93.04465,23.48538],[93.0425,23.48411],[93.0412,23.48419],[93.03656,23.4776],[93.03572,23.47522],[93.03398,23.47371],[93.0324,23.47282],[93.02712,23.47229],[93.02298,23.47072],[93.02067,23.47196],[93.02047,23.47311],[93.0195,23.47406],[93.01108,23.47711],[93.00821,23.47897],[93.00618,23.48117],[93.00423,23.48186],[93.0025,23.48337],[93.0024,23.4842],[93.0049,23.48742],[93.00467,23.48937],[93.0063,23.48891],[93.00645,23.4907],[93.00751,23.49099],[93.00862,23.49201],[93.00932,23.49142],[93.00977,23.49159],[93.00997,23.49395],[93.01134,23.49507],[93.01151,23.49669],[93.01074,23.49776],[93.01216,23.49831],[93.01145,23.49951],[93.01263,23.50143],[93.0122,23.5031],[93.01348,23.50308],[93.01399,23.50414],[93.01614,23.50496],[93.01562,23.50611],[93.01589,23.50686],[93.01732,23.50869],[93.01783,23.50823],[93.01826,23.50841],[93.01765,23.51001],[93.01843,23.51023],[93.02093,23.50942],[93.02002,23.51055],[93.02028,23.51094],[93.02381,23.51098],[93.02403,23.51269],[93.02496,23.51429],[93.02629,23.5133],[93.02997,23.51424],[93.03189,23.51354],[93.03305,23.51382],[93.03641,23.51647],[93.03665,23.51776],[93.03939,23.51895],[93.04059,23.52178],[93.04022,23.52301],[93.04087,23.52386],[93.03949,23.52685],[93.03825,23.5274],[93.03947,23.5287],[93.03966,23.53094],[93.03833,23.53186],[93.03955,23.53618],[93.03942,23.53664],[93.03796,23.53675],[93.03688,23.53755],[93.03846,23.53881],[93.03853,23.5396],[93.03751,23.54062],[93.03901,23.54202],[93.03809,23.54325],[93.03825,23.54533],[93.0367,23.54735],[93.03695,23.5517],[93.03494,23.55089],[93.03329,23.5531],[93.03383,23.56009],[93.03575,23.56096],[93.03676,23.56196],[93.03516,23.5619],[93.03393,23.56242],[93.03278,23.56168],[93.03249,23.56517],[93.03168,23.5649],[93.03137,23.56537],[93.0331,23.56651],[93.03364,23.56814],[93.03355,23.57107],[93.03508,23.57521],[93.03286,23.57779],[93.03134,23.57835],[93.03164,23.57988],[93.03099,23.58145],[93.03117,23.58343],[93.02961,23.58529],[93.0285,23.5903],[93.02918,23.59415],[93.02791,23.59706],[93.0283,23.59856],[93.02777,23.60064],[93.0282,23.60343],[93.02946,23.60511],[93.02936,23.60646],[93.0282,23.60893],[93.02955,23.6118],[93.02849,23.61358],[93.0293,23.61596],[93.02811,23.61925],[93.02934,23.62321],[93.02828,23.6258],[93.02872,23.62636],[93.0297,23.62632],[93.0301,23.62673],[93.02844,23.62869],[93.02761,23.63077],[93.02866,23.63182],[93.03128,23.63284],[93.03006,23.63834],[93.0319,23.64064],[93.03155,23.64268],[93.03261,23.64517],[93.03263,23.64724],[93.03188,23.6489],[93.03086,23.64977],[93.03184,23.65127],[93.03099,23.65215],[93.03105,23.65474],[93.03052,23.65497],[93.02951,23.65389],[93.0288,23.65422],[93.02854,23.6556],[93.02965,23.65878],[93.0276,23.65986],[93.02747,23.66185],[93.02801,23.66331],[93.02734,23.66689],[93.02791,23.66888],[93.02737,23.67291],[93.02602,23.67421],[93.02594,23.67496],[93.02796,23.67782],[93.02908,23.67732],[93.03235,23.67756],[93.03287,23.6771],[93.0337,23.67788],[93.03475,23.67776],[93.03572,23.68096],[93.03643,23.68171],[93.03809,23.68197],[93.03733,23.68335],[93.0383,23.68407],[93.04058,23.68266],[93.04114,23.68154],[93.04395,23.67959],[93.04685,23.67849],[93.04751,23.67918],[93.04852,23.67875],[93.04942,23.67939],[93.04962,23.67799],[93.05267,23.67646],[93.05248,23.67576],[93.05356,23.67642],[93.05555,23.67546],[93.05718,23.6765],[93.05766,23.67601],[93.05854,23.67631],[93.05902,23.67577],[93.05911,23.67704],[93.06009,23.67646],[93.06061,23.67667],[93.06006,23.67716],[93.06039,23.67779],[93.05957,23.67859],[93.05969,23.67927],[93.06043,23.67944],[93.06126,23.67877],[93.06168,23.67918],[93.06257,23.6789],[93.06259,23.68056],[93.06182,23.68099],[93.06266,23.68177],[93.0625,23.68392],[93.06174,23.68451],[93.06302,23.68485],[93.06572,23.68361],[93.06616,23.68444],[93.06921,23.68362],[93.06903,23.67963],[93.07015,23.67788],[93.0701,23.67626],[93.07114,23.67659],[93.07142,23.6773],[93.07306,23.67753],[93.07292,23.67884],[93.07392,23.67886],[93.07494,23.67766],[93.07492,23.67575],[93.07598,23.67616],[93.07725,23.67417],[93.07894,23.67386],[93.08152,23.67196],[93.08398,23.67222],[93.0842,23.66922],[93.08462,23.66889],[93.08576,23.66925],[93.08773,23.66889],[93.08716,23.67156],[93.08815,23.6757],[93.0874,23.6768],[93.08735,23.68086],[93.0868,23.68251],[93.08948,23.69247],[93.0891,23.69513],[93.08985,23.6974],[93.08928,23.69845],[93.09107,23.70117],[93.09183,23.70418],[93.09295,23.70597],[93.09258,23.70674],[93.09313,23.70762],[93.09282,23.71181],[93.09384,23.71316],[93.09431,23.71546],[93.09507,23.71561],[93.09528,23.7176],[93.09627,23.71845],[93.09621,23.71992],[93.09758,23.72043],[93.09938,23.72221],[93.10054,23.7224],[93.10159,23.7243],[93.10526,23.72687],[93.10467,23.72912],[93.10616,23.72808],[93.10699,23.72475],[93.10622,23.72444],[93.10549,23.72229],[93.10602,23.72012],[93.1058,23.71892],[93.10516,23.71776],[93.10299,23.71615]]]}}]}