{"type":"FeatureCollection","features":[{"id":"0","type":"Feature","properties":{"state":"NAGALAND","state_lgd":"13","district":"MON","district_lgd":"261"},"geometry":{"type":"Polygon","coordinates":[[[95.19318,27.03222],[95.19462,27.03261],[95.19726,26.99772],[95.19709,26.99679],[95.19542,26.9949],[95.19337,26.99464],[95.19307,26.99397],[95.19095,26.99337],[95.19087,26.99262],[95.19215,26.9918],[95.19123,26.98951],[95.19175,26.98835],[95.19136,26.98694],[95.19288,26.98713],[95.19318,26.98666],[95.19173,26.98524],[95.19263,26.98422],[95.19331,26.98462],[95.19361,26.98374],[95.19504,26.98306],[95.19587,26.98197],[95.19662,26.98217],[95.19761,26.98345],[95.20032,26.98087],[95.20092,26.9812],[95.20101,26.98296],[95.20267,26.98214],[95.20296,26.98011],[95.20477,26.97963],[95.20507,26.97908],[95.20408,26.97862],[95.20377,26.97753],[95.20287,26.97828],[95.20135,26.97721],[95.2021,26.97565],[95.20179,26.97423],[95.2039,26.97415],[95.20328,26.97158],[95.20539,26.97082],[95.20531,26.96961],[95.20607,26.97021],[95.20675,26.97001],[95.20667,26.96899],[95.20764,26.96817],[95.2093,26.96783],[95.2102,26.96633],[95.21156,26.96653],[95.2114,26.96443],[95.20936,26.96431],[95.20882,26.9639],[95.20821,26.96147],[95.20722,26.96114],[95.20533,26.96142],[95.20396,26.95946],[95.20373,26.95811],[95.20312,26.95804],[95.2026,26.95872],[95.20214,26.95852],[95.20273,26.95601],[95.20537,26.95444],[95.20869,26.95402],[95.20921,26.95307],[95.20921,26.95267],[95.20777,26.95247],[95.20709,26.95166],[95.20935,26.95091],[95.20889,26.94942],[95.20971,26.94813],[95.20797,26.94787],[95.20706,26.94633],[95.2078,26.94442],[95.20665,26.94226],[95.20868,26.94049],[95.20889,26.93852],[95.20972,26.93757],[95.20956,26.93581],[95.21224,26.93031],[95.21624,26.92914],[95.22092,26.92885],[95.22657,26.92652],[95.22588,26.92564],[95.22633,26.92449],[95.22799,26.92428],[95.23009,26.92285],[95.22955,26.92163],[95.23015,26.92021],[95.23196,26.9202],[95.23173,26.91918],[95.23247,26.91755],[95.23239,26.91627],[95.23118,26.91587],[95.23102,26.91458],[95.23011,26.91425],[95.23048,26.91357],[95.22905,26.91331],[95.22889,26.91277],[95.23047,26.91195],[95.22948,26.91073],[95.22978,26.90951],[95.22902,26.9083],[95.2309,26.907],[95.23089,26.90585],[95.23186,26.90476],[95.23171,26.90375],[95.2323,26.90287],[95.23002,26.90071],[95.23054,26.89936],[95.22941,26.89835],[95.22871,26.89625],[95.2269,26.89531],[95.22974,26.89164],[95.23008,26.88521],[95.23052,26.88447],[95.22816,26.88103],[95.22635,26.8811],[95.22423,26.8803],[95.22152,26.88079],[95.21821,26.88311],[95.21497,26.88394],[95.2096,26.88254],[95.2084,26.88268],[95.20837,26.87923],[95.20185,26.87358],[95.20064,26.87311],[95.19995,26.87149],[95.19814,26.87129],[95.19428,26.86996],[95.19231,26.86902],[95.19117,26.86767],[95.18936,26.86782],[95.1892,26.86687],[95.1883,26.86694],[95.18784,26.866],[95.18588,26.86587],[95.18177,26.86149],[95.18198,26.85824],[95.18106,26.85649],[95.18204,26.85594],[95.18355,26.856],[95.18535,26.85457],[95.18526,26.85166],[95.18661,26.85016],[95.18683,26.84834],[95.1875,26.84793],[95.18924,26.84765],[95.18976,26.8471],[95.19142,26.84703],[95.1936,26.84526],[95.19436,26.84566],[95.19309,26.84749],[95.19354,26.8483],[95.20001,26.84495],[95.20115,26.84536],[95.20206,26.84684],[95.20304,26.84656],[95.2037,26.84406],[95.20181,26.84292],[95.19832,26.83901],[95.19808,26.83765],[95.19702,26.83624],[95.19814,26.83535],[95.197,26.83353],[95.19768,26.83319],[95.19782,26.83238],[95.19683,26.83076],[95.19834,26.83034],[95.1996,26.8277],[95.1974,26.82419],[95.19739,26.82317],[95.19769,26.82222],[95.19978,26.81991],[95.2002,26.81429],[95.20445,26.80655],[95.20512,26.80418],[95.20549,26.80377],[95.20851,26.80403],[95.2094,26.80118],[95.21203,26.79914],[95.21172,26.79813],[95.20734,26.79808],[95.20756,26.79625],[95.20846,26.79496],[95.21146,26.79264],[95.21409,26.79175],[95.21499,26.78992],[95.21672,26.78944],[95.21921,26.78963],[95.22229,26.78812],[95.22448,26.78838],[95.22575,26.78668],[95.22839,26.78572],[95.23269,26.78692],[95.2336,26.78678],[95.23412,26.78617],[95.23804,26.78588],[95.23925,26.78533],[95.23909,26.78452],[95.2372,26.78425],[95.23802,26.78283],[95.23991,26.78302],[95.24082,26.7839],[95.24225,26.78342],[95.24232,26.7824],[95.24149,26.78213],[95.24216,26.78139],[95.24178,26.78098],[95.23551,26.77932],[95.23512,26.77689],[95.23429,26.77682],[95.23233,26.77799],[95.23181,26.77785],[95.2315,26.77738],[95.23255,26.77649],[95.23225,26.77616],[95.23021,26.77576],[95.22976,26.77631],[95.22855,26.77523],[95.22861,26.77408],[95.22763,26.773],[95.22777,26.77138],[95.22965,26.77021],[95.23025,26.77096],[95.2307,26.76926],[95.23242,26.76824],[95.23196,26.76702],[95.23106,26.76662],[95.23105,26.76527],[95.22832,26.76406],[95.22703,26.76204],[95.22567,26.76218],[95.22401,26.76165],[95.22271,26.75834],[95.22066,26.75625],[95.21644,26.75593],[95.21597,26.75431],[95.21627,26.75356],[95.21543,26.75249],[95.2155,26.751],[95.21465,26.74829],[95.2157,26.74659],[95.21886,26.74651],[95.21901,26.7457],[95.21566,26.73989],[95.21503,26.73678],[95.21041,26.73193],[95.20948,26.72909],[95.21031,26.72835],[95.21242,26.72786],[95.21693,26.72574],[95.22226,26.7226],[95.22787,26.71634],[95.22651,26.71034],[95.22824,26.70913],[95.23129,26.70937],[95.23186,26.70893],[95.23317,26.70586],[95.23317,26.70413],[95.23267,26.70306],[95.23028,26.70088],[95.23108,26.69906],[95.23116,26.6974],[95.23008,26.69359],[95.23215,26.68681],[95.23261,26.6837],[95.23376,26.68208],[95.23234,26.67877],[95.22947,26.6761],[95.22924,26.67366],[95.22756,26.67251],[95.22562,26.66927],[95.22188,26.66618],[95.21964,26.66084],[95.21403,26.65705],[95.21405,26.65421],[95.21225,26.65123],[95.2096,26.64885],[95.20727,26.64741],[95.20049,26.64545],[95.19961,26.64479],[95.19972,26.64266],[95.19912,26.64246],[95.19573,26.6426],[95.19406,26.64173],[95.19178,26.64149],[95.18762,26.6428],[95.18472,26.64225],[95.18358,26.64141],[95.18317,26.64254],[95.18068,26.64276],[95.18001,26.64149],[95.17482,26.63901],[95.17126,26.63574],[95.16686,26.63444],[95.16652,26.63253],[95.16747,26.63004],[95.1675,26.62751],[95.16463,26.62487],[95.16322,26.62166],[95.15485,26.61761],[95.14893,26.61587],[95.14891,26.61354],[95.14728,26.61033],[95.14729,26.60831],[95.1482,26.60646],[95.14786,26.60235],[95.14661,26.601],[95.1479,26.59711],[95.14656,26.59305],[95.14863,26.58987],[95.15032,26.58906],[95.1503,26.5876],[95.15108,26.58595],[95.15341,26.5845],[95.15419,26.58314],[95.15018,26.58021],[95.14786,26.57914],[95.14643,26.57621],[95.1465,26.57548],[95.14727,26.57478],[95.14096,26.56741],[95.14138,26.56507],[95.14,26.56379],[95.13851,26.56052],[95.13892,26.55656],[95.13504,26.55693],[95.1324,26.5566],[95.13066,26.55824],[95.12959,26.55862],[95.1256,26.55809],[95.12444,26.55739],[95.12296,26.55552],[95.12336,26.55281],[95.12243,26.5515],[95.11943,26.55026],[95.11585,26.54788],[95.11353,26.54753],[95.11204,26.5456],[95.10755,26.54154],[95.10725,26.54043],[95.10774,26.53959],[95.11047,26.53826],[95.11084,26.53661],[95.11332,26.53584],[95.11405,26.53224],[95.11364,26.52919],[95.11617,26.524],[95.11456,26.52132],[95.11454,26.51851],[95.1121,26.51555],[95.10973,26.51357],[95.10778,26.51076],[95.10615,26.50944],[95.1057,26.50822],[95.10025,26.50579],[95.09948,26.50322],[95.09999,26.50059],[95.09934,26.49785],[95.09794,26.49618],[95.09648,26.49277],[95.09397,26.49193],[95.09157,26.49038],[95.08953,26.49029],[95.08628,26.48774],[95.08523,26.48594],[95.0841,26.48524],[95.08394,26.48424],[95.0846,26.48332],[95.08327,26.48353],[95.08246,26.48261],[95.08231,26.48167],[95.08331,26.48054],[95.08298,26.47962],[95.07673,26.47645],[95.07658,26.47507],[95.07276,26.47238],[95.0729,26.46932],[95.07176,26.46759],[95.07161,26.46402],[95.07074,26.4634],[95.06901,26.46309],[95.06805,26.46229],[95.06656,26.45735],[95.06479,26.45498],[95.06339,26.45166],[95.06201,26.45044],[95.06295,26.44536],[95.06391,26.44346],[95.06614,26.44177],[95.06682,26.44202],[95.06732,26.44393],[95.07133,26.44565],[95.07216,26.44631],[95.0729,26.44792],[95.07359,26.44791],[95.07491,26.4465],[95.07668,26.44586],[95.08113,26.44628],[95.08231,26.44704],[95.08429,26.44715],[95.08429,26.44456],[95.0852,26.4441],[95.08581,26.44274],[95.08715,26.44304],[95.08697,26.44119],[95.08838,26.44047],[95.09408,26.43542],[95.09496,26.43316],[95.0956,26.43267],[95.09487,26.432],[95.0949,26.43108],[95.09689,26.43017],[95.09872,26.42709],[95.09887,26.42571],[95.10092,26.42314],[95.10386,26.42066],[95.10238,26.41358],[95.1031,26.41244],[95.09881,26.40676],[95.09796,26.4043],[95.09812,26.40249],[95.09645,26.40105],[95.09981,26.39517],[95.09977,26.39373],[95.10254,26.39435],[95.10461,26.39563],[95.10838,26.39528],[95.11307,26.39282],[95.11409,26.39127],[95.11635,26.39114],[95.11753,26.39045],[95.11863,26.38953],[95.11951,26.38751],[95.12078,26.38643],[95.12535,26.3879],[95.12864,26.38578],[95.12948,26.38454],[95.13019,26.38121],[95.13214,26.37784],[95.13204,26.3766],[95.13061,26.37484],[95.13081,26.37073],[95.12882,26.36738],[95.12826,26.36514],[95.12573,26.36191],[95.12432,26.36105],[95.12248,26.35766],[95.12349,26.35542],[95.12293,26.35354],[95.12318,26.35192],[95.12269,26.35099],[95.12144,26.35],[95.12032,26.35011],[95.11621,26.35181],[95.11342,26.35367],[95.11163,26.35364],[95.10951,26.35185],[95.10913,26.34902],[95.10738,26.34717],[95.10595,26.34676],[95.10126,26.34665],[95.10061,26.34243],[95.10018,26.34208],[95.09804,26.34247],[95.09766,26.34211],[95.09766,26.33958],[95.09691,26.33666],[95.09747,26.33379],[95.09846,26.33233],[95.09589,26.33227],[95.09217,26.33326],[95.09225,26.33076],[95.09375,26.32561],[95.0927,26.32262],[95.09568,26.31795],[95.09048,26.31437],[95.0809,26.31201],[95.0781,26.30857],[95.07326,26.30936],[95.07056,26.30918],[95.06774,26.3069],[95.06462,26.30597],[95.06347,26.3037],[95.06151,26.30326],[95.05954,26.3044],[95.05824,26.30666],[95.05872,26.30982],[95.05752,26.31392],[95.05412,26.31728],[95.05218,26.3185],[95.05156,26.31836],[95.04973,26.31737],[95.04807,26.31501],[95.04283,26.31299],[95.04217,26.31313],[95.03905,26.31705],[95.0373,26.31788],[95.03486,26.31761],[95.03493,26.31886],[95.03822,26.32161],[95.03785,26.32292],[95.03474,26.3226],[95.03104,26.32486],[95.02721,26.32853],[95.02602,26.3273],[95.02468,26.32455],[95.02184,26.32422],[95.0198,26.32348],[95.01502,26.32316],[95.00879,26.32108],[95.0078,26.32016],[95.00806,26.31818],[95.01323,26.31375],[95.01423,26.31158],[95.01344,26.31138],[95.00789,26.31228],[95.00724,26.31115],[95.00729,26.30723],[95.00632,26.30725],[95.00503,26.30802],[95.00377,26.30594],[95.00209,26.30526],[94.99897,26.30556],[94.99686,26.30788],[94.99514,26.30816],[94.99263,26.30567],[94.99144,26.3038],[94.99148,26.30154],[94.99245,26.29936],[94.99136,26.29895],[94.98858,26.29912],[94.98713,26.29817],[94.98584,26.29489],[94.98419,26.29383],[94.98294,26.29352],[94.9807,26.29424],[94.97971,26.29401],[94.97777,26.29726],[94.97483,26.29788],[94.97278,26.30031],[94.96598,26.30188],[94.96037,26.30472],[94.95638,26.30942],[94.95458,26.31008],[94.9529,26.31155],[94.9493,26.31295],[94.94793,26.31433],[94.94695,26.31412],[94.94602,26.31319],[94.94404,26.30939],[94.94164,26.31304],[94.93935,26.31213],[94.93576,26.30935],[94.92992,26.3112],[94.92746,26.31116],[94.922,26.3141],[94.91951,26.31671],[94.91707,26.31807],[94.91541,26.3183],[94.913,26.32004],[94.9112,26.32527],[94.90843,26.32853],[94.90447,26.33518],[94.90229,26.33754],[94.901,26.34211],[94.90261,26.34615],[94.9002,26.34886],[94.90051,26.3501],[94.89837,26.34927],[94.89826,26.34716],[94.89775,26.34681],[94.89575,26.34716],[94.89908,26.35588],[94.90245,26.35743],[94.90289,26.35826],[94.90258,26.35924],[94.90364,26.36193],[94.90491,26.36298],[94.90786,26.36359],[94.90899,26.36523],[94.90893,26.3678],[94.91054,26.3728],[94.90964,26.37501],[94.91049,26.37593],[94.9106,26.37714],[94.91015,26.37848],[94.90799,26.37943],[94.90773,26.38072],[94.91139,26.38132],[94.91386,26.38247],[94.9157,26.38397],[94.9161,26.38516],[94.91503,26.38757],[94.91279,26.38947],[94.9099,26.39367],[94.91026,26.39464],[94.9122,26.39646],[94.91313,26.39884],[94.9145,26.40023],[94.90912,26.40236],[94.90473,26.40289],[94.90401,26.40432],[94.90418,26.40715],[94.90627,26.41035],[94.9044,26.41262],[94.9015,26.41332],[94.9018,26.41626],[94.90138,26.41765],[94.9004,26.41821],[94.89728,26.41786],[94.89565,26.41863],[94.89578,26.42002],[94.89672,26.42165],[94.89659,26.42391],[94.89522,26.42413],[94.89313,26.42333],[94.89261,26.42394],[94.89311,26.42665],[94.89527,26.42926],[94.89662,26.42986],[94.89997,26.42939],[94.90051,26.42992],[94.90065,26.43082],[94.8982,26.43375],[94.8984,26.43437],[94.90132,26.43603],[94.90154,26.43758],[94.90087,26.43816],[94.89857,26.43861],[94.8979,26.44026],[94.89829,26.4409],[94.902,26.44222],[94.90262,26.44461],[94.90163,26.4458],[94.89879,26.44597],[94.89851,26.44658],[94.90223,26.44982],[94.90256,26.45112],[94.90213,26.45427],[94.90323,26.45459],[94.90525,26.45386],[94.90581,26.45465],[94.9034,26.45723],[94.90221,26.46108],[94.90263,26.46432],[94.89961,26.4676],[94.89756,26.46831],[94.89661,26.46946],[94.89716,26.47168],[94.89684,26.4729],[94.89408,26.47358],[94.89378,26.47603],[94.8933,26.47663],[94.89229,26.47653],[94.89071,26.47558],[94.88962,26.47558],[94.88919,26.47613],[94.88975,26.47707],[94.89176,26.47776],[94.89337,26.48068],[94.89578,26.48114],[94.89658,26.48195],[94.89602,26.48366],[94.89638,26.48554],[94.89598,26.48616],[94.89427,26.48638],[94.8928,26.48721],[94.89117,26.48634],[94.89115,26.4869],[94.893,26.48874],[94.89367,26.49168],[94.89158,26.49272],[94.89262,26.49385],[94.893,26.49517],[94.89044,26.49777],[94.89146,26.50005],[94.89062,26.50236],[94.89185,26.50391],[94.89255,26.50383],[94.89317,26.50214],[94.89285,26.49919],[94.8933,26.49867],[94.8942,26.49878],[94.89724,26.50299],[94.89762,26.50543],[94.89705,26.50616],[94.89357,26.50715],[94.89152,26.50692],[94.88863,26.5075],[94.88462,26.50972],[94.88488,26.51338],[94.8858,26.51529],[94.88655,26.51929],[94.88998,26.5227],[94.88989,26.52363],[94.88197,26.53859],[94.88242,26.54552],[94.88034,26.55129],[94.88112,26.55316],[94.88476,26.55627],[94.88806,26.5559],[94.89088,26.55673],[94.89244,26.55661],[94.89385,26.56021],[94.89292,26.56055],[94.8912,26.55946],[94.88912,26.55999],[94.88804,26.55953],[94.88757,26.56087],[94.88134,26.55923],[94.88168,26.56349],[94.88232,26.5644],[94.88379,26.56498],[94.88606,26.56502],[94.88724,26.5661],[94.88327,26.57276],[94.88049,26.5733],[94.88057,26.57566],[94.87944,26.57748],[94.88131,26.57942],[94.87991,26.58204],[94.88059,26.58352],[94.88179,26.58419],[94.884,26.58402],[94.8855,26.58447],[94.88641,26.58709],[94.88794,26.58869],[94.88935,26.58906],[94.89242,26.58869],[94.89334,26.58949],[94.89267,26.59128],[94.89003,26.59227],[94.88849,26.59183],[94.88641,26.58982],[94.88505,26.58933],[94.88441,26.59001],[94.88376,26.59485],[94.88455,26.59579],[94.88743,26.59576],[94.88865,26.59768],[94.89103,26.59706],[94.89232,26.59784],[94.89382,26.60014],[94.89388,26.60099],[94.89016,26.60257],[94.88968,26.60373],[94.89117,26.60414],[94.89307,26.60289],[94.89401,26.60284],[94.89477,26.60364],[94.89454,26.60476],[94.89039,26.60634],[94.88839,26.60523],[94.88651,26.6052],[94.88457,26.60653],[94.88406,26.60792],[94.88608,26.61051],[94.88521,26.61194],[94.88459,26.61463],[94.88339,26.61588],[94.88204,26.61545],[94.87995,26.612],[94.87437,26.60906],[94.87324,26.60895],[94.87167,26.60977],[94.87086,26.61314],[94.87025,26.61366],[94.86797,26.61161],[94.86518,26.61317],[94.86038,26.614],[94.85674,26.61081],[94.85524,26.6102],[94.85434,26.61089],[94.85345,26.61341],[94.85257,26.61399],[94.84765,26.61259],[94.84076,26.61478],[94.83908,26.61733],[94.83519,26.61881],[94.83071,26.62244],[94.8265,26.62196],[94.82224,26.62236],[94.81923,26.62451],[94.81613,26.62265],[94.81475,26.62232],[94.81296,26.62441],[94.80838,26.62513],[94.80681,26.62586],[94.80366,26.63043],[94.80046,26.63129],[94.79303,26.63088],[94.79086,26.63297],[94.78738,26.63305],[94.7867,26.6338],[94.78675,26.63471],[94.78831,26.63729],[94.78659,26.64037],[94.78638,26.64257],[94.78799,26.64903],[94.78712,26.652],[94.78752,26.65503],[94.78668,26.65585],[94.78393,26.65699],[94.78,26.65778],[94.7795,26.65873],[94.78449,26.66469],[94.78622,26.66785],[94.78587,26.6693],[94.78403,26.67078],[94.78133,26.67194],[94.78111,26.67314],[94.78267,26.67529],[94.78587,26.67651],[94.78746,26.67799],[94.78837,26.67998],[94.7901,26.68843],[94.78921,26.68982],[94.78336,26.69292],[94.78003,26.69535],[94.77997,26.69842],[94.78091,26.69925],[94.78317,26.69964],[94.78814,26.69868],[94.79187,26.69481],[94.79324,26.69418],[94.79833,26.6933],[94.80259,26.68985],[94.80489,26.68924],[94.80596,26.6899],[94.8065,26.69124],[94.80473,26.69612],[94.80551,26.69751],[94.80723,26.69757],[94.8125,26.69511],[94.81491,26.69584],[94.81886,26.70271],[94.82358,26.70726],[94.82566,26.71207],[94.83085,26.71501],[94.83343,26.71715],[94.83422,26.71869],[94.83349,26.71947],[94.83031,26.72095],[94.82626,26.72432],[94.82541,26.72597],[94.82564,26.73122],[94.82134,26.7365],[94.81815,26.73956],[94.81718,26.74188],[94.81581,26.74357],[94.81332,26.7448],[94.80838,26.74444],[94.80777,26.74496],[94.80726,26.74732],[94.80437,26.74915],[94.80298,26.75477],[94.80115,26.75711],[94.79874,26.75913],[94.79802,26.76091],[94.79946,26.76255],[94.80455,26.76411],[94.80558,26.76632],[94.80494,26.76781],[94.80364,26.76882],[94.80123,26.7687],[94.7991,26.76553],[94.79837,26.76512],[94.79704,26.76566],[94.79584,26.76788],[94.79402,26.76788],[94.79361,26.76847],[94.79368,26.76953],[94.79516,26.77066],[94.80675,26.7745],[94.81256,26.77352],[94.81452,26.77453],[94.81614,26.77841],[94.81616,26.78116],[94.81532,26.78407],[94.81456,26.78466],[94.81176,26.78352],[94.81001,26.78393],[94.80884,26.78492],[94.80923,26.78586],[94.81243,26.78912],[94.81325,26.79233],[94.81042,26.79235],[94.80735,26.79484],[94.80347,26.79612],[94.79904,26.79633],[94.79322,26.79496],[94.79033,26.79533],[94.78893,26.79602],[94.78875,26.79789],[94.79017,26.79968],[94.79127,26.8001],[94.79513,26.80047],[94.79954,26.80002],[94.802,26.80081],[94.80369,26.80388],[94.80319,26.80617],[94.80079,26.80851],[94.79621,26.81002],[94.79536,26.81068],[94.79495,26.81441],[94.79544,26.81507],[94.79719,26.8154],[94.80066,26.81428],[94.804,26.81396],[94.80557,26.81479],[94.80632,26.81586],[94.8064,26.81833],[94.80717,26.8188],[94.81443,26.81979],[94.81317,26.83365],[94.81562,26.8373],[94.81945,26.83759],[94.82112,26.8417],[94.82076,26.84363],[94.81904,26.84507],[94.81736,26.84777],[94.81995,26.84998],[94.82066,26.85158],[94.82417,26.85452],[94.82608,26.85526],[94.82833,26.8554],[94.83077,26.85788],[94.83404,26.86021],[94.83486,26.86211],[94.83527,26.86767],[94.83607,26.86878],[94.83919,26.8699],[94.84177,26.8685],[94.84261,26.86855],[94.84956,26.87448],[94.85056,26.87659],[94.85107,26.8811],[94.85464,26.88614],[94.85575,26.88649],[94.85784,26.88848],[94.85845,26.89221],[94.86253,26.89759],[94.86245,26.90045],[94.86361,26.90075],[94.86398,26.9023],[94.86523,26.90398],[94.86601,26.90873],[94.87278,26.91513],[94.87379,26.91772],[94.87808,26.91989],[94.87919,26.92185],[94.88311,26.92385],[94.88941,26.92888],[94.89064,26.92954],[94.89782,26.93125],[94.90103,26.93408],[94.90245,26.93467],[94.91437,26.93677],[94.91516,26.93743],[94.91636,26.94074],[94.91766,26.94222],[94.92222,26.94573],[94.92396,26.94651],[94.92561,26.94079],[94.92888,26.93728],[94.93029,26.93737],[94.93085,26.9369],[94.93041,26.935],[94.93085,26.93256],[94.93548,26.93274],[94.93835,26.93368],[94.94026,26.93356],[94.94186,26.93531],[94.94604,26.93539],[94.95044,26.93769],[94.95324,26.93761],[94.9555,26.9401],[94.9575,26.93748],[94.96124,26.93712],[94.96481,26.93084],[94.96718,26.92351],[94.96909,26.92236],[94.9765,26.92128],[94.98262,26.913],[94.98998,26.91421],[94.99052,26.9197],[94.99129,26.92081],[94.99315,26.92111],[94.99955,26.91971],[95.00186,26.9198],[95.00467,26.92115],[95.01476,26.92203],[95.02212,26.92581],[95.02391,26.92853],[95.03176,26.93299],[95.03413,26.9356],[95.04026,26.93694],[95.04175,26.93818],[95.04408,26.93874],[95.04696,26.93822],[95.04969,26.93876],[95.05705,26.94242],[95.05987,26.94513],[95.06425,26.94708],[95.07067,26.94912],[95.07652,26.9493],[95.08096,26.9501],[95.08806,26.95318],[95.09527,26.95755],[95.10421,26.96355],[95.10608,26.96549],[95.10677,26.96719],[95.10792,26.97594],[95.10837,26.97694],[95.11196,26.98066],[95.11666,26.98213],[95.12421,26.98544],[95.1388,26.99485],[95.14412,26.99564],[95.14563,26.99625],[95.15128,27.0001],[95.15162,27.00092],[95.17152,27.01679],[95.19068,27.03335],[95.19242,27.03562],[95.19423,27.03495],[95.19403,27.03399],[95.19271,27.03308],[95.19318,27.03222]]]}},{"id":"1","type":"Feature","properties":{"state":"NAGALAND","state_lgd":"13","district":"MOKOKCHUNG","district_lgd":"262"},"geometry":{"type":"Polygon","coordinates":[[[94.73904,26.76398],[94.74605,26.75657],[94.75,26.75314],[94.75027,26.75224],[94.74862,26.75],[94.74776,26.74605],[94.74417,26.74376],[94.74541,26.74268],[94.74874,26.74137],[94.75138,26.73766],[94.7538,26.73524],[94.75596,26.7318],[94.75666,26.7296],[94.75211,26.72836],[94.7501,26.73046],[94.74672,26.73043],[94.74564,26.72998],[94.74415,26.72787],[94.74479,26.72463],[94.74672,26.72231],[94.74734,26.72064],[94.74717,26.7183],[94.74838,26.71393],[94.74999,26.71138],[94.74883,26.70734],[94.74901,26.70507],[94.74781,26.70412],[94.74809,26.70323],[94.74913,26.70247],[94.74543,26.70216],[94.74325,26.70071],[94.74076,26.70018],[94.73379,26.70089],[94.73064,26.69939],[94.72716,26.69593],[94.72767,26.69539],[94.72667,26.69466],[94.72634,26.69262],[94.71982,26.68674],[94.71852,26.68623],[94.71884,26.68524],[94.71791,26.68252],[94.71903,26.68185],[94.71853,26.68081],[94.71778,26.68058],[94.71702,26.68107],[94.71421,26.67834],[94.70699,26.67524],[94.70655,26.67375],[94.70224,26.66847],[94.69629,26.66548],[94.69072,26.66068],[94.68966,26.66054],[94.68975,26.66176],[94.68838,26.66292],[94.68557,26.66222],[94.68583,26.66132],[94.68511,26.66099],[94.68358,26.65747],[94.68302,26.65713],[94.67985,26.65724],[94.67821,26.65591],[94.6773,26.65627],[94.67607,26.65413],[94.67381,26.65339],[94.67345,26.65243],[94.67656,26.65093],[94.6839,26.64942],[94.6879,26.64602],[94.68896,26.64552],[94.69051,26.64567],[94.69045,26.64483],[94.6887,26.64341],[94.6861,26.63963],[94.6899,26.64005],[94.6922,26.63938],[94.69591,26.63942],[94.69882,26.63886],[94.70412,26.63941],[94.70517,26.63929],[94.70667,26.63815],[94.70785,26.63673],[94.70534,26.63714],[94.70245,26.63472],[94.69932,26.63385],[94.70015,26.6316],[94.70167,26.63021],[94.70184,26.62836],[94.70338,26.62589],[94.70591,26.62406],[94.70848,26.62355],[94.71091,26.62163],[94.71546,26.61918],[94.71747,26.61956],[94.71715,26.6211],[94.71831,26.6207],[94.71936,26.62116],[94.71874,26.6226],[94.71893,26.6236],[94.72155,26.62235],[94.72179,26.61938],[94.71818,26.61565],[94.71961,26.6109],[94.72297,26.60828],[94.72911,26.60739],[94.73084,26.60509],[94.73008,26.60198],[94.7328,26.60132],[94.73315,26.60071],[94.73307,26.59884],[94.73139,26.59688],[94.7312,26.5958],[94.73297,26.59468],[94.73353,26.59052],[94.73184,26.59006],[94.73042,26.58897],[94.7295,26.58667],[94.72761,26.5846],[94.72881,26.58341],[94.73079,26.58296],[94.73086,26.58156],[94.72904,26.58101],[94.72758,26.5817],[94.72619,26.58321],[94.72477,26.58273],[94.7263,26.57999],[94.72499,26.57582],[94.72713,26.57359],[94.72674,26.56844],[94.72586,26.56567],[94.72418,26.5639],[94.71912,26.56227],[94.71735,26.55891],[94.71359,26.5563],[94.71378,26.55265],[94.70691,26.54373],[94.7041,26.54091],[94.70321,26.53837],[94.70142,26.53721],[94.7001,26.53715],[94.69856,26.53788],[94.69672,26.53682],[94.69508,26.53473],[94.69438,26.53056],[94.691,26.52769],[94.68656,26.52498],[94.68609,26.52354],[94.68658,26.5189],[94.68494,26.51639],[94.68607,26.51491],[94.68855,26.51331],[94.6897,26.51165],[94.69027,26.50777],[94.69247,26.50205],[94.69382,26.5],[94.6943,26.49735],[94.69378,26.48673],[94.69308,26.48567],[94.69095,26.48411],[94.68826,26.47943],[94.6905,26.47702],[94.69049,26.47392],[94.69605,26.47078],[94.69915,26.46732],[94.69945,26.46643],[94.69878,26.46484],[94.6989,26.46376],[94.69942,26.46318],[94.70205,26.46238],[94.70132,26.4605],[94.70162,26.45941],[94.70458,26.45899],[94.7059,26.45781],[94.70805,26.45365],[94.70805,26.45269],[94.70664,26.45148],[94.70387,26.45196],[94.7037,26.45005],[94.70489,26.4474],[94.70778,26.44721],[94.71061,26.44567],[94.71044,26.44483],[94.70816,26.44217],[94.71128,26.43893],[94.71169,26.43754],[94.71142,26.43709],[94.71014,26.43682],[94.70739,26.43794],[94.70569,26.43454],[94.70078,26.43111],[94.70118,26.43063],[94.70319,26.43067],[94.70349,26.42783],[94.70462,26.4256],[94.70345,26.42313],[94.70319,26.42083],[94.70263,26.42033],[94.7004,26.4203],[94.69972,26.41912],[94.69971,26.41747],[94.69826,26.41582],[94.69559,26.41379],[94.69281,26.41253],[94.69072,26.40917],[94.68699,26.4069],[94.687,26.40635],[94.68957,26.40476],[94.68993,26.40332],[94.68949,26.40288],[94.68613,26.40282],[94.68601,26.40091],[94.68362,26.3985],[94.68271,26.39521],[94.68342,26.39289],[94.68312,26.39198],[94.67944,26.38954],[94.68035,26.38676],[94.67866,26.38712],[94.67753,26.38643],[94.67746,26.38473],[94.67839,26.38245],[94.67813,26.38145],[94.67655,26.38086],[94.67272,26.3825],[94.67091,26.38238],[94.66833,26.37959],[94.66837,26.37919],[94.671,26.3776],[94.67093,26.37696],[94.6701,26.37678],[94.66814,26.37708],[94.66607,26.37807],[94.66346,26.38076],[94.66263,26.38083],[94.66163,26.37993],[94.66109,26.37782],[94.65747,26.37589],[94.65775,26.37428],[94.65932,26.37173],[94.66026,26.37163],[94.66309,26.37305],[94.66364,26.37265],[94.66374,26.37149],[94.66216,26.36579],[94.66134,26.36548],[94.65994,26.36649],[94.65926,26.3665],[94.65711,26.36265],[94.65394,26.36232],[94.65323,26.3616],[94.65325,26.35861],[94.65364,26.35815],[94.65517,26.35811],[94.6553,26.35767],[94.65147,26.35246],[94.65128,26.35162],[94.6519,26.35106],[94.65572,26.35025],[94.65751,26.34757],[94.65738,26.34712],[94.65647,26.34705],[94.6531,26.34851],[94.65158,26.34833],[94.6508,26.34775],[94.6506,26.34714],[94.6525,26.34599],[94.65068,26.34356],[94.65074,26.34293],[94.65275,26.34256],[94.65302,26.34211],[94.6528,26.34137],[94.65098,26.34048],[94.65081,26.33876],[94.6494,26.33853],[94.64689,26.33902],[94.64556,26.33783],[94.64373,26.33771],[94.64283,26.33618],[94.64217,26.3359],[94.6393,26.33688],[94.63859,26.33674],[94.63797,26.33598],[94.63765,26.33403],[94.63849,26.3306],[94.63763,26.32986],[94.63598,26.33029],[94.63538,26.33197],[94.63363,26.33229],[94.63359,26.33397],[94.63155,26.33278],[94.63049,26.33298],[94.62878,26.3342],[94.6262,26.33044],[94.62416,26.32901],[94.62312,26.32606],[94.62114,26.3276],[94.61911,26.32584],[94.6145,26.32646],[94.61386,26.32555],[94.61384,26.32214],[94.61301,26.32199],[94.61066,26.32333],[94.61028,26.32194],[94.60934,26.32097],[94.6022,26.31761],[94.59954,26.31531],[94.59865,26.31326],[94.59652,26.31241],[94.59648,26.31159],[94.59917,26.31127],[94.59938,26.31002],[94.59826,26.3079],[94.59554,26.30622],[94.59592,26.30569],[94.59809,26.30483],[94.59685,26.3028],[94.5963,26.29994],[94.59504,26.3],[94.59484,26.30225],[94.5944,26.30254],[94.59244,26.30173],[94.59079,26.30188],[94.59121,26.29908],[94.59277,26.29587],[94.59167,26.29596],[94.59087,26.29825],[94.58891,26.30064],[94.58683,26.30145],[94.58542,26.29983],[94.58446,26.29984],[94.58297,26.30091],[94.58238,26.30078],[94.5823,26.29984],[94.58329,26.29805],[94.58329,26.29579],[94.58235,26.29545],[94.58111,26.29656],[94.57922,26.29494],[94.57938,26.29426],[94.58134,26.29316],[94.5822,26.29192],[94.58161,26.28896],[94.57881,26.28679],[94.57793,26.28527],[94.57878,26.28271],[94.57987,26.28117],[94.57837,26.27844],[94.57996,26.27463],[94.5832,26.27238],[94.58363,26.2715],[94.58251,26.26857],[94.58343,26.26688],[94.58345,26.26512],[94.58753,26.26245],[94.58354,26.25869],[94.58281,26.25698],[94.58545,26.25595],[94.58538,26.25222],[94.58903,26.24639],[94.58947,26.24466],[94.59213,26.24155],[94.59309,26.24106],[94.5941,26.24117],[94.59724,26.24278],[94.5968,26.23265],[94.59767,26.23134],[94.60027,26.22945],[94.6018,26.22546],[94.60483,26.22295],[94.60426,26.21989],[94.60251,26.21684],[94.60227,26.21533],[94.60015,26.21567],[94.59874,26.21532],[94.5938,26.2134],[94.58924,26.21075],[94.58743,26.21237],[94.58376,26.20678],[94.58091,26.20464],[94.57841,26.20117],[94.57512,26.19785],[94.56955,26.19399],[94.57011,26.19038],[94.56985,26.18832],[94.56613,26.18546],[94.56401,26.18528],[94.55961,26.18621],[94.5512,26.18699],[94.54531,26.18653],[94.54098,26.18493],[94.53437,26.18439],[94.5316,26.18239],[94.52706,26.18124],[94.52305,26.18079],[94.52066,26.17882],[94.51778,26.17974],[94.51746,26.17824],[94.51624,26.17788],[94.51444,26.1794],[94.51405,26.18073],[94.51529,26.18594],[94.51643,26.18808],[94.51278,26.1899],[94.51115,26.19024],[94.51095,26.19126],[94.51161,26.19202],[94.51081,26.19539],[94.51139,26.1959],[94.51296,26.19546],[94.51343,26.19629],[94.51194,26.19698],[94.51228,26.19797],[94.51007,26.19947],[94.51597,26.2009],[94.519,26.20481],[94.52153,26.20619],[94.52182,26.20754],[94.52132,26.20817],[94.51859,26.20891],[94.51425,26.20555],[94.50846,26.20578],[94.50479,26.20506],[94.5026,26.20647],[94.50258,26.20713],[94.50334,26.20765],[94.50522,26.2079],[94.50554,26.20942],[94.50665,26.21073],[94.50661,26.21166],[94.50389,26.21329],[94.50352,26.21493],[94.50196,26.21519],[94.50065,26.21379],[94.49915,26.21429],[94.49922,26.21642],[94.49792,26.21646],[94.49617,26.21887],[94.49628,26.21933],[94.49722,26.21891],[94.49827,26.2192],[94.49831,26.22036],[94.49775,26.22133],[94.49801,26.22351],[94.49741,26.22464],[94.49779,26.22515],[94.49931,26.22488],[94.5008,26.22534],[94.50166,26.22692],[94.50137,26.2278],[94.5,26.22712],[94.49888,26.2273],[94.49809,26.22819],[94.49786,26.22939],[94.50014,26.22924],[94.50224,26.23239],[94.5041,26.23146],[94.50555,26.23193],[94.50591,26.23492],[94.50748,26.23438],[94.50863,26.23498],[94.50829,26.23288],[94.50868,26.23263],[94.51161,26.23564],[94.5135,26.2359],[94.51211,26.23848],[94.5122,26.23917],[94.51374,26.23824],[94.51593,26.23921],[94.51571,26.24027],[94.51401,26.24152],[94.51242,26.24046],[94.5109,26.24025],[94.51055,26.24207],[94.50985,26.24284],[94.50798,26.24299],[94.50593,26.24485],[94.5061,26.24598],[94.50562,26.24696],[94.50659,26.24869],[94.506,26.25266],[94.50449,26.25301],[94.50072,26.25282],[94.49821,26.25494],[94.49819,26.25587],[94.4959,26.25575],[94.49435,26.25512],[94.49186,26.25577],[94.4888,26.25403],[94.48688,26.25567],[94.47797,26.25796],[94.47722,26.25888],[94.47679,26.26158],[94.47326,26.25959],[94.47473,26.25788],[94.47473,26.25519],[94.47167,26.25016],[94.47063,26.24648],[94.46939,26.24531],[94.46913,26.24381],[94.46379,26.24206],[94.45942,26.23974],[94.45748,26.24063],[94.45616,26.2401],[94.45647,26.23851],[94.45858,26.2373],[94.4591,26.23615],[94.45567,26.23468],[94.4542,26.23319],[94.45402,26.23233],[94.45491,26.23083],[94.45157,26.22573],[94.44879,26.22547],[94.4479,26.22279],[94.44713,26.22238],[94.44713,26.22143],[94.4462,26.22011],[94.44528,26.21957],[94.44418,26.22078],[94.44308,26.22018],[94.4433,26.21942],[94.4443,26.2187],[94.44394,26.21732],[94.44489,26.21587],[94.44448,26.21478],[94.43929,26.21558],[94.43866,26.21693],[94.43632,26.21895],[94.4356,26.22055],[94.43423,26.2215],[94.42932,26.22125],[94.42292,26.21897],[94.41972,26.21907],[94.41891,26.21805],[94.4174,26.21339],[94.4164,26.21229],[94.4152,26.21164],[94.41261,26.21135],[94.40935,26.2103],[94.40721,26.21138],[94.40544,26.21171],[94.40298,26.20995],[94.40238,26.20889],[94.39902,26.20673],[94.39779,26.20399],[94.39572,26.20201],[94.39447,26.20256],[94.39338,26.20221],[94.39137,26.20243],[94.38736,26.20023],[94.38497,26.19685],[94.38334,26.19649],[94.38257,26.19679],[94.38282,26.20033],[94.38148,26.20225],[94.3806,26.20519],[94.38074,26.21081],[94.38038,26.21248],[94.37826,26.21559],[94.37797,26.21972],[94.37854,26.22436],[94.37811,26.22502],[94.37536,26.22514],[94.37248,26.22287],[94.36565,26.22339],[94.36445,26.22488],[94.36169,26.22494],[94.35477,26.22774],[94.35238,26.23129],[94.34869,26.23548],[94.34289,26.23896],[94.34139,26.23866],[94.34089,26.23889],[94.34094,26.23966],[94.33916,26.2395],[94.33754,26.24027],[94.33556,26.24016],[94.335,26.2406],[94.33818,26.2426],[94.34327,26.2443],[94.34494,26.2465],[94.34539,26.24821],[94.34729,26.24914],[94.34926,26.25385],[94.35116,26.25425],[94.35274,26.25689],[94.35473,26.25823],[94.3541,26.2606],[94.3563,26.26393],[94.35586,26.26532],[94.35698,26.26699],[94.35935,26.26892],[94.3597,26.27103],[94.35863,26.2739],[94.35903,26.27578],[94.35786,26.27772],[94.35912,26.28042],[94.36159,26.28344],[94.36621,26.29154],[94.3654,26.2943],[94.36169,26.2948],[94.35871,26.29405],[94.35662,26.2955],[94.3559,26.29665],[94.35549,26.29943],[94.35716,26.30337],[94.35565,26.30464],[94.35432,26.30506],[94.35341,26.30645],[94.35386,26.30867],[94.35186,26.31005],[94.35223,26.31057],[94.35384,26.31098],[94.35496,26.31328],[94.3549,26.3138],[94.35351,26.31451],[94.35328,26.31698],[94.35434,26.31767],[94.35436,26.32001],[94.35649,26.32303],[94.3563,26.32469],[94.35791,26.32467],[94.35814,26.32755],[94.3594,26.32931],[94.36081,26.32997],[94.36096,26.33137],[94.36181,26.3309],[94.36254,26.33112],[94.36284,26.33291],[94.36599,26.33674],[94.36539,26.33708],[94.36172,26.33667],[94.35975,26.33691],[94.35982,26.33539],[94.35863,26.33463],[94.35574,26.3357],[94.35511,26.33501],[94.35503,26.33284],[94.35354,26.33293],[94.35183,26.33212],[94.35023,26.33329],[94.35043,26.33474],[94.35004,26.33546],[94.3487,26.33572],[94.34793,26.33513],[94.34814,26.33347],[94.3478,26.333],[94.345,26.33236],[94.34348,26.33153],[94.34277,26.33645],[94.34355,26.33681],[94.34526,26.33643],[94.34603,26.33713],[94.3473,26.33661],[94.34787,26.33885],[94.35043,26.33975],[94.35284,26.34327],[94.35226,26.34867],[94.35853,26.35698],[94.35336,26.36426],[94.35185,26.36973],[94.35057,26.37236],[94.34732,26.37496],[94.3454,26.3782],[94.34649,26.37877],[94.345,26.38077],[94.34508,26.38154],[94.34639,26.38263],[94.34632,26.38394],[94.34516,26.38508],[94.34332,26.38838],[94.34062,26.39076],[94.34021,26.39343],[94.33719,26.39641],[94.33703,26.39738],[94.33789,26.40001],[94.3377,26.40138],[94.33674,26.40215],[94.33445,26.40277],[94.33269,26.40425],[94.32912,26.40217],[94.32667,26.40312],[94.32557,26.40298],[94.32369,26.40028],[94.32283,26.40118],[94.32263,26.40159],[94.32682,26.40744],[94.32955,26.40914],[94.33236,26.40955],[94.333,26.41021],[94.3328,26.41145],[94.33076,26.41256],[94.32936,26.41442],[94.32899,26.41623],[94.32965,26.41825],[94.32862,26.41993],[94.3246,26.42342],[94.32155,26.42029],[94.32095,26.42021],[94.3167,26.42455],[94.31418,26.42644],[94.3078,26.42875],[94.30487,26.43139],[94.30275,26.4324],[94.30067,26.43419],[94.29891,26.43406],[94.29859,26.43524],[94.29974,26.43611],[94.29873,26.43742],[94.29893,26.43789],[94.30428,26.43888],[94.30561,26.43992],[94.30694,26.44455],[94.31032,26.44747],[94.31284,26.45152],[94.3132,26.45338],[94.31548,26.45652],[94.31525,26.45793],[94.31685,26.45852],[94.3169,26.46082],[94.31829,26.4631],[94.31844,26.46528],[94.31946,26.46549],[94.3207,26.46477],[94.32214,26.46555],[94.32385,26.46551],[94.32128,26.47102],[94.32257,26.47244],[94.32025,26.47306],[94.31956,26.47421],[94.32028,26.47522],[94.3216,26.47566],[94.32647,26.47544],[94.32552,26.48195],[94.32682,26.48232],[94.32923,26.47993],[94.33041,26.4795],[94.332,26.48058],[94.33331,26.47937],[94.33394,26.47933],[94.3355,26.48038],[94.33631,26.48205],[94.33944,26.4805],[94.34104,26.4827],[94.34081,26.48554],[94.34152,26.48587],[94.34306,26.48441],[94.34386,26.48471],[94.34474,26.48638],[94.34469,26.48875],[94.34526,26.48846],[94.34603,26.4863],[94.34686,26.486],[94.34943,26.48927],[94.34927,26.4911],[94.3507,26.49102],[94.35181,26.48985],[94.35285,26.49006],[94.35283,26.49093],[94.35011,26.49243],[94.34896,26.49249],[94.34729,26.49179],[94.34665,26.49207],[94.34706,26.49285],[94.34947,26.49377],[94.34957,26.49626],[94.35296,26.49928],[94.3497,26.50289],[94.34811,26.50311],[94.34624,26.50216],[94.34565,26.50271],[94.34597,26.50357],[94.34918,26.50501],[94.34987,26.50476],[94.35015,26.50326],[94.35063,26.50293],[94.3513,26.5029],[94.35281,26.50386],[94.35489,26.50303],[94.35643,26.50481],[94.35802,26.50497],[94.35812,26.50656],[94.35881,26.50694],[94.35945,26.50661],[94.36046,26.50428],[94.36519,26.50562],[94.36512,26.50472],[94.3638,26.50359],[94.36452,26.50269],[94.36753,26.50304],[94.37084,26.50438],[94.37142,26.50635],[94.37369,26.50648],[94.37415,26.5083],[94.37368,26.50915],[94.37179,26.50983],[94.37181,26.51042],[94.3723,26.5108],[94.37423,26.51067],[94.37488,26.5125],[94.37674,26.51357],[94.37426,26.5158],[94.37302,26.51536],[94.37245,26.51557],[94.37218,26.51632],[94.37266,26.5176],[94.37341,26.51828],[94.37566,26.51829],[94.37527,26.52063],[94.37626,26.52225],[94.37759,26.52202],[94.37837,26.52068],[94.379,26.52088],[94.37989,26.52493],[94.38111,26.52592],[94.38224,26.52617],[94.38437,26.52459],[94.38523,26.52506],[94.38595,26.52859],[94.38566,26.52951],[94.38449,26.53021],[94.38496,26.53122],[94.38631,26.53082],[94.38718,26.52857],[94.38946,26.52788],[94.39056,26.52699],[94.39336,26.52708],[94.39521,26.52614],[94.3963,26.52724],[94.39769,26.53054],[94.39531,26.53212],[94.39504,26.5346],[94.39589,26.53515],[94.39831,26.53432],[94.39948,26.53648],[94.40072,26.53713],[94.40088,26.53771],[94.40013,26.53819],[94.39748,26.537],[94.39687,26.53745],[94.39901,26.54029],[94.40116,26.53989],[94.40172,26.54015],[94.40168,26.54119],[94.39918,26.54219],[94.39933,26.5433],[94.39974,26.54386],[94.40056,26.54392],[94.40167,26.5422],[94.40237,26.54221],[94.40283,26.54272],[94.40302,26.54526],[94.40468,26.54703],[94.40391,26.54788],[94.40172,26.54757],[94.40069,26.54878],[94.40056,26.54991],[94.40151,26.55013],[94.40326,26.54906],[94.40466,26.54891],[94.40651,26.54945],[94.40584,26.55189],[94.40401,26.55227],[94.40358,26.55299],[94.40411,26.55364],[94.40619,26.55395],[94.40632,26.55454],[94.40518,26.55567],[94.40666,26.55684],[94.40524,26.55787],[94.40306,26.55791],[94.40263,26.55865],[94.40294,26.55916],[94.40478,26.5598],[94.40689,26.55936],[94.40775,26.56054],[94.4079,26.56201],[94.40656,26.5626],[94.40613,26.56328],[94.40646,26.56586],[94.40604,26.56766],[94.40822,26.57115],[94.41083,26.57168],[94.41151,26.57225],[94.41156,26.57422],[94.40965,26.5758],[94.40966,26.57681],[94.41277,26.57654],[94.41357,26.57754],[94.4114,26.57966],[94.41244,26.58239],[94.41193,26.58309],[94.41003,26.58377],[94.40916,26.58566],[94.40928,26.58789],[94.40846,26.58822],[94.4071,26.58747],[94.40667,26.5879],[94.408,26.59034],[94.40805,26.59172],[94.40695,26.59181],[94.40588,26.59055],[94.40402,26.59327],[94.4014,26.59294],[94.40251,26.59665],[94.40171,26.59899],[94.40355,26.60085],[94.4024,26.60331],[94.40332,26.60388],[94.40492,26.60335],[94.40576,26.60538],[94.40374,26.60861],[94.40359,26.61052],[94.40306,26.61073],[94.40427,26.61182],[94.40638,26.61245],[94.41264,26.61365],[94.42307,26.61685],[94.42574,26.61715],[94.4356,26.62204],[94.43865,26.62408],[94.44639,26.63104],[94.44987,26.63551],[94.45117,26.63538],[94.45128,26.63629],[94.45204,26.63606],[94.45273,26.63407],[94.45354,26.6342],[94.45436,26.63565],[94.45515,26.63547],[94.45477,26.63325],[94.45349,26.6324],[94.4536,26.63194],[94.45514,26.63184],[94.45708,26.63253],[94.45793,26.6336],[94.4584,26.63325],[94.45986,26.63349],[94.4619,26.63235],[94.46267,26.63253],[94.46332,26.63356],[94.46549,26.63306],[94.4598,26.63685],[94.45908,26.64461],[94.45759,26.64724],[94.45429,26.65045],[94.45315,26.65255],[94.4541,26.65391],[94.45845,26.65354],[94.46028,26.66163],[94.46199,26.66253],[94.46565,26.66299],[94.46764,26.66413],[94.4701,26.66362],[94.47226,26.66455],[94.47451,26.66473],[94.48099,26.66729],[94.48506,26.66785],[94.48654,26.66767],[94.48908,26.66609],[94.49267,26.66589],[94.50147,26.67229],[94.50514,26.67865],[94.50905,26.68023],[94.50974,26.68187],[94.50831,26.68425],[94.50825,26.6853],[94.50901,26.68552],[94.51038,26.68477],[94.51204,26.68278],[94.51223,26.68065],[94.51329,26.68009],[94.5152,26.68173],[94.517,26.68151],[94.51758,26.68193],[94.51854,26.6851],[94.5177,26.68732],[94.51938,26.68874],[94.51945,26.69331],[94.52081,26.69416],[94.52016,26.69809],[94.5207,26.69921],[94.52205,26.6987],[94.52243,26.69718],[94.5237,26.69563],[94.52421,26.69576],[94.52496,26.69743],[94.52654,26.69895],[94.5336,26.70131],[94.53504,26.70221],[94.53694,26.70488],[94.53926,26.70618],[94.54519,26.70523],[94.54791,26.70632],[94.54858,26.7034],[94.5503,26.70172],[94.55503,26.70507],[94.56235,26.70507],[94.56098,26.70056],[94.56231,26.69883],[94.56243,26.69553],[94.55939,26.68643],[94.56165,26.6856],[94.56273,26.68437],[94.56442,26.6846],[94.5671,26.68353],[94.56904,26.68611],[94.57157,26.68664],[94.56976,26.68773],[94.56829,26.68716],[94.56747,26.68748],[94.56713,26.68922],[94.5664,26.69007],[94.56788,26.69292],[94.57209,26.69457],[94.57732,26.70066],[94.57946,26.70035],[94.5813,26.69799],[94.58246,26.69739],[94.58538,26.69829],[94.58986,26.69662],[94.59219,26.69729],[94.59388,26.6972],[94.59153,26.70016],[94.59387,26.70117],[94.59444,26.70226],[94.59252,26.70496],[94.59337,26.71497],[94.59543,26.71654],[94.5973,26.71679],[94.59869,26.71586],[94.59948,26.71407],[94.6008,26.71407],[94.60228,26.71162],[94.60291,26.71147],[94.60334,26.71235],[94.60109,26.71455],[94.60241,26.71653],[94.60153,26.71911],[94.59838,26.71855],[94.59624,26.72001],[94.59416,26.71908],[94.59158,26.72002],[94.59109,26.7206],[94.59101,26.72187],[94.59292,26.72325],[94.59215,26.72488],[94.59562,26.72629],[94.59534,26.72814],[94.59359,26.73054],[94.59355,26.73146],[94.59563,26.73376],[94.59707,26.73455],[94.60077,26.7349],[94.60388,26.73464],[94.60608,26.73389],[94.60769,26.73721],[94.60841,26.73744],[94.60964,26.73694],[94.6101,26.73478],[94.60909,26.73293],[94.60806,26.72883],[94.61117,26.72833],[94.61582,26.72656],[94.6208,26.72279],[94.61947,26.71761],[94.61913,26.71199],[94.6224,26.71302],[94.62462,26.71542],[94.6295,26.71558],[94.63115,26.71707],[94.63248,26.71736],[94.63582,26.71709],[94.64164,26.72041],[94.64302,26.7207],[94.65067,26.72008],[94.65302,26.71875],[94.66713,26.7242],[94.68674,26.72964],[94.69235,26.73193],[94.69778,26.73635],[94.70242,26.74207],[94.70717,26.74631],[94.71323,26.75046],[94.73575,26.76352],[94.73689,26.76372],[94.73726,26.76508],[94.73904,26.76398]]]}},{"id":"2","type":"Feature","properties":{"state":"NAGALAND","state_lgd":"13","district":"WOKHA","district_lgd":"264"},"geometry":{"type":"Polygon","coordinates":[[[94.29166,26.47506],[94.29264,26.47523],[94.29324,26.47429],[94.29296,26.47347],[94.29343,26.4711],[94.29442,26.47042],[94.29459,26.46942],[94.29603,26.47018],[94.29624,26.46817],[94.29755,26.4683],[94.29777,26.46753],[94.29928,26.46682],[94.29882,26.46615],[94.29951,26.46598],[94.30011,26.46509],[94.29992,26.46365],[94.3015,26.46394],[94.30223,26.46342],[94.30351,26.46416],[94.30428,26.46324],[94.30578,26.46323],[94.30671,26.46079],[94.30718,26.46076],[94.30744,26.46223],[94.30798,26.46253],[94.30898,26.46139],[94.31105,26.46033],[94.31334,26.46024],[94.31558,26.45823],[94.3152,26.45776],[94.31548,26.45652],[94.3132,26.45338],[94.31284,26.45152],[94.31032,26.44747],[94.30678,26.44429],[94.3063,26.44178],[94.30515,26.43936],[94.29874,26.43768],[94.29974,26.43631],[94.29859,26.43524],[94.29891,26.43406],[94.30067,26.43419],[94.30275,26.4324],[94.30487,26.43139],[94.3078,26.42875],[94.31324,26.42706],[94.3167,26.42455],[94.32095,26.42021],[94.32155,26.42029],[94.3246,26.42342],[94.32862,26.41993],[94.32965,26.41825],[94.32899,26.41623],[94.32936,26.41442],[94.33076,26.41256],[94.3328,26.41145],[94.333,26.41021],[94.33236,26.40955],[94.32955,26.40914],[94.32682,26.40744],[94.32263,26.40159],[94.32283,26.40118],[94.32369,26.40028],[94.32557,26.40298],[94.32667,26.40312],[94.32912,26.40217],[94.33269,26.40425],[94.33445,26.40277],[94.33674,26.40215],[94.3377,26.40138],[94.33789,26.40001],[94.33703,26.39738],[94.33719,26.39641],[94.34021,26.39343],[94.34062,26.39076],[94.34332,26.38838],[94.34516,26.38508],[94.34632,26.38394],[94.34639,26.38263],[94.34508,26.38154],[94.345,26.38077],[94.34649,26.37877],[94.3454,26.3782],[94.34732,26.37496],[94.35057,26.37236],[94.35185,26.36973],[94.35336,26.36426],[94.35853,26.35698],[94.35226,26.34867],[94.35284,26.34327],[94.35043,26.33975],[94.34787,26.33885],[94.3473,26.33661],[94.34603,26.33713],[94.34526,26.33643],[94.34355,26.33681],[94.34277,26.33645],[94.34348,26.33153],[94.345,26.33236],[94.3478,26.333],[94.34814,26.33347],[94.34793,26.33513],[94.3487,26.33572],[94.35004,26.33546],[94.35043,26.33474],[94.35023,26.33329],[94.35183,26.33212],[94.35354,26.33293],[94.35503,26.33284],[94.35511,26.33501],[94.35574,26.3357],[94.35863,26.33463],[94.35982,26.33539],[94.35975,26.33691],[94.36172,26.33667],[94.36539,26.33708],[94.36599,26.33674],[94.36284,26.33291],[94.36254,26.33112],[94.36181,26.3309],[94.36096,26.33137],[94.36081,26.32997],[94.3594,26.32931],[94.35814,26.32755],[94.35791,26.32467],[94.3563,26.32469],[94.35649,26.32303],[94.35436,26.32001],[94.35434,26.31767],[94.35328,26.31698],[94.35351,26.31451],[94.3549,26.3138],[94.35496,26.31328],[94.35384,26.31098],[94.35223,26.31057],[94.35186,26.31005],[94.35386,26.30867],[94.35341,26.30645],[94.35432,26.30506],[94.35565,26.30464],[94.35716,26.30337],[94.35549,26.29943],[94.3559,26.29665],[94.35662,26.2955],[94.35871,26.29405],[94.36169,26.2948],[94.3654,26.2943],[94.36621,26.29154],[94.36159,26.28344],[94.35912,26.28042],[94.35786,26.27772],[94.35903,26.27578],[94.35863,26.2739],[94.3597,26.27103],[94.35935,26.26892],[94.35698,26.26699],[94.35586,26.26532],[94.3563,26.26393],[94.3541,26.2606],[94.35473,26.25823],[94.35274,26.25689],[94.35116,26.25425],[94.34926,26.25385],[94.34729,26.24914],[94.34539,26.24821],[94.34494,26.2465],[94.34327,26.2443],[94.33818,26.2426],[94.335,26.2406],[94.33556,26.24016],[94.33754,26.24027],[94.33916,26.2395],[94.34094,26.23966],[94.34089,26.23889],[94.34139,26.23866],[94.34289,26.23896],[94.34869,26.23548],[94.35238,26.23129],[94.35477,26.22774],[94.36169,26.22494],[94.36445,26.22488],[94.36565,26.22339],[94.37248,26.22287],[94.37536,26.22514],[94.37811,26.22502],[94.37854,26.22436],[94.37797,26.21972],[94.37826,26.21559],[94.38038,26.21248],[94.38074,26.21081],[94.3806,26.20519],[94.38148,26.20225],[94.38282,26.20033],[94.38257,26.19679],[94.37681,26.19627],[94.37534,26.19431],[94.37285,26.19341],[94.36811,26.19239],[94.36539,26.19285],[94.36275,26.19133],[94.35991,26.18814],[94.35925,26.1882],[94.35711,26.19025],[94.35513,26.18691],[94.35136,26.18719],[94.34892,26.18494],[94.34769,26.18445],[94.34917,26.18382],[94.34932,26.18337],[94.34763,26.18238],[94.34701,26.18112],[94.34418,26.18009],[94.34095,26.17739],[94.33795,26.17681],[94.33734,26.17734],[94.33789,26.17837],[94.33728,26.17912],[94.33523,26.17843],[94.33619,26.17503],[94.33481,26.17276],[94.33515,26.17216],[94.33878,26.17309],[94.34294,26.17187],[94.34571,26.1728],[94.34727,26.17111],[94.34772,26.16977],[94.34685,26.16317],[94.34777,26.1577],[94.34752,26.15549],[94.34822,26.15516],[94.35069,26.15559],[94.35272,26.15248],[94.35677,26.15076],[94.3607,26.14724],[94.36112,26.14581],[94.36009,26.14292],[94.36269,26.14039],[94.36294,26.1359],[94.36341,26.13497],[94.36594,26.13531],[94.36793,26.13156],[94.36932,26.13079],[94.37733,26.12991],[94.37835,26.12702],[94.37896,26.12655],[94.38304,26.12652],[94.38492,26.12558],[94.38536,26.12478],[94.38523,26.1222],[94.38593,26.11849],[94.38695,26.11587],[94.38665,26.10984],[94.38585,26.10912],[94.38255,26.10824],[94.38222,26.10755],[94.38312,26.10514],[94.38287,26.10337],[94.3802,26.1014],[94.37987,26.10055],[94.38119,26.09716],[94.38094,26.09417],[94.38347,26.09577],[94.38443,26.09553],[94.3835,26.09245],[94.38533,26.0897],[94.38516,26.08901],[94.38337,26.08774],[94.38332,26.08708],[94.38537,26.08589],[94.39,26.08553],[94.39057,26.08405],[94.38998,26.08263],[94.38685,26.07856],[94.38666,26.0774],[94.38772,26.07562],[94.38749,26.07498],[94.38514,26.07316],[94.3822,26.07273],[94.38075,26.06792],[94.3784,26.06726],[94.37794,26.0646],[94.3758,26.06011],[94.37461,26.05595],[94.37119,26.05416],[94.3703,26.05294],[94.36964,26.04988],[94.37064,26.04828],[94.3703,26.04692],[94.36873,26.0442],[94.36787,26.04133],[94.36609,26.03851],[94.3655,26.03556],[94.36438,26.03415],[94.3636,26.03101],[94.36025,26.02797],[94.36072,26.02726],[94.3621,26.02675],[94.36239,26.02608],[94.35979,26.02467],[94.35778,26.02164],[94.35945,26.01656],[94.35806,26.01484],[94.35786,26.01258],[94.35626,26.01113],[94.35611,26.00977],[94.35752,26.00901],[94.3611,26.01009],[94.3626,26.00924],[94.36277,26.00866],[94.35987,26.00742],[94.35925,26.00637],[94.35998,26.0042],[94.35917,26.00373],[94.35001,26.00223],[94.34633,25.99988],[94.34433,25.99987],[94.3418,25.99902],[94.33836,25.99734],[94.33554,25.99441],[94.33364,25.9939],[94.33255,25.99479],[94.3308,25.99515],[94.32611,25.9944],[94.3249,25.99608],[94.32551,25.99818],[94.3276,26.00005],[94.32773,26.00114],[94.32564,26.00427],[94.32554,26.00633],[94.32635,26.00733],[94.32488,26.00832],[94.32552,26.01037],[94.32304,26.0119],[94.32173,26.01151],[94.31919,26.0096],[94.31722,26.00718],[94.31543,26.0067],[94.31421,26.00784],[94.31271,26.01185],[94.30996,26.00724],[94.30806,26.00652],[94.30684,26.00504],[94.30422,26.00438],[94.3021,26.0022],[94.30019,26.00203],[94.29862,26.00301],[94.29938,26.00649],[94.29622,26.00819],[94.29528,26.01206],[94.29466,26.01284],[94.29339,26.01333],[94.28935,26.01362],[94.28474,26.01503],[94.27585,26.01586],[94.27245,26.01723],[94.26615,26.02136],[94.2607,26.02341],[94.26047,26.0226],[94.2599,26.02237],[94.25865,26.02342],[94.25528,26.02329],[94.25139,26.02583],[94.25086,26.02556],[94.2507,26.02436],[94.2444,26.02216],[94.24311,26.02004],[94.23626,26.02024],[94.23239,26.02113],[94.22828,26.01942],[94.22598,26.01973],[94.22492,26.01931],[94.22189,26.01929],[94.21595,26.02085],[94.21465,26.02174],[94.21177,26.01958],[94.21028,26.01655],[94.21033,26.01321],[94.21155,26.01064],[94.21091,26.00855],[94.20656,26.0055],[94.20387,26.00277],[94.20183,26.00267],[94.20095,26.00219],[94.19947,25.99875],[94.19761,25.99798],[94.19531,25.99822],[94.1933,25.99738],[94.19063,25.99341],[94.18889,25.99184],[94.18556,25.99016],[94.1843,25.98886],[94.18234,25.98865],[94.18164,25.98736],[94.18105,25.98713],[94.17635,25.98633],[94.17419,25.98292],[94.17349,25.98089],[94.17056,25.97972],[94.1687,25.97629],[94.16745,25.97539],[94.1648,25.97479],[94.16248,25.97322],[94.16038,25.97305],[94.15976,25.97468],[94.15848,25.97411],[94.15762,25.97432],[94.15743,25.97541],[94.15679,25.97596],[94.15517,25.97603],[94.15342,25.97681],[94.15194,25.97966],[94.14962,25.97968],[94.14792,25.98108],[94.14698,25.97981],[94.14607,25.97624],[94.147,25.97266],[94.14686,25.97067],[94.14497,25.96944],[94.13923,25.97148],[94.13649,25.97354],[94.13347,25.97086],[94.13143,25.97058],[94.12955,25.97172],[94.12833,25.97323],[94.12492,25.97354],[94.12191,25.97554],[94.12138,25.9754],[94.12011,25.97338],[94.1192,25.97288],[94.11856,25.97122],[94.11603,25.96876],[94.11549,25.96771],[94.11539,25.9657],[94.11477,25.9648],[94.11205,25.96482],[94.11077,25.96578],[94.11053,25.96807],[94.10946,25.97091],[94.10767,25.97215],[94.10577,25.97216],[94.10375,25.97307],[94.10298,25.97509],[94.10291,25.97935],[94.10189,25.98159],[94.10235,25.98229],[94.10056,25.98387],[94.10018,25.98806],[94.09845,25.98916],[94.09814,25.98998],[94.0971,25.99017],[94.09544,25.99147],[94.09339,25.98951],[94.08982,25.98913],[94.08458,25.98672],[94.08382,25.98623],[94.08328,25.98493],[94.08392,25.98327],[94.08333,25.97817],[94.08467,25.9766],[94.08639,25.97605],[94.0869,25.97246],[94.08616,25.96978],[94.08681,25.96703],[94.08531,25.9656],[94.0839,25.96522],[94.07597,25.96508],[94.07624,25.96821],[94.07373,25.96914],[94.07242,25.97014],[94.07082,25.97418],[94.06913,25.97586],[94.06784,25.97835],[94.06589,25.98025],[94.06431,25.97966],[94.06131,25.97967],[94.05949,25.97797],[94.05568,25.97712],[94.05422,25.97619],[94.05159,25.97675],[94.04843,25.97593],[94.04762,25.97561],[94.04705,25.9745],[94.04455,25.97382],[94.04208,25.97208],[94.04032,25.97278],[94.03692,25.97272],[94.03359,25.97418],[94.03129,25.97604],[94.0276,25.97674],[94.02533,25.97766],[94.01639,25.97573],[94.01346,25.9756],[94.01272,25.97287],[94.01313,25.96922],[94.01431,25.96849],[94.01514,25.967],[94.01522,25.96228],[94.0159,25.96125],[94.01741,25.9604],[94.01786,25.95891],[94.01413,25.96087],[94.0122,25.96056],[94.0108,25.95977],[94.01026,25.96084],[94.00998,25.96419],[94.00904,25.96461],[94.00882,25.96565],[94.00717,25.96719],[94.00704,25.96842],[94.00519,25.97001],[94.00408,25.97328],[93.99959,25.97188],[93.99706,25.97307],[93.9939,25.97244],[93.9919,25.97403],[93.98941,25.97329],[93.98748,25.97373],[93.98789,25.97507],[93.9861,25.97588],[93.98565,25.97754],[93.98037,25.97773],[93.97915,25.97845],[93.97808,25.97787],[93.97609,25.97804],[93.97449,25.97743],[93.97319,25.97892],[93.97316,25.97997],[93.97532,25.98216],[93.9756,25.9845],[93.97722,25.98571],[93.97883,25.98779],[93.97542,25.98849],[93.97373,25.98692],[93.97289,25.98678],[93.96642,25.99085],[93.96453,25.98946],[93.96305,25.98981],[93.9614,25.98925],[93.95828,25.98996],[93.95915,25.99433],[93.953,26.00297],[93.95947,26.01222],[93.96054,26.01536],[93.9627,26.02576],[93.96199,26.0301],[93.96247,26.03654],[93.96323,26.03732],[93.96806,26.03902],[93.97039,26.04035],[93.97076,26.04642],[93.97847,26.05585],[93.98504,26.0651],[93.98739,26.06679],[93.98613,26.07217],[93.98191,26.07865],[93.98153,26.08124],[93.98274,26.08336],[93.98497,26.08443],[93.98717,26.08477],[93.98865,26.08634],[93.98947,26.08835],[93.99016,26.09465],[93.98931,26.09697],[93.99371,26.10393],[93.99716,26.10605],[93.99753,26.10672],[93.99791,26.11145],[93.99891,26.11474],[93.99787,26.11846],[93.99864,26.12067],[93.99827,26.12272],[93.99918,26.12503],[93.99879,26.12569],[93.99488,26.12584],[93.99749,26.12728],[93.99756,26.12911],[93.9966,26.12929],[93.99145,26.12791],[93.98887,26.1282],[93.98744,26.12917],[93.98724,26.13108],[93.98898,26.1333],[93.99086,26.13364],[93.994,26.13265],[93.99696,26.1305],[93.99845,26.13116],[94.00197,26.1345],[94.00189,26.13916],[94.00385,26.14307],[94.00348,26.14438],[94.00165,26.14666],[94.00055,26.14718],[93.99877,26.14773],[93.99662,26.14659],[93.99584,26.14662],[93.99508,26.14697],[93.99452,26.14831],[93.9959,26.15276],[93.99749,26.15488],[93.99773,26.15595],[93.99891,26.15679],[94.0,26.15641],[94.0019,26.15696],[94.00361,26.16037],[94.00137,26.16578],[94.00261,26.17087],[94.00108,26.17227],[94.00781,26.1825],[94.01536,26.18402],[94.02179,26.19381],[94.03203,26.19754],[94.03646,26.22605],[94.0424,26.2345],[94.04769,26.24936],[94.04857,26.25047],[94.054,26.25324],[94.05608,26.25501],[94.05721,26.25543],[94.06018,26.25528],[94.06301,26.25635],[94.065,26.25593],[94.06786,26.25697],[94.06873,26.25776],[94.07092,26.26232],[94.07462,26.26438],[94.07523,26.26787],[94.07471,26.27304],[94.07224,26.27611],[94.07311,26.27888],[94.07406,26.28013],[94.07473,26.2836],[94.07731,26.28425],[94.07916,26.28423],[94.08332,26.28295],[94.0841,26.28334],[94.08427,26.28897],[94.08692,26.2927],[94.08779,26.29343],[94.08906,26.29333],[94.09044,26.29435],[94.09778,26.30196],[94.10078,26.30863],[94.10083,26.30975],[94.0995,26.31283],[94.09971,26.3139],[94.10251,26.31523],[94.10338,26.31765],[94.10505,26.31995],[94.10783,26.32029],[94.10968,26.31992],[94.1111,26.31828],[94.11206,26.31799],[94.12168,26.31776],[94.12209,26.31818],[94.12032,26.31904],[94.11975,26.31987],[94.11795,26.32045],[94.11634,26.32294],[94.11498,26.32395],[94.11451,26.32708],[94.11501,26.32841],[94.11582,26.32903],[94.12043,26.32867],[94.12461,26.33061],[94.12838,26.33036],[94.13107,26.33137],[94.13789,26.33625],[94.14012,26.33609],[94.14099,26.33531],[94.14101,26.33137],[94.14188,26.33062],[94.14506,26.33059],[94.14572,26.33106],[94.14588,26.33241],[94.14758,26.33346],[94.15371,26.33491],[94.15701,26.3346],[94.16287,26.33551],[94.16502,26.33661],[94.16718,26.33932],[94.17164,26.33796],[94.17456,26.34046],[94.17473,26.34288],[94.17713,26.34509],[94.17785,26.34608],[94.17759,26.34642],[94.17261,26.35059],[94.16871,26.35093],[94.16773,26.35021],[94.16706,26.34799],[94.16203,26.34716],[94.16131,26.34763],[94.16016,26.35429],[94.17113,26.36275],[94.17246,26.36772],[94.17411,26.37072],[94.17194,26.37249],[94.17223,26.37365],[94.17336,26.37623],[94.17758,26.38201],[94.17735,26.38522],[94.17319,26.40328],[94.17438,26.40661],[94.17401,26.40951],[94.17191,26.41584],[94.17284,26.41995],[94.17572,26.42443],[94.17173,26.42978],[94.17408,26.43226],[94.17613,26.43642],[94.18327,26.45528],[94.18585,26.45895],[94.19405,26.46124],[94.20266,26.46906],[94.20249,26.47278],[94.20662,26.48546],[94.20751,26.48647],[94.22127,26.49813],[94.22477,26.4996],[94.22824,26.50203],[94.23662,26.50614],[94.24425,26.51768],[94.24665,26.52234],[94.24872,26.52497],[94.24782,26.52821],[94.2517,26.53264],[94.25332,26.53279],[94.25634,26.54122],[94.27064,26.54928],[94.27151,26.55155],[94.28382,26.5614],[94.28479,26.56107],[94.28495,26.56015],[94.28387,26.55891],[94.28329,26.55571],[94.2825,26.55444],[94.28255,26.55262],[94.28132,26.54817],[94.28262,26.54553],[94.28561,26.5434],[94.28614,26.54251],[94.28345,26.54197],[94.28194,26.54059],[94.28173,26.53646],[94.28096,26.53506],[94.28213,26.53303],[94.28142,26.53125],[94.28291,26.5294],[94.28268,26.52569],[94.28176,26.5245],[94.28426,26.52171],[94.28472,26.51951],[94.28605,26.51814],[94.28656,26.51444],[94.28582,26.51234],[94.28338,26.51075],[94.28323,26.50497],[94.28483,26.5031],[94.28504,26.49975],[94.28591,26.49763],[94.28699,26.49711],[94.2883,26.49539],[94.28801,26.49268],[94.28895,26.4914],[94.28887,26.48975],[94.29012,26.48851],[94.28936,26.48661],[94.29047,26.48316],[94.28975,26.47971],[94.2923,26.47757],[94.29166,26.47506]]]}},{"id":"3","type":"Feature","properties":{"state":"NAGALAND","state_lgd":"13","district":"LONGLENG","district_lgd":"268"},"geometry":{"type":"Polygon","coordinates":[[[94.80613,26.79546],[94.81042,26.79235],[94.81258,26.79256],[94.81336,26.79213],[94.81243,26.78912],[94.80923,26.78586],[94.80884,26.78492],[94.81001,26.78393],[94.81176,26.78352],[94.81456,26.78466],[94.81532,26.78407],[94.81616,26.78116],[94.81616,26.77882],[94.81489,26.77506],[94.81256,26.77352],[94.80675,26.7745],[94.79516,26.77066],[94.79368,26.76953],[94.79361,26.76847],[94.79402,26.76788],[94.79584,26.76788],[94.79704,26.76566],[94.79837,26.76512],[94.7991,26.76553],[94.80123,26.7687],[94.80364,26.76882],[94.80494,26.76781],[94.80558,26.76632],[94.80455,26.76411],[94.79946,26.76255],[94.79802,26.76091],[94.79874,26.75913],[94.80115,26.75711],[94.80298,26.75477],[94.80437,26.74915],[94.80726,26.74732],[94.80777,26.74496],[94.80838,26.74444],[94.81332,26.7448],[94.81581,26.74357],[94.81718,26.74188],[94.81815,26.73956],[94.82134,26.7365],[94.82564,26.73122],[94.82541,26.72597],[94.82626,26.72432],[94.83031,26.72095],[94.83389,26.71921],[94.83418,26.71835],[94.83343,26.71715],[94.83085,26.71501],[94.82566,26.71207],[94.82358,26.70726],[94.81886,26.70271],[94.81491,26.69584],[94.8125,26.69511],[94.80723,26.69757],[94.80551,26.69751],[94.80473,26.69612],[94.8065,26.69124],[94.80596,26.6899],[94.80489,26.68924],[94.80259,26.68985],[94.79833,26.6933],[94.79324,26.69418],[94.79187,26.69481],[94.78814,26.69868],[94.78317,26.69964],[94.78091,26.69925],[94.77997,26.69842],[94.78003,26.69535],[94.78336,26.69292],[94.78921,26.68982],[94.7901,26.68843],[94.78837,26.67998],[94.78746,26.67799],[94.78587,26.67651],[94.78267,26.67529],[94.78111,26.67314],[94.78133,26.67194],[94.78403,26.67078],[94.78587,26.6693],[94.78622,26.66785],[94.78449,26.66469],[94.77983,26.65937],[94.77949,26.65832],[94.78,26.65778],[94.78609,26.65617],[94.78752,26.65503],[94.78712,26.652],[94.78799,26.64903],[94.78638,26.64257],[94.78659,26.64037],[94.7883,26.63771],[94.78798,26.63627],[94.78667,26.63448],[94.78738,26.63305],[94.79055,26.63311],[94.79303,26.63088],[94.80046,26.63129],[94.80366,26.63043],[94.80681,26.62586],[94.80838,26.62513],[94.81296,26.62441],[94.81475,26.62232],[94.81613,26.62265],[94.81923,26.62451],[94.82224,26.62236],[94.8265,26.62196],[94.83071,26.62244],[94.83519,26.61881],[94.83908,26.61733],[94.84076,26.61478],[94.84765,26.61259],[94.85257,26.61399],[94.85345,26.61341],[94.85434,26.61089],[94.85524,26.6102],[94.85674,26.61081],[94.86038,26.614],[94.86518,26.61317],[94.86797,26.61161],[94.87025,26.61366],[94.87086,26.61314],[94.87167,26.60977],[94.87324,26.60895],[94.87437,26.60906],[94.87995,26.612],[94.88204,26.61545],[94.88339,26.61588],[94.88459,26.61463],[94.88521,26.61194],[94.88608,26.61051],[94.88406,26.60792],[94.88457,26.60653],[94.88651,26.6052],[94.88839,26.60523],[94.89039,26.60634],[94.89454,26.60476],[94.89477,26.60364],[94.89401,26.60284],[94.89307,26.60289],[94.89117,26.60414],[94.88968,26.60373],[94.89016,26.60257],[94.89388,26.60099],[94.89382,26.60014],[94.89232,26.59784],[94.89103,26.59706],[94.88865,26.59768],[94.88743,26.59576],[94.88455,26.59579],[94.88376,26.59485],[94.88441,26.59001],[94.88505,26.58933],[94.88641,26.58982],[94.88849,26.59183],[94.89003,26.59227],[94.89267,26.59128],[94.89334,26.58949],[94.89242,26.58869],[94.88935,26.58906],[94.88794,26.58869],[94.88641,26.58709],[94.8855,26.58447],[94.884,26.58402],[94.88179,26.58419],[94.88059,26.58352],[94.87991,26.58204],[94.88131,26.57942],[94.87944,26.57748],[94.88057,26.57566],[94.88049,26.5733],[94.88327,26.57276],[94.88724,26.5661],[94.88606,26.56502],[94.88379,26.56498],[94.88232,26.5644],[94.88168,26.56349],[94.88134,26.55923],[94.88757,26.56087],[94.88804,26.55953],[94.88912,26.55999],[94.8912,26.55946],[94.89258,26.56047],[94.89355,26.56054],[94.89363,26.55928],[94.89244,26.55661],[94.89088,26.55673],[94.88806,26.5559],[94.88554,26.55644],[94.88419,26.55598],[94.88112,26.55316],[94.88034,26.55129],[94.88242,26.54552],[94.88197,26.53859],[94.88989,26.52363],[94.88998,26.5227],[94.88655,26.51929],[94.8858,26.51529],[94.88488,26.51338],[94.88462,26.50972],[94.88863,26.5075],[94.89152,26.50692],[94.89357,26.50715],[94.89705,26.50616],[94.89762,26.50543],[94.89724,26.50299],[94.8942,26.49878],[94.8933,26.49867],[94.89285,26.49919],[94.89317,26.50214],[94.89255,26.50383],[94.89185,26.50391],[94.89062,26.50236],[94.89146,26.50005],[94.89044,26.49777],[94.893,26.49517],[94.89262,26.49385],[94.89158,26.49272],[94.89367,26.49168],[94.893,26.48874],[94.89115,26.4869],[94.89117,26.48634],[94.8928,26.48721],[94.89427,26.48638],[94.89598,26.48616],[94.89638,26.48554],[94.89602,26.48366],[94.89658,26.48195],[94.89578,26.48114],[94.89283,26.48026],[94.89176,26.47776],[94.88932,26.47676],[94.88925,26.47587],[94.89071,26.47558],[94.89229,26.47653],[94.8933,26.47663],[94.89378,26.47603],[94.89408,26.47358],[94.89684,26.4729],[94.89716,26.47168],[94.89661,26.46946],[94.89756,26.46831],[94.89961,26.4676],[94.90263,26.46432],[94.90221,26.46108],[94.9034,26.45723],[94.90581,26.45465],[94.90525,26.45386],[94.90323,26.45459],[94.90213,26.45427],[94.90256,26.45112],[94.90223,26.44982],[94.89851,26.44658],[94.89879,26.44597],[94.90163,26.4458],[94.90262,26.44461],[94.902,26.44222],[94.89829,26.4409],[94.8979,26.44026],[94.89857,26.43861],[94.90087,26.43816],[94.90154,26.43758],[94.90132,26.43603],[94.8984,26.43437],[94.8982,26.43375],[94.90065,26.43082],[94.90051,26.42992],[94.89997,26.42939],[94.89662,26.42986],[94.89527,26.42926],[94.89311,26.42665],[94.89261,26.42394],[94.89313,26.42333],[94.89522,26.42413],[94.89659,26.42391],[94.89672,26.42165],[94.89578,26.42002],[94.89565,26.41863],[94.89728,26.41786],[94.9004,26.41821],[94.90138,26.41765],[94.9018,26.41626],[94.9015,26.41332],[94.9044,26.41262],[94.90627,26.41035],[94.90418,26.40715],[94.90401,26.40432],[94.90473,26.40289],[94.90912,26.40236],[94.9145,26.40023],[94.91313,26.39884],[94.9122,26.39646],[94.91026,26.39464],[94.9099,26.39367],[94.91279,26.38947],[94.91503,26.38757],[94.91594,26.38595],[94.91602,26.38457],[94.91522,26.3834],[94.91313,26.38209],[94.91139,26.38132],[94.90773,26.38072],[94.90799,26.37943],[94.91015,26.37848],[94.9106,26.37696],[94.90658,26.37422],[94.90555,26.37399],[94.90434,26.37278],[94.90232,26.37283],[94.89756,26.37428],[94.89502,26.37388],[94.89114,26.37405],[94.89006,26.37474],[94.88855,26.3771],[94.88549,26.37913],[94.8812,26.37706],[94.87726,26.37386],[94.8743,26.3734],[94.87175,26.37196],[94.86874,26.37093],[94.86166,26.3695],[94.85975,26.37016],[94.85831,26.37495],[94.85554,26.37648],[94.85262,26.37688],[94.85062,26.37648],[94.84678,26.37419],[94.843,26.3804],[94.83675,26.38291],[94.83417,26.38478],[94.83157,26.38586],[94.82887,26.38804],[94.82617,26.38762],[94.82464,26.3868],[94.82082,26.38167],[94.81672,26.38286],[94.81217,26.38654],[94.81034,26.38893],[94.8136,26.3959],[94.81584,26.39612],[94.81845,26.39847],[94.81902,26.39973],[94.8186,26.40243],[94.81642,26.40575],[94.81428,26.40713],[94.8139,26.40814],[94.814,26.41046],[94.81618,26.41366],[94.81831,26.41557],[94.82038,26.41581],[94.81734,26.41835],[94.8144,26.42169],[94.81416,26.42283],[94.81562,26.4241],[94.81509,26.42646],[94.81155,26.42479],[94.80807,26.42402],[94.80648,26.4217],[94.80466,26.41744],[94.80244,26.41555],[94.8,26.41492],[94.79608,26.41297],[94.79023,26.41211],[94.78793,26.41096],[94.78632,26.41117],[94.78501,26.41199],[94.78338,26.41479],[94.78239,26.4179],[94.78259,26.41927],[94.7817,26.42355],[94.78229,26.42644],[94.78342,26.42793],[94.77947,26.4318],[94.77814,26.43402],[94.7769,26.4341],[94.77647,26.43494],[94.77424,26.43554],[94.77237,26.43712],[94.77101,26.43691],[94.7696,26.43736],[94.76818,26.43921],[94.76706,26.43617],[94.76252,26.43372],[94.75777,26.4321],[94.75668,26.43133],[94.75423,26.43082],[94.75295,26.43106],[94.75124,26.43236],[94.74994,26.43229],[94.74479,26.42631],[94.74261,26.4256],[94.74077,26.42576],[94.73856,26.42758],[94.73756,26.42902],[94.73732,26.43109],[94.73462,26.43479],[94.73268,26.43594],[94.73204,26.43692],[94.73063,26.44247],[94.72843,26.44297],[94.72394,26.44522],[94.71901,26.44333],[94.71403,26.44274],[94.71061,26.44567],[94.70778,26.44721],[94.70489,26.4474],[94.7037,26.45005],[94.70368,26.45172],[94.7042,26.45203],[94.70627,26.45147],[94.7073,26.45175],[94.70805,26.45269],[94.70791,26.45396],[94.70535,26.45845],[94.70418,26.45909],[94.70162,26.45941],[94.70132,26.4605],[94.70205,26.46238],[94.69942,26.46318],[94.6989,26.46376],[94.69878,26.46484],[94.69945,26.46643],[94.69915,26.46732],[94.69605,26.47078],[94.69049,26.47392],[94.6905,26.47702],[94.68826,26.47943],[94.69095,26.48411],[94.69308,26.48567],[94.69378,26.48673],[94.6943,26.49735],[94.69382,26.5],[94.69247,26.50205],[94.69027,26.50777],[94.6897,26.51165],[94.68855,26.51331],[94.68607,26.51491],[94.68494,26.51619],[94.68658,26.5189],[94.68634,26.52451],[94.69438,26.53056],[94.69508,26.53473],[94.69672,26.53682],[94.69856,26.53788],[94.7001,26.53715],[94.70142,26.53721],[94.70321,26.53837],[94.7041,26.54091],[94.70691,26.54373],[94.71378,26.55265],[94.71359,26.5563],[94.71735,26.55891],[94.71912,26.56227],[94.72418,26.5639],[94.72586,26.56567],[94.72674,26.56844],[94.72713,26.57359],[94.72499,26.57582],[94.7263,26.57999],[94.72477,26.58273],[94.72619,26.58321],[94.72758,26.5817],[94.72904,26.58101],[94.73086,26.58156],[94.73079,26.58296],[94.72881,26.58341],[94.72761,26.5846],[94.7295,26.58667],[94.73042,26.58897],[94.73184,26.59006],[94.73353,26.59052],[94.73297,26.59468],[94.7312,26.5958],[94.73139,26.59688],[94.73307,26.59884],[94.73315,26.60071],[94.7328,26.60132],[94.73008,26.60198],[94.73084,26.60509],[94.72911,26.60739],[94.72297,26.60828],[94.71961,26.6109],[94.71818,26.61565],[94.72179,26.61938],[94.72155,26.62235],[94.71893,26.6236],[94.71874,26.6226],[94.71936,26.62116],[94.71831,26.6207],[94.71715,26.6211],[94.71747,26.61956],[94.71546,26.61918],[94.71091,26.62163],[94.70848,26.62355],[94.70591,26.62406],[94.70338,26.62589],[94.70184,26.62836],[94.70167,26.63021],[94.70015,26.6316],[94.69932,26.63385],[94.70245,26.63472],[94.70534,26.63714],[94.70785,26.63673],[94.70667,26.63815],[94.70517,26.63929],[94.70412,26.63941],[94.69882,26.63886],[94.69591,26.63942],[94.6922,26.63938],[94.6899,26.64005],[94.6861,26.63963],[94.6887,26.64341],[94.69045,26.64483],[94.69051,26.64567],[94.68896,26.64552],[94.6879,26.64602],[94.6839,26.64942],[94.67449,26.65168],[94.67345,26.65243],[94.67358,26.65308],[94.67607,26.65413],[94.67631,26.65513],[94.6774,26.65631],[94.67821,26.65591],[94.67985,26.65724],[94.68302,26.65713],[94.68358,26.65747],[94.68511,26.66099],[94.68583,26.66132],[94.68557,26.66222],[94.68838,26.66292],[94.68975,26.66176],[94.68966,26.66054],[94.69072,26.66068],[94.69629,26.66548],[94.70224,26.66847],[94.70655,26.67375],[94.70699,26.67524],[94.71421,26.67834],[94.71702,26.68107],[94.71778,26.68058],[94.71853,26.68081],[94.71903,26.68185],[94.71791,26.68252],[94.71884,26.68524],[94.71852,26.68623],[94.71982,26.68674],[94.72634,26.69262],[94.72667,26.69466],[94.72767,26.69539],[94.72716,26.69593],[94.73064,26.69939],[94.73379,26.70089],[94.74076,26.70018],[94.74325,26.70071],[94.74543,26.70216],[94.74913,26.70247],[94.74809,26.70323],[94.74781,26.70412],[94.74901,26.70507],[94.74883,26.70734],[94.74999,26.71138],[94.74838,26.71393],[94.74717,26.7183],[94.74734,26.72064],[94.74672,26.72231],[94.74479,26.72463],[94.74415,26.72787],[94.74564,26.72998],[94.74672,26.73043],[94.7501,26.73046],[94.75211,26.72836],[94.75666,26.7296],[94.75596,26.7318],[94.7538,26.73524],[94.75138,26.73766],[94.74874,26.74137],[94.74541,26.74268],[94.74417,26.74376],[94.74776,26.74605],[94.74862,26.75],[94.75027,26.75224],[94.75,26.75314],[94.74605,26.75657],[94.73904,26.76398],[94.73726,26.76508],[94.7375,26.76633],[94.74068,26.77184],[94.74007,26.77418],[94.74018,26.77598],[94.74369,26.7739],[94.74666,26.77376],[94.74835,26.7727],[94.75126,26.76811],[94.75182,26.76619],[94.75833,26.76601],[94.76059,26.77541],[94.76171,26.77616],[94.76355,26.7759],[94.7668,26.77756],[94.7667,26.78186],[94.7674,26.78534],[94.7692,26.78796],[94.77143,26.78981],[94.77374,26.79061],[94.77566,26.78976],[94.78257,26.79334],[94.78873,26.79556],[94.78894,26.79603],[94.79033,26.79533],[94.79322,26.79496],[94.79904,26.79633],[94.80347,26.79612],[94.80613,26.79546]]]}},{"id":"4","type":"Feature","properties":{"state":"NAGALAND","state_lgd":"13","district":"NOKLAK","district_lgd":"708"},"geometry":{"type":"Polygon","coordinates":[[[95.11923,26.35045],[95.12144,26.35],[95.12118,26.34962],[95.12169,26.34846],[95.12321,26.34694],[95.12332,26.34519],[95.12505,26.34393],[95.12802,26.34036],[95.12845,26.33887],[95.12818,26.3363],[95.12691,26.33405],[95.1229,26.33052],[95.12328,26.32894],[95.12265,26.32522],[95.12564,26.32415],[95.12607,26.32354],[95.12512,26.32116],[95.12524,26.31756],[95.12406,26.31516],[95.12476,26.31244],[95.12343,26.31051],[95.12249,26.30744],[95.12296,26.30626],[95.12582,26.30485],[95.12812,26.30224],[95.1286,26.29916],[95.12844,26.29407],[95.12777,26.29167],[95.12639,26.29022],[95.12547,26.28746],[95.12438,26.28628],[95.12553,26.28122],[95.12466,26.27844],[95.12483,26.27655],[95.12076,26.27156],[95.11983,26.26446],[95.1203,26.26124],[95.12266,26.25905],[95.12351,26.25588],[95.12493,26.2548],[95.1273,26.25398],[95.12459,26.25017],[95.12534,26.2486],[95.12548,26.24657],[95.12004,26.24193],[95.11851,26.23868],[95.11619,26.23665],[95.1146,26.23289],[95.118,26.22746],[95.1199,26.22551],[95.12254,26.22347],[95.12779,26.22138],[95.13182,26.21724],[95.13304,26.21535],[95.13702,26.21413],[95.14268,26.21163],[95.14094,26.209],[95.13767,26.20694],[95.13577,26.20394],[95.13174,26.20047],[95.13028,26.19771],[95.12658,26.19386],[95.12221,26.18633],[95.12192,26.18413],[95.12315,26.18042],[95.12665,26.17784],[95.1256,26.17644],[95.12509,26.17424],[95.12219,26.17091],[95.1207,26.16824],[95.11891,26.16653],[95.11762,26.16392],[95.11718,26.16248],[95.11721,26.15862],[95.11963,26.15352],[95.11907,26.14845],[95.12344,26.14502],[95.12201,26.14346],[95.11967,26.14224],[95.11901,26.14065],[95.12146,26.13869],[95.1216,26.13609],[95.12266,26.13357],[95.12424,26.13295],[95.12592,26.13126],[95.12628,26.12852],[95.12153,26.1232],[95.121,26.12137],[95.12123,26.11858],[95.11977,26.11618],[95.11555,26.11285],[95.11628,26.10683],[95.11756,26.105],[95.11805,26.10064],[95.12124,26.09806],[95.12411,26.0966],[95.12651,26.09635],[95.13033,26.0945],[95.13379,26.09439],[95.13624,26.0948],[95.13885,26.09424],[95.14201,26.09444],[95.14382,26.09292],[95.14684,26.08834],[95.14863,26.0869],[95.15118,26.08642],[95.15501,26.08945],[95.1573,26.08915],[95.15965,26.0902],[95.16158,26.09172],[95.16412,26.09231],[95.16533,26.09211],[95.16751,26.08933],[95.17099,26.08834],[95.17012,26.08582],[95.17256,26.0854],[95.17602,26.08406],[95.17683,26.08127],[95.18195,26.07838],[95.18301,26.07505],[95.18554,26.07373],[95.18589,26.0731],[95.18345,26.06813],[95.18017,26.06689],[95.17657,26.06413],[95.17607,26.06242],[95.17373,26.06098],[95.17332,26.05941],[95.17218,26.05892],[95.16993,26.05615],[95.16839,26.05289],[95.16683,26.05202],[95.16576,26.05085],[95.16572,26.05002],[95.16429,26.04919],[95.16302,26.04565],[95.16372,26.04339],[95.16125,26.03661],[95.16095,26.03393],[95.15927,26.02854],[95.15948,26.02609],[95.15907,26.02493],[95.15601,26.02225],[95.15251,26.02123],[95.14935,26.0162],[95.14507,26.01403],[95.14524,26.01103],[95.14117,26.00898],[95.13876,26.00565],[95.13713,26.00241],[95.13489,26.00086],[95.13497,25.99882],[95.13331,25.99591],[95.13182,25.99439],[95.13012,25.99359],[95.1274,25.99055],[95.12611,25.98575],[95.12443,25.98582],[95.12163,25.9848],[95.11855,25.98564],[95.11698,25.98496],[95.11429,25.97478],[95.11153,25.97271],[95.11016,25.97051],[95.10886,25.9704],[95.10633,25.97108],[95.10582,25.96995],[95.10382,25.96867],[95.1024,25.9664],[95.10111,25.96559],[95.10056,25.96263],[95.09561,25.95524],[95.0895,25.95049],[95.08731,25.95056],[95.08623,25.94999],[95.08366,25.94991],[95.08221,25.94812],[95.07987,25.94759],[95.07308,25.94178],[95.06436,25.94265],[95.06238,25.94011],[95.05883,25.94035],[95.0554,25.93836],[95.05405,25.9381],[95.05306,25.9371],[95.05029,25.93611],[95.04774,25.93439],[95.04651,25.93108],[95.04674,25.92846],[95.04394,25.92686],[95.03598,25.92675],[95.03463,25.92837],[95.03225,25.92918],[95.03135,25.93115],[95.03129,25.92801],[95.03252,25.92652],[95.03269,25.92492],[95.03095,25.92101],[95.03048,25.91777],[95.02823,25.91535],[95.02871,25.91368],[95.02655,25.9134],[95.02215,25.90758],[95.0192,25.90553],[95.01837,25.9037],[95.01496,25.90198],[95.01303,25.89848],[95.01177,25.89778],[95.01484,25.89351],[95.0153,25.88992],[95.01887,25.88547],[95.01928,25.8807],[95.01607,25.87941],[95.01367,25.87704],[95.01179,25.87631],[95.01028,25.8745],[95.0091,25.86691],[95.0081,25.86776],[95.00519,25.86456],[95.00487,25.86338],[95.00167,25.85917],[94.99705,25.85741],[94.99471,25.85533],[94.99212,25.85432],[94.98912,25.85406],[94.98637,25.85492],[94.98014,25.85455],[94.97789,25.85614],[94.97766,25.85827],[94.97797,25.86464],[94.97886,25.86718],[94.97879,25.87134],[94.97718,25.8751],[94.9754,25.8764],[94.97466,25.87876],[94.97416,25.87935],[94.97377,25.8791],[94.97138,25.87631],[94.97081,25.87485],[94.96638,25.87427],[94.96558,25.87486],[94.96523,25.87959],[94.9642,25.88309],[94.96384,25.88668],[94.96274,25.88916],[94.96165,25.89608],[94.96305,25.90312],[94.96075,25.90299],[94.95666,25.90105],[94.95144,25.90099],[94.94894,25.90403],[94.94483,25.90602],[94.94336,25.90733],[94.94017,25.91241],[94.93801,25.91371],[94.93736,25.91515],[94.93569,25.91696],[94.93493,25.91993],[94.93364,25.92213],[94.93397,25.92519],[94.9352,25.92611],[94.9355,25.93041],[94.93848,25.9371],[94.93603,25.94023],[94.93474,25.94113],[94.93041,25.94244],[94.92849,25.94572],[94.92565,25.94863],[94.92554,25.94927],[94.92376,25.9488],[94.92169,25.94736],[94.92102,25.94452],[94.91592,25.94451],[94.91135,25.94286],[94.9071,25.94438],[94.89949,25.943],[94.89742,25.94365],[94.89008,25.9416],[94.88561,25.94167],[94.8837,25.94243],[94.88205,25.94494],[94.87949,25.94435],[94.87604,25.94456],[94.87405,25.94368],[94.87069,25.94568],[94.86955,25.94507],[94.86906,25.94366],[94.86618,25.9426],[94.86518,25.94307],[94.86407,25.94575],[94.86015,25.9493],[94.85801,25.95185],[94.85795,25.95272],[94.85654,25.95363],[94.85702,25.95514],[94.85887,25.95596],[94.85942,25.95846],[94.86136,25.95999],[94.86162,25.96289],[94.8606,25.96433],[94.86073,25.96502],[94.86414,25.96835],[94.86455,25.9715],[94.867,25.97444],[94.87139,25.98242],[94.87164,25.98346],[94.87111,25.9845],[94.87526,25.98622],[94.87727,25.99277],[94.87998,25.99623],[94.88171,25.99705],[94.87916,25.99976],[94.87922,26.00175],[94.88005,26.00223],[94.88182,26.00176],[94.88366,26.00218],[94.88789,26.00419],[94.88802,26.0049],[94.88559,26.00743],[94.88513,26.00956],[94.88642,26.00953],[94.88799,26.01023],[94.89014,26.00966],[94.89387,26.01028],[94.89818,26.00913],[94.89858,26.00891],[94.89876,26.00732],[94.90015,26.00579],[94.90063,26.00444],[94.9057,26.00205],[94.91237,26.00907],[94.91673,26.00746],[94.91557,26.01046],[94.91791,26.01238],[94.91895,26.01549],[94.92433,26.01745],[94.92864,26.01823],[94.92827,26.02194],[94.93287,26.0247],[94.93513,26.02691],[94.93016,26.02984],[94.92786,26.02997],[94.92475,26.03148],[94.9202,26.03564],[94.91896,26.03974],[94.91687,26.04064],[94.91845,26.04377],[94.92129,26.04366],[94.92314,26.04477],[94.92383,26.0463],[94.92555,26.04616],[94.92766,26.04777],[94.93024,26.04701],[94.93101,26.04739],[94.93213,26.04906],[94.92911,26.05198],[94.92746,26.05521],[94.92626,26.05566],[94.92593,26.05724],[94.92006,26.06251],[94.91461,26.06074],[94.9129,26.05717],[94.90816,26.05411],[94.90423,26.0551],[94.90029,26.05534],[94.89988,26.05893],[94.90024,26.06161],[94.89715,26.06438],[94.8976,26.06883],[94.8957,26.07078],[94.89119,26.07395],[94.89079,26.08152],[94.89259,26.08488],[94.89267,26.08937],[94.89329,26.09045],[94.89243,26.09256],[94.88898,26.09576],[94.88968,26.09751],[94.89261,26.09895],[94.89351,26.09989],[94.89471,26.10223],[94.89368,26.10354],[94.8913,26.10404],[94.88995,26.10551],[94.8876,26.10568],[94.88524,26.10664],[94.88231,26.10897],[94.87918,26.11376],[94.88004,26.11509],[94.88305,26.11542],[94.88347,26.11879],[94.885,26.12109],[94.8847,26.12401],[94.8858,26.12772],[94.8847,26.12985],[94.88461,26.13104],[94.88749,26.1309],[94.89042,26.13009],[94.89175,26.13239],[94.89111,26.13425],[94.89162,26.13771],[94.88886,26.14281],[94.887,26.14883],[94.88272,26.15493],[94.88113,26.15849],[94.88122,26.15973],[94.87859,26.16291],[94.87873,26.16533],[94.88086,26.16612],[94.88127,26.16695],[94.88969,26.17264],[94.89203,26.17786],[94.89478,26.18024],[94.89656,26.18264],[94.89805,26.18304],[94.90025,26.18266],[94.90151,26.18315],[94.90295,26.18444],[94.90475,26.18746],[94.91056,26.19001],[94.91491,26.19421],[94.91968,26.19195],[94.92208,26.19279],[94.92568,26.19219],[94.93431,26.19563],[94.93737,26.19548],[94.9395,26.1959],[94.94109,26.19555],[94.9441,26.19638],[94.94641,26.20074],[94.94759,26.20409],[94.94916,26.20613],[94.95021,26.21047],[94.95012,26.21411],[94.95108,26.21707],[94.95045,26.21897],[94.9527,26.22257],[94.95346,26.22491],[94.95472,26.22641],[94.95596,26.23123],[94.95908,26.23504],[94.96408,26.23744],[94.96785,26.2387],[94.97049,26.24158],[94.97325,26.2429],[94.97642,26.24576],[94.97926,26.24927],[94.98618,26.25303],[94.98927,26.25385],[94.99341,26.25178],[94.99552,26.25254],[94.99712,26.25172],[95.00031,26.25224],[95.00068,26.25283],[94.9996,26.25436],[95.00176,26.25621],[95.00206,26.25716],[95.00132,26.2604],[95.00235,26.26361],[95.00342,26.26472],[95.00712,26.26681],[95.00901,26.26939],[95.01321,26.27167],[95.01649,26.27407],[95.02136,26.2808],[95.02564,26.28535],[95.03287,26.29087],[95.04481,26.29767],[95.05308,26.2994],[95.0549,26.30125],[95.05949,26.30279],[95.05954,26.3044],[95.06151,26.30326],[95.06274,26.30331],[95.06347,26.3037],[95.06462,26.30597],[95.06774,26.3069],[95.07056,26.30918],[95.07326,26.30936],[95.0781,26.30857],[95.0809,26.31201],[95.09048,26.31437],[95.09515,26.31735],[95.09568,26.31845],[95.09486,26.31907],[95.0927,26.32262],[95.09375,26.32561],[95.09225,26.33076],[95.09217,26.33326],[95.09589,26.33227],[95.09846,26.33233],[95.09747,26.33379],[95.09691,26.33666],[95.09766,26.33958],[95.09766,26.34211],[95.09804,26.34247],[95.10018,26.34208],[95.10061,26.34243],[95.10126,26.34665],[95.10595,26.34676],[95.10738,26.34717],[95.10913,26.34902],[95.10951,26.35185],[95.11163,26.35364],[95.11342,26.35367],[95.11923,26.35045]]]}},{"id":"5","type":"Feature","properties":{"state":"NAGALAND","state_lgd":"13","district":"TUENSANG","district_lgd":"267"},"geometry":{"type":"Polygon","coordinates":[[[94.73063,26.44247],[94.73145,26.43869],[94.73268,26.43594],[94.73462,26.43479],[94.73732,26.43109],[94.73756,26.42902],[94.73856,26.42758],[94.74123,26.42559],[94.74479,26.42631],[94.74994,26.43229],[94.75124,26.43236],[94.75295,26.43106],[94.75423,26.43082],[94.75668,26.43133],[94.76521,26.43505],[94.7674,26.43661],[94.76818,26.43921],[94.7696,26.43736],[94.77101,26.43691],[94.77237,26.43712],[94.77424,26.43554],[94.77647,26.43494],[94.7769,26.4341],[94.77814,26.43402],[94.77947,26.4318],[94.78342,26.42793],[94.78229,26.42644],[94.7817,26.42355],[94.78259,26.41927],[94.78239,26.4179],[94.7843,26.41289],[94.78554,26.41156],[94.78667,26.41107],[94.78793,26.41096],[94.79023,26.41211],[94.79608,26.41297],[94.8,26.41492],[94.80244,26.41555],[94.80466,26.41744],[94.80648,26.4217],[94.80807,26.42402],[94.81155,26.42479],[94.81509,26.42646],[94.81562,26.4241],[94.81416,26.42283],[94.8144,26.42169],[94.81734,26.41835],[94.82038,26.41581],[94.81831,26.41557],[94.81618,26.41366],[94.814,26.41046],[94.8139,26.40814],[94.81428,26.40713],[94.81642,26.40575],[94.8186,26.40243],[94.81902,26.39973],[94.81845,26.39847],[94.81584,26.39612],[94.8136,26.3959],[94.81034,26.38893],[94.81217,26.38654],[94.81672,26.38286],[94.82082,26.38167],[94.82464,26.3868],[94.82617,26.38762],[94.82887,26.38804],[94.83157,26.38586],[94.83417,26.38478],[94.83675,26.38291],[94.843,26.3804],[94.84678,26.37419],[94.85062,26.37648],[94.85262,26.37688],[94.85554,26.37648],[94.85831,26.37495],[94.85975,26.37016],[94.86166,26.3695],[94.86874,26.37093],[94.87175,26.37196],[94.8743,26.3734],[94.87726,26.37386],[94.8812,26.37706],[94.88549,26.37913],[94.88855,26.3771],[94.89006,26.37474],[94.89114,26.37405],[94.89502,26.37388],[94.89756,26.37428],[94.90303,26.37272],[94.90461,26.37291],[94.90555,26.37399],[94.90658,26.37422],[94.9106,26.37696],[94.91049,26.37593],[94.90964,26.37501],[94.91054,26.3728],[94.90893,26.3678],[94.90899,26.36523],[94.90786,26.36359],[94.90491,26.36298],[94.90364,26.36193],[94.90258,26.35924],[94.90289,26.35826],[94.90245,26.35743],[94.89908,26.35588],[94.89575,26.34716],[94.89775,26.34681],[94.89826,26.34716],[94.89837,26.34927],[94.90051,26.3501],[94.9002,26.34886],[94.90261,26.34615],[94.901,26.34211],[94.90229,26.33754],[94.90447,26.33518],[94.90843,26.32853],[94.9112,26.32527],[94.913,26.32004],[94.91541,26.3183],[94.91707,26.31807],[94.91951,26.31671],[94.92169,26.3143],[94.92746,26.31116],[94.92992,26.3112],[94.93576,26.30935],[94.93935,26.31213],[94.94164,26.31304],[94.94404,26.30939],[94.94602,26.31319],[94.94695,26.31412],[94.94793,26.31433],[94.9493,26.31295],[94.9529,26.31155],[94.95458,26.31008],[94.95638,26.30942],[94.96037,26.30472],[94.96598,26.30188],[94.97278,26.30031],[94.97483,26.29788],[94.97777,26.29726],[94.97971,26.29401],[94.9807,26.29424],[94.98294,26.29352],[94.98546,26.29441],[94.98713,26.29817],[94.98858,26.29912],[94.99136,26.29895],[94.99245,26.29936],[94.99148,26.30154],[94.99144,26.3038],[94.99263,26.30567],[94.99514,26.30816],[94.99686,26.30788],[94.99897,26.30556],[95.00209,26.30526],[95.00377,26.30594],[95.00503,26.30802],[95.00632,26.30725],[95.00729,26.30723],[95.00724,26.31115],[95.00789,26.31228],[95.01344,26.31138],[95.01423,26.31158],[95.01323,26.31375],[95.00806,26.31818],[95.0078,26.32016],[95.00879,26.32108],[95.01502,26.32316],[95.0198,26.32348],[95.02184,26.32422],[95.02468,26.32455],[95.02602,26.3273],[95.02721,26.32853],[95.03104,26.32486],[95.03474,26.3226],[95.03785,26.32292],[95.03822,26.32161],[95.03493,26.31886],[95.03486,26.31761],[95.0373,26.31788],[95.03905,26.31705],[95.04217,26.31313],[95.04283,26.31299],[95.04807,26.31501],[95.04973,26.31737],[95.05156,26.31836],[95.05218,26.3185],[95.05412,26.31728],[95.05752,26.31392],[95.05814,26.31269],[95.05872,26.30982],[95.05824,26.30666],[95.05954,26.3044],[95.05949,26.30279],[95.0549,26.30125],[95.05219,26.29902],[95.04481,26.29767],[95.03287,26.29087],[95.02564,26.28535],[95.02136,26.2808],[95.01649,26.27407],[95.01321,26.27167],[95.00901,26.26939],[95.00712,26.26681],[95.00342,26.26472],[95.00235,26.26361],[95.00132,26.2604],[95.00206,26.25716],[95.00176,26.25621],[94.9996,26.25436],[95.00068,26.25283],[95.00031,26.25224],[94.99712,26.25172],[94.99552,26.25254],[94.99341,26.25178],[94.98927,26.25385],[94.98618,26.25303],[94.97926,26.24927],[94.97642,26.24576],[94.97325,26.2429],[94.97049,26.24158],[94.96785,26.2387],[94.96408,26.23744],[94.95908,26.23504],[94.95596,26.23123],[94.95472,26.22641],[94.95346,26.22491],[94.9527,26.22257],[94.95045,26.21897],[94.95108,26.21707],[94.95012,26.21411],[94.95021,26.21047],[94.94916,26.20613],[94.94759,26.20409],[94.94641,26.20074],[94.9441,26.19638],[94.94109,26.19555],[94.9352,26.19582],[94.92828,26.19351],[94.92568,26.19219],[94.92208,26.19279],[94.91968,26.19195],[94.91491,26.19421],[94.91234,26.19645],[94.91061,26.19912],[94.90804,26.20152],[94.90791,26.20467],[94.90606,26.20778],[94.9029,26.20961],[94.90171,26.21087],[94.89815,26.2105],[94.89439,26.20951],[94.89072,26.20459],[94.88985,26.20162],[94.88584,26.19797],[94.88262,26.19642],[94.88187,26.19347],[94.87724,26.18974],[94.87503,26.18601],[94.87238,26.18459],[94.87019,26.18427],[94.86818,26.18178],[94.86734,26.17975],[94.86464,26.17856],[94.86255,26.17699],[94.86132,26.17472],[94.85895,26.17405],[94.85634,26.17033],[94.85534,26.1722],[94.85477,26.17663],[94.85264,26.18138],[94.85239,26.18572],[94.85377,26.18952],[94.85212,26.19238],[94.85183,26.19519],[94.84889,26.19432],[94.8462,26.19602],[94.84409,26.19462],[94.84136,26.19517],[94.83995,26.19608],[94.83586,26.19748],[94.83247,26.19732],[94.82956,26.1977],[94.82568,26.19667],[94.82336,26.19473],[94.82034,26.19508],[94.81801,26.19415],[94.81535,26.19566],[94.81305,26.1958],[94.8108,26.19657],[94.80813,26.19654],[94.8068,26.19342],[94.8022,26.18961],[94.80134,26.18755],[94.79815,26.1847],[94.7975,26.18334],[94.79432,26.1809],[94.79291,26.17862],[94.78994,26.17632],[94.79182,26.17494],[94.79166,26.17251],[94.79643,26.16457],[94.79544,26.1635],[94.79439,26.16022],[94.79408,26.15685],[94.78914,26.15787],[94.78571,26.15946],[94.78354,26.16168],[94.78489,26.16388],[94.78635,26.16522],[94.78624,26.17005],[94.78539,26.17113],[94.78117,26.1737],[94.77827,26.17421],[94.77664,26.17829],[94.77403,26.18053],[94.77423,26.18263],[94.77768,26.18518],[94.77987,26.18856],[94.7769,26.18841],[94.77354,26.18575],[94.77076,26.1846],[94.76759,26.17998],[94.76572,26.1785],[94.7622,26.17825],[94.75671,26.17927],[94.75442,26.18207],[94.75146,26.18454],[94.75128,26.18571],[94.75642,26.18665],[94.75765,26.18767],[94.75935,26.1903],[94.7572,26.19097],[94.75683,26.19208],[94.75554,26.19332],[94.75495,26.19588],[94.7533,26.19649],[94.75264,26.19857],[94.75,26.20012],[94.74897,26.19989],[94.74773,26.19552],[94.74541,26.19284],[94.74504,26.18865],[94.74032,26.18493],[94.73946,26.18098],[94.73942,26.17847],[94.74015,26.17594],[94.73984,26.17509],[94.73423,26.17361],[94.73171,26.17063],[94.72769,26.16889],[94.72654,26.1676],[94.72542,26.16811],[94.72357,26.16712],[94.72007,26.16785],[94.71799,26.16743],[94.71669,26.16821],[94.71421,26.16818],[94.71158,26.16788],[94.70679,26.16617],[94.70458,26.1662],[94.70225,26.16688],[94.70312,26.16968],[94.70574,26.17201],[94.7041,26.17342],[94.7034,26.17373],[94.70183,26.17307],[94.70035,26.17304],[94.69989,26.17167],[94.69741,26.1712],[94.69586,26.17256],[94.69576,26.17384],[94.69669,26.17432],[94.6958,26.17543],[94.69641,26.17631],[94.69563,26.17775],[94.69668,26.17864],[94.69514,26.18051],[94.69393,26.18314],[94.69398,26.18513],[94.69342,26.18597],[94.69193,26.18623],[94.68973,26.18821],[94.68779,26.1882],[94.68731,26.19048],[94.6904,26.19289],[94.68947,26.19408],[94.68872,26.19632],[94.68942,26.19826],[94.68911,26.19854],[94.68831,26.19839],[94.68797,26.19692],[94.68716,26.19629],[94.68686,26.19717],[94.68507,26.19768],[94.6846,26.19876],[94.68365,26.1991],[94.68235,26.19776],[94.68094,26.19753],[94.68005,26.19638],[94.679,26.19607],[94.67682,26.19633],[94.67394,26.19415],[94.67103,26.19353],[94.66779,26.19357],[94.66633,26.19148],[94.66514,26.19079],[94.66212,26.19204],[94.66078,26.19397],[94.656,26.19853],[94.65438,26.19839],[94.65436,26.19715],[94.65183,26.19419],[94.6507,26.19454],[94.64727,26.19683],[94.64545,26.19746],[94.64574,26.20339],[94.64398,26.21083],[94.64315,26.21228],[94.64319,26.21384],[94.63997,26.21554],[94.63825,26.21736],[94.6357,26.21538],[94.63477,26.21296],[94.63155,26.20789],[94.62658,26.2058],[94.6254,26.20483],[94.62449,26.20096],[94.62377,26.19994],[94.62159,26.19868],[94.61918,26.19907],[94.61743,26.19835],[94.61656,26.19862],[94.61406,26.20079],[94.61011,26.20228],[94.60904,26.20471],[94.6067,26.20652],[94.6064,26.20914],[94.60539,26.21169],[94.6023,26.21478],[94.60251,26.21684],[94.60389,26.21882],[94.60483,26.22295],[94.6018,26.22546],[94.60027,26.22945],[94.59767,26.23134],[94.5968,26.23265],[94.59724,26.24278],[94.5941,26.24117],[94.59309,26.24106],[94.59213,26.24155],[94.58947,26.24466],[94.58903,26.24639],[94.58538,26.25222],[94.58545,26.25595],[94.58281,26.25698],[94.58354,26.25869],[94.58753,26.26245],[94.58345,26.26512],[94.58343,26.26688],[94.58251,26.26857],[94.58363,26.2715],[94.5832,26.27238],[94.57996,26.27463],[94.57837,26.27844],[94.57987,26.28117],[94.57878,26.28271],[94.57793,26.28527],[94.57881,26.28679],[94.58161,26.28896],[94.5822,26.29192],[94.58134,26.29316],[94.57938,26.29426],[94.57922,26.29494],[94.58111,26.29656],[94.58235,26.29545],[94.58329,26.29579],[94.58329,26.29805],[94.5823,26.29984],[94.58238,26.30078],[94.58297,26.30091],[94.58446,26.29984],[94.58542,26.29983],[94.58683,26.30145],[94.58891,26.30064],[94.59087,26.29825],[94.59167,26.29596],[94.59277,26.29587],[94.59121,26.29908],[94.59079,26.30188],[94.59244,26.30173],[94.5944,26.30254],[94.59484,26.30225],[94.59504,26.3],[94.5963,26.29994],[94.59685,26.3028],[94.59809,26.30483],[94.59592,26.30569],[94.59554,26.30622],[94.59826,26.3079],[94.59938,26.31002],[94.59917,26.31127],[94.59648,26.31159],[94.59652,26.31241],[94.59865,26.31326],[94.59954,26.31531],[94.6022,26.31761],[94.60934,26.32097],[94.61028,26.32194],[94.61066,26.32333],[94.61301,26.32199],[94.61384,26.32214],[94.61386,26.32555],[94.6145,26.32646],[94.61911,26.32584],[94.62114,26.3276],[94.62312,26.32606],[94.62416,26.32901],[94.6262,26.33044],[94.62878,26.3342],[94.63049,26.33298],[94.63155,26.33278],[94.63359,26.33397],[94.63363,26.33229],[94.63538,26.33197],[94.63598,26.33029],[94.63763,26.32986],[94.63849,26.3306],[94.63765,26.33403],[94.63797,26.33598],[94.63859,26.33674],[94.6393,26.33688],[94.64217,26.3359],[94.64283,26.33618],[94.64373,26.33771],[94.64556,26.33783],[94.64689,26.33902],[94.65064,26.33858],[94.65098,26.34048],[94.65302,26.34187],[94.65275,26.34256],[94.65074,26.34293],[94.65068,26.34356],[94.6525,26.34599],[94.6506,26.34714],[94.6508,26.34775],[94.65158,26.34833],[94.6531,26.34851],[94.65647,26.34705],[94.65738,26.34712],[94.65751,26.34757],[94.65572,26.35025],[94.6519,26.35106],[94.65128,26.35162],[94.65147,26.35246],[94.6553,26.35767],[94.65517,26.35811],[94.65364,26.35815],[94.65325,26.35861],[94.65323,26.3616],[94.65394,26.36232],[94.65711,26.36265],[94.65926,26.3665],[94.65994,26.36649],[94.66134,26.36548],[94.66216,26.36579],[94.66374,26.37149],[94.66364,26.37265],[94.66309,26.37305],[94.66026,26.37163],[94.65932,26.37173],[94.65775,26.37428],[94.65747,26.37589],[94.66109,26.37782],[94.66163,26.37993],[94.66263,26.38083],[94.66346,26.38076],[94.66607,26.37807],[94.66814,26.37708],[94.6701,26.37678],[94.67093,26.37696],[94.671,26.3776],[94.66837,26.37919],[94.66833,26.37959],[94.67091,26.38238],[94.67272,26.3825],[94.67655,26.38086],[94.67813,26.38145],[94.67839,26.38245],[94.67746,26.38473],[94.67753,26.38643],[94.67866,26.38712],[94.68035,26.38676],[94.67944,26.38954],[94.68312,26.39198],[94.68342,26.39289],[94.68271,26.39521],[94.68362,26.3985],[94.68601,26.40091],[94.68613,26.40282],[94.68949,26.40288],[94.68993,26.40332],[94.68957,26.40476],[94.687,26.40635],[94.68699,26.4069],[94.69072,26.40917],[94.69281,26.41253],[94.69559,26.41379],[94.69826,26.41582],[94.69971,26.41747],[94.69972,26.41912],[94.7004,26.4203],[94.70263,26.42033],[94.70319,26.42083],[94.70345,26.42313],[94.70462,26.4256],[94.70349,26.42783],[94.70319,26.43067],[94.70118,26.43063],[94.70078,26.43111],[94.70569,26.43454],[94.70739,26.43794],[94.71014,26.43682],[94.71157,26.43729],[94.71162,26.43841],[94.70856,26.44139],[94.70837,26.44273],[94.71064,26.44539],[94.71358,26.44288],[94.71463,26.44272],[94.71901,26.44333],[94.72394,26.44522],[94.72843,26.44297],[94.73063,26.44247]]]}},{"id":"6","type":"Feature","properties":{"state":"NAGALAND","state_lgd":"13","district":"SHAMATOR","district_lgd":"712"},"geometry":{"type":"Polygon","coordinates":[[[94.90295,26.18444],[94.90025,26.18266],[94.89805,26.18304],[94.89656,26.18264],[94.89478,26.18024],[94.89203,26.17786],[94.88969,26.17264],[94.88127,26.16695],[94.88086,26.16612],[94.87873,26.16533],[94.87859,26.16291],[94.88122,26.15973],[94.88113,26.15849],[94.88272,26.15493],[94.887,26.14883],[94.88886,26.14281],[94.8914,26.13843],[94.89117,26.13327],[94.89175,26.13239],[94.89042,26.13009],[94.88749,26.1309],[94.88461,26.13104],[94.8847,26.12985],[94.8858,26.12772],[94.8847,26.12401],[94.885,26.12109],[94.88347,26.11879],[94.88305,26.11542],[94.88004,26.11509],[94.87923,26.11334],[94.88171,26.11036],[94.88231,26.10897],[94.88524,26.10664],[94.8876,26.10568],[94.88995,26.10551],[94.8913,26.10404],[94.89368,26.10354],[94.89471,26.10223],[94.89351,26.09989],[94.89261,26.09895],[94.88968,26.09751],[94.88898,26.09576],[94.89243,26.09256],[94.89329,26.09045],[94.89267,26.08937],[94.89259,26.08488],[94.89079,26.08152],[94.89119,26.07395],[94.8957,26.07078],[94.8976,26.06883],[94.89715,26.06438],[94.90024,26.06161],[94.89997,26.0558],[94.90072,26.05521],[94.90423,26.0551],[94.90816,26.05411],[94.9129,26.05717],[94.91461,26.06074],[94.92043,26.06254],[94.92132,26.06105],[94.92593,26.05724],[94.92626,26.05566],[94.92746,26.05521],[94.92911,26.05198],[94.93213,26.04906],[94.93101,26.04739],[94.93024,26.04701],[94.92766,26.04777],[94.92555,26.04616],[94.92383,26.0463],[94.92314,26.04477],[94.92129,26.04366],[94.91845,26.04377],[94.91687,26.04064],[94.91896,26.03974],[94.9202,26.03564],[94.92475,26.03148],[94.92786,26.02997],[94.93016,26.02984],[94.93513,26.02691],[94.93287,26.0247],[94.92827,26.02194],[94.92864,26.01823],[94.92433,26.01745],[94.91895,26.01549],[94.91791,26.01238],[94.91557,26.01046],[94.91673,26.00746],[94.91237,26.00907],[94.9057,26.00205],[94.90063,26.00444],[94.90015,26.00579],[94.89876,26.00732],[94.89858,26.00891],[94.89818,26.00913],[94.89387,26.01028],[94.89014,26.00966],[94.88799,26.01023],[94.88642,26.00953],[94.88513,26.00956],[94.88559,26.00743],[94.88802,26.0049],[94.88804,26.00453],[94.88789,26.00419],[94.88366,26.00218],[94.88182,26.00176],[94.88005,26.00223],[94.87922,26.00175],[94.87916,25.99976],[94.88171,25.99705],[94.87998,25.99623],[94.87727,25.99277],[94.87526,25.98622],[94.87111,25.9845],[94.87164,25.98346],[94.87139,25.98242],[94.867,25.97444],[94.86455,25.9715],[94.86414,25.96835],[94.86073,25.96502],[94.8606,25.96433],[94.86162,25.96289],[94.86136,25.95999],[94.85942,25.95846],[94.85863,25.95563],[94.85702,25.95514],[94.85648,25.95438],[94.85654,25.95363],[94.85795,25.95272],[94.85806,25.95208],[94.85555,25.95028],[94.85229,25.94614],[94.8505,25.93935],[94.84734,25.94011],[94.84542,25.93976],[94.84672,25.93861],[94.84504,25.93628],[94.84567,25.93467],[94.84338,25.93314],[94.8429,25.93045],[94.84146,25.93003],[94.83968,25.93069],[94.83912,25.93529],[94.83721,25.93706],[94.83725,25.94034],[94.8352,25.94338],[94.82909,25.94585],[94.82724,25.94795],[94.82094,25.94862],[94.81851,25.94828],[94.81188,25.95204],[94.81176,25.95482],[94.81128,25.95528],[94.81057,25.95515],[94.81013,25.95436],[94.81058,25.95274],[94.81026,25.95179],[94.80382,25.95051],[94.80104,25.9492],[94.79756,25.94661],[94.79487,25.94297],[94.79351,25.94021],[94.78964,25.93671],[94.78908,25.93742],[94.78681,25.93803],[94.78498,25.93926],[94.78448,25.93998],[94.78407,25.94328],[94.78674,25.95113],[94.786,25.95214],[94.78336,25.95332],[94.78246,25.95469],[94.78263,25.95554],[94.78448,25.95542],[94.78753,25.95656],[94.7921,25.96165],[94.79222,25.96285],[94.7906,25.9641],[94.78897,25.96462],[94.78449,25.969],[94.7818,25.96916],[94.78145,25.97222],[94.77876,25.97292],[94.77802,25.97354],[94.77964,25.97398],[94.78067,25.97485],[94.77879,25.97819],[94.77935,25.98147],[94.77851,25.98366],[94.77616,25.98372],[94.77555,25.98257],[94.77384,25.98141],[94.77141,25.98084],[94.77107,25.97936],[94.76998,25.97804],[94.76937,25.97799],[94.76576,25.98354],[94.76296,25.99102],[94.76316,25.99382],[94.76103,25.99722],[94.75972,26.00072],[94.76035,26.00183],[94.76007,26.00285],[94.76043,26.00334],[94.7625,26.00392],[94.76562,26.00733],[94.76668,26.00761],[94.76786,26.00926],[94.76925,26.00989],[94.77005,26.01141],[94.77023,26.01348],[94.77151,26.01474],[94.76994,26.01535],[94.76915,26.01701],[94.76742,26.01839],[94.76125,26.02092],[94.75904,26.02336],[94.75453,26.02408],[94.74928,26.02662],[94.74762,26.02989],[94.74781,26.03484],[94.74326,26.03964],[94.7397,26.03968],[94.73733,26.03785],[94.73491,26.03791],[94.73385,26.03738],[94.73209,26.03464],[94.73059,26.03368],[94.72909,26.03113],[94.7241,26.02631],[94.72235,26.02399],[94.71839,26.02603],[94.71557,26.02644],[94.71279,26.0246],[94.71134,26.02422],[94.70929,26.02247],[94.7069,26.02154],[94.7044,26.01861],[94.7021,26.01862],[94.70112,26.01798],[94.70074,26.01948],[94.69968,26.01993],[94.69849,26.02145],[94.69627,26.02249],[94.69597,26.02394],[94.69192,26.02939],[94.69045,26.0299],[94.68987,26.03299],[94.68778,26.03561],[94.68695,26.03796],[94.68203,26.0346],[94.67991,26.03372],[94.68015,26.03166],[94.67804,26.02888],[94.6734,26.02639],[94.67325,26.0252],[94.67218,26.02374],[94.66977,26.02151],[94.66474,26.02503],[94.66167,26.02815],[94.6594,26.02913],[94.65902,26.03039],[94.65739,26.03258],[94.65486,26.0345],[94.6544,26.03549],[94.65305,26.0358],[94.6504,26.03745],[94.64816,26.03767],[94.64768,26.03816],[94.64536,26.03822],[94.64644,26.03984],[94.64822,26.04079],[94.6478,26.04187],[94.64822,26.04314],[94.64894,26.04275],[94.64938,26.04148],[94.65099,26.04139],[94.65476,26.04388],[94.65577,26.0441],[94.66179,26.04956],[94.66296,26.05043],[94.66442,26.0505],[94.66776,26.0533],[94.66852,26.0535],[94.6695,26.05301],[94.6736,26.05445],[94.67401,26.05552],[94.672,26.05587],[94.67182,26.05691],[94.67083,26.057],[94.67164,26.05885],[94.6716,26.05954],[94.67075,26.06039],[94.6723,26.06078],[94.67641,26.06017],[94.67655,26.06219],[94.67548,26.06289],[94.67251,26.06264],[94.67198,26.06457],[94.67232,26.06578],[94.67349,26.06571],[94.67439,26.0664],[94.67709,26.06714],[94.67875,26.06697],[94.68287,26.06756],[94.68327,26.06682],[94.68235,26.06517],[94.68245,26.06289],[94.68176,26.05983],[94.68426,26.06062],[94.68517,26.06019],[94.6847,26.05681],[94.68641,26.05781],[94.68685,26.05872],[94.68655,26.06113],[94.68745,26.06421],[94.68741,26.06674],[94.68644,26.06872],[94.68817,26.07198],[94.68668,26.07537],[94.68957,26.0776],[94.69078,26.07932],[94.69219,26.07972],[94.69264,26.0791],[94.69266,26.07749],[94.69125,26.07532],[94.6926,26.0744],[94.69345,26.07501],[94.69453,26.0769],[94.69459,26.07798],[94.69332,26.0808],[94.69347,26.08217],[94.69633,26.08508],[94.69763,26.08912],[94.69818,26.09349],[94.70096,26.09582],[94.69804,26.09734],[94.70009,26.10051],[94.70019,26.10208],[94.6972,26.10144],[94.69535,26.10253],[94.69504,26.10529],[94.6925,26.10782],[94.69267,26.11429],[94.6886,26.11616],[94.68752,26.11569],[94.6877,26.1222],[94.68843,26.12606],[94.68756,26.12922],[94.6884,26.13099],[94.68863,26.13574],[94.68912,26.13661],[94.68833,26.13766],[94.69105,26.13918],[94.68787,26.14147],[94.68681,26.14338],[94.68771,26.1444],[94.68885,26.14992],[94.69509,26.15953],[94.70231,26.16267],[94.70164,26.16406],[94.70219,26.16459],[94.70207,26.16681],[94.70679,26.16617],[94.71158,26.16788],[94.71535,26.16826],[94.71669,26.16821],[94.71799,26.16743],[94.72007,26.16785],[94.72357,26.16712],[94.72542,26.16811],[94.72654,26.1676],[94.72769,26.16889],[94.73171,26.17063],[94.73423,26.17361],[94.73984,26.17509],[94.7401,26.17641],[94.73942,26.17847],[94.73981,26.18358],[94.74053,26.18522],[94.74203,26.18591],[94.74504,26.18865],[94.74541,26.19284],[94.74773,26.19552],[94.74836,26.19866],[94.74921,26.20007],[94.75103,26.19973],[94.75264,26.19857],[94.7533,26.19649],[94.75495,26.19588],[94.75554,26.19332],[94.75683,26.19208],[94.7572,26.19097],[94.75935,26.1903],[94.75765,26.18767],[94.75642,26.18665],[94.75128,26.18571],[94.75146,26.18454],[94.75442,26.18207],[94.75671,26.17927],[94.7622,26.17825],[94.76572,26.1785],[94.76759,26.17998],[94.77076,26.1846],[94.77354,26.18575],[94.7769,26.18841],[94.77987,26.18856],[94.77768,26.18518],[94.77423,26.18263],[94.77403,26.18053],[94.77664,26.17829],[94.77827,26.17421],[94.78117,26.1737],[94.78539,26.17113],[94.78624,26.17005],[94.78635,26.16522],[94.78489,26.16388],[94.78354,26.16168],[94.78571,26.15946],[94.78914,26.15787],[94.79408,26.15685],[94.79439,26.16022],[94.79544,26.1635],[94.79643,26.16457],[94.79166,26.17251],[94.79182,26.17494],[94.78994,26.17632],[94.79291,26.17862],[94.79432,26.1809],[94.7975,26.18334],[94.79815,26.1847],[94.80134,26.18755],[94.8022,26.18961],[94.8065,26.1931],[94.80761,26.19591],[94.80874,26.19675],[94.81535,26.19566],[94.81801,26.19415],[94.82034,26.19508],[94.82336,26.19473],[94.82568,26.19667],[94.8299,26.19775],[94.83247,26.19732],[94.83586,26.19748],[94.83995,26.19608],[94.84136,26.19517],[94.84409,26.19462],[94.8462,26.19602],[94.84889,26.19432],[94.85183,26.19519],[94.85212,26.19238],[94.85377,26.18952],[94.85239,26.18572],[94.85264,26.18138],[94.85477,26.17663],[94.85534,26.1722],[94.85634,26.17033],[94.85895,26.17405],[94.86132,26.17472],[94.86255,26.17699],[94.86464,26.17856],[94.86734,26.17975],[94.86818,26.18178],[94.87019,26.18427],[94.87238,26.18459],[94.87503,26.18601],[94.87724,26.18974],[94.88187,26.19347],[94.88262,26.19642],[94.88584,26.19797],[94.88985,26.20162],[94.89072,26.20459],[94.89419,26.20943],[94.90145,26.21101],[94.9029,26.20961],[94.90606,26.20778],[94.90791,26.20467],[94.90804,26.20152],[94.91061,26.19912],[94.91234,26.19645],[94.91491,26.19421],[94.91056,26.19001],[94.90475,26.18746],[94.90295,26.18444]]]}},{"id":"7","type":"Feature","properties":{"state":"NAGALAND","state_lgd":"13","district":"ZUNHEBOTO","district_lgd":"263"},"geometry":{"type":"Polygon","coordinates":[[[94.48842,26.25415],[94.48973,26.25435],[94.49186,26.25577],[94.49435,26.25512],[94.4959,26.25575],[94.49819,26.25587],[94.49821,26.25494],[94.50072,26.25282],[94.50449,26.25301],[94.506,26.25266],[94.50659,26.24869],[94.50562,26.24696],[94.5061,26.24598],[94.50593,26.24485],[94.50798,26.24299],[94.50985,26.24284],[94.51055,26.24207],[94.5109,26.24025],[94.51242,26.24046],[94.51401,26.24152],[94.51571,26.24027],[94.51593,26.23921],[94.51374,26.23824],[94.5122,26.23917],[94.51211,26.23848],[94.5135,26.2359],[94.51161,26.23564],[94.50868,26.23263],[94.50829,26.23288],[94.50863,26.23498],[94.50748,26.23438],[94.50591,26.23492],[94.50555,26.23193],[94.5041,26.23146],[94.50224,26.23239],[94.50014,26.22924],[94.49786,26.22939],[94.49809,26.22819],[94.49888,26.2273],[94.5,26.22712],[94.50137,26.2278],[94.50166,26.22692],[94.5008,26.22534],[94.49931,26.22488],[94.49779,26.22515],[94.49741,26.22464],[94.49801,26.22351],[94.49775,26.22133],[94.49831,26.22036],[94.49827,26.2192],[94.49722,26.21891],[94.49628,26.21933],[94.49617,26.21887],[94.49792,26.21646],[94.49922,26.21642],[94.49915,26.21429],[94.50065,26.21379],[94.50196,26.21519],[94.50352,26.21493],[94.50389,26.21329],[94.50661,26.21166],[94.50665,26.21073],[94.50554,26.20942],[94.50522,26.2079],[94.50334,26.20765],[94.50258,26.20713],[94.5026,26.20647],[94.50479,26.20506],[94.50846,26.20578],[94.51425,26.20555],[94.51859,26.20891],[94.52132,26.20817],[94.52182,26.20754],[94.52153,26.20619],[94.519,26.20481],[94.51597,26.2009],[94.51007,26.19947],[94.51228,26.19797],[94.51194,26.19698],[94.51343,26.19629],[94.51296,26.19546],[94.51139,26.1959],[94.51081,26.19539],[94.51161,26.19202],[94.51095,26.19126],[94.51115,26.19024],[94.51278,26.1899],[94.51643,26.18808],[94.51529,26.18594],[94.51405,26.18073],[94.51444,26.1794],[94.51624,26.17788],[94.51746,26.17824],[94.51778,26.17974],[94.52066,26.17882],[94.52305,26.18079],[94.52706,26.18124],[94.5316,26.18239],[94.53437,26.18439],[94.54098,26.18493],[94.54531,26.18653],[94.5512,26.18699],[94.55961,26.18621],[94.56401,26.18528],[94.56613,26.18546],[94.56985,26.18832],[94.57011,26.19038],[94.56955,26.19399],[94.57512,26.19785],[94.57841,26.20117],[94.58091,26.20464],[94.58376,26.20678],[94.58743,26.21237],[94.58924,26.21075],[94.59444,26.21371],[94.59609,26.214],[94.59968,26.21564],[94.60227,26.21533],[94.60267,26.21422],[94.60539,26.21169],[94.6064,26.20914],[94.6067,26.20652],[94.60904,26.20471],[94.61046,26.20197],[94.61406,26.20079],[94.61743,26.19835],[94.61918,26.19907],[94.62159,26.19868],[94.62377,26.19994],[94.62449,26.20096],[94.6254,26.20483],[94.62658,26.2058],[94.63155,26.20789],[94.63477,26.21296],[94.6357,26.21538],[94.63825,26.21736],[94.63997,26.21554],[94.64319,26.21384],[94.64315,26.21228],[94.64398,26.21083],[94.64574,26.20339],[94.64545,26.19746],[94.64727,26.19683],[94.6507,26.19454],[94.65183,26.19419],[94.65436,26.19715],[94.65438,26.19839],[94.656,26.19853],[94.66078,26.19397],[94.66212,26.19204],[94.66514,26.19079],[94.66633,26.19148],[94.66779,26.19357],[94.67103,26.19353],[94.67394,26.19415],[94.67682,26.19633],[94.679,26.19607],[94.68005,26.19638],[94.68094,26.19753],[94.68235,26.19776],[94.68365,26.1991],[94.6846,26.19876],[94.68507,26.19768],[94.68686,26.19717],[94.68716,26.19629],[94.68797,26.19692],[94.68831,26.19839],[94.68911,26.19854],[94.68942,26.19826],[94.68872,26.19632],[94.68947,26.19408],[94.6904,26.19289],[94.68731,26.19048],[94.68779,26.1882],[94.68973,26.18821],[94.69193,26.18623],[94.69342,26.18597],[94.69398,26.18513],[94.69393,26.18314],[94.69514,26.18051],[94.69668,26.17864],[94.69563,26.17775],[94.69641,26.17631],[94.6958,26.17543],[94.69669,26.17432],[94.69576,26.17384],[94.69586,26.17256],[94.69705,26.17123],[94.69947,26.17149],[94.70035,26.17304],[94.70183,26.17307],[94.7034,26.17373],[94.70574,26.17201],[94.70312,26.16968],[94.70282,26.16781],[94.70185,26.16652],[94.70219,26.16467],[94.70167,26.16376],[94.70231,26.16267],[94.69509,26.15953],[94.68885,26.14992],[94.68771,26.1444],[94.68681,26.14338],[94.68787,26.14147],[94.69105,26.13918],[94.68833,26.13766],[94.68912,26.13661],[94.68863,26.13574],[94.6884,26.13099],[94.68756,26.12922],[94.68843,26.12606],[94.6877,26.1222],[94.68752,26.11569],[94.6886,26.11616],[94.69267,26.11429],[94.6925,26.10782],[94.69504,26.10529],[94.69535,26.10253],[94.6972,26.10144],[94.70019,26.10208],[94.70009,26.10051],[94.69804,26.09734],[94.70096,26.09582],[94.69818,26.09349],[94.69763,26.08912],[94.69633,26.08508],[94.69347,26.08217],[94.69332,26.0808],[94.69459,26.07798],[94.69453,26.0769],[94.69345,26.07501],[94.6926,26.0744],[94.69125,26.07532],[94.69266,26.07749],[94.69264,26.0791],[94.69219,26.07972],[94.69078,26.07932],[94.68957,26.0776],[94.68668,26.07537],[94.68817,26.07198],[94.68644,26.06872],[94.68741,26.06674],[94.68745,26.06421],[94.68655,26.06113],[94.68663,26.05817],[94.6847,26.05681],[94.68517,26.06019],[94.68362,26.06059],[94.68176,26.05983],[94.68245,26.06289],[94.68235,26.06517],[94.68327,26.06682],[94.68287,26.06756],[94.67875,26.06697],[94.67709,26.06714],[94.67439,26.0664],[94.67349,26.06571],[94.67232,26.06578],[94.67198,26.06457],[94.67251,26.06264],[94.67548,26.06289],[94.67655,26.06219],[94.67641,26.06017],[94.6723,26.06078],[94.67075,26.06039],[94.6716,26.05954],[94.67164,26.05885],[94.67083,26.057],[94.67182,26.05691],[94.672,26.05587],[94.67401,26.05552],[94.6736,26.05445],[94.6695,26.05301],[94.66852,26.0535],[94.66776,26.0533],[94.66442,26.0505],[94.66296,26.05043],[94.66179,26.04956],[94.65577,26.0441],[94.65476,26.04388],[94.65099,26.04139],[94.64938,26.04148],[94.64894,26.04275],[94.64822,26.04314],[94.6478,26.04187],[94.64822,26.04079],[94.64644,26.03984],[94.64536,26.03822],[94.64768,26.03816],[94.64816,26.03767],[94.6504,26.03745],[94.65305,26.0358],[94.6544,26.03549],[94.65486,26.0345],[94.65739,26.03258],[94.65902,26.03039],[94.6594,26.02913],[94.66167,26.02815],[94.66474,26.02503],[94.66978,26.02151],[94.66884,26.01911],[94.67195,26.01531],[94.67483,26.01282],[94.67459,26.01158],[94.67024,26.00819],[94.66813,26.00558],[94.66456,26.00379],[94.66226,26.00192],[94.65958,26.00193],[94.65809,26.00107],[94.66086,25.99971],[94.66363,25.9971],[94.66465,25.99543],[94.66868,25.99288],[94.66849,25.98953],[94.66798,25.98883],[94.66664,25.9889],[94.6641,25.99057],[94.66273,25.99084],[94.66183,25.99057],[94.66006,25.98878],[94.6588,25.98874],[94.65703,25.98675],[94.65011,25.98607],[94.64923,25.9852],[94.64866,25.98404],[94.64875,25.98293],[94.64986,25.98073],[94.64975,25.97973],[94.64666,25.97724],[94.64607,25.97604],[94.64498,25.9705],[94.64407,25.96918],[94.64313,25.96617],[94.64207,25.96535],[94.64111,25.96364],[94.64098,25.9614],[94.63925,25.95957],[94.6399,25.95763],[94.63656,25.95671],[94.6347,25.95557],[94.63385,25.95119],[94.63288,25.94979],[94.63367,25.94741],[94.63557,25.94549],[94.63562,25.94401],[94.63488,25.94305],[94.6366,25.94296],[94.64364,25.94573],[94.64426,25.94516],[94.64542,25.93923],[94.63982,25.93463],[94.63854,25.93328],[94.63779,25.93126],[94.63659,25.93104],[94.63276,25.93197],[94.63314,25.92968],[94.63277,25.92866],[94.63027,25.92617],[94.62853,25.92626],[94.62817,25.92733],[94.62759,25.92754],[94.62619,25.92501],[94.62281,25.92305],[94.6157,25.92475],[94.61363,25.92588],[94.60576,25.92735],[94.60468,25.9278],[94.60353,25.92981],[94.60239,25.92895],[94.6021,25.92737],[94.5994,25.9259],[94.59895,25.92288],[94.59591,25.92112],[94.59585,25.91971],[94.59376,25.9141],[94.5889,25.91167],[94.58706,25.91027],[94.58638,25.90596],[94.58321,25.90442],[94.57911,25.89863],[94.57555,25.896],[94.57431,25.89441],[94.57197,25.89449],[94.56982,25.88967],[94.57093,25.88951],[94.57237,25.88859],[94.57358,25.88638],[94.57397,25.88362],[94.57642,25.88112],[94.57688,25.87921],[94.58048,25.8767],[94.58181,25.8762],[94.58701,25.87723],[94.58851,25.8769],[94.58868,25.87862],[94.58919,25.87903],[94.59226,25.87879],[94.59588,25.87537],[94.59731,25.87229],[94.59757,25.86992],[94.59901,25.86723],[94.59864,25.86565],[94.59524,25.86354],[94.59388,25.8612],[94.59092,25.86027],[94.58854,25.86062],[94.58932,25.85687],[94.59157,25.85429],[94.59537,25.85249],[94.59783,25.84846],[94.60415,25.84371],[94.6073,25.83798],[94.60964,25.83594],[94.61108,25.83586],[94.61043,25.83363],[94.61494,25.83029],[94.61605,25.82896],[94.61882,25.82345],[94.62118,25.82178],[94.62769,25.8206],[94.63108,25.81905],[94.63565,25.81926],[94.6412,25.82105],[94.64279,25.82209],[94.64454,25.81969],[94.64842,25.81802],[94.65059,25.8157],[94.65418,25.81488],[94.65672,25.8136],[94.6628,25.80894],[94.66477,25.80817],[94.66703,25.80803],[94.67068,25.80557],[94.6742,25.80457],[94.6757,25.80604],[94.67873,25.80705],[94.6864,25.80733],[94.69292,25.81519],[94.69579,25.81699],[94.69978,25.81794],[94.70478,25.81277],[94.70382,25.80985],[94.70494,25.80685],[94.70819,25.80508],[94.70881,25.80431],[94.7093,25.79944],[94.71048,25.7964],[94.71234,25.79457],[94.71553,25.79279],[94.71723,25.79014],[94.71665,25.78957],[94.71454,25.7893],[94.70872,25.78585],[94.70188,25.78282],[94.70303,25.77717],[94.70489,25.77568],[94.70709,25.76913],[94.70472,25.76658],[94.70429,25.76485],[94.70454,25.76326],[94.69686,25.76584],[94.69473,25.76492],[94.69321,25.76235],[94.69114,25.76149],[94.69045,25.7607],[94.69,25.76085],[94.68694,25.76441],[94.68352,25.76722],[94.67943,25.76895],[94.67802,25.77036],[94.67684,25.77051],[94.67409,25.77262],[94.67251,25.77442],[94.67231,25.77557],[94.67097,25.77686],[94.659,25.78359],[94.65547,25.7843],[94.65003,25.78245],[94.65278,25.78075],[94.65584,25.7777],[94.65324,25.77722],[94.6498,25.77742],[94.64702,25.77656],[94.64452,25.7741],[94.64288,25.77121],[94.63517,25.76408],[94.63291,25.76336],[94.63042,25.76318],[94.6275,25.76113],[94.62072,25.76001],[94.61882,25.76091],[94.6116,25.76281],[94.61031,25.76374],[94.60931,25.76527],[94.61064,25.76808],[94.61394,25.76854],[94.61506,25.76917],[94.61601,25.77073],[94.61651,25.7743],[94.61252,25.77744],[94.60683,25.7786],[94.60491,25.77673],[94.60098,25.76962],[94.60068,25.77152],[94.5981,25.7759],[94.59575,25.77533],[94.59369,25.77253],[94.58928,25.77024],[94.58814,25.77039],[94.58793,25.77248],[94.58692,25.77277],[94.58491,25.76905],[94.58367,25.76538],[94.58169,25.76239],[94.57756,25.7587],[94.57476,25.75284],[94.57171,25.75055],[94.56924,25.74979],[94.56679,25.74977],[94.56406,25.75105],[94.56072,25.75373],[94.56014,25.75364],[94.55729,25.75141],[94.55517,25.74832],[94.55181,25.74624],[94.55245,25.74131],[94.54616,25.74191],[94.54465,25.74254],[94.54393,25.74416],[94.54358,25.74991],[94.54466,25.75976],[94.54751,25.77329],[94.54717,25.77373],[94.54259,25.77397],[94.54084,25.77517],[94.54152,25.77802],[94.54504,25.78574],[94.54686,25.7926],[94.54759,25.79375],[94.55209,25.79423],[94.55342,25.79363],[94.55398,25.79521],[94.55223,25.79983],[94.54975,25.79922],[94.54802,25.79982],[94.54276,25.80043],[94.54165,25.80096],[94.54099,25.80226],[94.54316,25.82073],[94.54572,25.82316],[94.54648,25.82462],[94.54165,25.82827],[94.53839,25.82821],[94.5349,25.82926],[94.53257,25.82909],[94.52586,25.83346],[94.52725,25.8358],[94.52778,25.84163],[94.52989,25.84326],[94.53023,25.84443],[94.52962,25.84484],[94.52478,25.84354],[94.52448,25.84246],[94.5258,25.83952],[94.52559,25.83787],[94.52252,25.83578],[94.52,25.83556],[94.51874,25.83485],[94.51836,25.83406],[94.51897,25.83154],[94.51813,25.82981],[94.5173,25.82921],[94.5137,25.82967],[94.51259,25.82735],[94.51052,25.82577],[94.50825,25.82488],[94.50273,25.82446],[94.49901,25.82711],[94.4953,25.82623],[94.49272,25.82522],[94.48704,25.82168],[94.48461,25.81811],[94.48035,25.81722],[94.47855,25.81745],[94.47496,25.81919],[94.47162,25.81852],[94.47035,25.81886],[94.46532,25.82331],[94.45862,25.82262],[94.45834,25.82306],[94.45944,25.82558],[94.4628,25.82921],[94.46391,25.83645],[94.46225,25.84014],[94.46153,25.84222],[94.46165,25.84369],[94.46102,25.84475],[94.45697,25.8477],[94.45466,25.84802],[94.44097,25.84498],[94.43904,25.84573],[94.43488,25.84397],[94.43388,25.84397],[94.43026,25.84586],[94.42784,25.84447],[94.42015,25.84456],[94.41762,25.84536],[94.41303,25.84551],[94.40813,25.84821],[94.40292,25.84806],[94.40216,25.84987],[94.39461,25.85072],[94.39044,25.85305],[94.38592,25.85392],[94.38406,25.8555],[94.38253,25.85614],[94.38014,25.85548],[94.37691,25.85665],[94.37307,25.8569],[94.37121,25.85662],[94.37011,25.85417],[94.36973,25.8518],[94.37023,25.85118],[94.37181,25.85078],[94.37179,25.84869],[94.37242,25.84769],[94.37395,25.84737],[94.37469,25.84342],[94.37426,25.83868],[94.37456,25.83795],[94.37822,25.83358],[94.38051,25.83186],[94.37826,25.82664],[94.37566,25.82507],[94.37232,25.82471],[94.37093,25.82501],[94.36822,25.82667],[94.36524,25.82671],[94.36133,25.82125],[94.35858,25.81994],[94.35474,25.81947],[94.35393,25.81875],[94.35335,25.81907],[94.35421,25.82016],[94.35398,25.82076],[94.34947,25.81943],[94.34787,25.82068],[94.34636,25.81973],[94.34364,25.81907],[94.34303,25.81951],[94.34189,25.82248],[94.34094,25.82281],[94.33956,25.82495],[94.33666,25.82633],[94.33602,25.8256],[94.3367,25.82452],[94.3366,25.82327],[94.33541,25.8204],[94.33429,25.82113],[94.33265,25.82142],[94.33114,25.82262],[94.32275,25.81542],[94.32074,25.81465],[94.32127,25.81238],[94.3202,25.8113],[94.32245,25.80821],[94.3225,25.80671],[94.32389,25.8047],[94.32638,25.80511],[94.32649,25.80379],[94.32475,25.79976],[94.3245,25.79368],[94.32282,25.78854],[94.31806,25.78452],[94.31764,25.78242],[94.31612,25.78118],[94.31573,25.77939],[94.31615,25.77796],[94.31733,25.77694],[94.31711,25.77276],[94.31835,25.77167],[94.31947,25.77149],[94.32023,25.77049],[94.31987,25.76901],[94.32254,25.76642],[94.32251,25.76555],[94.32423,25.76431],[94.32205,25.7593],[94.31847,25.75849],[94.31483,25.75899],[94.31259,25.75851],[94.31211,25.75811],[94.31206,25.75625],[94.31212,25.7552],[94.31268,25.75459],[94.3119,25.75334],[94.3066,25.74922],[94.29972,25.74924],[94.29348,25.75168],[94.29143,25.75108],[94.28839,25.75206],[94.288,25.75374],[94.28833,25.75631],[94.28785,25.75746],[94.28164,25.7541],[94.27569,25.75211],[94.26856,25.75283],[94.26376,25.75559],[94.26617,25.75704],[94.26989,25.76098],[94.26754,25.76248],[94.26841,25.7633],[94.2679,25.76662],[94.26861,25.76785],[94.26755,25.772],[94.26603,25.77272],[94.2652,25.77393],[94.26627,25.77515],[94.26484,25.77728],[94.26715,25.77807],[94.26716,25.78103],[94.26868,25.78316],[94.26987,25.78386],[94.26972,25.78495],[94.27082,25.78595],[94.27161,25.7876],[94.26812,25.79015],[94.26628,25.79096],[94.26596,25.7919],[94.26763,25.79278],[94.26722,25.79352],[94.26536,25.7938],[94.26187,25.79575],[94.25704,25.79675],[94.25357,25.79892],[94.25529,25.80026],[94.25636,25.80198],[94.26004,25.80339],[94.2588,25.80475],[94.25662,25.80481],[94.2557,25.80537],[94.25571,25.80705],[94.25367,25.80996],[94.25436,25.81117],[94.25171,25.81299],[94.24932,25.8151],[94.2491,25.81613],[94.24773,25.81697],[94.2482,25.82008],[94.24454,25.82521],[94.24339,25.82591],[94.24308,25.8269],[94.24151,25.82658],[94.23447,25.83098],[94.22826,25.83398],[94.22623,25.83304],[94.2245,25.83546],[94.22404,25.83792],[94.2215,25.83821],[94.2194,25.83966],[94.21891,25.84071],[94.21976,25.84443],[94.22305,25.84842],[94.2208,25.85232],[94.2177,25.85376],[94.2176,25.85435],[94.21546,25.85471],[94.21487,25.856],[94.21679,25.85895],[94.21951,25.86172],[94.2202,25.86379],[94.22236,25.86249],[94.2239,25.86249],[94.22875,25.86377],[94.2299,25.86312],[94.23088,25.86325],[94.23013,25.86596],[94.2274,25.86764],[94.23038,25.86817],[94.2344,25.86821],[94.23466,25.86874],[94.23016,25.87454],[94.22971,25.87701],[94.22777,25.88038],[94.22985,25.88155],[94.23157,25.88164],[94.23271,25.88132],[94.2332,25.88069],[94.23654,25.88038],[94.2374,25.87972],[94.23997,25.88025],[94.23999,25.88522],[94.24038,25.886],[94.24,25.88784],[94.24095,25.8932],[94.24415,25.89527],[94.2486,25.89907],[94.24807,25.90153],[94.24842,25.9038],[94.24753,25.90664],[94.24813,25.90831],[94.24746,25.90982],[94.24734,25.91218],[94.2492,25.91186],[94.25777,25.91502],[94.26133,25.91978],[94.2605,25.92125],[94.2607,25.92172],[94.26417,25.92252],[94.26658,25.92172],[94.26895,25.92169],[94.27189,25.9203],[94.272,25.92184],[94.27453,25.92257],[94.27617,25.92246],[94.27844,25.92462],[94.2799,25.92517],[94.27724,25.9297],[94.27355,25.93374],[94.27316,25.93534],[94.2734,25.93695],[94.27408,25.9377],[94.27974,25.93826],[94.27979,25.93703],[94.27827,25.9346],[94.27897,25.93167],[94.27979,25.93072],[94.28468,25.92992],[94.28636,25.9307],[94.28825,25.93263],[94.29052,25.93352],[94.29114,25.93515],[94.29053,25.93746],[94.29146,25.93967],[94.29136,25.94054],[94.2873,25.94243],[94.28662,25.94435],[94.2854,25.94598],[94.29005,25.94621],[94.29027,25.9481],[94.2891,25.95364],[94.28483,25.95824],[94.28477,25.95913],[94.28584,25.96145],[94.28562,25.96306],[94.28461,25.96465],[94.28491,25.96616],[94.2839,25.9687],[94.2874,25.97042],[94.28751,25.97145],[94.28673,25.97256],[94.28769,25.97611],[94.28732,25.97821],[94.28647,25.9787],[94.28676,25.97931],[94.28425,25.9811],[94.28288,25.98303],[94.28397,25.98477],[94.28778,25.9871],[94.28867,25.98893],[94.29189,25.99109],[94.29499,25.99483],[94.2986,25.9971],[94.29874,25.99989],[94.29818,26.0012],[94.29862,26.00301],[94.30019,26.00203],[94.30132,26.00195],[94.3021,26.0022],[94.30422,26.00438],[94.30762,26.00553],[94.30806,26.00652],[94.31042,26.00764],[94.31271,26.01185],[94.31421,26.00784],[94.31543,26.0067],[94.31722,26.00718],[94.31919,26.0096],[94.32173,26.01151],[94.32304,26.0119],[94.32552,26.01037],[94.32488,26.00832],[94.32635,26.00733],[94.32554,26.00633],[94.32564,26.00427],[94.32773,26.00114],[94.3276,26.00005],[94.32551,25.99818],[94.3249,25.99608],[94.32611,25.9944],[94.3308,25.99515],[94.33255,25.99479],[94.33364,25.9939],[94.33554,25.99441],[94.33836,25.99734],[94.3418,25.99902],[94.34433,25.99987],[94.34633,25.99988],[94.35001,26.00223],[94.35917,26.00373],[94.35998,26.0042],[94.35925,26.00637],[94.35987,26.00742],[94.36201,26.00809],[94.36279,26.00895],[94.3611,26.01009],[94.35752,26.00901],[94.35611,26.00977],[94.35626,26.01113],[94.35786,26.01258],[94.35806,26.01484],[94.35945,26.01656],[94.35778,26.02164],[94.35979,26.02467],[94.36239,26.02608],[94.3621,26.02675],[94.36072,26.02726],[94.36025,26.02797],[94.3636,26.03101],[94.36438,26.03415],[94.3655,26.03556],[94.36609,26.03851],[94.36787,26.04133],[94.36873,26.0442],[94.3703,26.04692],[94.37064,26.04828],[94.36964,26.04988],[94.3703,26.05294],[94.37119,26.05416],[94.37461,26.05595],[94.3758,26.06011],[94.37794,26.0646],[94.3784,26.06726],[94.38075,26.06792],[94.3822,26.07273],[94.38514,26.07316],[94.38749,26.07498],[94.38772,26.07562],[94.38666,26.0774],[94.38685,26.07856],[94.38998,26.08263],[94.39057,26.08405],[94.39,26.08553],[94.38537,26.08589],[94.38332,26.08708],[94.38337,26.08774],[94.38516,26.08901],[94.38533,26.0897],[94.3835,26.09245],[94.38443,26.09553],[94.38347,26.09577],[94.38094,26.09417],[94.38119,26.09716],[94.37987,26.10055],[94.3802,26.1014],[94.38287,26.10337],[94.38312,26.10514],[94.38236,26.10797],[94.38306,26.10855],[94.38644,26.10946],[94.3869,26.11093],[94.38695,26.11587],[94.38528,26.12168],[94.38524,26.12516],[94.38304,26.12652],[94.37866,26.12669],[94.37755,26.12967],[94.37687,26.1301],[94.36859,26.1311],[94.36755,26.13213],[94.36594,26.13531],[94.36341,26.13497],[94.36294,26.1359],[94.36269,26.14039],[94.36009,26.14292],[94.36112,26.14581],[94.3607,26.14724],[94.35677,26.15076],[94.35272,26.15248],[94.35069,26.15559],[94.34822,26.15516],[94.34752,26.15549],[94.34777,26.1577],[94.34685,26.16317],[94.34772,26.16977],[94.34727,26.17111],[94.34571,26.1728],[94.34294,26.17187],[94.33878,26.17309],[94.33515,26.17216],[94.33481,26.17276],[94.33619,26.17503],[94.33523,26.17843],[94.33728,26.17912],[94.33789,26.17837],[94.33734,26.17734],[94.33795,26.17681],[94.34095,26.17739],[94.34418,26.18009],[94.34701,26.18112],[94.34763,26.18238],[94.34932,26.18337],[94.34917,26.18382],[94.34769,26.18445],[94.34892,26.18494],[94.35136,26.18719],[94.35537,26.18707],[94.35711,26.19025],[94.35925,26.1882],[94.35991,26.18814],[94.36275,26.19133],[94.36539,26.19285],[94.36811,26.19239],[94.37473,26.19396],[94.37726,26.1964],[94.38425,26.19663],[94.38568,26.19739],[94.38736,26.20023],[94.39137,26.20243],[94.39338,26.20221],[94.39447,26.20256],[94.39548,26.20188],[94.39779,26.20399],[94.39902,26.20673],[94.40238,26.20889],[94.40298,26.20995],[94.40544,26.21171],[94.40721,26.21138],[94.40935,26.2103],[94.41261,26.21135],[94.4152,26.21164],[94.41701,26.21266],[94.41868,26.2164],[94.41891,26.21805],[94.41972,26.21907],[94.42292,26.21897],[94.42932,26.22125],[94.43423,26.2215],[94.4356,26.22055],[94.43632,26.21895],[94.43866,26.21693],[94.43929,26.21558],[94.44448,26.21478],[94.44489,26.21587],[94.44394,26.21732],[94.4443,26.2187],[94.4433,26.21942],[94.44308,26.22018],[94.44418,26.22078],[94.44528,26.21957],[94.4462,26.22011],[94.44713,26.22143],[94.44713,26.22238],[94.4479,26.22279],[94.44879,26.22547],[94.45157,26.22573],[94.45491,26.23083],[94.45402,26.23233],[94.4542,26.23319],[94.45567,26.23468],[94.4591,26.23615],[94.45858,26.2373],[94.45647,26.23851],[94.45616,26.2401],[94.45748,26.24063],[94.45942,26.23974],[94.46379,26.24206],[94.46913,26.24381],[94.46939,26.24531],[94.47063,26.24648],[94.47167,26.25016],[94.47473,26.25519],[94.47473,26.25788],[94.47342,26.2599],[94.47679,26.26158],[94.47722,26.25888],[94.47797,26.25796],[94.48688,26.25567],[94.48842,26.25415]]]}},{"id":"8","type":"Feature","properties":{"state":"NAGALAND","state_lgd":"13","district":"DIMAPUR","district_lgd":"265"},"geometry":{"type":"Polygon","coordinates":[[[93.77633,25.96895],[93.7767,25.96733],[93.77622,25.96679],[93.77382,25.96605],[93.77484,25.96449],[93.77462,25.96117],[93.77547,25.96066],[93.77789,25.96041],[93.77628,25.959],[93.77648,25.95787],[93.77985,25.95652],[93.78039,25.95455],[93.78273,25.95042],[93.78515,25.94985],[93.78688,25.94665],[93.78652,25.94537],[93.78441,25.94483],[93.78409,25.94388],[93.78491,25.94336],[93.78685,25.94388],[93.78598,25.94184],[93.78712,25.94004],[93.78628,25.93826],[93.7872,25.93536],[93.78943,25.93397],[93.78913,25.93326],[93.78653,25.93317],[93.78577,25.93246],[93.78599,25.93198],[93.7873,25.93154],[93.78683,25.92992],[93.78894,25.92993],[93.78967,25.92951],[93.78951,25.92881],[93.78806,25.92838],[93.79033,25.92628],[93.78933,25.92497],[93.78848,25.92231],[93.78992,25.9207],[93.78986,25.92011],[93.78905,25.91944],[93.78807,25.91683],[93.79106,25.91563],[93.7907,25.91399],[93.79159,25.91266],[93.79381,25.91276],[93.7929,25.91041],[93.79366,25.90771],[93.79166,25.90743],[93.79149,25.90664],[93.79301,25.90599],[93.79481,25.90693],[93.79517,25.90667],[93.79447,25.90458],[93.79551,25.90324],[93.79507,25.90044],[93.79321,25.89979],[93.79379,25.89867],[93.79295,25.89563],[93.79466,25.89369],[93.79476,25.89245],[93.79171,25.89171],[93.7913,25.89108],[93.79158,25.88969],[93.78912,25.89055],[93.78879,25.89034],[93.7873,25.88902],[93.78654,25.88725],[93.78364,25.88513],[93.78355,25.88387],[93.78435,25.88243],[93.784,25.88019],[93.78334,25.88082],[93.78089,25.88163],[93.78005,25.88073],[93.76093,25.88972],[93.75991,25.89063],[93.75814,25.89023],[93.76146,25.88228],[93.75921,25.8824],[93.75655,25.88174],[93.75372,25.88283],[93.75182,25.881],[93.75035,25.88037],[93.74404,25.881],[93.7397,25.88201],[93.73851,25.88174],[93.73762,25.8807],[93.73433,25.88214],[93.72876,25.88331],[93.72755,25.88009],[93.72909,25.87945],[93.73187,25.88002],[93.73173,25.87489],[93.73044,25.87363],[93.72931,25.87338],[93.72532,25.87436],[93.72393,25.87409],[93.72273,25.87155],[93.72298,25.87099],[93.72531,25.87061],[93.7252,25.86942],[93.72563,25.86893],[93.72517,25.86846],[93.72563,25.86712],[93.72346,25.86489],[93.7241,25.86312],[93.7239,25.86221],[93.72293,25.86211],[93.72169,25.86474],[93.71945,25.86603],[93.71768,25.86638],[93.71608,25.86276],[93.71494,25.86138],[93.71575,25.85817],[93.71416,25.85652],[93.71313,25.85575],[93.71229,25.8558],[93.71174,25.85502],[93.71199,25.85417],[93.71418,25.85234],[93.71389,25.84859],[93.71566,25.84665],[93.7157,25.84578],[93.71432,25.84451],[93.70208,25.85154],[93.68153,25.90439],[93.68347,25.90338],[93.68477,25.9037],[93.68488,25.90471],[93.68642,25.90533],[93.68773,25.90758],[93.69007,25.90766],[93.69127,25.90985],[93.69398,25.91172],[93.69913,25.91133],[93.70088,25.91066],[93.70545,25.91492],[93.70495,25.91651],[93.70663,25.91883],[93.70843,25.91884],[93.71112,25.91709],[93.71362,25.91681],[93.71555,25.91862],[93.71869,25.91985],[93.72073,25.9197],[93.726,25.92092],[93.72821,25.92058],[93.72987,25.92236],[93.73356,25.92296],[93.73397,25.92389],[93.73432,25.92322],[93.73497,25.92365],[93.73528,25.92287],[93.73615,25.92276],[93.73703,25.92515],[93.73864,25.92532],[93.73826,25.92653],[93.73725,25.9268],[93.73655,25.92767],[93.73856,25.92868],[93.73953,25.92982],[93.73919,25.93138],[93.73953,25.93179],[93.74286,25.93222],[93.74568,25.93433],[93.74764,25.93492],[93.74892,25.93489],[93.74962,25.93436],[93.74984,25.93254],[93.75131,25.93281],[93.75241,25.9339],[93.75235,25.93542],[93.75147,25.9364],[93.74919,25.93709],[93.74763,25.9384],[93.7462,25.9387],[93.74518,25.94076],[93.74538,25.94278],[93.74714,25.94318],[93.74918,25.94092],[93.74991,25.94076],[93.75233,25.94185],[93.75197,25.94506],[93.75293,25.94667],[93.75607,25.94529],[93.75846,25.94551],[93.75903,25.94711],[93.75783,25.95187],[93.75865,25.95262],[93.75952,25.95264],[93.7615,25.95117],[93.76211,25.95126],[93.7632,25.95431],[93.76491,25.95414],[93.76399,25.95144],[93.76419,25.95085],[93.76755,25.95051],[93.76827,25.95155],[93.76823,25.95359],[93.76355,25.95937],[93.76442,25.96008],[93.76889,25.9587],[93.76968,25.95886],[93.77005,25.95989],[93.76965,25.96397],[93.76814,25.96742],[93.76741,25.96805],[93.7648,25.96837],[93.76455,25.96888],[93.76545,25.96975],[93.76727,25.96995],[93.77142,25.96799],[93.77226,25.96838],[93.77279,25.97018],[93.77358,25.97048],[93.77543,25.96981],[93.77633,25.96895]]]}},{"id":"9","type":"Feature","properties":{"state":"NAGALAND","state_lgd":"13","district":"CHUMOUKEDIMA","district_lgd":"711"},"geometry":{"type":"Polygon","coordinates":[[[93.76093,25.88972],[93.78029,25.88074],[93.78089,25.88163],[93.78334,25.88082],[93.78708,25.87714],[93.78509,25.87024],[93.78552,25.86973],[93.78792,25.8703],[93.78895,25.87011],[93.7897,25.86924],[93.78984,25.86781],[93.78936,25.86657],[93.78758,25.86514],[93.78497,25.86426],[93.78435,25.86253],[93.78443,25.85842],[93.78141,25.85649],[93.77853,25.85687],[93.78045,25.85587],[93.78113,25.85401],[93.77966,25.8518],[93.77774,25.85062],[93.77761,25.84851],[93.78063,25.84621],[93.78111,25.84459],[93.7794,25.84304],[93.77782,25.84241],[93.77816,25.84012],[93.77933,25.84093],[93.78036,25.84086],[93.78145,25.8395],[93.78122,25.83791],[93.78025,25.83673],[93.78033,25.83543],[93.78259,25.83275],[93.78479,25.82903],[93.78424,25.82617],[93.78709,25.82216],[93.78758,25.82042],[93.78751,25.81576],[93.78943,25.81203],[93.79135,25.81036],[93.79547,25.80893],[93.80041,25.80993],[93.80384,25.81142],[93.80494,25.81266],[93.8063,25.81689],[93.81639,25.82261],[93.81742,25.82479],[93.81975,25.83361],[93.81981,25.83579],[93.82115,25.83874],[93.82437,25.84166],[93.82526,25.8444],[93.82972,25.84651],[93.82972,25.84831],[93.83048,25.84925],[93.83702,25.8535],[93.8397,25.85661],[93.84519,25.85829],[93.84814,25.85705],[93.85226,25.85823],[93.85857,25.85369],[93.86726,25.85112],[93.86918,25.85093],[93.87611,25.84248],[93.8818,25.84335],[93.88654,25.84832],[93.88798,25.85155],[93.88906,25.85644],[93.8911,25.85374],[93.89278,25.84671],[93.89448,25.84583],[93.89444,25.84496],[93.8935,25.84383],[93.89587,25.83746],[93.89581,25.83468],[93.89799,25.82725],[93.89842,25.8235],[93.90057,25.81836],[93.90029,25.81687],[93.90168,25.81697],[93.90469,25.81849],[93.90994,25.81968],[93.91183,25.82143],[93.9195,25.82474],[93.92465,25.82858],[93.92529,25.82953],[93.93233,25.83373],[93.93875,25.83966],[93.94217,25.84137],[93.94946,25.84811],[93.9528,25.85003],[93.95573,25.8531],[93.96406,25.85983],[93.96432,25.86159],[93.96572,25.86315],[93.97099,25.86661],[93.97406,25.86614],[93.97451,25.86567],[93.97463,25.86417],[93.97328,25.86263],[93.97496,25.85781],[93.97227,25.8538],[93.97213,25.85045],[93.97115,25.8484],[93.97145,25.84541],[93.97003,25.84035],[93.97112,25.83861],[93.97037,25.836],[93.97176,25.83366],[93.97091,25.82934],[93.97124,25.82877],[93.9734,25.82793],[93.97584,25.82415],[93.97717,25.823],[93.97786,25.82028],[93.97887,25.81869],[93.97895,25.8151],[93.97961,25.81252],[93.98185,25.80908],[93.98219,25.80613],[93.98563,25.80008],[93.98548,25.798],[93.98649,25.79546],[93.98886,25.79204],[93.98761,25.79059],[93.98818,25.78915],[93.98598,25.78834],[93.98588,25.78659],[93.98371,25.78413],[93.98451,25.78277],[93.98444,25.78154],[93.98236,25.78074],[93.9799,25.77531],[93.97968,25.77384],[93.97727,25.77172],[93.97989,25.76909],[93.98041,25.76555],[93.98175,25.76406],[93.98367,25.76367],[93.98377,25.76252],[93.98487,25.76149],[93.98501,25.75972],[93.98915,25.75526],[93.98984,25.75193],[93.98871,25.75055],[93.98886,25.7484],[93.9868,25.7477],[93.98529,25.74626],[93.98109,25.74436],[93.98033,25.74327],[93.97835,25.74277],[93.97761,25.74202],[93.97992,25.74123],[93.98103,25.73948],[93.98325,25.73912],[93.98475,25.73953],[93.9855,25.73835],[93.98802,25.73685],[93.98925,25.7345],[93.98904,25.73294],[93.98701,25.72886],[93.98469,25.72726],[93.98148,25.72166],[93.98093,25.72135],[93.97943,25.72198],[93.9786,25.72471],[93.97631,25.72751],[93.97481,25.72855],[93.97317,25.72834],[93.97184,25.72789],[93.9642,25.71929],[93.95999,25.71673],[93.95983,25.7144],[93.95239,25.71699],[93.94951,25.71982],[93.94846,25.71991],[93.94764,25.721],[93.94639,25.72127],[93.94492,25.72091],[93.94139,25.71777],[93.93926,25.71738],[93.93769,25.71774],[93.93342,25.72325],[93.93121,25.72413],[93.93037,25.72567],[93.92631,25.72856],[93.92592,25.73064],[93.92453,25.73257],[93.92107,25.73394],[93.91533,25.73505],[93.91182,25.73018],[93.91143,25.72739],[93.90879,25.72563],[93.90529,25.72058],[93.90539,25.71948],[93.90707,25.71854],[93.91466,25.71757],[93.9192,25.71241],[93.92289,25.70961],[93.9235,25.70708],[93.92342,25.70484],[93.91835,25.69709],[93.91667,25.69577],[93.91561,25.69365],[93.91726,25.69271],[93.91819,25.69138],[93.91621,25.68719],[93.91411,25.68595],[93.91429,25.68483],[93.91642,25.68227],[93.91546,25.68185],[93.91188,25.68172],[93.90896,25.67908],[93.90895,25.67631],[93.91207,25.67332],[93.91274,25.67092],[93.9136,25.66985],[93.91907,25.66789],[93.93006,25.65778],[93.93247,25.65359],[93.93257,25.64857],[93.93159,25.64539],[93.92937,25.64287],[93.9211,25.6375],[93.9179,25.63748],[93.91713,25.63712],[93.91212,25.63334],[93.90555,25.62985],[93.90256,25.63161],[93.90067,25.63413],[93.89638,25.63776],[93.89644,25.63903],[93.89377,25.64351],[93.89316,25.64538],[93.89107,25.65505],[93.8819,25.66223],[93.87538,25.67118],[93.87274,25.67409],[93.87196,25.67567],[93.85974,25.68525],[93.85623,25.68651],[93.85396,25.68651],[93.85177,25.68801],[93.84962,25.68827],[93.8486,25.69013],[93.84579,25.69141],[93.84384,25.69166],[93.8417,25.69329],[93.84013,25.69312],[93.83848,25.69543],[93.83675,25.69962],[93.83695,25.70129],[93.83561,25.7021],[93.83397,25.70435],[93.83301,25.70468],[93.83193,25.70673],[93.82244,25.71463],[93.82147,25.71726],[93.81945,25.71996],[93.81877,25.71889],[93.81961,25.71685],[93.81926,25.71587],[93.81645,25.71328],[93.81679,25.7124],[93.81869,25.71124],[93.817,25.70749],[93.81696,25.70456],[93.81563,25.70305],[93.8157,25.70084],[93.81257,25.69766],[93.80992,25.69761],[93.80827,25.69615],[93.80659,25.69537],[93.80721,25.69381],[93.80584,25.6926],[93.80542,25.69078],[93.80382,25.68905],[93.8048,25.68722],[93.80347,25.68571],[93.80352,25.6837],[93.80233,25.68275],[93.8006,25.68271],[93.79977,25.68114],[93.79861,25.68126],[93.79872,25.6803],[93.79809,25.6799],[93.79777,25.67866],[93.79774,25.67696],[93.79844,25.67541],[93.79819,25.67085],[93.79518,25.66473],[93.79277,25.66152],[93.79218,25.66175],[93.79161,25.66357],[93.79151,25.66683],[93.78995,25.67405],[93.78541,25.67911],[93.78523,25.68146],[93.78377,25.68271],[93.78224,25.68777],[93.77763,25.69195],[93.77396,25.69777],[93.76851,25.7032],[93.76641,25.7038],[93.76328,25.70638],[93.76068,25.70758],[93.75811,25.70804],[93.75493,25.70785],[93.75177,25.71052],[93.74442,25.71367],[93.74427,25.7149],[93.74519,25.71696],[93.74512,25.7179],[93.74338,25.72105],[93.7444,25.72242],[93.74541,25.72253],[93.74485,25.72345],[93.74656,25.72518],[93.74596,25.72576],[93.7442,25.72609],[93.74221,25.72819],[93.74074,25.7268],[93.73861,25.72698],[93.73952,25.72545],[93.73865,25.72394],[93.73734,25.72376],[93.73753,25.72165],[93.73552,25.72061],[93.73541,25.71956],[93.73438,25.71799],[93.73514,25.7166],[93.73495,25.71521],[93.73746,25.711],[93.73755,25.71012],[93.73542,25.7076],[93.73514,25.7056],[93.73374,25.7021],[93.73443,25.69914],[93.73388,25.69738],[93.73305,25.69654],[93.73308,25.69508],[93.73539,25.6935],[93.73645,25.69007],[93.7359,25.68901],[93.73752,25.68795],[93.73805,25.686],[93.74125,25.68387],[93.74716,25.68171],[93.75096,25.67735],[93.75359,25.67646],[93.75516,25.67541],[93.75537,25.67323],[93.7563,25.6724],[93.75853,25.67165],[93.76005,25.66883],[93.76284,25.66821],[93.76212,25.6664],[93.76309,25.66452],[93.76155,25.66136],[93.76206,25.65956],[93.76172,25.65808],[93.75833,25.65836],[93.7571,25.65799],[93.75255,25.65939],[93.74896,25.65886],[93.74688,25.65935],[93.7458,25.66018],[93.74507,25.66395],[93.74438,25.66444],[93.74353,25.66408],[93.74329,25.66207],[93.74365,25.66071],[93.73991,25.65983],[93.73774,25.66216],[93.73672,25.6623],[93.73404,25.66145],[93.73146,25.66403],[93.73007,25.66374],[93.72861,25.66429],[93.7282,25.66504],[93.72928,25.66671],[93.728,25.6682],[93.72839,25.66962],[93.72553,25.67177],[93.72123,25.67791],[93.71608,25.68208],[93.71373,25.68214],[93.71216,25.68049],[93.71003,25.67959],[93.70668,25.67597],[93.70218,25.6748],[93.70033,25.67291],[93.69307,25.67113],[93.69126,25.67179],[93.68966,25.6717],[93.6895,25.67256],[93.68867,25.67299],[93.68835,25.67179],[93.68737,25.67109],[93.68548,25.67097],[93.68449,25.67018],[93.68269,25.6712],[93.68173,25.67011],[93.68012,25.67087],[93.68024,25.66884],[93.67895,25.66858],[93.67661,25.6689],[93.67563,25.67058],[93.67708,25.67072],[93.67742,25.67175],[93.67399,25.67631],[93.67403,25.67815],[93.67474,25.67897],[93.67314,25.68023],[93.67323,25.68207],[93.67462,25.68351],[93.67448,25.68422],[93.67182,25.68467],[93.67138,25.68636],[93.66967,25.68586],[93.6683,25.68418],[93.66679,25.67978],[93.66556,25.67879],[93.66347,25.67904],[93.66255,25.6813],[93.6609,25.68035],[93.66028,25.68059],[93.6581,25.68386],[93.65704,25.68455],[93.6542,25.68505],[93.65388,25.68548],[93.65402,25.68893],[93.65105,25.6923],[93.6513,25.69466],[93.65287,25.69646],[93.65291,25.69719],[93.64928,25.6981],[93.6459,25.70174],[93.6445,25.70113],[93.64512,25.69898],[93.64301,25.69704],[93.6434,25.69462],[93.64307,25.6934],[93.64195,25.6928],[93.63763,25.69256],[93.63341,25.69021],[93.62861,25.68575],[93.62645,25.68552],[93.6242,25.68584],[93.62263,25.68669],[93.62071,25.6866],[93.61668,25.68832],[93.61662,25.6894],[93.61515,25.68942],[93.61473,25.68912],[93.61465,25.6875],[93.6131,25.6866],[93.61114,25.68708],[93.60794,25.68658],[93.60564,25.68557],[93.60366,25.68348],[93.5991,25.68052],[93.59691,25.68031],[93.59323,25.67805],[93.59033,25.67714],[93.5898,25.67979],[93.58899,25.68098],[93.58901,25.68352],[93.58663,25.68622],[93.58272,25.68735],[93.57943,25.69378],[93.57744,25.69433],[93.57593,25.69869],[93.57542,25.69841],[93.57336,25.70485],[93.57393,25.70728],[93.57341,25.71026],[93.57502,25.71255],[93.5744,25.71471],[93.57221,25.71212],[93.56747,25.71485],[93.5577,25.71688],[93.55032,25.71709],[93.54888,25.71497],[93.5474,25.71499],[93.5459,25.71713],[93.54283,25.71941],[93.54284,25.72187],[93.54239,25.72271],[93.54012,25.7238],[93.54025,25.7247],[93.54235,25.72668],[93.5416,25.73038],[93.5427,25.73245],[93.54529,25.7324],[93.54949,25.7304],[93.55041,25.73405],[93.55167,25.73407],[93.55323,25.73337],[93.55535,25.7343],[93.55538,25.735],[93.5533,25.73816],[93.55367,25.73934],[93.55843,25.73931],[93.56071,25.73851],[93.56146,25.73883],[93.56361,25.74575],[93.56634,25.74764],[93.56707,25.74882],[93.56633,25.75475],[93.56735,25.75526],[93.56833,25.75499],[93.56948,25.75296],[93.57029,25.75276],[93.57251,25.75347],[93.57322,25.75412],[93.57324,25.75538],[93.57243,25.75644],[93.57116,25.75698],[93.56827,25.75681],[93.56755,25.75734],[93.56794,25.75843],[93.57147,25.75879],[93.57442,25.75641],[93.57683,25.75687],[93.57734,25.75645],[93.57726,25.75481],[93.57775,25.75449],[93.58017,25.75653],[93.58548,25.75798],[93.58512,25.75874],[93.5826,25.75985],[93.58234,25.76055],[93.58355,25.76236],[93.58431,25.76473],[93.58592,25.76615],[93.58811,25.76654],[93.58951,25.76605],[93.5901,25.76519],[93.59025,25.76297],[93.59167,25.76253],[93.59394,25.76368],[93.59741,25.76816],[93.59851,25.7688],[93.59997,25.76808],[93.60056,25.76516],[93.60137,25.76484],[93.60265,25.76508],[93.60324,25.76608],[93.60254,25.76838],[93.60394,25.7733],[93.60504,25.7749],[93.60698,25.77521],[93.61029,25.77375],[93.61123,25.77411],[93.61272,25.77656],[93.61613,25.77574],[93.61742,25.77599],[93.61838,25.77855],[93.6201,25.78023],[93.61877,25.78156],[93.6185,25.7837],[93.62252,25.78497],[93.6232,25.78733],[93.62473,25.78778],[93.62675,25.78961],[93.62683,25.79104],[93.62561,25.79391],[93.6234,25.7973],[93.62374,25.79798],[93.62453,25.79801],[93.62669,25.79715],[93.62774,25.79802],[93.62776,25.79888],[93.62503,25.80136],[93.6247,25.80256],[93.62626,25.80301],[93.62951,25.80156],[93.63289,25.80276],[93.63305,25.80419],[93.6317,25.80664],[93.63495,25.80927],[93.63457,25.81028],[93.6331,25.81138],[93.63382,25.81195],[93.63685,25.81004],[93.6386,25.80979],[93.63919,25.81137],[93.63795,25.81425],[93.63816,25.81563],[93.63916,25.81622],[93.64347,25.81577],[93.64431,25.8187],[93.64651,25.81973],[93.64614,25.82238],[93.65029,25.82005],[93.6516,25.81986],[93.65285,25.82047],[93.65359,25.8232],[93.65481,25.82364],[93.65837,25.82301],[93.66054,25.82161],[93.66262,25.82282],[93.66496,25.82318],[93.66829,25.82183],[93.6686,25.82269],[93.66708,25.82484],[93.66764,25.82596],[93.66829,25.82612],[93.67116,25.82405],[93.67205,25.82472],[93.67182,25.8268],[93.67262,25.82764],[93.67763,25.82779],[93.67863,25.82841],[93.67915,25.83199],[93.68068,25.83343],[93.67944,25.83562],[93.67996,25.83776],[93.68056,25.83835],[93.68543,25.8403],[93.69022,25.84069],[93.68951,25.84218],[93.68565,25.84367],[93.68609,25.84507],[93.6883,25.84595],[93.68973,25.8457],[93.69143,25.84385],[93.69333,25.84572],[93.69429,25.84758],[93.69539,25.84825],[93.69656,25.84802],[93.69851,25.84672],[93.69952,25.84673],[93.70061,25.8496],[93.70149,25.84925],[93.70168,25.84842],[93.69978,25.84579],[93.69968,25.84463],[93.70088,25.84327],[93.70215,25.84334],[93.70328,25.8451],[93.70781,25.84781],[93.70892,25.84619],[93.71183,25.84414],[93.71358,25.84405],[93.71499,25.8449],[93.71579,25.84612],[93.71389,25.84859],[93.71418,25.85234],[93.71199,25.85417],[93.71174,25.85502],[93.71229,25.8558],[93.71313,25.85575],[93.71416,25.85652],[93.71575,25.85817],[93.71494,25.86138],[93.71608,25.86276],[93.71768,25.86638],[93.71945,25.86603],[93.72169,25.86474],[93.72293,25.86211],[93.7239,25.86221],[93.7241,25.86312],[93.72346,25.86489],[93.72563,25.86712],[93.72517,25.86846],[93.72563,25.86893],[93.7252,25.86942],[93.72531,25.87061],[93.72298,25.87099],[93.72273,25.87155],[93.72393,25.87409],[93.72532,25.87436],[93.72931,25.87338],[93.73044,25.87363],[93.73173,25.87489],[93.73187,25.88002],[93.72909,25.87945],[93.72755,25.88009],[93.72876,25.88331],[93.73433,25.88214],[93.73762,25.8807],[93.73851,25.88174],[93.7397,25.88201],[93.74404,25.881],[93.75035,25.88037],[93.75182,25.881],[93.75372,25.88283],[93.75655,25.88174],[93.75921,25.8824],[93.76146,25.88228],[93.75814,25.89023],[93.75991,25.89063],[93.76093,25.88972]]]}},{"id":"10","type":"Feature","properties":{"state":"NAGALAND","state_lgd":"13","district":"NIULAND","district_lgd":"709"},"geometry":{"type":"Polygon","coordinates":[[[93.96852,25.98923],[93.97023,25.98877],[93.97072,25.98783],[93.97289,25.98678],[93.97373,25.98692],[93.97542,25.98849],[93.97883,25.98779],[93.97722,25.98571],[93.9756,25.9845],[93.97532,25.98216],[93.97316,25.97997],[93.97319,25.97892],[93.97449,25.97743],[93.97609,25.97804],[93.97808,25.97787],[93.97915,25.97845],[93.98037,25.97773],[93.98565,25.97754],[93.9861,25.97588],[93.98789,25.97507],[93.98748,25.97373],[93.98941,25.97329],[93.9919,25.97403],[93.9939,25.97244],[93.99706,25.97307],[93.99959,25.97188],[94.00408,25.97328],[94.00519,25.97001],[94.00704,25.96842],[94.00717,25.96719],[94.00882,25.96565],[94.00904,25.96461],[94.00998,25.96419],[94.01026,25.96084],[94.0108,25.95977],[94.0122,25.96056],[94.01413,25.96087],[94.01786,25.95891],[94.01741,25.9604],[94.0159,25.96125],[94.01522,25.96228],[94.01514,25.967],[94.01431,25.96849],[94.01313,25.96922],[94.01272,25.97287],[94.01346,25.9756],[94.01639,25.97573],[94.02533,25.97766],[94.0276,25.97674],[94.02896,25.97152],[94.03256,25.96415],[94.0322,25.96187],[94.03289,25.96039],[94.03257,25.95825],[94.03367,25.95665],[94.03359,25.95402],[94.03489,25.95245],[94.03431,25.95045],[94.0332,25.94892],[94.03302,25.94668],[94.03359,25.94456],[94.03485,25.94299],[94.03445,25.94041],[94.03318,25.9394],[94.03044,25.93876],[94.02993,25.93795],[94.03035,25.93383],[94.03269,25.92951],[94.03169,25.92409],[94.02989,25.92276],[94.0264,25.92176],[94.02418,25.9223],[94.02304,25.92174],[94.02077,25.91737],[94.01903,25.91237],[94.01766,25.91151],[94.01383,25.91039],[94.01247,25.90812],[94.01061,25.90686],[94.00835,25.9033],[94.00596,25.90322],[94.00371,25.90421],[94.0005,25.90083],[94.00034,25.89761],[93.99883,25.89376],[93.99956,25.89154],[94.00043,25.88988],[94.00183,25.88911],[94.00241,25.88943],[94.00244,25.89043],[94.0009,25.89294],[94.00123,25.89471],[94.00461,25.89465],[94.00549,25.89425],[94.00805,25.89153],[94.00955,25.89061],[94.00912,25.88829],[94.01,25.88632],[94.00903,25.88555],[94.00894,25.88353],[94.00693,25.88325],[94.00575,25.88161],[94.00357,25.88153],[94.00217,25.88012],[94.00175,25.87871],[94.0001,25.87818],[93.9961,25.87839],[93.99454,25.88092],[93.99315,25.87952],[93.99274,25.87808],[93.98931,25.87783],[93.98811,25.87552],[93.98546,25.87402],[93.98509,25.87225],[93.98309,25.87038],[93.97478,25.86849],[93.97425,25.86755],[93.9746,25.86543],[93.97406,25.86614],[93.97099,25.86661],[93.96483,25.86245],[93.96406,25.85983],[93.95573,25.8531],[93.9528,25.85003],[93.94946,25.84811],[93.94217,25.84137],[93.93875,25.83966],[93.92987,25.83194],[93.92529,25.82953],[93.92465,25.82858],[93.9195,25.82474],[93.91183,25.82143],[93.90994,25.81968],[93.90469,25.81849],[93.90168,25.81697],[93.90029,25.81687],[93.90057,25.81836],[93.89842,25.8235],[93.89799,25.82725],[93.89581,25.83468],[93.89587,25.83746],[93.8935,25.84383],[93.89444,25.84496],[93.89448,25.84583],[93.89278,25.84671],[93.8911,25.85374],[93.88906,25.85644],[93.88997,25.85864],[93.89055,25.85886],[93.89604,25.85786],[93.89735,25.86234],[93.90195,25.87085],[93.90545,25.87147],[93.90579,25.87228],[93.90751,25.87252],[93.91157,25.87652],[93.91088,25.87945],[93.916,25.8837],[93.92382,25.88351],[93.92615,25.885],[93.92828,25.88432],[93.93398,25.88525],[93.93542,25.89445],[93.93797,25.89631],[93.94432,25.89552],[93.94501,25.89764],[93.95166,25.89857],[93.95977,25.90211],[93.96107,25.90123],[93.9667,25.90589],[93.97121,25.91276],[93.97594,25.91431],[93.9787,25.91673],[93.97799,25.92807],[93.96996,25.93678],[93.96871,25.95726],[93.95415,25.96926],[93.95828,25.98996],[93.9614,25.98925],[93.96305,25.98981],[93.96453,25.98946],[93.96642,25.99085],[93.96852,25.98923]]]}},{"id":"11","type":"Feature","properties":{"state":"NAGALAND","state_lgd":"13","district":"PEREN","district_lgd":"271"},"geometry":{"type":"Polygon","coordinates":[[[93.74322,25.72684],[93.74656,25.72518],[93.74485,25.72345],[93.74541,25.72253],[93.7444,25.72242],[93.74338,25.72105],[93.74512,25.7179],[93.74519,25.71696],[93.74427,25.7149],[93.74442,25.71367],[93.75177,25.71052],[93.75493,25.70785],[93.75811,25.70804],[93.76068,25.70758],[93.76328,25.70638],[93.76641,25.7038],[93.76851,25.7032],[93.77396,25.69777],[93.77763,25.69195],[93.78224,25.68777],[93.78377,25.68271],[93.78523,25.68146],[93.78541,25.67911],[93.78995,25.67405],[93.79151,25.66683],[93.79161,25.66357],[93.79218,25.66175],[93.79277,25.66152],[93.79518,25.66473],[93.79819,25.67085],[93.79844,25.67541],[93.79774,25.67696],[93.79777,25.67866],[93.79809,25.6799],[93.79872,25.6803],[93.79861,25.68126],[93.79977,25.68114],[93.8006,25.68271],[93.80233,25.68275],[93.80352,25.6837],[93.80347,25.68571],[93.8048,25.68722],[93.80382,25.68905],[93.80542,25.69078],[93.80584,25.6926],[93.80721,25.69381],[93.80659,25.69537],[93.80827,25.69615],[93.80992,25.69761],[93.81257,25.69766],[93.8157,25.70084],[93.81563,25.70305],[93.81696,25.70456],[93.817,25.70749],[93.81869,25.71124],[93.81679,25.7124],[93.81645,25.71328],[93.81926,25.71587],[93.81961,25.71685],[93.81877,25.71889],[93.81945,25.71996],[93.82147,25.71726],[93.82244,25.71463],[93.83193,25.70673],[93.83301,25.70468],[93.83397,25.70435],[93.83561,25.7021],[93.83695,25.70129],[93.83675,25.69962],[93.83848,25.69543],[93.84013,25.69312],[93.8417,25.69329],[93.84384,25.69166],[93.84579,25.69141],[93.8486,25.69013],[93.84962,25.68827],[93.85177,25.68801],[93.85396,25.68651],[93.85623,25.68651],[93.85974,25.68525],[93.87196,25.67567],[93.87274,25.67409],[93.87538,25.67118],[93.8819,25.66223],[93.89107,25.65505],[93.89316,25.64538],[93.89377,25.64351],[93.89644,25.63903],[93.89638,25.63776],[93.90067,25.63413],[93.90256,25.63161],[93.90555,25.62985],[93.91212,25.63334],[93.9179,25.63748],[93.91985,25.63736],[93.92246,25.63593],[93.92371,25.63204],[93.92613,25.62843],[93.92769,25.62934],[93.93068,25.62703],[93.92951,25.62553],[93.92904,25.62274],[93.92771,25.61999],[93.92827,25.61748],[93.93188,25.61452],[93.93324,25.61247],[93.93598,25.60413],[93.9383,25.60079],[93.94153,25.59886],[93.9431,25.59733],[93.94659,25.59699],[93.94989,25.59449],[93.95437,25.59225],[93.95602,25.59218],[93.95946,25.593],[93.96266,25.59669],[93.96627,25.59937],[93.97053,25.59917],[93.97359,25.59988],[93.97911,25.59623],[93.97889,25.59507],[93.98118,25.59574],[93.98203,25.59642],[93.9839,25.59993],[93.9846,25.6002],[93.98383,25.59606],[93.98413,25.59017],[93.984,25.58924],[93.98285,25.58794],[93.98295,25.58484],[93.98561,25.58298],[93.98626,25.57842],[93.9954,25.5772],[93.99699,25.57602],[93.99936,25.57238],[94.00108,25.57152],[94.00209,25.56932],[94.00082,25.56671],[93.9951,25.56902],[93.99178,25.56931],[93.98538,25.56811],[93.98166,25.56787],[93.97814,25.56502],[93.9747,25.56536],[93.97357,25.56402],[93.97337,25.56285],[93.97386,25.56119],[93.97209,25.55767],[93.97003,25.55635],[93.96564,25.55539],[93.96348,25.55171],[93.95966,25.55046],[93.95781,25.55175],[93.95507,25.55044],[93.95342,25.55054],[93.94365,25.55725],[93.93064,25.55997],[93.92834,25.55974],[93.92634,25.55887],[93.92386,25.55977],[93.9194,25.55938],[93.91688,25.56015],[93.91597,25.5617],[93.91491,25.56238],[93.90944,25.56427],[93.90594,25.56338],[93.90101,25.56292],[93.89808,25.56399],[93.88794,25.56536],[93.88442,25.56427],[93.8822,25.5615],[93.88002,25.56097],[93.87772,25.55916],[93.87126,25.55614],[93.8653,25.55583],[93.86104,25.55404],[93.85401,25.55558],[93.85148,25.55544],[93.84862,25.55683],[93.84623,25.55681],[93.84428,25.55738],[93.84194,25.55672],[93.83958,25.55722],[93.83763,25.55914],[93.83708,25.5611],[93.83637,25.56164],[93.83523,25.56169],[93.83025,25.55867],[93.83039,25.55605],[93.8283,25.55323],[93.82528,25.5527],[93.82354,25.55415],[93.82172,25.55383],[93.82051,25.55182],[93.82006,25.54973],[93.82069,25.54536],[93.81834,25.54483],[93.81737,25.544],[93.81654,25.54274],[93.81701,25.54083],[93.8165,25.54033],[93.81534,25.54034],[93.81126,25.54191],[93.80889,25.54186],[93.80681,25.54118],[93.80466,25.54176],[93.80261,25.54039],[93.79769,25.54044],[93.79484,25.53827],[93.79211,25.53855],[93.78958,25.53765],[93.78628,25.53806],[93.78473,25.53613],[93.77866,25.53433],[93.77473,25.53486],[93.77211,25.53322],[93.7702,25.53413],[93.76752,25.53794],[93.76536,25.53807],[93.76652,25.53286],[93.76599,25.5299],[93.76489,25.52799],[93.76489,25.52546],[93.76401,25.52289],[93.76455,25.52171],[93.76681,25.51991],[93.76682,25.51899],[93.76236,25.517],[93.76214,25.51452],[93.75956,25.51235],[93.75935,25.51057],[93.75797,25.50758],[93.75867,25.5046],[93.75845,25.50178],[93.75909,25.5007],[93.76119,25.49907],[93.76123,25.4959],[93.76616,25.49348],[93.77291,25.49768],[93.77684,25.49871],[93.78018,25.5008],[93.78402,25.50174],[93.78739,25.50318],[93.78886,25.50257],[93.79066,25.50016],[93.79312,25.49947],[93.79695,25.49748],[93.80029,25.49689],[93.80227,25.49365],[93.80446,25.49142],[93.80478,25.4876],[93.80814,25.48575],[93.80963,25.48453],[93.81018,25.48343],[93.80996,25.48088],[93.80805,25.47677],[93.8084,25.47194],[93.80679,25.46886],[93.80514,25.46397],[93.80281,25.46248],[93.79872,25.45865],[93.79308,25.45472],[93.79105,25.45215],[93.78991,25.44974],[93.78602,25.44629],[93.78497,25.44238],[93.78201,25.44044],[93.78177,25.43971],[93.78185,25.43821],[93.7832,25.43558],[93.78289,25.43365],[93.7802,25.43043],[93.77662,25.42829],[93.77354,25.42761],[93.77232,25.42637],[93.77246,25.42508],[93.77464,25.4225],[93.77417,25.42048],[93.77226,25.41956],[93.76917,25.42056],[93.76762,25.42053],[93.76743,25.41789],[93.76562,25.4162],[93.76427,25.41553],[93.76223,25.41577],[93.7607,25.41533],[93.7578,25.41345],[93.75593,25.4114],[93.75028,25.40711],[93.74544,25.40561],[93.74225,25.40371],[93.74031,25.39962],[93.73655,25.39674],[93.73495,25.39427],[93.73489,25.39316],[93.7361,25.39072],[93.73661,25.38813],[93.73663,25.38646],[93.736,25.38498],[93.73381,25.38205],[93.73151,25.38002],[93.72591,25.37831],[93.7209,25.37501],[93.71848,25.37405],[93.71617,25.37208],[93.7128,25.36624],[93.71085,25.359],[93.70996,25.35753],[93.70765,25.3566],[93.70233,25.35818],[93.69799,25.35634],[93.69644,25.35622],[93.69338,25.35699],[93.68873,25.36012],[93.68752,25.36066],[93.68695,25.36047],[93.68671,25.35951],[93.68788,25.35562],[93.68534,25.35123],[93.68743,25.34582],[93.6866,25.34429],[93.68297,25.34091],[93.68114,25.33467],[93.68189,25.33077],[93.68149,25.3281],[93.67914,25.32693],[93.67637,25.32651],[93.67389,25.32782],[93.67067,25.32511],[93.66829,25.3249],[93.66576,25.32636],[93.66477,25.32572],[93.66495,25.32469],[93.6667,25.32236],[93.66767,25.31908],[93.66774,25.31615],[93.6686,25.31407],[93.66816,25.31207],[93.667,25.30963],[93.66449,25.30745],[93.66078,25.30618],[93.65834,25.30405],[93.66067,25.30041],[93.66056,25.29868],[93.65752,25.29306],[93.65443,25.28894],[93.65232,25.28418],[93.65006,25.28217],[93.64501,25.27604],[93.64532,25.2744],[93.64401,25.27207],[93.64631,25.26761],[93.6462,25.26637],[93.64397,25.26526],[93.64139,25.26592],[93.63739,25.26349],[93.63717,25.25975],[93.63462,25.25418],[93.62904,25.2483],[93.62839,25.2429],[93.62757,25.24109],[93.62229,25.23569],[93.62344,25.2332],[93.62299,25.23154],[93.62121,25.22954],[93.61966,25.22858],[93.61583,25.22134],[93.61518,25.21882],[93.61059,25.21576],[93.60929,25.21383],[93.60832,25.21099],[93.61095,25.20694],[93.61087,25.20424],[93.60592,25.20065],[93.60535,25.19917],[93.60193,25.20013],[93.59923,25.20168],[93.59828,25.20134],[93.59616,25.1988],[93.59555,25.19871],[93.59508,25.19918],[93.59495,25.20211],[93.59419,25.20326],[93.59299,25.20332],[93.59079,25.20121],[93.58903,25.20076],[93.58819,25.20106],[93.58898,25.20591],[93.59151,25.20714],[93.5916,25.20822],[93.59072,25.21197],[93.5894,25.21376],[93.58692,25.21372],[93.58623,25.2142],[93.58604,25.21492],[93.58702,25.21777],[93.58495,25.21885],[93.58405,25.22208],[93.58257,25.22138],[93.58088,25.22129],[93.57912,25.22351],[93.57528,25.22432],[93.57395,25.22505],[93.57204,25.2244],[93.56938,25.22639],[93.56947,25.22866],[93.56861,25.23],[93.56557,25.23027],[93.56455,25.23132],[93.56488,25.23334],[93.56399,25.23597],[93.56424,25.23838],[93.56299,25.24093],[93.56163,25.24243],[93.55663,25.24522],[93.55629,25.24581],[93.5509,25.24782],[93.54388,25.24777],[93.54234,25.24746],[93.5351,25.24356],[93.53301,25.24616],[93.53197,25.24614],[93.52931,25.24496],[93.52756,25.24534],[93.52605,25.24494],[93.52417,25.24665],[93.52036,25.24748],[93.51703,25.24689],[93.51436,25.24389],[93.51287,25.24308],[93.5107,25.243],[93.5093,25.24348],[93.50863,25.24477],[93.50523,25.24263],[93.50259,25.24187],[93.50172,25.24205],[93.50078,25.24346],[93.50024,25.2507],[93.50114,25.25609],[93.50642,25.26932],[93.5044,25.27041],[93.50113,25.27078],[93.49805,25.27282],[93.49503,25.27327],[93.49265,25.27456],[93.48957,25.27492],[93.48732,25.27453],[93.48384,25.27123],[93.48019,25.26989],[93.47771,25.27109],[93.47439,25.2708],[93.47145,25.27185],[93.47045,25.27359],[93.47112,25.27558],[93.4699,25.28259],[93.4709,25.28442],[93.47155,25.28982],[93.47358,25.29366],[93.47224,25.29938],[93.47189,25.30351],[93.46955,25.3062],[93.46663,25.31182],[93.45343,25.32146],[93.4536,25.32411],[93.45667,25.32986],[93.45542,25.33214],[93.45651,25.33538],[93.45205,25.33596],[93.45017,25.33783],[93.44843,25.34064],[93.45027,25.34309],[93.44998,25.34537],[93.45196,25.34703],[93.45116,25.34941],[93.45158,25.35395],[93.45409,25.35723],[93.45875,25.36068],[93.46148,25.36077],[93.4638,25.35964],[93.46501,25.36067],[93.46721,25.36327],[93.46777,25.36668],[93.47009,25.36961],[93.4704,25.37175],[93.47253,25.37428],[93.47177,25.37589],[93.47361,25.37928],[93.4737,25.38204],[93.47299,25.38599],[93.47025,25.38972],[93.46716,25.39165],[93.46528,25.39445],[93.4632,25.39559],[93.46179,25.39769],[93.46138,25.40095],[93.45966,25.40323],[93.45933,25.40837],[93.46232,25.41785],[93.46094,25.42237],[93.45902,25.42421],[93.45833,25.42592],[93.45789,25.42743],[93.45819,25.43098],[93.45543,25.4344],[93.45363,25.43513],[93.45165,25.43499],[93.45029,25.43565],[93.44891,25.4376],[93.44333,25.4411],[93.44174,25.44136],[93.43952,25.44101],[93.43871,25.44228],[93.43753,25.44304],[93.43855,25.44551],[93.43639,25.44818],[93.43315,25.44872],[93.42863,25.44769],[93.42561,25.44832],[93.42354,25.44718],[93.4217,25.44695],[93.41995,25.44496],[93.41844,25.44539],[93.41555,25.44498],[93.4146,25.44636],[93.41238,25.4473],[93.41041,25.44987],[93.40968,25.44967],[93.40932,25.44847],[93.40872,25.44829],[93.40692,25.44998],[93.4059,25.44976],[93.40434,25.45101],[93.40256,25.45083],[93.40185,25.45289],[93.40033,25.45421],[93.40061,25.45658],[93.39723,25.46046],[93.39629,25.46074],[93.39574,25.45984],[93.39389,25.45857],[93.39167,25.46199],[93.39023,25.4604],[93.38988,25.46208],[93.38818,25.46374],[93.38834,25.46416],[93.39026,25.46428],[93.39036,25.46468],[93.38877,25.46597],[93.38704,25.46617],[93.38586,25.46776],[93.38692,25.46872],[93.38674,25.46911],[93.38521,25.46845],[93.38431,25.46932],[93.38565,25.47057],[93.38583,25.47147],[93.38735,25.47252],[93.38879,25.47261],[93.38918,25.47438],[93.38843,25.47475],[93.3881,25.47556],[93.38916,25.47657],[93.38682,25.47699],[93.3864,25.47765],[93.38681,25.47817],[93.38901,25.47865],[93.38961,25.48102],[93.39101,25.48159],[93.39137,25.48245],[93.38982,25.48302],[93.38587,25.48341],[93.38557,25.48394],[93.38593,25.48492],[93.38453,25.48519],[93.38651,25.48763],[93.38448,25.4876],[93.38378,25.48801],[93.38401,25.48899],[93.3854,25.49004],[93.38543,25.49071],[93.38436,25.49125],[93.38162,25.49099],[93.38077,25.4917],[93.37985,25.49174],[93.37935,25.49291],[93.37706,25.49323],[93.37755,25.49541],[93.3758,25.49586],[93.37672,25.49774],[93.37461,25.49714],[93.37386,25.49864],[93.37204,25.49777],[93.37039,25.49889],[93.36917,25.49838],[93.36752,25.49924],[93.36706,25.50096],[93.368,25.50237],[93.36917,25.50299],[93.3692,25.50353],[93.3683,25.50396],[93.36514,25.50332],[93.36433,25.50376],[93.364,25.50653],[93.36213,25.50671],[93.36265,25.50811],[93.3616,25.5093],[93.36217,25.51083],[93.36158,25.51234],[93.36056,25.51292],[93.35791,25.513],[93.35686,25.5137],[93.35678,25.5143],[93.35769,25.51527],[93.35628,25.51688],[93.35618,25.52124],[93.35543,25.52252],[93.35509,25.52478],[93.35266,25.5283],[93.34997,25.52868],[93.35034,25.532],[93.3498,25.53225],[93.34833,25.52994],[93.34629,25.53107],[93.34697,25.53328],[93.34508,25.53419],[93.34206,25.53508],[93.34057,25.53495],[93.34037,25.53454],[93.34124,25.53373],[93.34036,25.53284],[93.33669,25.53429],[93.33498,25.53442],[93.3346,25.5351],[93.33639,25.53873],[93.33378,25.53959],[93.33299,25.54236],[93.33049,25.54203],[93.33015,25.54348],[93.32745,25.54493],[93.32697,25.54696],[93.32949,25.54863],[93.33261,25.54838],[93.33357,25.54996],[93.33508,25.55073],[93.33708,25.55283],[93.33575,25.55398],[93.33798,25.55687],[93.33991,25.5584],[93.34328,25.56004],[93.34584,25.55911],[93.35216,25.55999],[93.35269,25.55911],[93.35244,25.55762],[93.35461,25.55552],[93.35525,25.55536],[93.35644,25.55619],[93.35701,25.55583],[93.35734,25.5545],[93.35872,25.55463],[93.35847,25.55726],[93.36054,25.55789],[93.36114,25.55976],[93.36341,25.56055],[93.36406,25.5612],[93.36229,25.56254],[93.36159,25.56387],[93.36174,25.56515],[93.36245,25.566],[93.36352,25.56639],[93.36448,25.56524],[93.36554,25.56518],[93.36951,25.57042],[93.37331,25.57268],[93.37539,25.57308],[93.37566,25.57408],[93.3743,25.57709],[93.37983,25.57658],[93.37965,25.57898],[93.38159,25.58197],[93.37911,25.58152],[93.3784,25.58187],[93.37835,25.5826],[93.37943,25.58389],[93.38206,25.58396],[93.38217,25.58473],[93.38321,25.58519],[93.38307,25.58772],[93.38341,25.58792],[93.38474,25.58711],[93.38575,25.58705],[93.38555,25.58866],[93.38695,25.58997],[93.38566,25.5914],[93.3856,25.59277],[93.38669,25.59293],[93.38929,25.5911],[93.38966,25.59312],[93.39045,25.5938],[93.39219,25.59419],[93.39243,25.5959],[93.39403,25.59607],[93.39399,25.59467],[93.3947,25.59445],[93.39604,25.59502],[93.39626,25.59646],[93.39695,25.59703],[93.39791,25.59568],[93.39878,25.59603],[93.39947,25.59907],[93.40054,25.5998],[93.40105,25.60117],[93.40287,25.60216],[93.40212,25.60397],[93.40224,25.60495],[93.40127,25.60577],[93.40216,25.6069],[93.4013,25.60776],[93.40187,25.60947],[93.40132,25.61044],[93.40152,25.61109],[93.40626,25.6114],[93.40687,25.61367],[93.40783,25.61441],[93.40885,25.61433],[93.40963,25.61324],[93.41101,25.61359],[93.41013,25.61548],[93.41048,25.61654],[93.41158,25.61745],[93.41333,25.61747],[93.41436,25.61805],[93.41373,25.62099],[93.41667,25.61938],[93.41835,25.61764],[93.42161,25.61824],[93.42226,25.62043],[93.41995,25.62384],[93.41997,25.6247],[93.42148,25.62585],[93.42375,25.62512],[93.42455,25.62547],[93.42439,25.62703],[93.42545,25.62877],[93.42491,25.6303],[93.42738,25.63253],[93.42817,25.63252],[93.42834,25.63111],[93.42981,25.63083],[93.43043,25.62947],[93.43178,25.62981],[93.43366,25.62943],[93.43457,25.63119],[93.43726,25.63166],[93.43736,25.63481],[93.43973,25.63567],[93.44162,25.63468],[93.44216,25.63817],[93.44437,25.63961],[93.44569,25.63893],[93.44523,25.63699],[93.44618,25.63613],[93.44666,25.6346],[93.44948,25.63561],[93.44895,25.63911],[93.44959,25.63953],[93.45377,25.63591],[93.45509,25.63385],[93.4609,25.63231],[93.46143,25.63338],[93.4606,25.63678],[93.45946,25.63738],[93.45706,25.63753],[93.45573,25.63869],[93.45567,25.63925],[93.45731,25.64114],[93.45817,25.64136],[93.46046,25.64062],[93.46296,25.64261],[93.46349,25.64425],[93.46417,25.64462],[93.46953,25.64265],[93.47204,25.64239],[93.47231,25.64326],[93.46935,25.64351],[93.4688,25.64433],[93.47149,25.6454],[93.47274,25.64412],[93.47383,25.64401],[93.4758,25.64726],[93.47675,25.64777],[93.47815,25.6473],[93.48138,25.64447],[93.48224,25.64468],[93.48294,25.64546],[93.48236,25.64935],[93.48162,25.65109],[93.48193,25.65155],[93.48372,25.65059],[93.48534,25.64897],[93.48609,25.64888],[93.4867,25.65039],[93.48777,25.65139],[93.48773,25.65448],[93.48916,25.65466],[93.49114,25.65357],[93.497,25.65512],[93.49875,25.65749],[93.5,25.661],[93.5058,25.66408],[93.50494,25.66706],[93.50669,25.66834],[93.50898,25.66891],[93.50676,25.67265],[93.51028,25.6723],[93.51102,25.67471],[93.51267,25.67608],[93.51382,25.67797],[93.51746,25.68008],[93.5175,25.68106],[93.51609,25.6829],[93.5127,25.68372],[93.5121,25.68434],[93.51203,25.68537],[93.51528,25.68736],[93.51649,25.68987],[93.51918,25.69163],[93.52113,25.69481],[93.52195,25.69779],[93.52291,25.69779],[93.52329,25.69707],[93.52319,25.69561],[93.5222,25.69414],[93.52268,25.69278],[93.52486,25.69193],[93.52808,25.69186],[93.52984,25.69227],[93.5307,25.69306],[93.53089,25.69707],[93.53226,25.69894],[93.53401,25.70023],[93.5369,25.70155],[93.53907,25.69951],[93.54054,25.69945],[93.54026,25.70309],[93.54096,25.70459],[93.54735,25.71253],[93.54673,25.7137],[93.54269,25.71549],[93.54238,25.71632],[93.54283,25.71941],[93.5459,25.71713],[93.5474,25.71499],[93.54888,25.71497],[93.55032,25.71709],[93.5577,25.71688],[93.56747,25.71485],[93.57221,25.71212],[93.5744,25.71471],[93.57502,25.71255],[93.57341,25.71026],[93.57393,25.70728],[93.57336,25.70485],[93.57542,25.69841],[93.57593,25.69869],[93.57744,25.69433],[93.57943,25.69378],[93.58272,25.68735],[93.58663,25.68622],[93.58901,25.68352],[93.58899,25.68098],[93.5898,25.67979],[93.59033,25.67714],[93.59323,25.67805],[93.59691,25.68031],[93.5991,25.68052],[93.60366,25.68348],[93.60564,25.68557],[93.60794,25.68658],[93.61114,25.68708],[93.6131,25.6866],[93.61465,25.6875],[93.61473,25.68912],[93.61515,25.68942],[93.61662,25.6894],[93.61668,25.68832],[93.62071,25.6866],[93.62263,25.68669],[93.6242,25.68584],[93.62645,25.68552],[93.62861,25.68575],[93.63341,25.69021],[93.63763,25.69256],[93.64195,25.6928],[93.64307,25.6934],[93.6434,25.69462],[93.64301,25.69704],[93.64512,25.69898],[93.6445,25.70113],[93.6459,25.70174],[93.64928,25.6981],[93.65291,25.69719],[93.65287,25.69646],[93.6513,25.69466],[93.65105,25.6923],[93.65402,25.68893],[93.65388,25.68548],[93.6542,25.68505],[93.65704,25.68455],[93.6581,25.68386],[93.66028,25.68059],[93.6609,25.68035],[93.66255,25.6813],[93.66347,25.67904],[93.66556,25.67879],[93.66679,25.67978],[93.6683,25.68418],[93.66967,25.68586],[93.67138,25.68636],[93.67182,25.68467],[93.67448,25.68422],[93.67462,25.68351],[93.67323,25.68207],[93.67314,25.68023],[93.67474,25.67897],[93.67403,25.67815],[93.67399,25.67631],[93.67742,25.67175],[93.67708,25.67072],[93.67563,25.67058],[93.67661,25.6689],[93.67895,25.66858],[93.68024,25.66884],[93.68012,25.67087],[93.68173,25.67011],[93.68269,25.6712],[93.68449,25.67018],[93.68548,25.67097],[93.68737,25.67109],[93.68835,25.67179],[93.68867,25.67299],[93.6895,25.67256],[93.68966,25.6717],[93.69126,25.67179],[93.69307,25.67113],[93.70033,25.67291],[93.70218,25.6748],[93.70668,25.67597],[93.71003,25.67959],[93.71216,25.68049],[93.71373,25.68214],[93.71608,25.68208],[93.72123,25.67791],[93.72553,25.67177],[93.72839,25.66962],[93.728,25.6682],[93.72928,25.66671],[93.7282,25.66504],[93.72886,25.66415],[93.7303,25.66372],[93.73146,25.66403],[93.73404,25.66145],[93.73672,25.6623],[93.73774,25.66216],[93.73991,25.65983],[93.74365,25.66071],[93.74329,25.66207],[93.74353,25.66408],[93.74438,25.66444],[93.74507,25.66395],[93.7458,25.66018],[93.74688,25.65935],[93.74896,25.65886],[93.75255,25.65939],[93.75624,25.65808],[93.76172,25.65808],[93.76206,25.65956],[93.76155,25.66136],[93.76309,25.66452],[93.76212,25.6664],[93.76284,25.66821],[93.76005,25.66883],[93.75853,25.67165],[93.7563,25.6724],[93.75537,25.67323],[93.75516,25.67541],[93.75359,25.67646],[93.75096,25.67735],[93.74716,25.68171],[93.74125,25.68387],[93.73805,25.686],[93.73752,25.68795],[93.7359,25.68901],[93.73645,25.69007],[93.73539,25.6935],[93.73308,25.69508],[93.73305,25.69654],[93.73388,25.69738],[93.73443,25.69914],[93.73374,25.7021],[93.73514,25.7056],[93.73542,25.7076],[93.73755,25.71012],[93.73746,25.711],[93.73495,25.71521],[93.73514,25.7166],[93.73443,25.71829],[93.73541,25.71956],[93.73552,25.72061],[93.73753,25.72165],[93.73734,25.72376],[93.73865,25.72394],[93.73952,25.72545],[93.73861,25.72698],[93.74074,25.7268],[93.74221,25.72819],[93.74322,25.72684]]]}},{"id":"12","type":"Feature","properties":{"state":"NAGALAND","state_lgd":"13","district":"KOHIMA","district_lgd":"270"},"geometry":{"type":"Polygon","coordinates":[[[94.02095,25.90301],[94.02055,25.90026],[94.0193,25.89952],[94.01975,25.89864],[94.02078,25.89837],[94.02244,25.89888],[94.02355,25.89812],[94.02712,25.90314],[94.02929,25.90532],[94.03735,25.90498],[94.04247,25.90401],[94.04321,25.90425],[94.04389,25.90539],[94.04323,25.90835],[94.04422,25.90832],[94.04856,25.90767],[94.05267,25.90533],[94.05492,25.90462],[94.05866,25.90156],[94.0628,25.89922],[94.06565,25.8984],[94.0668,25.89898],[94.06938,25.89843],[94.0702,25.90052],[94.07288,25.9039],[94.07161,25.90732],[94.0731,25.90802],[94.07414,25.9103],[94.07777,25.91533],[94.0802,25.91387],[94.0835,25.91046],[94.08664,25.90855],[94.09071,25.90385],[94.09352,25.90197],[94.09525,25.89891],[94.09709,25.89788],[94.10028,25.89837],[94.10243,25.89735],[94.10428,25.89729],[94.10594,25.89567],[94.10647,25.89294],[94.10749,25.8918],[94.11629,25.88723],[94.12262,25.88882],[94.12358,25.88958],[94.12566,25.88947],[94.1269,25.89037],[94.12894,25.89071],[94.13109,25.89209],[94.13373,25.89247],[94.1361,25.89392],[94.14351,25.895],[94.14718,25.89473],[94.14783,25.894],[94.14738,25.89119],[94.14814,25.89007],[94.14694,25.88745],[94.14679,25.87971],[94.1476,25.87734],[94.14664,25.87456],[94.14523,25.87332],[94.14452,25.87185],[94.1463,25.86647],[94.14942,25.86437],[94.14897,25.8662],[94.14929,25.87063],[94.14842,25.87447],[94.15065,25.87768],[94.15384,25.8794],[94.15399,25.87825],[94.15584,25.87545],[94.15232,25.87491],[94.15157,25.87458],[94.1514,25.87395],[94.15237,25.87294],[94.15443,25.87352],[94.15628,25.87194],[94.15702,25.87102],[94.15825,25.86568],[94.15926,25.86439],[94.16104,25.86439],[94.16206,25.86491],[94.16313,25.86566],[94.16392,25.86747],[94.16564,25.86879],[94.16617,25.86854],[94.16585,25.86777],[94.16664,25.86332],[94.16765,25.86292],[94.17142,25.86335],[94.17333,25.86218],[94.17903,25.86069],[94.18637,25.85954],[94.192,25.86088],[94.19386,25.86243],[94.19658,25.86254],[94.19776,25.86336],[94.19833,25.86449],[94.1995,25.86448],[94.20036,25.8654],[94.2023,25.86625],[94.20396,25.86636],[94.20531,25.86592],[94.20666,25.86624],[94.20928,25.86392],[94.20972,25.86219],[94.21084,25.86185],[94.21218,25.86005],[94.21329,25.85963],[94.21282,25.85862],[94.21449,25.8579],[94.21407,25.85647],[94.215,25.85593],[94.21514,25.85492],[94.2176,25.85435],[94.2177,25.85376],[94.2208,25.85232],[94.22305,25.84842],[94.21976,25.84443],[94.21891,25.84071],[94.2194,25.83966],[94.2215,25.83821],[94.22404,25.83792],[94.2245,25.83546],[94.22623,25.83304],[94.22826,25.83398],[94.23447,25.83098],[94.24151,25.82658],[94.24308,25.8269],[94.24339,25.82591],[94.24454,25.82521],[94.2482,25.82008],[94.24773,25.81697],[94.2491,25.81613],[94.24932,25.8151],[94.25171,25.81299],[94.25436,25.81117],[94.25367,25.80996],[94.25571,25.80705],[94.2557,25.80537],[94.25662,25.80481],[94.2588,25.80475],[94.26004,25.80339],[94.25636,25.80198],[94.25529,25.80026],[94.25357,25.79892],[94.25704,25.79675],[94.26187,25.79575],[94.26536,25.7938],[94.26722,25.79352],[94.26763,25.79278],[94.26596,25.7919],[94.26628,25.79096],[94.26812,25.79015],[94.27161,25.7876],[94.27082,25.78595],[94.26972,25.78495],[94.26987,25.78386],[94.26868,25.78316],[94.26716,25.78103],[94.26715,25.77807],[94.26484,25.77728],[94.26627,25.77515],[94.26519,25.77427],[94.26531,25.77371],[94.26603,25.77272],[94.26718,25.77249],[94.26789,25.77113],[94.26861,25.76785],[94.2679,25.76662],[94.26834,25.76307],[94.26754,25.76248],[94.26534,25.76266],[94.26263,25.76417],[94.25997,25.76497],[94.26021,25.76374],[94.25895,25.75912],[94.25518,25.75553],[94.25453,25.7531],[94.25296,25.7507],[94.2491,25.74918],[94.24862,25.7466],[94.24708,25.74518],[94.24727,25.74252],[94.24784,25.742],[94.24899,25.74192],[94.24897,25.74126],[94.24838,25.74104],[94.24678,25.74178],[94.24618,25.74147],[94.24601,25.74092],[94.24737,25.73933],[94.24672,25.73833],[94.24493,25.73743],[94.2434,25.73284],[94.24142,25.73148],[94.23985,25.72794],[94.23776,25.7266],[94.23515,25.72045],[94.23249,25.71766],[94.23038,25.71453],[94.23008,25.71338],[94.23161,25.71187],[94.23163,25.71115],[94.22922,25.70844],[94.22726,25.70813],[94.22575,25.70848],[94.22458,25.70605],[94.22076,25.70144],[94.22037,25.69953],[94.21869,25.69702],[94.21859,25.69665],[94.22055,25.69587],[94.22682,25.69095],[94.2251,25.68926],[94.22504,25.68832],[94.21893,25.68315],[94.21678,25.67878],[94.21753,25.6766],[94.21483,25.67449],[94.21326,25.6725],[94.21325,25.67056],[94.21393,25.66884],[94.216,25.66727],[94.21941,25.66606],[94.2192,25.66209],[94.21772,25.65851],[94.21452,25.65649],[94.21046,25.65534],[94.2103,25.65471],[94.21026,25.65351],[94.21304,25.65402],[94.21506,25.65277],[94.21774,25.65255],[94.21864,25.64957],[94.21645,25.64357],[94.21694,25.6421],[94.21842,25.64058],[94.21608,25.63891],[94.21552,25.63527],[94.21505,25.63504],[94.21355,25.63555],[94.21421,25.63127],[94.2133,25.63084],[94.21129,25.63113],[94.21002,25.62967],[94.20883,25.6297],[94.20824,25.62798],[94.20857,25.62689],[94.2105,25.62491],[94.20934,25.6228],[94.2082,25.61858],[94.2099,25.61549],[94.20962,25.61335],[94.21266,25.61293],[94.2141,25.61125],[94.2144,25.61004],[94.21249,25.60749],[94.21268,25.6051],[94.21087,25.60327],[94.21231,25.60113],[94.2122,25.59974],[94.2106,25.59927],[94.20954,25.59691],[94.20706,25.5955],[94.20733,25.59245],[94.20696,25.59168],[94.20442,25.58996],[94.20308,25.58809],[94.19699,25.58233],[94.19663,25.57933],[94.19726,25.57772],[94.19648,25.57629],[94.19732,25.57429],[94.19677,25.57383],[94.19522,25.57375],[94.19508,25.57146],[94.19382,25.56945],[94.19452,25.5646],[94.19387,25.56221],[94.1961,25.55993],[94.1967,25.55823],[94.19483,25.55358],[94.19701,25.55253],[94.19992,25.55248],[94.19774,25.55033],[94.19701,25.54673],[94.19962,25.54032],[94.20022,25.5363],[94.19646,25.53591],[94.18711,25.53334],[94.18988,25.5388],[94.19117,25.53976],[94.19205,25.54429],[94.19209,25.54841],[94.18446,25.54797],[94.17805,25.55057],[94.17721,25.54708],[94.17643,25.54621],[94.17328,25.54551],[94.17173,25.54385],[94.16702,25.54281],[94.16473,25.54128],[94.16253,25.54222],[94.16098,25.54765],[94.15816,25.5495],[94.15676,25.55153],[94.15502,25.54996],[94.15359,25.54681],[94.15339,25.54522],[94.15052,25.54398],[94.14974,25.54309],[94.14942,25.53976],[94.14736,25.53702],[94.14609,25.53233],[94.1436,25.52955],[94.1437,25.52235],[94.14038,25.51921],[94.13727,25.51805],[94.13328,25.51847],[94.12794,25.52094],[94.1219,25.5228],[94.11872,25.52244],[94.11749,25.52293],[94.11174,25.52324],[94.10945,25.52306],[94.10813,25.5217],[94.10751,25.52377],[94.10358,25.52615],[94.09248,25.52946],[94.09012,25.52956],[94.08827,25.5305],[94.08481,25.53021],[94.08736,25.53162],[94.09067,25.53227],[94.0941,25.5371],[94.09222,25.54391],[94.08729,25.54934],[94.08611,25.55254],[94.08472,25.55453],[94.08014,25.55771],[94.07823,25.55821],[94.07622,25.55805],[94.07541,25.55763],[94.07461,25.55539],[94.07328,25.55566],[94.07241,25.55512],[94.07293,25.55615],[94.07212,25.55634],[94.0681,25.55348],[94.06719,25.55212],[94.06577,25.55333],[94.06551,25.55669],[94.06294,25.55707],[94.06094,25.55814],[94.06072,25.56087],[94.05998,25.56187],[94.05964,25.5638],[94.0569,25.56522],[94.05565,25.56726],[94.05388,25.56734],[94.05393,25.56867],[94.05322,25.56966],[94.05318,25.57075],[94.05062,25.57102],[94.0499,25.5715],[94.04962,25.57326],[94.04806,25.57546],[94.04707,25.57564],[94.0445,25.57495],[94.04424,25.57641],[94.04312,25.57662],[94.04214,25.57568],[94.03986,25.57158],[94.03827,25.57004],[94.03821,25.57248],[94.03663,25.57474],[94.03728,25.5777],[94.03687,25.57878],[94.03584,25.57939],[94.03455,25.57929],[94.03018,25.57696],[94.02973,25.57717],[94.0297,25.57795],[94.03087,25.5796],[94.03075,25.58026],[94.02668,25.57897],[94.02705,25.58491],[94.02505,25.58574],[94.02236,25.5844],[94.02203,25.58548],[94.02235,25.58932],[94.02198,25.58986],[94.01937,25.59001],[94.0168,25.59134],[94.0136,25.59077],[94.01304,25.5912],[94.01288,25.59224],[94.01016,25.59109],[94.00268,25.58641],[94.00235,25.58455],[94.00404,25.58171],[94.00997,25.57494],[94.01092,25.57291],[94.00784,25.56749],[94.00481,25.56532],[94.00358,25.56538],[94.00082,25.56671],[94.00209,25.56932],[94.00178,25.57048],[94.00108,25.57152],[93.99936,25.57238],[93.99699,25.57602],[93.9954,25.5772],[93.98626,25.57842],[93.98561,25.58298],[93.98295,25.58484],[93.98285,25.58794],[93.984,25.58924],[93.98413,25.59017],[93.98383,25.59606],[93.9846,25.6002],[93.9839,25.59993],[93.98203,25.59642],[93.98118,25.59574],[93.97889,25.59507],[93.97911,25.59623],[93.97359,25.59988],[93.97053,25.59917],[93.96627,25.59937],[93.96266,25.59669],[93.95946,25.593],[93.95602,25.59218],[93.95437,25.59225],[93.94989,25.59449],[93.94659,25.59699],[93.9431,25.59733],[93.94153,25.59886],[93.9383,25.60079],[93.93598,25.60413],[93.93324,25.61247],[93.93188,25.61452],[93.92827,25.61748],[93.92771,25.61999],[93.92904,25.62274],[93.92951,25.62553],[93.93068,25.62703],[93.92769,25.62934],[93.92613,25.62843],[93.92371,25.63204],[93.92246,25.63593],[93.91985,25.63736],[93.9211,25.6375],[93.93035,25.64368],[93.93159,25.64539],[93.93257,25.64857],[93.93247,25.65359],[93.93006,25.65778],[93.92737,25.66064],[93.9219,25.66493],[93.91907,25.66789],[93.9136,25.66985],[93.91274,25.67092],[93.91207,25.67332],[93.90895,25.67631],[93.90896,25.67908],[93.91188,25.68172],[93.91546,25.68185],[93.91642,25.68227],[93.91429,25.68483],[93.91411,25.68595],[93.91621,25.68719],[93.91819,25.69138],[93.91726,25.69271],[93.91561,25.69365],[93.91667,25.69577],[93.91835,25.69709],[93.92232,25.70293],[93.92342,25.70484],[93.9235,25.70708],[93.92289,25.70961],[93.9192,25.71241],[93.91466,25.71757],[93.90707,25.71854],[93.90539,25.71948],[93.90529,25.72058],[93.90879,25.72563],[93.91143,25.72739],[93.91182,25.73018],[93.91533,25.73505],[93.92107,25.73394],[93.92453,25.73257],[93.92592,25.73064],[93.92631,25.72856],[93.93037,25.72567],[93.93121,25.72413],[93.93342,25.72325],[93.93769,25.71774],[93.93926,25.71738],[93.94139,25.71777],[93.94492,25.72091],[93.94639,25.72127],[93.94764,25.721],[93.94846,25.71991],[93.94951,25.71982],[93.95239,25.71699],[93.95983,25.7144],[93.95999,25.71673],[93.9642,25.71929],[93.97184,25.72789],[93.97481,25.72855],[93.97631,25.72751],[93.9786,25.72471],[93.97943,25.72198],[93.98093,25.72135],[93.98179,25.72208],[93.98469,25.72726],[93.98701,25.72886],[93.98904,25.73294],[93.98925,25.7345],[93.98802,25.73685],[93.9855,25.73835],[93.98475,25.73953],[93.98325,25.73912],[93.98103,25.73948],[93.97992,25.74123],[93.97761,25.74202],[93.97835,25.74277],[93.98033,25.74327],[93.98109,25.74436],[93.98529,25.74626],[93.9868,25.7477],[93.98886,25.7484],[93.98871,25.75055],[93.98984,25.75193],[93.98915,25.75526],[93.98501,25.75972],[93.98487,25.76149],[93.98377,25.76252],[93.98367,25.76367],[93.98175,25.76406],[93.98041,25.76555],[93.97989,25.76909],[93.97727,25.77172],[93.97968,25.77384],[93.9799,25.77531],[93.98236,25.78074],[93.98444,25.78154],[93.98451,25.78277],[93.98371,25.78413],[93.98588,25.78659],[93.98598,25.78834],[93.98818,25.78915],[93.98761,25.79059],[93.98886,25.79204],[93.98649,25.79546],[93.98548,25.798],[93.98563,25.80008],[93.98219,25.80613],[93.98185,25.80908],[93.97961,25.81252],[93.97895,25.8151],[93.97887,25.81869],[93.97786,25.82028],[93.97717,25.823],[93.97584,25.82415],[93.9734,25.82793],[93.97124,25.82877],[93.97091,25.82934],[93.97176,25.83366],[93.97037,25.836],[93.97112,25.83861],[93.97003,25.84035],[93.97145,25.84541],[93.97115,25.8484],[93.97213,25.85045],[93.97227,25.8538],[93.97503,25.85822],[93.97328,25.86263],[93.97463,25.86417],[93.97425,25.86755],[93.97478,25.86849],[93.97562,25.86883],[93.98309,25.87038],[93.98509,25.87225],[93.98546,25.87402],[93.98811,25.87552],[93.98931,25.87783],[93.99274,25.87808],[93.99315,25.87952],[93.99454,25.88092],[93.9961,25.87839],[94.0001,25.87818],[94.00175,25.87871],[94.00217,25.88012],[94.00357,25.88153],[94.00575,25.88161],[94.00693,25.88325],[94.00894,25.88353],[94.00903,25.88555],[94.01,25.88632],[94.00912,25.88829],[94.00955,25.89061],[94.00805,25.89153],[94.00549,25.89425],[94.00461,25.89465],[94.00123,25.89471],[94.0009,25.89294],[94.00244,25.89043],[94.00241,25.88943],[94.00183,25.88911],[94.00043,25.88988],[93.99956,25.89154],[93.99883,25.89376],[94.00034,25.89761],[94.0005,25.90083],[94.00371,25.90421],[94.00596,25.90322],[94.00835,25.9033],[94.01061,25.90686],[94.01247,25.90812],[94.01383,25.91039],[94.01766,25.91151],[94.01903,25.91237],[94.02077,25.91737],[94.02215,25.92028],[94.02363,25.92215],[94.02409,25.91876],[94.02477,25.9177],[94.02759,25.91495],[94.03066,25.91383],[94.0283,25.90836],[94.0272,25.90723],[94.02529,25.90654],[94.02386,25.90451],[94.0216,25.90361],[94.02095,25.90301]]]}},{"id":"13","type":"Feature","properties":{"state":"NAGALAND","state_lgd":"13","district":"KIPHIRE","district_lgd":"269"},"geometry":{"type":"Polygon","coordinates":[[[94.75579,26.02383],[94.75904,26.02336],[94.76125,26.02092],[94.76742,26.01839],[94.76915,26.01701],[94.76994,26.01535],[94.77151,26.01474],[94.77023,26.01348],[94.77005,26.01141],[94.76925,26.00989],[94.76786,26.00926],[94.76668,26.00761],[94.76562,26.00733],[94.7625,26.00392],[94.76043,26.00334],[94.76007,26.00285],[94.76035,26.00183],[94.75971,26.00081],[94.76103,25.99722],[94.76316,25.99382],[94.76296,25.99102],[94.7664,25.98204],[94.76885,25.97925],[94.76937,25.97799],[94.76998,25.97804],[94.77107,25.97936],[94.77141,25.98084],[94.77384,25.98141],[94.77555,25.98257],[94.77616,25.98372],[94.77851,25.98366],[94.77935,25.98147],[94.77879,25.97819],[94.78067,25.97485],[94.77964,25.97398],[94.77802,25.97354],[94.77876,25.97292],[94.78145,25.97222],[94.7818,25.96916],[94.78449,25.969],[94.78897,25.96462],[94.7906,25.9641],[94.79222,25.96285],[94.7921,25.96165],[94.78753,25.95656],[94.78448,25.95542],[94.78263,25.95554],[94.78246,25.95469],[94.78336,25.95332],[94.786,25.95214],[94.78674,25.95113],[94.78407,25.94328],[94.78448,25.93998],[94.78498,25.93926],[94.78681,25.93803],[94.78908,25.93742],[94.78964,25.93671],[94.79351,25.94021],[94.79487,25.94297],[94.79756,25.94661],[94.80104,25.9492],[94.80382,25.95051],[94.81026,25.95179],[94.81058,25.95274],[94.81013,25.95436],[94.81093,25.95528],[94.81176,25.95482],[94.81188,25.95204],[94.81851,25.94828],[94.82094,25.94862],[94.82724,25.94795],[94.82909,25.94585],[94.8352,25.94338],[94.83725,25.94034],[94.83721,25.93706],[94.83912,25.93529],[94.83953,25.93095],[94.84146,25.93003],[94.8429,25.93045],[94.84338,25.93314],[94.84567,25.93467],[94.84504,25.93628],[94.84672,25.93861],[94.84542,25.93976],[94.84734,25.94011],[94.8505,25.93935],[94.85229,25.94614],[94.85555,25.95028],[94.85809,25.95221],[94.86015,25.9493],[94.86407,25.94575],[94.86518,25.94307],[94.86618,25.9426],[94.86906,25.94366],[94.86955,25.94507],[94.87069,25.94568],[94.87405,25.94368],[94.87604,25.94456],[94.87949,25.94435],[94.88205,25.94494],[94.8837,25.94243],[94.88561,25.94167],[94.88719,25.94157],[94.89008,25.9416],[94.89742,25.94365],[94.89949,25.943],[94.9071,25.94438],[94.91102,25.94284],[94.91405,25.94354],[94.91592,25.94451],[94.92054,25.9443],[94.92113,25.94471],[94.92169,25.94736],[94.92376,25.9488],[94.92554,25.94927],[94.92565,25.94863],[94.92849,25.94572],[94.93041,25.94244],[94.93474,25.94113],[94.93603,25.94023],[94.93848,25.9371],[94.9355,25.93041],[94.9352,25.92611],[94.93397,25.92519],[94.93364,25.92213],[94.93493,25.91993],[94.93569,25.91696],[94.93736,25.91515],[94.93801,25.91371],[94.94017,25.91241],[94.94336,25.90733],[94.94483,25.90602],[94.94894,25.90403],[94.95144,25.90099],[94.95666,25.90105],[94.96075,25.90299],[94.96305,25.90312],[94.96165,25.89608],[94.96274,25.88916],[94.96384,25.88668],[94.9642,25.88309],[94.96523,25.87959],[94.96558,25.87486],[94.96638,25.87427],[94.97081,25.87485],[94.97138,25.87631],[94.97416,25.87935],[94.9754,25.8764],[94.97718,25.8751],[94.97879,25.87134],[94.97902,25.86946],[94.97886,25.86718],[94.97797,25.86464],[94.97789,25.85614],[94.98014,25.85455],[94.98637,25.85492],[94.98912,25.85406],[94.99212,25.85432],[94.99471,25.85533],[94.99705,25.85741],[95.00167,25.85917],[95.00487,25.86338],[95.00519,25.86456],[95.0081,25.86776],[95.01254,25.86311],[95.01504,25.86261],[95.01697,25.86147],[95.01875,25.85897],[95.02062,25.85344],[95.02025,25.8522],[95.02336,25.84425],[95.02432,25.84326],[95.02834,25.84094],[95.02953,25.83988],[95.02919,25.83845],[95.03046,25.83821],[95.02946,25.83308],[95.03054,25.82902],[95.03323,25.82363],[95.03331,25.81424],[95.03881,25.80989],[95.04047,25.80755],[95.04256,25.80617],[95.04361,25.80447],[95.045,25.80397],[95.04668,25.80175],[95.04848,25.80161],[95.04972,25.80088],[95.05001,25.79291],[95.04759,25.78652],[95.04612,25.78451],[95.04597,25.7815],[95.04663,25.77894],[95.04594,25.77655],[95.04403,25.77374],[95.04465,25.77297],[95.04462,25.76983],[95.04595,25.76605],[95.04698,25.76423],[95.0476,25.76167],[95.04906,25.75966],[95.04513,25.75523],[95.04488,25.75208],[95.04447,25.75111],[95.04275,25.7498],[95.04102,25.74479],[95.04052,25.74184],[95.03722,25.73952],[95.03421,25.73994],[95.02809,25.7378],[95.02592,25.73567],[95.0246,25.73259],[95.0231,25.73174],[95.02064,25.73238],[95.01518,25.73241],[95.00746,25.73075],[95.00302,25.72894],[95.00046,25.72666],[94.9968,25.72462],[94.99551,25.72193],[94.99244,25.72038],[94.99192,25.71952],[94.98907,25.7071],[94.98733,25.70561],[94.98585,25.70338],[94.98304,25.70177],[94.97974,25.69822],[94.9763,25.69719],[94.97304,25.69408],[94.97099,25.68949],[94.9697,25.68834],[94.96135,25.68506],[94.95213,25.67838],[94.95048,25.67595],[94.95024,25.67374],[94.94706,25.67246],[94.94476,25.67206],[94.93598,25.66761],[94.93321,25.66251],[94.93374,25.6606],[94.93268,25.65942],[94.93238,25.65714],[94.92908,25.65439],[94.92859,25.65321],[94.92533,25.65012],[94.92307,25.64605],[94.92261,25.64281],[94.92152,25.64089],[94.91746,25.63808],[94.9139,25.63347],[94.9066,25.61349],[94.9025,25.60822],[94.89861,25.60498],[94.88756,25.60112],[94.88463,25.60116],[94.8814,25.60324],[94.87756,25.61025],[94.87672,25.61492],[94.875,25.61894],[94.87289,25.62114],[94.8713,25.62196],[94.86855,25.62587],[94.86426,25.62989],[94.86741,25.63317],[94.8674,25.63366],[94.86213,25.63707],[94.86198,25.63847],[94.86339,25.64329],[94.86429,25.65067],[94.86406,25.65133],[94.86275,25.65195],[94.86266,25.65468],[94.8637,25.66098],[94.86572,25.66608],[94.86606,25.6722],[94.86564,25.6738],[94.86687,25.6765],[94.86834,25.6781],[94.86972,25.6787],[94.87258,25.67861],[94.87324,25.67898],[94.87458,25.68154],[94.87475,25.68446],[94.87635,25.69069],[94.87524,25.69123],[94.87402,25.68995],[94.87049,25.69075],[94.86922,25.69405],[94.86824,25.69953],[94.86893,25.70543],[94.86866,25.71005],[94.86344,25.71621],[94.86165,25.71944],[94.8606,25.72381],[94.85933,25.72403],[94.8577,25.72357],[94.8548,25.72407],[94.85015,25.72779],[94.84681,25.72908],[94.84606,25.73191],[94.84229,25.73726],[94.84078,25.74072],[94.83954,25.74166],[94.83568,25.74319],[94.8342,25.74581],[94.83151,25.74778],[94.83,25.75171],[94.82673,25.75561],[94.82264,25.75927],[94.8204,25.76284],[94.81697,25.76468],[94.81348,25.76443],[94.80964,25.76505],[94.80771,25.76639],[94.80358,25.77063],[94.79842,25.77211],[94.79753,25.77273],[94.79635,25.77495],[94.7929,25.77546],[94.79025,25.77745],[94.7841,25.77788],[94.78055,25.77711],[94.77229,25.77881],[94.76804,25.77897],[94.76482,25.77868],[94.76249,25.77901],[94.75999,25.77847],[94.75689,25.78175],[94.75544,25.78231],[94.75408,25.77997],[94.75066,25.7796],[94.75,25.77902],[94.74859,25.77594],[94.74635,25.77694],[94.74558,25.77671],[94.7454,25.77517],[94.74735,25.77353],[94.74701,25.77202],[94.74373,25.77029],[94.74107,25.77056],[94.74016,25.77013],[94.73986,25.76889],[94.74177,25.76662],[94.74186,25.76548],[94.74109,25.76486],[94.73844,25.76488],[94.73599,25.76152],[94.73314,25.7602],[94.73286,25.75867],[94.73353,25.75533],[94.73182,25.75445],[94.72981,25.75503],[94.72874,25.75333],[94.72888,25.7524],[94.73045,25.75124],[94.7305,25.75041],[94.72872,25.74967],[94.72658,25.74981],[94.72509,25.7481],[94.7244,25.74553],[94.72476,25.74494],[94.72729,25.74512],[94.72706,25.74426],[94.72549,25.74262],[94.72116,25.74075],[94.72042,25.73947],[94.72091,25.73857],[94.7232,25.7373],[94.72319,25.73645],[94.721,25.7348],[94.72156,25.73318],[94.72232,25.73249],[94.72662,25.73122],[94.72489,25.73062],[94.72291,25.73067],[94.71842,25.73149],[94.71646,25.73262],[94.71665,25.73426],[94.7157,25.73877],[94.71369,25.74122],[94.71445,25.74306],[94.71434,25.74517],[94.71564,25.74981],[94.71617,25.75566],[94.7148,25.75626],[94.71455,25.75735],[94.71291,25.75947],[94.70987,25.75928],[94.70662,25.76251],[94.70454,25.76326],[94.70429,25.76485],[94.70472,25.76658],[94.70709,25.76913],[94.70489,25.77568],[94.70303,25.77717],[94.70188,25.78282],[94.70872,25.78585],[94.71454,25.7893],[94.71665,25.78957],[94.71724,25.79053],[94.71553,25.79279],[94.71234,25.79457],[94.71048,25.7964],[94.7093,25.79944],[94.70881,25.80431],[94.70819,25.80508],[94.70494,25.80685],[94.70382,25.80985],[94.70478,25.81277],[94.70233,25.81562],[94.69978,25.81794],[94.69579,25.81699],[94.69212,25.81451],[94.69093,25.81245],[94.6864,25.80733],[94.67873,25.80705],[94.6757,25.80604],[94.6742,25.80457],[94.67068,25.80557],[94.66703,25.80803],[94.66477,25.80817],[94.6628,25.80894],[94.65672,25.8136],[94.65418,25.81488],[94.65059,25.8157],[94.64842,25.81802],[94.64454,25.81969],[94.64279,25.82209],[94.6412,25.82105],[94.63565,25.81926],[94.63108,25.81905],[94.62769,25.8206],[94.62118,25.82178],[94.61882,25.82345],[94.61605,25.82896],[94.61494,25.83029],[94.61043,25.83363],[94.61108,25.83586],[94.60964,25.83594],[94.6073,25.83798],[94.60415,25.84371],[94.59783,25.84846],[94.59537,25.85249],[94.59157,25.85429],[94.58932,25.85687],[94.58854,25.86062],[94.59092,25.86027],[94.59388,25.8612],[94.59524,25.86354],[94.59864,25.86565],[94.59901,25.86723],[94.59757,25.86992],[94.59731,25.87229],[94.59588,25.87537],[94.59226,25.87879],[94.58919,25.87903],[94.58868,25.87862],[94.58851,25.8769],[94.58701,25.87723],[94.58181,25.8762],[94.58048,25.8767],[94.57688,25.87921],[94.57642,25.88112],[94.57397,25.88362],[94.57358,25.88638],[94.57237,25.88859],[94.57093,25.88951],[94.56982,25.88967],[94.57197,25.89449],[94.57431,25.89441],[94.57555,25.896],[94.57911,25.89863],[94.58321,25.90442],[94.58638,25.90596],[94.58706,25.91027],[94.5889,25.91167],[94.59376,25.9141],[94.59585,25.91971],[94.59591,25.92112],[94.59895,25.92288],[94.5994,25.9259],[94.6021,25.92737],[94.60239,25.92895],[94.60353,25.92981],[94.60468,25.9278],[94.60576,25.92735],[94.61363,25.92588],[94.6157,25.92475],[94.62281,25.92305],[94.62619,25.92501],[94.62759,25.92754],[94.62817,25.92733],[94.62853,25.92626],[94.63027,25.92617],[94.63277,25.92866],[94.63314,25.92968],[94.63276,25.93197],[94.63659,25.93104],[94.63779,25.93126],[94.63854,25.93328],[94.63982,25.93463],[94.64542,25.93923],[94.64426,25.94516],[94.64364,25.94573],[94.6366,25.94296],[94.63488,25.94305],[94.63562,25.94401],[94.63557,25.94549],[94.63367,25.94741],[94.63288,25.94979],[94.63385,25.95119],[94.6347,25.95557],[94.63656,25.95671],[94.6399,25.95763],[94.63925,25.95957],[94.64098,25.9614],[94.64111,25.96364],[94.64207,25.96535],[94.64313,25.96617],[94.64407,25.96918],[94.64498,25.9705],[94.64607,25.97604],[94.64666,25.97724],[94.64975,25.97973],[94.64986,25.98073],[94.64875,25.98293],[94.64866,25.98404],[94.64923,25.9852],[94.65011,25.98607],[94.65703,25.98675],[94.6588,25.98874],[94.66006,25.98878],[94.66183,25.99057],[94.66273,25.99084],[94.6641,25.99057],[94.66664,25.9889],[94.66798,25.98883],[94.66849,25.98953],[94.66868,25.99288],[94.66465,25.99543],[94.66363,25.9971],[94.66086,25.99971],[94.65809,26.00107],[94.65958,26.00193],[94.66226,26.00192],[94.66456,26.00379],[94.66813,26.00558],[94.67024,26.00819],[94.67459,26.01158],[94.67483,26.01282],[94.67195,26.01531],[94.66868,26.01949],[94.67034,26.02237],[94.67218,26.02374],[94.67325,26.0252],[94.6734,26.02639],[94.67804,26.02888],[94.68015,26.03166],[94.67991,26.03372],[94.68039,26.03409],[94.68203,26.0346],[94.68695,26.03796],[94.68778,26.03561],[94.68987,26.03299],[94.69045,26.0299],[94.69192,26.02939],[94.69597,26.02394],[94.69627,26.02249],[94.69849,26.02145],[94.69968,26.01993],[94.70074,26.01948],[94.70112,26.01798],[94.7021,26.01862],[94.7044,26.01861],[94.7069,26.02154],[94.70929,26.02247],[94.71134,26.02422],[94.71279,26.0246],[94.71557,26.02644],[94.71839,26.02603],[94.72235,26.02399],[94.7241,26.02631],[94.72909,26.03113],[94.73059,26.03368],[94.73209,26.03464],[94.73385,26.03738],[94.73491,26.03791],[94.73733,26.03785],[94.7397,26.03968],[94.74326,26.03964],[94.74781,26.03484],[94.74751,26.03066],[94.74879,26.02715],[94.75217,26.02497],[94.75579,26.02383]]]}},{"id":"14","type":"Feature","properties":{"state":"NAGALAND","state_lgd":"13","district":"PHEK","district_lgd":"266"},"geometry":{"type":"Polygon","coordinates":[[[94.53253,25.82912],[94.5349,25.82926],[94.53839,25.82821],[94.54165,25.82827],[94.54648,25.82462],[94.54572,25.82316],[94.54316,25.82073],[94.54099,25.80226],[94.54165,25.80096],[94.54276,25.80043],[94.54802,25.79982],[94.54975,25.79922],[94.55223,25.79983],[94.55398,25.79521],[94.55342,25.79363],[94.55209,25.79423],[94.54759,25.79375],[94.54686,25.7926],[94.54504,25.78574],[94.54152,25.77802],[94.54084,25.77517],[94.54259,25.77397],[94.54717,25.77373],[94.54751,25.77329],[94.54466,25.75976],[94.54358,25.74991],[94.54393,25.74416],[94.54465,25.74254],[94.54616,25.74191],[94.55245,25.74131],[94.55181,25.74624],[94.55517,25.74832],[94.55729,25.75141],[94.56014,25.75364],[94.56072,25.75373],[94.56406,25.75105],[94.56679,25.74977],[94.56924,25.74979],[94.57171,25.75055],[94.57476,25.75284],[94.57756,25.7587],[94.58169,25.76239],[94.58367,25.76538],[94.58491,25.76905],[94.58692,25.77277],[94.58793,25.77248],[94.58814,25.77039],[94.58928,25.77024],[94.59369,25.77253],[94.59575,25.77533],[94.5981,25.7759],[94.60068,25.77152],[94.60098,25.76962],[94.60491,25.77673],[94.60611,25.77801],[94.60683,25.7786],[94.61052,25.7781],[94.61338,25.777],[94.61651,25.7743],[94.61601,25.77073],[94.61506,25.76917],[94.61394,25.76854],[94.61064,25.76808],[94.60931,25.76527],[94.61031,25.76374],[94.6116,25.76281],[94.61882,25.76091],[94.62072,25.76001],[94.6275,25.76113],[94.63042,25.76318],[94.63291,25.76336],[94.63517,25.76408],[94.64288,25.77121],[94.64452,25.7741],[94.64702,25.77656],[94.6498,25.77742],[94.65324,25.77722],[94.65584,25.7777],[94.65278,25.78075],[94.65003,25.78245],[94.65547,25.7843],[94.659,25.78359],[94.67097,25.77686],[94.67231,25.77557],[94.67251,25.77442],[94.67409,25.77262],[94.67684,25.77051],[94.67802,25.77036],[94.67943,25.76895],[94.68352,25.76722],[94.68694,25.76441],[94.69,25.76085],[94.69045,25.7607],[94.69114,25.76149],[94.69321,25.76235],[94.69473,25.76492],[94.69686,25.76584],[94.70662,25.76251],[94.70987,25.75928],[94.71291,25.75947],[94.71455,25.75735],[94.7148,25.75626],[94.71602,25.75583],[94.71624,25.75518],[94.71381,25.74075],[94.7157,25.73877],[94.71665,25.73426],[94.71646,25.73262],[94.71842,25.73149],[94.72092,25.7309],[94.72489,25.73062],[94.72662,25.73122],[94.72232,25.73249],[94.72156,25.73318],[94.721,25.7348],[94.72319,25.73645],[94.7232,25.7373],[94.72091,25.73857],[94.72042,25.73947],[94.72116,25.74075],[94.72549,25.74262],[94.72706,25.74426],[94.72707,25.74521],[94.72476,25.74494],[94.72447,25.74655],[94.72509,25.7481],[94.72658,25.74981],[94.72872,25.74967],[94.7305,25.75041],[94.7301,25.75174],[94.72874,25.75282],[94.72924,25.75449],[94.73008,25.75507],[94.7315,25.75445],[94.73334,25.75506],[94.73366,25.75614],[94.73286,25.75867],[94.733,25.76005],[94.73599,25.76152],[94.73844,25.76488],[94.74109,25.76486],[94.74186,25.76548],[94.74177,25.76662],[94.73986,25.76889],[94.74016,25.77013],[94.74107,25.77056],[94.74373,25.77029],[94.74701,25.77202],[94.74735,25.77353],[94.7454,25.77517],[94.74558,25.77671],[94.74635,25.77694],[94.74859,25.77594],[94.75,25.77902],[94.75066,25.7796],[94.75408,25.77997],[94.75544,25.78231],[94.75689,25.78175],[94.75999,25.77847],[94.76249,25.77901],[94.76482,25.77868],[94.76804,25.77897],[94.77229,25.77881],[94.78055,25.77711],[94.7841,25.77788],[94.79025,25.77745],[94.7929,25.77546],[94.79635,25.77495],[94.79753,25.77273],[94.79842,25.77211],[94.80358,25.77063],[94.80771,25.76639],[94.80964,25.76505],[94.81348,25.76443],[94.81697,25.76468],[94.81925,25.76371],[94.82115,25.7619],[94.82264,25.75927],[94.82673,25.75561],[94.83,25.75171],[94.83151,25.74778],[94.8342,25.74581],[94.83568,25.74319],[94.83954,25.74166],[94.84078,25.74072],[94.84229,25.73726],[94.84606,25.73191],[94.84681,25.72908],[94.85015,25.72779],[94.8548,25.72407],[94.8577,25.72357],[94.85933,25.72403],[94.8606,25.72381],[94.86165,25.71944],[94.86344,25.71621],[94.86866,25.71005],[94.86893,25.70543],[94.86824,25.69953],[94.86922,25.69405],[94.87049,25.69075],[94.87402,25.68995],[94.87524,25.69123],[94.87635,25.69069],[94.87475,25.68446],[94.87458,25.68154],[94.87324,25.67898],[94.87258,25.67861],[94.86972,25.6787],[94.86834,25.6781],[94.86687,25.6765],[94.86564,25.6738],[94.86606,25.6722],[94.86572,25.66608],[94.8637,25.66098],[94.86251,25.65283],[94.86275,25.65195],[94.86406,25.65133],[94.86429,25.65067],[94.86339,25.64329],[94.86198,25.63847],[94.86213,25.63707],[94.8674,25.63366],[94.86741,25.63317],[94.86426,25.62989],[94.86855,25.62587],[94.8713,25.62196],[94.87289,25.62114],[94.875,25.61894],[94.87672,25.61492],[94.87756,25.61025],[94.8814,25.60324],[94.88463,25.60116],[94.88756,25.60112],[94.89861,25.60498],[94.9025,25.60822],[94.9066,25.61349],[94.9139,25.63347],[94.91746,25.63808],[94.92152,25.64089],[94.92123,25.63692],[94.92193,25.63508],[94.91884,25.62978],[94.91871,25.62802],[94.91785,25.62711],[94.91644,25.62196],[94.91624,25.61489],[94.91522,25.61222],[94.91509,25.60768],[94.91265,25.60636],[94.90958,25.60265],[94.90193,25.59945],[94.90077,25.59738],[94.89812,25.59634],[94.89377,25.59764],[94.89247,25.59738],[94.89101,25.59632],[94.88863,25.59554],[94.88701,25.59376],[94.88524,25.59373],[94.88226,25.59175],[94.88154,25.59053],[94.88117,25.58808],[94.88217,25.58676],[94.88163,25.58508],[94.88476,25.58408],[94.89138,25.57822],[94.89231,25.57554],[94.89747,25.57055],[94.89766,25.56768],[94.8985,25.56533],[94.89497,25.56591],[94.89274,25.56577],[94.88969,25.56664],[94.88828,25.56625],[94.88502,25.56352],[94.88236,25.56375],[94.87968,25.56238],[94.87867,25.56283],[94.87618,25.56259],[94.87203,25.56392],[94.86814,25.56413],[94.86495,25.5637],[94.86029,25.56435],[94.85798,25.56364],[94.85342,25.56432],[94.84592,25.56194],[94.84444,25.56023],[94.84333,25.55724],[94.84095,25.55689],[94.84043,25.55537],[94.83783,25.55305],[94.83426,25.55258],[94.83298,25.54869],[94.82967,25.54371],[94.82723,25.5438],[94.82578,25.54255],[94.82579,25.54149],[94.82513,25.5404],[94.8255,25.53906],[94.82428,25.53693],[94.82347,25.53344],[94.82345,25.52984],[94.82482,25.52708],[94.82543,25.52376],[94.82355,25.52151],[94.82166,25.52072],[94.81934,25.51749],[94.81641,25.51693],[94.81587,25.51647],[94.81469,25.51414],[94.8124,25.51125],[94.81002,25.50525],[94.80821,25.49892],[94.80799,25.49329],[94.80603,25.49182],[94.80421,25.49208],[94.80213,25.49131],[94.79985,25.4919],[94.79801,25.49097],[94.79638,25.49176],[94.79552,25.4908],[94.78869,25.48955],[94.78654,25.48745],[94.78637,25.48538],[94.78537,25.48409],[94.78466,25.48118],[94.78345,25.4804],[94.78151,25.48025],[94.78031,25.48091],[94.77695,25.48143],[94.76964,25.48089],[94.7642,25.48132],[94.76196,25.48195],[94.75769,25.49136],[94.75527,25.49301],[94.75349,25.49372],[94.75142,25.49389],[94.74705,25.48865],[94.74712,25.48595],[94.74447,25.48149],[94.73724,25.4785],[94.7283,25.47656],[94.72511,25.47357],[94.71965,25.47224],[94.71898,25.46999],[94.71808,25.46949],[94.71759,25.4695],[94.71659,25.47095],[94.71494,25.47072],[94.70998,25.4718],[94.70299,25.46793],[94.70008,25.46821],[94.69585,25.46716],[94.69286,25.46556],[94.68362,25.46643],[94.68195,25.45939],[94.6799,25.4585],[94.68123,25.45625],[94.68118,25.45533],[94.67871,25.45198],[94.67537,25.44582],[94.67311,25.44713],[94.66844,25.44862],[94.66594,25.44833],[94.65576,25.44986],[94.64592,25.45705],[94.64436,25.4571],[94.64107,25.45612],[94.63737,25.45595],[94.63293,25.45714],[94.63078,25.45909],[94.62603,25.45918],[94.623,25.46122],[94.61656,25.46237],[94.61316,25.46524],[94.6104,25.46987],[94.60582,25.47276],[94.60176,25.47672],[94.59836,25.47847],[94.5964,25.47806],[94.59536,25.47845],[94.5934,25.48092],[94.59366,25.48271],[94.59273,25.4841],[94.59047,25.48498],[94.58563,25.48549],[94.58157,25.4886],[94.57889,25.49186],[94.57766,25.49503],[94.57682,25.49585],[94.57462,25.49687],[94.56917,25.50078],[94.5647,25.50121],[94.5633,25.5018],[94.56123,25.50084],[94.55996,25.50082],[94.55736,25.50227],[94.55473,25.50227],[94.55377,25.5042],[94.55416,25.50551],[94.55348,25.51049],[94.55569,25.51057],[94.55644,25.51123],[94.55625,25.51319],[94.55743,25.51589],[94.55722,25.51952],[94.55982,25.52029],[94.56028,25.52099],[94.55994,25.52186],[94.55787,25.52232],[94.55626,25.52373],[94.5547,25.52831],[94.55702,25.53171],[94.56206,25.53388],[94.56185,25.53544],[94.55809,25.5369],[94.55775,25.53801],[94.5581,25.53978],[94.55937,25.54185],[94.56212,25.54341],[94.56394,25.54595],[94.56663,25.54784],[94.56684,25.54885],[94.56622,25.55011],[94.56461,25.55164],[94.56078,25.55308],[94.55824,25.55313],[94.55649,25.55418],[94.55617,25.55523],[94.55649,25.55624],[94.5638,25.56163],[94.56451,25.56361],[94.56405,25.56418],[94.56003,25.56465],[94.55863,25.56614],[94.55864,25.56825],[94.56132,25.57164],[94.56119,25.5734],[94.55166,25.57873],[94.55121,25.58],[94.55354,25.58152],[94.55743,25.58205],[94.55846,25.58308],[94.55998,25.58786],[94.55742,25.58952],[94.55664,25.59094],[94.56028,25.59378],[94.56105,25.59486],[94.55995,25.59825],[94.56644,25.59741],[94.56714,25.59852],[94.56518,25.60218],[94.56523,25.60307],[94.56761,25.60476],[94.57102,25.60487],[94.57194,25.60547],[94.57111,25.60716],[94.57219,25.6089],[94.57267,25.61104],[94.57542,25.6132],[94.57691,25.61625],[94.5758,25.61889],[94.57582,25.62307],[94.57733,25.6247],[94.58012,25.62555],[94.57983,25.62808],[94.58067,25.62927],[94.58173,25.63007],[94.58408,25.63054],[94.58382,25.63414],[94.58428,25.63495],[94.5851,25.63551],[94.58618,25.6355],[94.58622,25.63346],[94.58678,25.63313],[94.58909,25.63482],[94.59009,25.63675],[94.59177,25.63462],[94.59294,25.63458],[94.59358,25.63523],[94.59383,25.6371],[94.58993,25.64017],[94.58862,25.64062],[94.58112,25.64005],[94.57652,25.63801],[94.57315,25.63765],[94.57233,25.64129],[94.5725,25.64184],[94.57523,25.64268],[94.57611,25.64367],[94.57607,25.64558],[94.57387,25.6464],[94.57368,25.64808],[94.57611,25.65004],[94.57896,25.65007],[94.58037,25.65078],[94.57973,25.65176],[94.57688,25.65348],[94.57611,25.65471],[94.57639,25.65546],[94.57718,25.65582],[94.58229,25.65584],[94.58353,25.6562],[94.58394,25.65682],[94.58361,25.65764],[94.58092,25.65991],[94.57867,25.66079],[94.57884,25.66192],[94.58244,25.66321],[94.58403,25.66324],[94.58516,25.66265],[94.58659,25.66381],[94.58639,25.66531],[94.58516,25.66622],[94.58418,25.66643],[94.58124,25.66566],[94.58041,25.66689],[94.58042,25.66847],[94.58148,25.66927],[94.58362,25.66925],[94.58483,25.66975],[94.58718,25.67371],[94.58863,25.67521],[94.58918,25.68018],[94.59007,25.68172],[94.59554,25.68199],[94.59647,25.6824],[94.59653,25.68307],[94.59508,25.68517],[94.58985,25.68726],[94.58886,25.68709],[94.58571,25.68492],[94.58443,25.68489],[94.57861,25.69024],[94.57126,25.69195],[94.56437,25.68772],[94.56303,25.68539],[94.56064,25.68311],[94.56081,25.68107],[94.56347,25.67759],[94.5636,25.67523],[94.56258,25.6742],[94.56074,25.67366],[94.55934,25.67197],[94.55788,25.67326],[94.55662,25.67253],[94.55572,25.66897],[94.55195,25.66608],[94.55118,25.6628],[94.54845,25.66162],[94.54865,25.66075],[94.55036,25.659],[94.54959,25.65702],[94.54794,25.65586],[94.544,25.6549],[94.54364,25.65344],[94.54564,25.65277],[94.54341,25.64987],[94.53951,25.65066],[94.53862,25.64789],[94.53608,25.64667],[94.53582,25.64449],[94.53465,25.64247],[94.53354,25.64203],[94.53005,25.64287],[94.52953,25.64266],[94.5298,25.63827],[94.52896,25.63714],[94.52463,25.63733],[94.522,25.63917],[94.52099,25.63902],[94.52037,25.63701],[94.52109,25.63486],[94.51824,25.62971],[94.5176,25.62922],[94.51418,25.62855],[94.51424,25.62638],[94.51269,25.6251],[94.50678,25.62418],[94.50609,25.62033],[94.50612,25.61618],[94.50514,25.61364],[94.50209,25.61281],[94.49834,25.61297],[94.49655,25.61365],[94.49501,25.6125],[94.49426,25.60925],[94.49276,25.60869],[94.49156,25.6089],[94.48807,25.61193],[94.48741,25.61418],[94.4859,25.61432],[94.48433,25.61301],[94.48003,25.61523],[94.47658,25.61413],[94.47287,25.61527],[94.47084,25.61418],[94.46856,25.61419],[94.46698,25.61218],[94.46465,25.61146],[94.46402,25.61021],[94.46143,25.6084],[94.45974,25.60546],[94.45838,25.60406],[94.45286,25.6017],[94.45105,25.59886],[94.44675,25.59761],[94.44502,25.59662],[94.44482,25.59537],[94.44575,25.5933],[94.44521,25.59187],[94.4435,25.59149],[94.43797,25.59263],[94.43688,25.59151],[94.43382,25.59106],[94.43187,25.58961],[94.42985,25.58928],[94.42902,25.58843],[94.42707,25.58797],[94.42679,25.58741],[94.42492,25.58652],[94.42458,25.58469],[94.42331,25.58375],[94.42232,25.57884],[94.42116,25.57665],[94.42129,25.57559],[94.42232,25.57405],[94.42025,25.57301],[94.42022,25.57247],[94.4212,25.57172],[94.41902,25.56974],[94.41963,25.56931],[94.42118,25.56965],[94.42177,25.56893],[94.4218,25.5666],[94.42114,25.56435],[94.423,25.56211],[94.42151,25.56165],[94.4215,25.56127],[94.42273,25.56031],[94.42286,25.5596],[94.42199,25.55786],[94.42234,25.55357],[94.42058,25.5506],[94.41974,25.54511],[94.41822,25.54268],[94.4182,25.53886],[94.41654,25.53648],[94.41593,25.53631],[94.41393,25.5372],[94.41306,25.53618],[94.41141,25.53849],[94.40832,25.5375],[94.40727,25.53663],[94.40474,25.53668],[94.39984,25.53397],[94.3971,25.53466],[94.39472,25.5338],[94.39317,25.53423],[94.38984,25.53263],[94.38773,25.53303],[94.38571,25.53272],[94.38104,25.53037],[94.38046,25.52934],[94.37825,25.52812],[94.37742,25.52665],[94.37604,25.52597],[94.37583,25.52452],[94.37442,25.52372],[94.37358,25.52207],[94.37128,25.52163],[94.37046,25.52014],[94.36795,25.5199],[94.36576,25.5174],[94.36349,25.51747],[94.35939,25.51548],[94.35537,25.51242],[94.35245,25.51166],[94.34951,25.51229],[94.34788,25.51202],[94.34363,25.50918],[94.33703,25.50855],[94.33541,25.50752],[94.33117,25.50672],[94.32975,25.50499],[94.32866,25.50441],[94.32609,25.50491],[94.32534,25.5044],[94.32506,25.50295],[94.32303,25.50198],[94.32292,25.5007],[94.31929,25.49694],[94.31787,25.49408],[94.31545,25.49093],[94.31041,25.48918],[94.3082,25.48961],[94.29769,25.48471],[94.29769,25.49142],[94.29062,25.49822],[94.28473,25.508],[94.2789,25.50304],[94.276,25.5018],[94.27455,25.49981],[94.27085,25.49966],[94.26711,25.49787],[94.26321,25.49871],[94.26101,25.49797],[94.25984,25.49908],[94.2577,25.49926],[94.25515,25.50067],[94.25382,25.49787],[94.25046,25.49593],[94.24932,25.49441],[94.24668,25.49512],[94.24591,25.49573],[94.24294,25.49539],[94.24032,25.49596],[94.23726,25.49479],[94.23287,25.49392],[94.23163,25.49311],[94.22817,25.49463],[94.22431,25.49189],[94.22176,25.49099],[94.21867,25.49187],[94.2141,25.49585],[94.2085,25.49618],[94.20753,25.4986],[94.20843,25.50055],[94.20832,25.50366],[94.20482,25.50655],[94.20085,25.51428],[94.19973,25.51531],[94.19743,25.51619],[94.19504,25.52076],[94.18933,25.52239],[94.18643,25.52368],[94.18726,25.5252],[94.1872,25.52804],[94.1876,25.529],[94.18639,25.52978],[94.18582,25.53143],[94.18711,25.53334],[94.19646,25.53591],[94.20022,25.5363],[94.19962,25.54032],[94.19701,25.54673],[94.19774,25.55033],[94.19992,25.55248],[94.19701,25.55253],[94.19483,25.55358],[94.1967,25.55823],[94.1961,25.55993],[94.19387,25.56221],[94.19452,25.5646],[94.19382,25.56945],[94.19508,25.57146],[94.19522,25.57375],[94.19677,25.57383],[94.19732,25.57429],[94.19648,25.57629],[94.19726,25.57772],[94.19663,25.57933],[94.19699,25.58233],[94.20308,25.58809],[94.20442,25.58996],[94.20696,25.59168],[94.20733,25.59245],[94.20706,25.5955],[94.20954,25.59691],[94.2106,25.59927],[94.2122,25.59974],[94.21231,25.60113],[94.21087,25.60327],[94.21268,25.6051],[94.21249,25.60749],[94.2144,25.61004],[94.2141,25.61125],[94.21266,25.61293],[94.20962,25.61335],[94.2099,25.61549],[94.2082,25.61858],[94.20934,25.6228],[94.2105,25.62491],[94.20857,25.62689],[94.20824,25.62798],[94.20883,25.6297],[94.21002,25.62967],[94.21129,25.63113],[94.2133,25.63084],[94.21421,25.63127],[94.21355,25.63555],[94.21505,25.63504],[94.21552,25.63527],[94.21608,25.63891],[94.21842,25.64058],[94.21694,25.6421],[94.21645,25.64357],[94.21864,25.64957],[94.21774,25.65255],[94.21506,25.65277],[94.21304,25.65402],[94.21026,25.65351],[94.2103,25.65471],[94.21046,25.65534],[94.21452,25.65649],[94.21772,25.65851],[94.2192,25.66209],[94.21941,25.66606],[94.216,25.66727],[94.21393,25.66884],[94.21325,25.67056],[94.21326,25.6725],[94.21483,25.67449],[94.21753,25.6766],[94.21678,25.67878],[94.21893,25.68315],[94.22504,25.68832],[94.2251,25.68926],[94.22682,25.69095],[94.22055,25.69587],[94.21859,25.69665],[94.21869,25.69702],[94.22037,25.69953],[94.22076,25.70144],[94.22458,25.70605],[94.22575,25.70848],[94.22726,25.70813],[94.22922,25.70844],[94.23163,25.71115],[94.23161,25.71187],[94.23008,25.71338],[94.23038,25.71453],[94.23249,25.71766],[94.23515,25.72045],[94.23776,25.7266],[94.23985,25.72794],[94.24142,25.73148],[94.2434,25.73284],[94.24493,25.73743],[94.24672,25.73833],[94.24737,25.73933],[94.24601,25.74092],[94.24618,25.74147],[94.24678,25.74178],[94.24838,25.74104],[94.24897,25.74126],[94.24899,25.74192],[94.24784,25.742],[94.24727,25.74252],[94.24708,25.74518],[94.24862,25.7466],[94.2491,25.74918],[94.25296,25.7507],[94.25453,25.7531],[94.25518,25.75553],[94.25895,25.75912],[94.26021,25.76374],[94.26005,25.76506],[94.26263,25.76417],[94.26474,25.76283],[94.26754,25.76248],[94.26989,25.76098],[94.26617,25.75704],[94.26376,25.75559],[94.26793,25.75307],[94.27071,25.75236],[94.27569,25.75211],[94.28164,25.7541],[94.28785,25.75746],[94.28833,25.75631],[94.288,25.75374],[94.28839,25.75206],[94.29143,25.75108],[94.29348,25.75168],[94.29972,25.74924],[94.3066,25.74922],[94.3119,25.75334],[94.31268,25.75459],[94.31212,25.7552],[94.31206,25.75625],[94.31211,25.75811],[94.31259,25.75851],[94.31483,25.75899],[94.31847,25.75849],[94.32205,25.7593],[94.32423,25.76431],[94.32251,25.76555],[94.32254,25.76642],[94.31987,25.76901],[94.32023,25.77049],[94.31947,25.77149],[94.31835,25.77167],[94.31711,25.77276],[94.31733,25.77694],[94.31615,25.77796],[94.31573,25.77939],[94.31612,25.78118],[94.31764,25.78242],[94.31806,25.78452],[94.32282,25.78854],[94.3245,25.79368],[94.32475,25.79976],[94.32649,25.80379],[94.32638,25.80511],[94.32389,25.8047],[94.3225,25.80671],[94.32245,25.80821],[94.3202,25.8113],[94.32127,25.81238],[94.32074,25.81465],[94.32275,25.81542],[94.33114,25.82262],[94.33265,25.82142],[94.33429,25.82113],[94.33541,25.8204],[94.3366,25.82327],[94.3367,25.82452],[94.33602,25.8256],[94.33666,25.82633],[94.33956,25.82495],[94.34094,25.82281],[94.34189,25.82248],[94.34303,25.81951],[94.34364,25.81907],[94.34636,25.81973],[94.34787,25.82068],[94.34947,25.81943],[94.35398,25.82076],[94.35421,25.82016],[94.35335,25.81907],[94.35393,25.81875],[94.35474,25.81947],[94.35858,25.81994],[94.36133,25.82125],[94.36524,25.82671],[94.36822,25.82667],[94.37093,25.82501],[94.37232,25.82471],[94.37566,25.82507],[94.37826,25.82664],[94.38051,25.83186],[94.37619,25.83575],[94.37426,25.83868],[94.37469,25.84342],[94.37395,25.84737],[94.37242,25.84769],[94.37179,25.84869],[94.37181,25.85078],[94.37023,25.85118],[94.36973,25.8518],[94.37011,25.85417],[94.37121,25.85662],[94.37652,25.85671],[94.38014,25.85548],[94.38253,25.85614],[94.38406,25.8555],[94.38592,25.85392],[94.39044,25.85305],[94.39461,25.85072],[94.40216,25.84987],[94.40292,25.84806],[94.40813,25.84821],[94.41303,25.84551],[94.41762,25.84536],[94.42015,25.84456],[94.42784,25.84447],[94.43026,25.84586],[94.43388,25.84397],[94.43488,25.84397],[94.43904,25.84573],[94.44097,25.84498],[94.45466,25.84802],[94.45697,25.8477],[94.46102,25.84475],[94.46165,25.84369],[94.46153,25.84222],[94.46225,25.84014],[94.46391,25.83645],[94.4628,25.82921],[94.45944,25.82558],[94.45834,25.82306],[94.45862,25.82262],[94.45989,25.8226],[94.46532,25.82331],[94.46852,25.82025],[94.47035,25.81886],[94.47162,25.81852],[94.47496,25.81919],[94.47855,25.81745],[94.48035,25.81722],[94.48375,25.81767],[94.48461,25.81811],[94.48704,25.82168],[94.48822,25.82252],[94.49272,25.82522],[94.49901,25.82711],[94.50273,25.82446],[94.50825,25.82488],[94.51052,25.82577],[94.51259,25.82735],[94.5137,25.82967],[94.51637,25.82908],[94.51813,25.82981],[94.51897,25.83154],[94.51836,25.83406],[94.51874,25.83485],[94.52,25.83556],[94.52252,25.83578],[94.52559,25.83787],[94.5258,25.83952],[94.52448,25.84246],[94.52478,25.84354],[94.52962,25.84484],[94.53023,25.84443],[94.52989,25.84326],[94.52778,25.84163],[94.52725,25.8358],[94.52586,25.83346],[94.53253,25.82912]]]}},{"id":"15","type":"Feature","properties":{"state":"NAGALAND","state_lgd":"13","district":"TSEMINYU","district_lgd":"710"},"geometry":{"type":"Polygon","coordinates":[[[94.25099,26.02583],[94.25528,26.02329],[94.25865,26.02342],[94.2599,26.02237],[94.26047,26.0226],[94.2607,26.02341],[94.26615,26.02136],[94.27245,26.01723],[94.27585,26.01586],[94.28474,26.01503],[94.28935,26.01362],[94.29339,26.01333],[94.29466,26.01284],[94.29528,26.01206],[94.29622,26.00819],[94.29938,26.00649],[94.29818,26.0012],[94.29874,25.99989],[94.29872,25.99727],[94.29499,25.99483],[94.29189,25.99109],[94.28867,25.98893],[94.28778,25.9871],[94.28397,25.98477],[94.28288,25.98303],[94.28425,25.9811],[94.28676,25.97931],[94.28647,25.9787],[94.28734,25.97816],[94.28769,25.97611],[94.28673,25.97234],[94.28751,25.97145],[94.2874,25.97042],[94.2839,25.9687],[94.28491,25.96616],[94.28461,25.96465],[94.28562,25.96306],[94.28584,25.96145],[94.28477,25.95913],[94.28483,25.95824],[94.2891,25.95364],[94.29027,25.9481],[94.29005,25.94621],[94.2854,25.94598],[94.28662,25.94435],[94.2873,25.94243],[94.29136,25.94054],[94.29146,25.93967],[94.29053,25.93746],[94.29114,25.93515],[94.29052,25.93352],[94.28825,25.93263],[94.28636,25.9307],[94.28468,25.92992],[94.28282,25.93],[94.27979,25.93072],[94.27897,25.93167],[94.27827,25.9346],[94.27979,25.93703],[94.27974,25.93826],[94.27408,25.9377],[94.2734,25.93695],[94.27316,25.93534],[94.27355,25.93374],[94.27724,25.9297],[94.2799,25.92517],[94.27844,25.92462],[94.27617,25.92246],[94.27453,25.92257],[94.272,25.92184],[94.27189,25.9203],[94.26895,25.92169],[94.26658,25.92172],[94.26417,25.92252],[94.2607,25.92172],[94.2605,25.92125],[94.26133,25.91978],[94.25777,25.91502],[94.2492,25.91186],[94.24734,25.91218],[94.24746,25.90982],[94.24813,25.90831],[94.24753,25.90664],[94.24842,25.9038],[94.24807,25.90153],[94.2486,25.89907],[94.24415,25.89527],[94.24095,25.8932],[94.24,25.88784],[94.24038,25.886],[94.23999,25.88522],[94.23997,25.88025],[94.2374,25.87972],[94.23654,25.88038],[94.2332,25.88069],[94.23271,25.88132],[94.23157,25.88164],[94.22985,25.88155],[94.22777,25.88038],[94.22971,25.87701],[94.23016,25.87454],[94.23466,25.86874],[94.2344,25.86821],[94.23038,25.86817],[94.2274,25.86764],[94.23013,25.86596],[94.23088,25.86325],[94.2299,25.86312],[94.22875,25.86377],[94.2239,25.86249],[94.22236,25.86249],[94.2202,25.86379],[94.21951,25.86172],[94.21458,25.85594],[94.21407,25.85647],[94.21449,25.8579],[94.21282,25.85862],[94.21329,25.85963],[94.21218,25.86005],[94.21084,25.86185],[94.20972,25.86219],[94.20928,25.86392],[94.20666,25.86624],[94.20531,25.86592],[94.20396,25.86636],[94.2023,25.86625],[94.20036,25.8654],[94.1995,25.86448],[94.19833,25.86449],[94.19776,25.86336],[94.19658,25.86254],[94.19386,25.86243],[94.192,25.86088],[94.18637,25.85954],[94.17903,25.86069],[94.17333,25.86218],[94.17142,25.86335],[94.16765,25.86292],[94.16664,25.86332],[94.16585,25.86777],[94.16617,25.86854],[94.16564,25.86879],[94.16392,25.86747],[94.16313,25.86566],[94.16206,25.86491],[94.16104,25.86439],[94.15926,25.86439],[94.15825,25.86568],[94.15702,25.87102],[94.15628,25.87194],[94.15443,25.87352],[94.15237,25.87294],[94.1514,25.87395],[94.15157,25.87458],[94.15232,25.87491],[94.15584,25.87545],[94.15399,25.87825],[94.15384,25.8794],[94.15065,25.87768],[94.14842,25.87447],[94.14929,25.87063],[94.14897,25.8662],[94.14942,25.86437],[94.1463,25.86647],[94.14452,25.87185],[94.14523,25.87332],[94.14664,25.87456],[94.1476,25.87734],[94.14679,25.87971],[94.14694,25.88745],[94.14814,25.89007],[94.14738,25.89119],[94.14783,25.894],[94.14718,25.89473],[94.14351,25.895],[94.1361,25.89392],[94.13373,25.89247],[94.13109,25.89209],[94.12894,25.89071],[94.1269,25.89037],[94.12566,25.88947],[94.12358,25.88958],[94.12262,25.88882],[94.11629,25.88723],[94.10749,25.8918],[94.10647,25.89294],[94.10594,25.89567],[94.10428,25.89729],[94.10243,25.89735],[94.10028,25.89837],[94.09709,25.89788],[94.09525,25.89891],[94.09352,25.90197],[94.09071,25.90385],[94.08664,25.90855],[94.0835,25.91046],[94.0802,25.91387],[94.07777,25.91533],[94.07414,25.9103],[94.0731,25.90802],[94.07161,25.90732],[94.07288,25.9039],[94.0702,25.90052],[94.06938,25.89843],[94.0668,25.89898],[94.06565,25.8984],[94.0628,25.89922],[94.05866,25.90156],[94.05492,25.90462],[94.05267,25.90533],[94.04856,25.90767],[94.04323,25.90835],[94.04393,25.90618],[94.04321,25.90425],[94.04247,25.90401],[94.03735,25.90498],[94.02929,25.90532],[94.02712,25.90314],[94.02355,25.89812],[94.02244,25.89888],[94.02078,25.89837],[94.01975,25.89864],[94.0193,25.89952],[94.02055,25.90026],[94.02095,25.90301],[94.02386,25.90451],[94.02529,25.90654],[94.0272,25.90723],[94.02797,25.90798],[94.03066,25.91383],[94.02759,25.91495],[94.02477,25.9177],[94.02409,25.91876],[94.02363,25.92215],[94.0264,25.92176],[94.02989,25.92276],[94.03169,25.92409],[94.03269,25.92951],[94.03035,25.93383],[94.02993,25.93795],[94.03044,25.93876],[94.03161,25.93882],[94.03413,25.93996],[94.03484,25.94278],[94.03359,25.94456],[94.03304,25.94636],[94.0332,25.94892],[94.03431,25.95045],[94.03489,25.95245],[94.03359,25.95402],[94.03367,25.95665],[94.03257,25.95825],[94.03289,25.96039],[94.0322,25.96187],[94.03256,25.96415],[94.02896,25.97152],[94.0276,25.97674],[94.03129,25.97604],[94.03359,25.97418],[94.03692,25.97272],[94.04032,25.97278],[94.04208,25.97208],[94.04455,25.97382],[94.04705,25.9745],[94.04762,25.97561],[94.04843,25.97593],[94.05159,25.97675],[94.05422,25.97619],[94.05568,25.97712],[94.05949,25.97797],[94.06131,25.97967],[94.06431,25.97966],[94.06589,25.98025],[94.06784,25.97835],[94.06913,25.97586],[94.07082,25.97418],[94.07242,25.97014],[94.07373,25.96914],[94.07624,25.96821],[94.07597,25.96508],[94.08429,25.96527],[94.08531,25.9656],[94.08681,25.96703],[94.08616,25.96978],[94.0869,25.97246],[94.08639,25.97605],[94.08467,25.9766],[94.08333,25.97817],[94.08392,25.98327],[94.08328,25.98493],[94.08382,25.98623],[94.08903,25.98888],[94.09339,25.98951],[94.09544,25.99147],[94.0971,25.99017],[94.09814,25.98998],[94.09845,25.98916],[94.10018,25.98806],[94.10056,25.98387],[94.10235,25.98229],[94.10189,25.98159],[94.10291,25.97935],[94.10298,25.97509],[94.10375,25.97307],[94.10577,25.97216],[94.10767,25.97215],[94.10946,25.97091],[94.11053,25.96807],[94.11077,25.96578],[94.11205,25.96482],[94.11477,25.9648],[94.11539,25.9657],[94.11549,25.96771],[94.11603,25.96876],[94.11856,25.97122],[94.1192,25.97288],[94.12011,25.97338],[94.12138,25.9754],[94.12191,25.97554],[94.12492,25.97354],[94.12833,25.97323],[94.12955,25.97172],[94.13143,25.97058],[94.13347,25.97086],[94.13649,25.97354],[94.13923,25.97148],[94.14497,25.96944],[94.14686,25.97067],[94.147,25.97266],[94.14607,25.97624],[94.14698,25.97981],[94.14792,25.98108],[94.14962,25.97968],[94.15194,25.97966],[94.15342,25.97681],[94.15517,25.97603],[94.15679,25.97596],[94.15743,25.97541],[94.15762,25.97432],[94.15848,25.97411],[94.15976,25.97468],[94.16038,25.97305],[94.16248,25.97322],[94.1648,25.97479],[94.16745,25.97539],[94.1687,25.97629],[94.17056,25.97972],[94.17349,25.98089],[94.17419,25.98292],[94.17635,25.98633],[94.18164,25.98736],[94.18234,25.98865],[94.1843,25.98886],[94.18556,25.99016],[94.18889,25.99184],[94.19063,25.99341],[94.1933,25.99738],[94.19531,25.99822],[94.19761,25.99798],[94.19947,25.99875],[94.20095,26.00219],[94.20183,26.00267],[94.20387,26.00277],[94.20656,26.0055],[94.21115,26.00888],[94.21155,26.01064],[94.21033,26.01321],[94.21028,26.01655],[94.21177,26.01958],[94.21465,26.02174],[94.21595,26.02085],[94.22189,26.01929],[94.22492,26.01931],[94.22598,26.01973],[94.22828,26.01942],[94.23239,26.02113],[94.23626,26.02024],[94.24202,26.01994],[94.24348,26.02032],[94.24474,26.02238],[94.2507,26.02436],[94.25099,26.02583]]]}}]}