{"type":"FeatureCollection","features":[{"id":"0","type":"Feature","properties":{"state":"ARUNACHAL PRADESH"},"geometry":{"type":"Polygon","coordinates":[[[96.15351,29.37381],[96.16972,29.35594],[96.1765,29.34515],[96.17852,29.33719],[96.17449,29.32302],[96.17524,29.31678],[96.17992,29.30751],[96.18646,29.30246],[96.19178,29.29006],[96.22373,29.25122],[96.23548,29.24189],[96.24379,29.23939],[96.25414,29.23944],[96.26298,29.24169],[96.28236,29.24231],[96.28957,29.24463],[96.29529,29.25466],[96.30945,29.26434],[96.3405,29.27401],[96.34444,29.28125],[96.34652,29.28928],[96.3543,29.29205],[96.36382,29.29165],[96.36958,29.28734],[96.37528,29.2773],[96.37908,29.26711],[96.38083,29.25461],[96.37912,29.24345],[96.37398,29.23436],[96.3653,29.22517],[96.35519,29.20004],[96.35025,29.18448],[96.34201,29.17838],[96.31627,29.17064],[96.27408,29.16573],[96.25525,29.16485],[96.24495,29.16576],[96.23706,29.15582],[96.2325,29.15195],[96.21052,29.14809],[96.20074,29.13345],[96.19728,29.12475],[96.19163,29.11591],[96.18235,29.1053],[96.17359,29.09922],[96.15606,29.09182],[96.12802,29.08629],[96.11389,29.08161],[96.10206,29.07899],[96.12031,29.07442],[96.1288,29.07049],[96.14093,29.05828],[96.17147,28.99919],[96.17325,28.99171],[96.1718,28.96979],[96.14229,28.95667],[96.14022,28.94839],[96.14044,28.94241],[96.1349,28.93523],[96.14795,28.92537],[96.15543,28.91789],[96.15947,28.90721],[96.16087,28.89783],[96.16825,28.89872],[96.18191,28.91034],[96.20512,28.92276],[96.21138,28.92799],[96.22017,28.92977],[96.26769,28.97915],[96.27941,28.99467],[96.29401,29.00815],[96.32691,29.02802],[96.34139,29.03433],[96.3565,29.03703],[96.39994,29.03588],[96.42314,29.03751],[96.43558,29.04103],[96.4537,29.04909],[96.46229,29.0566],[96.47707,29.06313],[96.49847,29.07127],[96.51358,29.07396],[96.5128,29.06969],[96.50069,29.05278],[96.49089,29.03337],[96.47433,29.00972],[96.4659,28.99527],[96.46467,28.98314],[96.46944,28.97122],[96.48122,28.95852],[96.49216,28.95971],[96.50938,28.96637],[96.50802,28.95185],[96.5194,28.93223],[96.53011,28.91025],[96.52661,28.89176],[96.52609,28.88246],[96.53863,28.86422],[96.55687,28.84143],[96.58447,28.81128],[96.60323,28.793],[96.60899,28.77983],[96.61014,28.76687],[96.60424,28.74443],[96.59253,28.72463],[96.57931,28.71159],[96.57537,28.70914],[96.55566,28.70116],[96.52502,28.70108],[96.50736,28.69564],[96.491,28.68441],[96.47063,28.67885],[96.4669,28.67518],[96.48247,28.65323],[96.48736,28.63891],[96.48732,28.63341],[96.47447,28.62178],[96.45545,28.61114],[96.42967,28.59098],[96.42484,28.58211],[96.41052,28.58273],[96.40203,28.58095],[96.39937,28.577],[96.40139,28.5695],[96.40001,28.55928],[96.3917,28.55581],[96.35718,28.55347],[96.34475,28.55401],[96.31858,28.52596],[96.32946,28.51713],[96.35146,28.50375],[96.36012,28.49382],[96.36356,28.48745],[96.36208,28.48034],[96.34945,28.46726],[96.3255,28.45466],[96.31572,28.44408],[96.30313,28.43649],[96.27756,28.42395],[96.25341,28.40705],[96.2608,28.4041],[96.27727,28.40364],[96.29058,28.39972],[96.30102,28.39282],[96.30721,28.38252],[96.31668,28.37757],[96.36258,28.38636],[96.36893,28.37891],[96.36825,28.37153],[96.36996,28.36332],[96.38827,28.34723],[96.39212,28.33869],[96.39548,28.33592],[96.41738,28.34094],[96.42362,28.35119],[96.4246,28.36382],[96.42769,28.37565],[96.43429,28.38731],[96.45713,28.41382],[96.4713,28.41583],[96.49346,28.41055],[96.50538,28.41098],[96.52689,28.42318],[96.57075,28.45232],[96.5869,28.45567],[96.62176,28.45483],[96.64114,28.45779],[96.65816,28.45271],[96.68179,28.43563],[96.70428,28.42696],[96.72726,28.42208],[96.74085,28.41381],[96.7568,28.39993],[96.75882,28.38358],[96.76154,28.3746],[96.77029,28.36703],[96.77692,28.36481],[96.79733,28.36244],[96.83454,28.36072],[96.85118,28.3633],[96.86357,28.37157],[96.87873,28.37637],[96.88967,28.37849],[96.90399,28.36921],[96.91381,28.35703],[96.92158,28.34231],[96.92584,28.33685],[96.93655,28.33515],[96.95318,28.32839],[96.96323,28.32026],[96.97879,28.31403],[96.98761,28.30333],[96.99685,28.30408],[97.01182,28.31031],[97.02677,28.3206],[97.04789,28.33897],[97.06484,28.34198],[97.07531,28.34961],[97.08131,28.35052],[97.10569,28.34696],[97.12778,28.3368],[97.14045,28.32758],[97.15483,28.31086],[97.1645,28.29245],[97.1711,28.28567],[97.17802,28.2839],[97.18368,28.28362],[97.20933,28.28763],[97.22671,28.28463],[97.23036,28.27393],[97.23946,28.26822],[97.25175,28.26594],[97.27205,28.26661],[97.28494,28.26526],[97.29526,28.26188],[97.31544,28.24772],[97.32596,28.24313],[97.3366,28.23638],[97.35047,28.22923],[97.37837,28.21779],[97.38956,28.20694],[97.40104,28.19225],[97.40281,28.18187],[97.40116,28.18148],[97.38956,28.18589],[97.37759,28.18864],[97.36385,28.18909],[97.3598,28.18498],[97.35658,28.17247],[97.34482,28.16157],[97.3279,28.15021],[97.32444,28.14249],[97.32439,28.13746],[97.32975,28.12835],[97.34614,28.11437],[97.34724,28.11049],[97.34226,28.10428],[97.3306,28.09911],[97.3226,28.0921],[97.31564,28.08431],[97.31043,28.07452],[97.31135,28.06777],[97.31747,28.0579],[97.32578,28.0527],[97.36076,28.05574],[97.37748,28.05993],[97.38095,28.05927],[97.38012,28.05477],[97.37532,28.04711],[97.37568,28.04016],[97.38714,28.02953],[97.39735,28.02902],[97.40382,28.02463],[97.40442,28.02148],[97.40996,28.01953],[97.4129,28.01484],[97.41252,28.00887],[97.41012,28.00517],[97.3926,28.00102],[97.39129,27.98888],[97.3854,27.98105],[97.37797,27.97448],[97.37298,27.96803],[97.37393,27.96176],[97.38241,27.95104],[97.37719,27.94102],[97.37641,27.93292],[97.38074,27.92481],[97.38017,27.92005],[97.37732,27.91349],[97.37978,27.8971],[97.37359,27.88018],[97.36835,27.87829],[97.35708,27.87885],[97.33925,27.89075],[97.33036,27.89502],[97.32531,27.89599],[97.31581,27.90341],[97.31323,27.91382],[97.309,27.91499],[97.29425,27.91189],[97.27116,27.90442],[97.25791,27.90364],[97.24902,27.8993],[97.24289,27.8917],[97.2401,27.88586],[97.23303,27.87616],[97.2196,27.86366],[97.19682,27.84802],[97.18847,27.84365],[97.18413,27.83429],[97.17313,27.82621],[97.16956,27.81633],[97.16463,27.81059],[97.14569,27.80458],[97.13254,27.78775],[97.11909,27.78338],[97.11343,27.77432],[97.104,27.76975],[97.10184,27.76531],[97.10246,27.75786],[97.09883,27.74679],[97.09385,27.74009],[97.09078,27.73832],[97.08488,27.73861],[97.07724,27.74113],[97.06952,27.74701],[97.06443,27.74725],[97.05604,27.74191],[97.04261,27.74662],[97.03616,27.74239],[97.02135,27.72419],[96.99788,27.69181],[96.98306,27.66428],[96.9596,27.663],[96.94172,27.66074],[96.93105,27.64402],[96.91676,27.62507],[96.90711,27.61643],[96.89838,27.61421],[96.89675,27.60926],[96.89571,27.58729],[96.89671,27.5815],[96.90119,27.5801],[96.91223,27.58053],[96.91301,27.54388],[96.91894,27.53977],[96.92473,27.53328],[96.92982,27.52418],[96.92827,27.51157],[96.92298,27.50201],[96.91782,27.49709],[96.91359,27.48907],[96.9108,27.48645],[96.91053,27.48087],[96.90711,27.47762],[96.90762,27.47525],[96.90489,27.46982],[96.90324,27.45273],[96.90789,27.44832],[96.91633,27.44637],[96.92236,27.44078],[96.92572,27.43604],[96.93262,27.4309],[96.93387,27.42624],[96.9317,27.42297],[96.93258,27.4203],[96.93164,27.41939],[96.93439,27.41577],[96.94061,27.41312],[96.94444,27.40861],[96.95399,27.40693],[96.96056,27.40409],[96.96231,27.40165],[96.96024,27.39714],[96.96027,27.39433],[96.96237,27.39242],[96.96286,27.38912],[96.96654,27.38577],[96.96749,27.38151],[96.96213,27.37312],[96.96417,27.37025],[96.97068,27.36627],[96.97845,27.35658],[96.98065,27.34554],[96.98852,27.34511],[96.99054,27.34377],[96.99272,27.33625],[96.9958,27.33261],[96.99525,27.32527],[96.99811,27.31898],[97.008,27.31343],[97.00921,27.31052],[97.01062,27.31182],[97.01532,27.31307],[97.01711,27.31058],[97.0201,27.3103],[97.02224,27.30704],[97.02515,27.3064],[97.02827,27.30794],[97.02982,27.30524],[97.02909,27.30131],[97.0308,27.29831],[97.03337,27.2973],[97.03497,27.29507],[97.03767,27.28987],[97.03788,27.28645],[97.04107,27.28218],[97.04802,27.28021],[97.05108,27.27746],[97.05095,27.27562],[97.05478,27.27512],[97.05621,27.27006],[97.05458,27.26706],[97.05493,27.26571],[97.06893,27.25724],[97.07374,27.25153],[97.07402,27.24684],[97.08851,27.23821],[97.09016,27.2339],[97.09048,27.22818],[97.09269,27.22599],[97.09185,27.22277],[97.09253,27.22051],[97.09031,27.21601],[97.09048,27.21362],[97.09367,27.21241],[97.10268,27.20377],[97.10766,27.20116],[97.11027,27.19874],[97.11072,27.19669],[97.12209,27.1899],[97.12172,27.18342],[97.12451,27.17428],[97.12795,27.17292],[97.12951,27.17063],[97.13259,27.17017],[97.13655,27.16505],[97.13859,27.16414],[97.14061,27.16365],[97.14667,27.16491],[97.1488,27.16015],[97.14952,27.15507],[97.15111,27.15331],[97.15093,27.14981],[97.15982,27.14636],[97.16385,27.14224],[97.1659,27.13514],[97.16313,27.13305],[97.16113,27.12888],[97.16179,27.12289],[97.15665,27.11855],[97.14966,27.11676],[97.14811,27.11322],[97.14855,27.10721],[97.14433,27.10336],[97.14432,27.09976],[97.14254,27.09787],[97.14201,27.09489],[97.13852,27.09105],[97.13551,27.09365],[97.12456,27.09566],[97.12186,27.09808],[97.12139,27.10136],[97.11932,27.10387],[97.11541,27.10465],[97.10643,27.10389],[97.10184,27.10829],[97.10035,27.10836],[97.09927,27.10831],[97.09489,27.10345],[97.09794,27.09854],[97.09631,27.09589],[97.08721,27.09482],[97.08177,27.0977],[97.07893,27.09709],[97.07667,27.09866],[97.07473,27.09705],[97.07341,27.09141],[97.07118,27.08922],[97.06695,27.09151],[97.06344,27.09145],[97.06221,27.09856],[97.05804,27.10016],[97.05219,27.10615],[97.05057,27.10626],[97.04956,27.10518],[97.04459,27.10789],[97.04448,27.11284],[97.04065,27.11623],[97.03349,27.11827],[97.03595,27.12433],[97.03083,27.12972],[97.03027,27.13155],[97.02889,27.12997],[97.02604,27.12948],[97.02466,27.1319],[97.01969,27.13292],[97.01862,27.13458],[97.01599,27.13516],[97.00862,27.14009],[97.00531,27.14091],[96.9933,27.13999],[96.99216,27.14101],[96.99145,27.1452],[96.98647,27.1505],[96.98483,27.1543],[96.96504,27.15803],[96.96398,27.16135],[96.96017,27.16174],[96.95534,27.16437],[96.95272,27.16225],[96.94952,27.16353],[96.94332,27.16378],[96.93917,27.1619],[96.93199,27.16158],[96.92749,27.16376],[96.9236,27.16376],[96.92203,27.16536],[96.91245,27.16611],[96.90839,27.16868],[96.90108,27.16873],[96.88903,27.17405],[96.88297,27.17833],[96.87441,27.18068],[96.86826,27.18504],[96.86496,27.18878],[96.86082,27.18995],[96.85684,27.19296],[96.85718,27.19592],[96.85921,27.19761],[96.8588,27.20316],[96.85477,27.21024],[96.85741,27.21115],[96.8608,27.2107],[96.86721,27.21696],[96.87213,27.2194],[96.87703,27.22032],[96.88143,27.22488],[96.88523,27.22647],[96.88504,27.23156],[96.88772,27.23565],[96.88208,27.23645],[96.88138,27.23929],[96.88224,27.24284],[96.88515,27.24537],[96.8872,27.24549],[96.88766,27.24669],[96.88642,27.24995],[96.88672,27.25345],[96.8841,27.25574],[96.88474,27.25966],[96.87401,27.25856],[96.87157,27.25928],[96.86857,27.2584],[96.86299,27.2595],[96.85722,27.26277],[96.85098,27.26968],[96.84705,27.2711],[96.84791,27.27496],[96.85018,27.27825],[96.84753,27.28699],[96.84798,27.29028],[96.84378,27.29436],[96.83859,27.29716],[96.83802,27.30032],[96.83489,27.30294],[96.82242,27.30822],[96.81324,27.32167],[96.80512,27.32894],[96.80152,27.33939],[96.79666,27.34563],[96.79323,27.34656],[96.78906,27.34573],[96.78761,27.34783],[96.78127,27.35055],[96.77439,27.35171],[96.77062,27.35584],[96.76692,27.35705],[96.76308,27.35405],[96.75667,27.35444],[96.75169,27.35227],[96.74928,27.35569],[96.74652,27.356],[96.74577,27.3582],[96.74009,27.35754],[96.72985,27.35942],[96.72952,27.3621],[96.72421,27.36362],[96.72136,27.36342],[96.71731,27.36526],[96.71179,27.37003],[96.70679,27.3707],[96.70489,27.37204],[96.70352,27.37213],[96.7027,27.36496],[96.70095,27.36278],[96.70206,27.35974],[96.69749,27.35766],[96.68784,27.35856],[96.68188,27.36059],[96.67528,27.36125],[96.67447,27.35833],[96.67236,27.35697],[96.6702,27.36093],[96.66815,27.36181],[96.66547,27.36103],[96.6609,27.36428],[96.65718,27.36184],[96.65546,27.36211],[96.65231,27.36],[96.64768,27.35916],[96.63934,27.36142],[96.63309,27.3647],[96.62461,27.36665],[96.60531,27.36555],[96.60335,27.35921],[96.59926,27.35598],[96.60036,27.35498],[96.5952,27.34998],[96.5913,27.34845],[96.59105,27.34631],[96.59526,27.34051],[96.59572,27.33387],[96.58932,27.3356],[96.58406,27.3341],[96.58286,27.33209],[96.57948,27.33038],[96.57873,27.32825],[96.57669,27.32744],[96.5744,27.32405],[96.57067,27.32198],[96.56784,27.32231],[96.56408,27.31845],[96.55786,27.31838],[96.55527,27.32038],[96.55327,27.31939],[96.5534,27.31814],[96.55122,27.31846],[96.55153,27.31406],[96.5505,27.31294],[96.54433,27.31067],[96.54255,27.30902],[96.54269,27.3021],[96.54098,27.30047],[96.53574,27.29926],[96.53325,27.29691],[96.5314,27.2966],[96.53044,27.29412],[96.52843,27.29391],[96.52781,27.29171],[96.52635,27.29106],[96.52626,27.28907],[96.52469,27.28893],[96.52385,27.28655],[96.51898,27.28706],[96.51783,27.28563],[96.51575,27.29036],[96.51233,27.29252],[96.5123,27.29671],[96.50912,27.2972],[96.50814,27.29912],[96.50155,27.29887],[96.49058,27.30263],[96.48901,27.30111],[96.48961,27.29691],[96.48856,27.29628],[96.48098,27.29931],[96.47878,27.29892],[96.47216,27.30142],[96.47038,27.30068],[96.46244,27.30617],[96.45715,27.30649],[96.45483,27.30235],[96.45083,27.30142],[96.44898,27.303],[96.4441,27.30186],[96.44157,27.30393],[96.44065,27.30633],[96.4355,27.30236],[96.42133,27.30145],[96.41575,27.29735],[96.41438,27.29331],[96.40965,27.29064],[96.40799,27.2877],[96.40495,27.28943],[96.40289,27.2932],[96.40191,27.29109],[96.39624,27.28972],[96.39216,27.28633],[96.38781,27.28605],[96.38684,27.28463],[96.38358,27.28543],[96.38232,27.28678],[96.37708,27.28501],[96.375,27.2853],[96.37283,27.28672],[96.37243,27.28901],[96.37021,27.28997],[96.36799,27.28967],[96.36723,27.28683],[96.36205,27.28942],[96.35813,27.29015],[96.35574,27.29317],[96.35247,27.29509],[96.34934,27.29316],[96.34916,27.28852],[96.34591,27.28552],[96.33966,27.28503],[96.33395,27.28604],[96.33263,27.28756],[96.33087,27.28725],[96.33033,27.28968],[96.32609,27.28887],[96.32309,27.29058],[96.32081,27.29011],[96.31796,27.29143],[96.31155,27.29185],[96.30727,27.29428],[96.29498,27.29165],[96.29116,27.2882],[96.28532,27.28674],[96.28391,27.28471],[96.27457,27.28339],[96.27547,27.27946],[96.2724,27.27249],[96.27102,27.27154],[96.26107,27.27317],[96.25926,27.2722],[96.25558,27.2747],[96.25386,27.27388],[96.2516,27.27443],[96.25209,27.27295],[96.24797,27.27258],[96.24537,27.27642],[96.23564,27.27665],[96.23349,27.27586],[96.23259,27.27697],[96.23147,27.27611],[96.22799,27.27868],[96.22422,27.27258],[96.21396,27.26552],[96.21048,27.26485],[96.21081,27.26233],[96.20899,27.26107],[96.20638,27.26149],[96.20444,27.25995],[96.19358,27.26152],[96.18895,27.25576],[96.18773,27.25152],[96.18529,27.24891],[96.18249,27.24956],[96.17034,27.24779],[96.16235,27.24821],[96.15807,27.24739],[96.15556,27.24835],[96.1495,27.24297],[96.14447,27.24129],[96.13685,27.24137],[96.13105,27.23657],[96.12458,27.2355],[96.12108,27.23159],[96.11192,27.23175],[96.09957,27.22435],[96.09061,27.22333],[96.08919,27.21981],[96.08275,27.21288],[96.07799,27.21055],[96.07741,27.20835],[96.07175,27.20523],[96.06405,27.20586],[96.06346,27.20361],[96.05714,27.20124],[96.05428,27.19603],[96.03983,27.18761],[96.03509,27.18576],[96.03158,27.18602],[96.02498,27.18056],[96.02296,27.18008],[96.0224,27.17704],[96.01827,27.16959],[96.01969,27.16641],[96.01856,27.16082],[96.01604,27.15793],[96.01466,27.15],[96.0099,27.14547],[96.01051,27.14224],[96.00782,27.13944],[96.00073,27.13527],[95.99856,27.13497],[95.99722,27.13091],[95.9922,27.12474],[95.99204,27.12282],[95.98797,27.1199],[95.98571,27.11312],[95.97913,27.10917],[95.97572,27.106],[95.97521,27.10416],[95.96862,27.09989],[95.9675,27.09547],[95.96378,27.09244],[95.96502,27.08693],[95.96162,27.08449],[95.95955,27.08086],[95.95782,27.08046],[95.95591,27.07778],[95.95351,27.06633],[95.95154,27.06448],[95.94938,27.05753],[95.94696,27.05488],[95.94596,27.05165],[95.94282,27.05122],[95.94107,27.04899],[95.93859,27.04908],[95.93774,27.04765],[95.93365,27.04572],[95.926,27.04492],[95.92249,27.04158],[95.91777,27.04093],[95.911,27.0367],[95.90744,27.03706],[95.90423,27.03875],[95.90263,27.03721],[95.90137,27.0326],[95.89853,27.03103],[95.89495,27.02596],[95.88908,27.02378],[95.88658,27.02611],[95.87915,27.0229],[95.8759,27.01925],[95.87661,27.01762],[95.87576,27.01445],[95.87008,27.0127],[95.86307,27.01344],[95.85761,27.01185],[95.851,27.01427],[95.8425,27.01394],[95.83585,27.00922],[95.83006,27.00748],[95.82562,27.01023],[95.82269,27.00959],[95.81382,27.01234],[95.81207,27.01461],[95.8106,27.01359],[95.80365,27.01555],[95.80203,27.0145],[95.8012,27.0123],[95.80222,27.00649],[95.79746,27.00078],[95.79634,26.99774],[95.78343,26.99012],[95.78115,26.97779],[95.7681,26.97652],[95.76858,26.97516],[95.76596,26.9725],[95.76507,26.9684],[95.7603,26.96392],[95.76084,26.95875],[95.75906,26.95464],[95.755,26.95384],[95.75963,26.94542],[95.76005,26.93685],[95.75615,26.93512],[95.75684,26.93204],[95.75573,26.9316],[95.75552,26.92957],[95.74789,26.92583],[95.7499,26.92359],[95.74679,26.92265],[95.74773,26.92106],[95.74666,26.91631],[95.74947,26.91308],[95.75124,26.90878],[95.75015,26.90623],[95.74899,26.90643],[95.74669,26.90386],[95.74491,26.89633],[95.74198,26.89566],[95.74065,26.89388],[95.73429,26.8938],[95.73232,26.89108],[95.72924,26.8895],[95.72414,26.8822],[95.71637,26.87846],[95.71364,26.88014],[95.70624,26.88056],[95.70645,26.88194],[95.70219,26.88455],[95.69481,26.89205],[95.69048,26.8927],[95.68615,26.89554],[95.6795,26.89572],[95.67512,26.90093],[95.667,26.90286],[95.66066,26.89545],[95.65534,26.89203],[95.65302,26.89178],[95.65101,26.88682],[95.64672,26.8845],[95.64654,26.88088],[95.64503,26.87945],[95.64464,26.8764],[95.64109,26.87527],[95.63733,26.87576],[95.63188,26.87363],[95.63415,26.86801],[95.62678,26.86198],[95.62953,26.85774],[95.62681,26.84741],[95.62726,26.84301],[95.62055,26.83116],[95.61264,26.82508],[95.60849,26.81286],[95.60002,26.81147],[95.59534,26.81466],[95.58903,26.8156],[95.58636,26.81723],[95.58102,26.81625],[95.57963,26.81731],[95.57726,26.81623],[95.57346,26.81689],[95.57045,26.81595],[95.56752,26.81879],[95.56477,26.81943],[95.55665,26.82985],[95.55688,26.83264],[95.55197,26.83186],[95.54862,26.83415],[95.54313,26.83538],[95.54112,26.83302],[95.53831,26.8319],[95.53601,26.82723],[95.53192,26.82726],[95.52445,26.8221],[95.52337,26.81452],[95.52228,26.8135],[95.51453,26.80951],[95.5074,26.8088],[95.50643,26.80728],[95.50742,26.80452],[95.50567,26.80182],[95.50564,26.79833],[95.50396,26.79496],[95.50502,26.79254],[95.50268,26.78731],[95.49892,26.78402],[95.49589,26.77877],[95.49533,26.77543],[95.49226,26.77269],[95.48987,26.7635],[95.48421,26.75714],[95.48199,26.74999],[95.48276,26.74705],[95.4739,26.74117],[95.46714,26.74468],[95.45909,26.74388],[95.45294,26.73383],[95.4462,26.72685],[95.44129,26.72249],[95.43557,26.71999],[95.43206,26.71628],[95.43068,26.70724],[95.43231,26.70405],[95.43138,26.7007],[95.42908,26.70085],[95.42677,26.69873],[95.41753,26.6942],[95.41185,26.69405],[95.40924,26.69573],[95.40301,26.69497],[95.40113,26.6893],[95.39477,26.68529],[95.37382,26.68414],[95.37159,26.68282],[95.36681,26.67552],[95.36054,26.67104],[95.35575,26.67266],[95.35143,26.67201],[95.34879,26.67287],[95.34853,26.67487],[95.34671,26.67535],[95.33579,26.67448],[95.33478,26.67203],[95.33071,26.67052],[95.32934,26.66874],[95.32731,26.66862],[95.32639,26.6645],[95.31997,26.66397],[95.31709,26.66472],[95.31361,26.6627],[95.30396,26.65101],[95.30048,26.65104],[95.29586,26.65284],[95.29191,26.6525],[95.28518,26.65537],[95.2839,26.65684],[95.2816,26.65589],[95.27433,26.65863],[95.26151,26.6553],[95.25866,26.65575],[95.25657,26.66145],[95.25693,26.66788],[95.25888,26.67188],[95.25706,26.67623],[95.24917,26.68371],[95.24397,26.68251],[95.23349,26.68238],[95.23008,26.69359],[95.23116,26.6974],[95.23028,26.70088],[95.23317,26.70413],[95.23186,26.70893],[95.22824,26.70913],[95.22651,26.71034],[95.22787,26.71634],[95.22226,26.7226],[95.20948,26.72909],[95.21041,26.73193],[95.21503,26.73678],[95.21901,26.7457],[95.21886,26.74651],[95.2157,26.74659],[95.21465,26.74829],[95.21644,26.75593],[95.22066,26.75625],[95.22401,26.76165],[95.22703,26.76204],[95.22832,26.76406],[95.23105,26.76527],[95.23242,26.76824],[95.2307,26.76926],[95.23025,26.77096],[95.22965,26.77021],[95.22777,26.77138],[95.22855,26.77523],[95.22976,26.77631],[95.23225,26.77616],[95.23181,26.77785],[95.23512,26.77689],[95.23551,26.77932],[95.24178,26.78098],[95.24225,26.78342],[95.24082,26.7839],[95.23802,26.78283],[95.2372,26.78425],[95.23925,26.78533],[95.23804,26.78588],[95.23269,26.78692],[95.22839,26.78572],[95.22575,26.78668],[95.22448,26.78838],[95.21499,26.78992],[95.21409,26.79175],[95.20846,26.79496],[95.20734,26.79808],[95.21172,26.79813],[95.21203,26.79914],[95.2094,26.80118],[95.20851,26.80403],[95.20512,26.80418],[95.2002,26.81429],[95.19978,26.81991],[95.19739,26.82317],[95.1996,26.8277],[95.19834,26.83034],[95.19683,26.83076],[95.19814,26.83535],[95.19702,26.83624],[95.19832,26.83901],[95.2037,26.84406],[95.20304,26.84656],[95.20206,26.84684],[95.20001,26.84495],[95.19354,26.8483],[95.19436,26.84566],[95.1936,26.84526],[95.19142,26.84703],[95.1875,26.84793],[95.18526,26.85166],[95.18535,26.85457],[95.18106,26.85649],[95.18177,26.86149],[95.18588,26.86587],[95.18784,26.866],[95.18936,26.86782],[95.19117,26.86767],[95.19428,26.86996],[95.19995,26.87149],[95.20064,26.87311],[95.20837,26.87923],[95.2084,26.88268],[95.21497,26.88394],[95.21821,26.88311],[95.22152,26.88079],[95.22816,26.88103],[95.23052,26.88447],[95.22974,26.89164],[95.2269,26.89531],[95.22871,26.89625],[95.23054,26.89936],[95.23002,26.90071],[95.2323,26.90287],[95.2309,26.907],[95.22902,26.9083],[95.23047,26.91195],[95.22889,26.91277],[95.23239,26.91627],[95.23196,26.9202],[95.23015,26.92021],[95.23009,26.92285],[95.22633,26.92449],[95.22657,26.92652],[95.22092,26.92885],[95.21224,26.93031],[95.20956,26.93581],[95.20868,26.94049],[95.20665,26.94226],[95.2078,26.94442],[95.20706,26.94633],[95.20797,26.94787],[95.20971,26.94813],[95.20935,26.95091],[95.20709,26.95166],[95.20921,26.95307],[95.20273,26.95601],[95.20214,26.95852],[95.20373,26.95811],[95.20533,26.96142],[95.20821,26.96147],[95.20882,26.9639],[95.2114,26.96443],[95.21156,26.96653],[95.2102,26.96633],[95.20667,26.96899],[95.20675,26.97001],[95.20531,26.96961],[95.20539,26.97082],[95.20328,26.97158],[95.2039,26.97415],[95.20179,26.97423],[95.20135,26.97721],[95.20287,26.97828],[95.20377,26.97753],[95.20507,26.97908],[95.20296,26.98011],[95.20267,26.98214],[95.20101,26.98296],[95.20032,26.98087],[95.19761,26.98345],[95.19587,26.98197],[95.19173,26.98524],[95.19318,26.98666],[95.19136,26.98694],[95.19215,26.9918],[95.19095,26.99337],[95.19542,26.9949],[95.19726,26.99772],[95.19462,27.03261],[95.19582,27.03269],[95.19589,27.03628],[95.19777,27.03739],[95.20424,27.03733],[95.20562,27.03485],[95.20551,27.03202],[95.20876,27.0323],[95.20882,27.03031],[95.21052,27.02979],[95.21444,27.03151],[95.21669,27.03142],[95.2218,27.03448],[95.22185,27.03644],[95.22461,27.0369],[95.22625,27.03537],[95.22887,27.03552],[95.22813,27.03765],[95.23084,27.0398],[95.2292,27.04172],[95.2321,27.04333],[95.2331,27.04169],[95.23289,27.03834],[95.2343,27.03754],[95.23825,27.0378],[95.23951,27.03663],[95.2436,27.02599],[95.24544,27.02583],[95.24686,27.02416],[95.25657,27.03041],[95.25899,27.03027],[95.25844,27.03382],[95.26007,27.03555],[95.26339,27.03507],[95.27158,27.04118],[95.27713,27.04238],[95.27585,27.04408],[95.27768,27.04832],[95.27675,27.05003],[95.27566,27.04927],[95.27524,27.04997],[95.27632,27.05219],[95.27807,27.05489],[95.29183,27.06649],[95.30004,27.07005],[95.30191,27.07248],[95.31681,27.08281],[95.32927,27.08766],[95.35476,27.10391],[95.3649,27.10818],[95.36865,27.10709],[95.36376,27.10255],[95.36892,27.1023],[95.3712,27.10079],[95.37012,27.09449],[95.37467,27.09268],[95.38302,27.0982],[95.38199,27.10028],[95.38464,27.10554],[95.39203,27.10804],[95.39854,27.10872],[95.42065,27.12578],[95.43961,27.12592],[95.4406,27.12874],[95.44473,27.12879],[95.44242,27.13139],[95.44281,27.13389],[95.44441,27.13521],[95.4493,27.13459],[95.44941,27.12968],[95.45327,27.12943],[95.45817,27.13796],[95.45657,27.14055],[95.45748,27.14413],[95.46222,27.14966],[95.45965,27.15374],[95.45479,27.15549],[95.45332,27.15733],[95.4548,27.15883],[95.45839,27.15932],[95.46252,27.16171],[95.46346,27.16463],[95.46551,27.16636],[95.46471,27.17221],[95.46142,27.17329],[95.45952,27.17569],[95.46001,27.17707],[95.46601,27.18027],[95.4666,27.18164],[95.46017,27.19134],[95.46246,27.19437],[95.45914,27.19543],[95.45842,27.20018],[95.45589,27.20253],[95.45758,27.20878],[95.45813,27.20978],[95.46353,27.21061],[95.46716,27.21337],[95.46754,27.21832],[95.47244,27.21893],[95.47147,27.22272],[95.47745,27.22676],[95.47763,27.2288],[95.47966,27.23096],[95.47884,27.23406],[95.48293,27.23652],[95.48426,27.24125],[95.49209,27.24554],[95.49963,27.24618],[95.50467,27.24936],[95.50672,27.2535],[95.50736,27.25943],[95.50917,27.26204],[95.51147,27.26191],[95.51463,27.25825],[95.51705,27.25751],[95.52197,27.25997],[95.52539,27.26372],[95.52789,27.26308],[95.52989,27.26454],[95.53088,27.26358],[95.53028,27.26135],[95.53264,27.26147],[95.53452,27.26459],[95.5356,27.26342],[95.53515,27.26156],[95.53711,27.2625],[95.54203,27.25901],[95.54512,27.25999],[95.54851,27.25732],[95.54823,27.25394],[95.55195,27.25315],[95.55099,27.25045],[95.55354,27.24886],[95.55808,27.24898],[95.56431,27.24467],[95.56707,27.24523],[95.57465,27.24364],[95.5752,27.23978],[95.57727,27.23807],[95.57472,27.236],[95.57456,27.23436],[95.57826,27.23207],[95.57874,27.22953],[95.58046,27.22781],[95.58298,27.22851],[95.58454,27.22489],[95.58757,27.22294],[95.59896,27.22291],[95.60075,27.22417],[95.60382,27.22422],[95.60836,27.22757],[95.61062,27.2276],[95.6122,27.23021],[95.61554,27.23161],[95.61757,27.2309],[95.61903,27.23248],[95.62931,27.23133],[95.63234,27.22968],[95.67603,27.24696],[95.6798,27.25115],[95.68153,27.25174],[95.69236,27.25321],[95.70151,27.24857],[95.70788,27.25006],[95.71004,27.2524],[95.71198,27.25284],[95.71378,27.25024],[95.72021,27.24948],[95.72272,27.25444],[95.72604,27.25719],[95.72713,27.25965],[95.73469,27.26039],[95.73618,27.26326],[95.74211,27.26666],[95.74585,27.26688],[95.7477,27.26575],[95.75686,27.26864],[95.76518,27.26726],[95.76824,27.26778],[95.76852,27.26917],[95.77398,27.26939],[95.77525,27.27041],[95.77683,27.26963],[95.77792,27.27075],[95.77958,27.26975],[95.78059,27.27246],[95.78818,27.27672],[95.78893,27.27811],[95.7879,27.27865],[95.79095,27.2792],[95.79522,27.28253],[95.7975,27.28166],[95.79954,27.28234],[95.80089,27.28427],[95.80262,27.28294],[95.80009,27.28],[95.79945,27.27655],[95.80246,27.2755],[95.80553,27.2758],[95.80516,27.27295],[95.81538,27.27854],[95.82332,27.27887],[95.8505,27.28659],[95.85931,27.28722],[95.85563,27.28041],[95.85382,27.27919],[95.85499,27.27318],[95.85643,27.27106],[95.8583,27.27039],[95.86112,27.26706],[95.86383,27.26644],[95.86465,27.26437],[95.86937,27.26002],[95.87204,27.25918],[95.8765,27.25964],[95.88132,27.25591],[95.89243,27.25528],[95.89418,27.25692],[95.89462,27.26101],[95.89462,27.2655],[95.89356,27.26757],[95.89945,27.26868],[95.90008,27.27425],[95.90435,27.27392],[95.90395,27.27557],[95.89709,27.28054],[95.89721,27.28216],[95.90111,27.28392],[95.90606,27.28222],[95.90717,27.28897],[95.91338,27.28914],[95.91478,27.29201],[95.91799,27.29134],[95.92432,27.29686],[95.92797,27.29824],[95.93012,27.30028],[95.93756,27.30082],[95.94172,27.30523],[95.94663,27.30379],[95.95001,27.3055],[95.95343,27.30892],[95.96004,27.31095],[95.95987,27.31179],[95.95656,27.31257],[95.95505,27.31768],[95.95635,27.31809],[95.96103,27.31644],[95.96263,27.31928],[95.96131,27.32148],[95.96276,27.32314],[95.96912,27.32241],[95.97556,27.32446],[95.97584,27.32514],[95.97209,27.32744],[95.96772,27.32567],[95.96604,27.32595],[95.96529,27.32788],[95.97101,27.33282],[95.97158,27.33655],[95.97654,27.33738],[95.98688,27.34561],[95.9866,27.34835],[95.9887,27.35271],[95.98906,27.35677],[95.99299,27.3582],[95.99937,27.35665],[96.00278,27.3583],[96.00846,27.35708],[96.01794,27.36298],[96.01728,27.36399],[96.01287,27.36431],[96.00996,27.36713],[96.0092,27.37072],[96.00381,27.37408],[96.00367,27.38113],[95.99715,27.38626],[95.99734,27.39444],[95.99334,27.39667],[95.99228,27.39986],[95.98834,27.40404],[95.98441,27.40472],[95.98315,27.41211],[95.97963,27.41261],[95.97388,27.41168],[95.97007,27.41518],[95.97064,27.4171],[95.975,27.41773],[95.97525,27.41966],[95.97394,27.42196],[95.96947,27.42377],[95.97028,27.42656],[95.96921,27.42816],[95.96678,27.42813],[95.96508,27.42676],[95.96556,27.41939],[95.96442,27.41832],[95.96228,27.41763],[95.96165,27.41828],[95.96329,27.42759],[95.96275,27.42894],[95.96034,27.42994],[95.95676,27.42797],[95.95413,27.42262],[95.95406,27.42029],[95.95047,27.42503],[95.94492,27.4279],[95.94732,27.43075],[95.9473,27.43326],[95.94546,27.43551],[95.94116,27.43756],[95.93959,27.43791],[95.93849,27.43617],[95.93591,27.43554],[95.92775,27.4399],[95.92432,27.44026],[95.92119,27.43918],[95.92001,27.43634],[95.91816,27.43497],[95.91124,27.4333],[95.90696,27.4311],[95.89943,27.42231],[95.89847,27.4197],[95.89891,27.41389],[95.89235,27.4033],[95.88389,27.39706],[95.88075,27.39774],[95.87903,27.40092],[95.88601,27.40414],[95.88752,27.40761],[95.8864,27.41299],[95.88056,27.4143],[95.88206,27.41778],[95.88089,27.42385],[95.88377,27.43188],[95.8833,27.43533],[95.87867,27.43658],[95.87552,27.43506],[95.87074,27.42662],[95.85717,27.42101],[95.85627,27.41712],[95.85758,27.41507],[95.86175,27.41267],[95.86245,27.41013],[95.85103,27.41093],[95.85264,27.41246],[95.85063,27.41677],[95.84431,27.42182],[95.84214,27.42863],[95.84327,27.43135],[95.84511,27.43241],[95.84478,27.43409],[95.84705,27.43694],[95.84641,27.43893],[95.84815,27.43987],[95.84887,27.44216],[95.85547,27.44404],[95.85651,27.44575],[95.85639,27.44774],[95.85378,27.45171],[95.85304,27.45759],[95.85564,27.45952],[95.85667,27.46222],[95.85948,27.46228],[95.86277,27.4654],[95.87038,27.46658],[95.87156,27.47105],[95.87139,27.47637],[95.87374,27.48143],[95.87267,27.48427],[95.87364,27.49278],[95.87988,27.4973],[95.88452,27.49651],[95.88671,27.49735],[95.8855,27.50077],[95.8792,27.50527],[95.87593,27.51278],[95.87867,27.51918],[95.87715,27.52481],[95.87664,27.54503],[95.87392,27.54815],[95.87267,27.54612],[95.86671,27.54503],[95.86335,27.54615],[95.86195,27.54306],[95.85919,27.54347],[95.85706,27.54521],[95.8564,27.54869],[95.85534,27.54845],[95.85331,27.55073],[95.85238,27.55456],[95.84941,27.55579],[95.84135,27.56255],[95.83939,27.5606],[95.83356,27.55875],[95.83122,27.5617],[95.82989,27.56603],[95.82359,27.5744],[95.81927,27.57558],[95.819,27.57352],[95.81441,27.57408],[95.81201,27.5844],[95.81372,27.58709],[95.81377,27.5906],[95.81844,27.59627],[95.81549,27.5992],[95.80361,27.60131],[95.7932,27.59826],[95.79062,27.60021],[95.78941,27.60543],[95.79016,27.61153],[95.78785,27.61459],[95.77959,27.61736],[95.77836,27.61956],[95.77817,27.62482],[95.78887,27.62614],[95.78999,27.6277],[95.7887,27.62829],[95.7889,27.63017],[95.78715,27.6336],[95.79051,27.63751],[95.79317,27.63808],[95.79403,27.63927],[95.79585,27.63786],[95.79613,27.64055],[95.79037,27.64558],[95.78743,27.64489],[95.78677,27.64776],[95.78449,27.64829],[95.78414,27.6472],[95.7822,27.648],[95.7817,27.64728],[95.7781,27.65093],[95.77474,27.65102],[95.77105,27.65855],[95.77357,27.66226],[95.77275,27.66523],[95.77347,27.67184],[95.77512,27.67483],[95.78173,27.6791],[95.78711,27.67917],[95.78798,27.68196],[95.78351,27.68798],[95.78106,27.6872],[95.77918,27.68786],[95.77331,27.68577],[95.76721,27.68757],[95.76367,27.69422],[95.76377,27.6968],[95.76816,27.70331],[95.76771,27.70546],[95.76093,27.71176],[95.75858,27.71246],[95.75505,27.71805],[95.75133,27.72145],[95.75467,27.72518],[95.76349,27.72555],[95.76425,27.73022],[95.76615,27.73162],[95.77488,27.73115],[95.77938,27.73371],[95.78055,27.73692],[95.77534,27.7512],[95.77545,27.75394],[95.78173,27.75642],[95.78611,27.75944],[95.79382,27.76896],[95.80007,27.77416],[95.80191,27.77717],[95.80277,27.78397],[95.80889,27.78936],[95.81077,27.79658],[95.81767,27.80374],[95.82571,27.80831],[95.83764,27.80959],[95.83749,27.82396],[95.85432,27.83026],[95.86002,27.8306],[95.87053,27.83318],[95.88464,27.84733],[95.88784,27.85646],[95.89161,27.85677],[95.89008,27.85998],[95.89163,27.86014],[95.89458,27.8582],[95.8955,27.85865],[95.8943,27.86168],[95.89525,27.86259],[95.90494,27.86307],[95.90251,27.86598],[95.90174,27.86895],[95.90335,27.86957],[95.9063,27.86673],[95.90736,27.86706],[95.90858,27.8695],[95.90696,27.87101],[95.90854,27.87202],[95.91059,27.87117],[95.91072,27.87365],[95.91491,27.87675],[95.91452,27.87842],[95.9169,27.8806],[95.915,27.88199],[95.91477,27.88374],[95.91605,27.88391],[95.9192,27.88067],[95.92484,27.88186],[95.92027,27.88493],[95.91588,27.88588],[95.91587,27.88949],[95.91735,27.8903],[95.92159,27.88773],[95.92293,27.88804],[95.92273,27.88957],[95.91942,27.89298],[95.91923,27.89504],[95.92161,27.89618],[95.92564,27.89525],[95.925,27.89779],[95.92634,27.89907],[95.9275,27.89869],[95.92753,27.89571],[95.92846,27.89537],[95.93775,27.8982],[95.93666,27.89952],[95.9306,27.90078],[95.92953,27.90311],[95.93996,27.90519],[95.94063,27.90684],[95.9359,27.90726],[95.9348,27.90821],[95.938,27.91285],[95.94236,27.91048],[95.94692,27.91777],[95.95226,27.92031],[95.94798,27.92438],[95.95407,27.93119],[95.94989,27.93117],[95.94732,27.9324],[95.94653,27.93439],[95.94743,27.93772],[95.95398,27.9415],[95.96471,27.95178],[95.96533,27.95451],[95.97142,27.96238],[95.9704,27.96305],[95.82158,27.97139],[95.60511,27.95488],[95.59354,27.94703],[95.58595,27.93698],[95.57583,27.93996],[95.57176,27.93877],[95.56842,27.93616],[95.56465,27.92953],[95.56337,27.91952],[95.55367,27.91399],[95.5445,27.9111],[95.54202,27.90652],[95.5445,27.90139],[95.5441,27.90004],[95.53977,27.89672],[95.53387,27.8984],[95.526,27.89087],[95.52211,27.88321],[95.51997,27.88149],[95.37941,27.83943],[95.3086,27.86826],[95.03319,27.78413],[94.99238,27.77062],[94.92352,27.75064],[94.8522,27.72744],[94.84858,27.71665],[94.84821,27.70634],[94.84491,27.70485],[94.84203,27.70143],[94.82987,27.69542],[94.82645,27.6957],[94.81968,27.69214],[94.81253,27.69317],[94.80732,27.69244],[94.8046,27.69409],[94.79682,27.69586],[94.79357,27.69541],[94.79177,27.68823],[94.79,27.68617],[94.78385,27.68379],[94.7785,27.67993],[94.76934,27.67948],[94.76826,27.67639],[94.76551,27.67452],[94.76307,27.67072],[94.76286,27.6678],[94.76099,27.66516],[94.7586,27.66274],[94.75415,27.66078],[94.74257,27.65968],[94.73557,27.66352],[94.7286,27.66468],[94.72498,27.66923],[94.71992,27.6663],[94.71658,27.65803],[94.70966,27.65703],[94.6993,27.66209],[94.69041,27.66219],[94.68946,27.66537],[94.68754,27.66568],[94.68422,27.66206],[94.68346,27.65944],[94.68639,27.65079],[94.6826,27.64664],[94.67897,27.64578],[94.67275,27.64769],[94.66263,27.64596],[94.65725,27.64205],[94.64744,27.63878],[94.64333,27.63136],[94.63717,27.62628],[94.63245,27.6243],[94.62917,27.62458],[94.62332,27.62766],[94.61808,27.62396],[94.6132,27.62389],[94.60954,27.62064],[94.60631,27.61932],[94.60275,27.62132],[94.59923,27.6188],[94.5943,27.61997],[94.5868,27.61874],[94.57971,27.61234],[94.57744,27.60714],[94.5739,27.60407],[94.56849,27.60264],[94.56245,27.60498],[94.55517,27.60112],[94.54475,27.60112],[94.53574,27.59275],[94.53202,27.5945],[94.52942,27.59161],[94.52185,27.59164],[94.52245,27.58804],[94.52111,27.58739],[94.52122,27.5848],[94.51902,27.58422],[94.51519,27.58073],[94.50718,27.57944],[94.50213,27.57717],[94.49873,27.57248],[94.49498,27.57407],[94.47765,27.57636],[94.46775,27.56137],[94.46158,27.55546],[94.45628,27.56005],[94.45479,27.56682],[94.45117,27.57198],[94.43944,27.58144],[94.43318,27.58864],[94.43155,27.59184],[94.43153,27.60055],[94.4183,27.59773],[94.40572,27.58727],[94.40145,27.58519],[94.39223,27.58924],[94.38843,27.58501],[94.38174,27.58181],[94.37911,27.58147],[94.37635,27.58259],[94.36973,27.57497],[94.36385,27.57456],[94.36256,27.57636],[94.36042,27.57609],[94.35898,27.57714],[94.35052,27.57733],[94.34766,27.57883],[94.34477,27.58235],[94.33808,27.58143],[94.33681,27.5794],[94.33267,27.58716],[94.32416,27.58483],[94.32262,27.58885],[94.3091,27.59099],[94.30682,27.59549],[94.30332,27.59756],[94.30166,27.60123],[94.2981,27.60215],[94.29593,27.60166],[94.28969,27.59637],[94.28814,27.58947],[94.28561,27.58898],[94.28324,27.59027],[94.27724,27.58965],[94.27365,27.59518],[94.27449,27.60004],[94.27232,27.60315],[94.27039,27.60471],[94.26707,27.60506],[94.26061,27.60954],[94.25624,27.61072],[94.2541,27.61444],[94.25452,27.616],[94.26078,27.61831],[94.26041,27.62208],[94.26294,27.62447],[94.26542,27.62442],[94.26647,27.62617],[94.26725,27.6297],[94.26384,27.63209],[94.26154,27.63608],[94.25425,27.63586],[94.2513,27.63785],[94.24654,27.633],[94.23807,27.6331],[94.23384,27.62965],[94.23495,27.62695],[94.23171,27.62588],[94.2284,27.61884],[94.22556,27.61691],[94.22353,27.6133],[94.21636,27.60867],[94.20914,27.60782],[94.20931,27.60516],[94.21241,27.60143],[94.21932,27.59858],[94.22363,27.59961],[94.22637,27.59891],[94.2264,27.59536],[94.22205,27.58802],[94.22473,27.5835],[94.22573,27.57468],[94.23699,27.56888],[94.24588,27.56947],[94.2587,27.55546],[94.2594,27.54905],[94.25687,27.54171],[94.25749,27.53703],[94.26007,27.53151],[94.26826,27.52084],[94.24284,27.51351],[94.23389,27.51211],[94.21673,27.50082],[94.21293,27.49777],[94.20905,27.49253],[94.20064,27.49488],[94.19637,27.49294],[94.1923,27.4935],[94.18752,27.49164],[94.18502,27.48732],[94.1785,27.48429],[94.17623,27.48215],[94.16913,27.48123],[94.16454,27.47678],[94.15667,27.47486],[94.15942,27.46162],[94.15508,27.4591],[94.15538,27.45697],[94.15007,27.45429],[94.14128,27.44654],[94.1313,27.44113],[94.12754,27.4348],[94.11771,27.42989],[94.10478,27.41418],[94.08945,27.40725],[94.0756,27.38988],[94.06906,27.37367],[94.0607,27.36551],[94.06131,27.36394],[94.05967,27.36174],[94.05389,27.36054],[94.04041,27.35171],[94.03664,27.35085],[94.03391,27.3487],[94.03077,27.3486],[94.03011,27.34586],[94.02769,27.34704],[94.02724,27.34542],[94.02565,27.34504],[94.02196,27.34641],[94.02009,27.34397],[93.99659,27.33032],[93.98796,27.32329],[93.98429,27.32305],[93.89779,27.23591],[93.87769,27.21417],[93.86936,27.20249],[93.86437,27.20037],[93.85716,27.19113],[93.83201,27.16935],[93.82505,27.16891],[93.81302,27.15538],[93.80608,27.15183],[93.80513,27.14722],[93.80669,27.14006],[93.79603,27.13885],[93.79439,27.13438],[93.79715,27.12891],[93.80252,27.13258],[93.80705,27.13031],[93.8128,27.12993],[93.80929,27.12328],[93.81164,27.12133],[93.82019,27.12263],[93.82589,27.11693],[93.82987,27.10971],[93.83737,27.10799],[93.83739,27.10474],[93.8306,27.10173],[93.83016,27.09827],[93.83275,27.09585],[93.83525,27.09579],[93.83368,27.09274],[93.83096,27.09171],[93.83212,27.08732],[93.83629,27.08571],[93.83825,27.08728],[93.83652,27.08416],[93.83434,27.08273],[93.83573,27.07772],[93.83764,27.07523],[93.83536,27.07711],[93.83651,27.074],[93.83125,27.06809],[93.83073,27.06613],[93.82673,27.06644],[93.8249,27.06894],[93.82376,27.06839],[93.82363,27.06602],[93.82508,27.06305],[93.81551,27.06109],[93.81198,27.0652],[93.8075,27.06798],[93.81024,27.06503],[93.81089,27.0598],[93.80696,27.05985],[93.80636,27.05863],[93.80552,27.05998],[93.80319,27.05821],[93.80179,27.06307],[93.79976,27.06225],[93.80009,27.05792],[93.79646,27.05696],[93.79365,27.06046],[93.79297,27.05924],[93.79474,27.05492],[93.78582,27.05159],[93.78367,27.05468],[93.78427,27.05781],[93.78266,27.05829],[93.782,27.06077],[93.779,27.05765],[93.78038,27.05043],[93.77945,27.05144],[93.77926,27.04879],[93.77702,27.05083],[93.77312,27.05931],[93.77107,27.05805],[93.77158,27.05348],[93.77,27.05123],[93.76894,27.05184],[93.76916,27.05361],[93.76741,27.05283],[93.76768,27.03984],[93.74665,27.02978],[93.73216,27.02585],[93.72241,27.02053],[93.70215,27.00007],[93.69367,26.989],[93.67567,26.97459],[93.66506,26.96851],[93.65744,26.96632],[93.62746,26.96316],[93.61473,26.9603],[93.58667,26.95047],[93.55966,26.95271],[93.55671,26.95117],[93.54915,26.95001],[93.54494,26.95123],[93.54101,26.94897],[93.52477,26.94853],[93.50728,26.94394],[93.4891,26.93618],[93.48626,26.94228],[93.47473,26.93932],[93.47065,26.9366],[93.46495,26.93829],[93.46249,26.93788],[93.45796,26.94108],[93.44877,26.95078],[93.38049,26.95922],[93.3241,26.96008],[93.29777,26.95634],[93.26166,26.95353],[93.24682,26.95125],[93.20095,26.94322],[93.17256,26.936],[93.10737,26.92576],[93.08823,26.91439],[93.06272,26.92227],[93.02186,26.91342],[92.98189,26.93605],[92.91715,26.96293],[92.91553,26.97392],[92.91841,26.98231],[92.88661,26.99975],[92.86037,27.00657],[92.83141,27.01252],[92.80575,27.02473],[92.76934,27.03342],[92.71336,27.02657],[92.68409,27.03215],[92.6604,27.03854],[92.64546,27.01357],[92.64462,26.98677],[92.58334,26.95954],[92.55419,26.95744],[92.49686,26.96337],[92.44747,26.95881],[92.42581,26.94104],[92.41201,26.94276],[92.39833,26.92469],[92.3671,26.92868],[92.36319,26.93454],[92.3231,26.92753],[92.30266,26.92264],[92.30296,26.90714],[92.27609,26.902],[92.25519,26.90961],[92.23802,26.90579],[92.1948,26.88996],[92.16986,26.89165],[92.12002,26.88898],[92.11438,26.89358],[92.11675,26.89749],[92.11777,26.9089],[92.11521,26.91375],[92.11685,26.92547],[92.11516,26.93421],[92.11817,26.9386],[92.11861,26.94228],[92.11568,26.94499],[92.11355,26.95049],[92.11765,26.95755],[92.12036,26.95852],[92.12098,26.96036],[92.11811,26.97437],[92.11155,26.97624],[92.10476,26.97991],[92.10497,26.98664],[92.10825,26.98979],[92.10418,26.99864],[92.10355,27.00398],[92.09882,27.00787],[92.09478,27.00924],[92.09507,27.0123],[92.08472,27.01637],[92.07842,27.01736],[92.0789,27.02872],[92.08308,27.03408],[92.08175,27.04082],[92.07645,27.04159],[92.07302,27.04452],[92.07052,27.04398],[92.05616,27.05142],[92.05243,27.05215],[92.04891,27.05113],[92.04637,27.05211],[92.04412,27.05136],[92.04325,27.05663],[92.04072,27.05957],[92.03808,27.06075],[92.03681,27.06314],[92.03764,27.07033],[92.03081,27.07992],[92.03195,27.09202],[92.02961,27.09493],[92.03017,27.0998],[92.02588,27.10442],[92.02313,27.10955],[92.02662,27.11513],[92.02743,27.11846],[92.03253,27.12439],[92.0358,27.13491],[92.0353,27.14085],[92.03218,27.14605],[92.0324,27.15277],[92.02873,27.15732],[92.02672,27.16828],[92.03575,27.17507],[92.03709,27.1793],[92.05211,27.18492],[92.05838,27.19031],[92.05994,27.2016],[92.06243,27.20893],[92.06928,27.21373],[92.07056,27.2276],[92.07257,27.23311],[92.07171,27.23609],[92.06737,27.24203],[92.06251,27.2441],[92.0592,27.2518],[92.04591,27.25559],[92.04017,27.25582],[92.03844,27.25444],[92.038,27.25842],[92.04293,27.2616],[92.04517,27.26858],[92.0613,27.27253],[92.06707,27.27717],[92.07031,27.27624],[92.07203,27.27807],[92.07535,27.27819],[92.07902,27.27415],[92.0869,27.26927],[92.09123,27.26961],[92.09451,27.27126],[92.09882,27.26901],[92.10347,27.26866],[92.10945,27.27085],[92.11313,27.27006],[92.11714,27.27182],[92.11995,27.2718],[92.12122,27.27474],[92.12458,27.27802],[92.12498,27.28202],[92.12282,27.28736],[92.12017,27.29031],[92.0998,27.30237],[92.08896,27.30457],[92.07815,27.31304],[92.07205,27.32064],[92.06458,27.32698],[92.06517,27.32878],[92.06297,27.33321],[92.06374,27.33706],[92.06252,27.34221],[92.05961,27.34656],[92.05277,27.35129],[92.05503,27.3527],[92.05011,27.35706],[92.05019,27.35999],[92.04824,27.36313],[92.04899,27.37676],[92.0544,27.38284],[92.0537,27.3887],[92.05481,27.39606],[92.05847,27.39971],[92.05453,27.40105],[92.05375,27.40403],[92.04897,27.40704],[92.04685,27.41156],[92.04369,27.41481],[92.0437,27.4176],[92.04248,27.41854],[92.04376,27.4228],[92.04294,27.4246],[92.04423,27.42672],[92.04202,27.43102],[92.04254,27.43523],[92.03728,27.43895],[92.033,27.43859],[92.03234,27.44057],[92.0268,27.44012],[92.02643,27.44274],[92.02217,27.44802],[92.02218,27.45748],[92.02339,27.46197],[92.01929,27.47269],[92.01937,27.47805],[92.01631,27.48077],[92.01489,27.47887],[92.01083,27.47972],[92.00702,27.47659],[92.00032,27.47904],[91.99696,27.47776],[91.99468,27.47849],[91.98908,27.46752],[91.97888,27.46334],[91.97282,27.46722],[91.9691,27.46416],[91.96452,27.46316],[91.96154,27.46068],[91.95181,27.46005],[91.94682,27.4618],[91.94364,27.45974],[91.93722,27.46506],[91.93507,27.46607],[91.93142,27.4659],[91.92312,27.47404],[91.91222,27.47178],[91.90828,27.47286],[91.90387,27.4715],[91.90242,27.47242],[91.89789,27.47122],[91.89268,27.47271],[91.88768,27.47617],[91.87951,27.47455],[91.87619,27.47117],[91.8716,27.4708],[91.86976,27.47408],[91.86905,27.4791],[91.86438,27.48289],[91.86083,27.48476],[91.8551,27.48214],[91.85396,27.48385],[91.8486,27.48646],[91.84159,27.47683],[91.83093,27.46988],[91.82525,27.46785],[91.8209,27.47203],[91.81365,27.47438],[91.80115,27.47234],[91.79815,27.47429],[91.79584,27.47095],[91.7887,27.4701],[91.78077,27.46604],[91.76697,27.46476],[91.76589,27.47067],[91.76808,27.47374],[91.76298,27.47498],[91.75224,27.47568],[91.74708,27.47256],[91.73906,27.47006],[91.73274,27.46935],[91.72283,27.47151],[91.71462,27.47454],[91.71775,27.4851],[91.71459,27.48727],[91.71356,27.49348],[91.70195,27.49885],[91.69506,27.50533],[91.68481,27.50044],[91.68559,27.49791],[91.68487,27.49695],[91.67593,27.49339],[91.67217,27.49317],[91.65923,27.48347],[91.65245,27.48304],[91.64836,27.49105],[91.64496,27.502],[91.64247,27.50349],[91.63774,27.50425],[91.63421,27.50852],[91.62403,27.51415],[91.62211,27.52017],[91.61391,27.53181],[91.6145,27.53717],[91.61195,27.54118],[91.61229,27.54369],[91.60788,27.54189],[91.60405,27.54231],[91.60195,27.54063],[91.59674,27.54071],[91.59373,27.54206],[91.58896,27.5517],[91.58215,27.55676],[91.58343,27.56545],[91.57985,27.5697],[91.57398,27.57252],[91.57193,27.57495],[91.57189,27.57958],[91.56631,27.58306],[91.56647,27.58604],[91.57018,27.59449],[91.58262,27.60461],[91.58437,27.60822],[91.57309,27.6196],[91.56769,27.62222],[91.5647,27.62576],[91.56486,27.62787],[91.56254,27.62987],[91.56218,27.63185],[91.5637,27.63467],[91.56407,27.6414],[91.57061,27.6508],[91.57307,27.66069],[91.57745,27.66257],[91.58252,27.66254],[91.58714,27.66694],[91.59378,27.67005],[91.59619,27.67978],[91.60425,27.68347],[91.60722,27.69081],[91.61967,27.69385],[91.62855,27.69943],[91.62998,27.70862],[91.62685,27.7158],[91.63192,27.71679],[91.63152,27.71981],[91.63411,27.72258],[91.63394,27.72461],[91.63738,27.73044],[91.63889,27.73581],[91.63463,27.745],[91.63504,27.74689],[91.63745,27.74979],[91.6419,27.75228],[91.64307,27.76103],[91.6454,27.76338],[91.64484,27.76999],[91.63996,27.77402],[91.63785,27.78028],[91.63823,27.78385],[91.63645,27.78809],[91.63732,27.79407],[91.63378,27.79604],[91.63557,27.80145],[91.63508,27.80294],[91.62831,27.81089],[91.62028,27.81561],[91.61464,27.82185],[91.60755,27.82389],[91.60036,27.82269],[91.59774,27.81801],[91.59185,27.81911],[91.58585,27.81732],[91.58103,27.81199],[91.5763,27.81186],[91.57263,27.8167],[91.57038,27.81778],[91.56721,27.81744],[91.56598,27.81861],[91.56737,27.82094],[91.56703,27.82595],[91.56232,27.82996],[91.56084,27.8388],[91.55929,27.84119],[91.55705,27.84184],[91.55641,27.84438],[91.55402,27.8463],[91.55465,27.84909],[91.55359,27.85136],[91.55463,27.85454],[91.55627,27.85621],[91.55791,27.8563],[91.56522,27.85274],[91.56989,27.84801],[91.57375,27.85589],[91.57444,27.86347],[91.57554,27.86429],[91.58486,27.86218],[91.58862,27.85988],[91.58913,27.8568],[91.59277,27.85413],[91.59403,27.85443],[91.59587,27.85766],[91.60228,27.86407],[91.60623,27.86013],[91.61726,27.85657],[91.6248,27.85768],[91.6294,27.85978],[91.64036,27.85536],[91.65189,27.85332],[91.66318,27.85295],[91.67221,27.84568],[91.70131,27.81309],[91.70983,27.80797],[91.75408,27.80196],[91.76131,27.79996],[91.76697,27.80108],[91.77887,27.8062],[91.78776,27.80776],[91.81244,27.80483],[91.82068,27.81596],[91.82415,27.81448],[91.82857,27.80535],[91.8308,27.79313],[91.83631,27.78518],[91.8446,27.78221],[91.85068,27.77616],[91.85203,27.75965],[91.85856,27.7481],[91.85901,27.7426],[91.86219,27.73969],[91.87129,27.73814],[91.87553,27.7345],[91.87785,27.7285],[91.8824,27.72724],[91.88829,27.72621],[91.90369,27.73223],[91.91253,27.73092],[91.92128,27.72363],[91.9277,27.72259],[91.94997,27.73736],[91.95768,27.74848],[91.9639,27.75103],[91.96979,27.75],[91.97152,27.7569],[91.98081,27.7643],[91.99353,27.77118],[92.00268,27.77225],[92.02541,27.76621],[92.04335,27.76285],[92.05143,27.76393],[92.10948,27.80947],[92.15868,27.83958],[92.19693,27.85789],[92.21866,27.86951],[92.22756,27.87081],[92.26846,27.8721],[92.27754,27.86909],[92.28224,27.86185],[92.28484,27.84365],[92.29119,27.82491],[92.30202,27.80204],[92.31277,27.78849],[92.31922,27.78815],[92.35812,27.79828],[92.3851,27.80063],[92.38783,27.80593],[92.38538,27.8172],[92.38976,27.82143],[92.4163,27.83055],[92.42302,27.83068],[92.42778,27.82678],[92.43195,27.82098],[92.44741,27.81451],[92.45627,27.81412],[92.46602,27.81778],[92.48376,27.84281],[92.49253,27.85055],[92.50336,27.85395],[92.51596,27.85254],[92.52771,27.84852],[92.55621,27.82436],[92.57106,27.83964],[92.61531,27.89454],[92.6267,27.89864],[92.65013,27.89989],[92.65771,27.9019],[92.68787,27.92669],[92.71356,27.95537],[92.74243,27.99259],[92.73994,28.00124],[92.73534,28.01136],[92.72071,28.03051],[92.70039,28.04856],[92.68174,28.05726],[92.67024,28.06082],[92.66654,28.06375],[92.66534,28.06999],[92.67623,28.09846],[92.68037,28.11416],[92.67967,28.11919],[92.68795,28.1274],[92.70027,28.13577],[92.74608,28.1581],[92.78586,28.18651],[92.80603,28.20691],[92.81477,28.21104],[92.81852,28.21025],[92.81806,28.19115],[92.82558,28.17906],[92.8361,28.1791],[92.85263,28.1826],[92.89688,28.20515],[92.90568,28.21191],[92.91346,28.23182],[92.92284,28.24],[92.92967,28.24321],[92.94354,28.24747],[92.96271,28.25856],[92.97593,28.25877],[92.98413,28.25239],[92.9973,28.22943],[93.0197,28.26099],[93.02827,28.26869],[93.02289,28.29007],[93.02234,28.31039],[93.04967,28.30266],[93.06572,28.3071],[93.07194,28.30769],[93.09052,28.30587],[93.10083,28.3078],[93.11039,28.31214],[93.11929,28.32175],[93.12217,28.32838],[93.12918,28.32799],[93.1608,28.31919],[93.18939,28.31834],[93.20649,28.32155],[93.21796,28.32608],[93.2228,28.33529],[93.22283,28.37495],[93.22422,28.4055],[93.22013,28.41371],[93.20974,28.41895],[93.19338,28.42361],[93.18045,28.43488],[93.1956,28.44506],[93.20957,28.45192],[93.21842,28.46047],[93.22857,28.4742],[93.24372,28.48414],[93.26836,28.49507],[93.27774,28.50131],[93.28205,28.51029],[93.28613,28.53958],[93.29112,28.55356],[93.29512,28.56088],[93.30462,28.57142],[93.30674,28.57925],[93.30146,28.59322],[93.30162,28.59895],[93.30749,28.60551],[93.31464,28.60941],[93.32492,28.60918],[93.32786,28.61723],[93.32792,28.6287],[93.33336,28.63908],[93.33917,28.64325],[93.36215,28.64225],[93.37937,28.64783],[93.40601,28.65128],[93.41422,28.6542],[93.43986,28.66961],[93.44597,28.67472],[93.45275,28.67504],[93.46704,28.65465],[93.4705,28.65265],[93.4748,28.66067],[93.47796,28.67565],[93.48414,28.68314],[93.49615,28.68597],[93.51416,28.68172],[93.52241,28.65907],[93.53573,28.66066],[93.58887,28.65413],[93.61945,28.65339],[93.65616,28.65846],[93.67408,28.66829],[93.68782,28.67439],[93.73988,28.68455],[93.75309,28.68279],[93.78414,28.66336],[93.81187,28.68272],[93.83205,28.6951],[93.8385,28.70162],[93.8506,28.70704],[93.86168,28.70627],[93.90168,28.67942],[93.9214,28.66983],[93.93563,28.66611],[93.94673,28.67393],[93.96176,28.6936],[93.97118,28.71532],[93.97295,28.74322],[93.99272,28.75845],[94.00659,28.76739],[94.0103,28.77279],[94.01051,28.77875],[93.9867,28.80376],[93.99325,28.81266],[94.00255,28.82267],[94.00724,28.8407],[94.01336,28.84507],[94.03663,28.85113],[94.05367,28.87264],[94.07467,28.89093],[94.14985,28.94401],[94.16446,28.95746],[94.17013,28.97163],[94.17658,29.00703],[94.18606,29.02873],[94.2241,29.08783],[94.25777,29.1086],[94.27717,29.12595],[94.29365,29.14535],[94.30491,29.1476],[94.32962,29.1464],[94.3528,29.14811],[94.36249,29.1526],[94.36788,29.15842],[94.37488,29.18495],[94.38048,29.18909],[94.41348,29.20816],[94.42982,29.21962],[94.43812,29.22319],[94.45913,29.21755],[94.48673,29.21338],[94.51311,29.21282],[94.53441,29.21456],[94.55071,29.22075],[94.56518,29.23559],[94.57391,29.24965],[94.57872,29.27457],[94.59732,29.28355],[94.60463,29.28905],[94.62253,29.31428],[94.62771,29.33465],[94.63098,29.34124],[94.64507,29.33937],[94.66319,29.32925],[94.68861,29.31795],[94.70967,29.30009],[94.72292,29.29132],[94.7413,29.27474],[94.78141,29.23095],[94.79301,29.2153],[94.79641,29.19895],[94.79352,29.18854],[94.79561,29.17343],[94.79965,29.16589],[94.80413,29.16241],[94.81064,29.16196],[94.84354,29.17426],[94.86376,29.17647],[94.87867,29.17503],[94.89393,29.16927],[94.90753,29.1564],[94.91578,29.15207],[94.93252,29.15558],[94.94808,29.15673],[94.95841,29.15639],[94.96665,29.15206],[94.97741,29.14286],[94.98833,29.13748],[95.01358,29.13018],[95.02245,29.13394],[95.01213,29.14695],[94.99949,29.15024],[94.98159,29.15156],[94.97528,29.15654],[94.97297,29.16593],[94.97982,29.17335],[94.99277,29.17076],[95.01644,29.15827],[95.03657,29.15209],[95.06739,29.1477],[95.08811,29.14246],[95.09505,29.13959],[95.10194,29.12933],[95.10638,29.11891],[95.12118,29.11553],[95.1461,29.11324],[95.16631,29.10895],[95.19428,29.10798],[95.24172,29.11062],[95.24559,29.07632],[95.24202,29.06355],[95.24872,29.0614],[95.26007,29.05408],[95.27033,29.05849],[95.28792,29.06264],[95.30464,29.05966],[95.32244,29.05066],[95.34809,29.04114],[95.36825,29.03635],[95.38506,29.03527],[95.39873,29.03119],[95.41065,29.03052],[95.42122,29.04136],[95.42774,29.04112],[95.43732,29.03695],[95.4403,29.0366],[95.44935,29.04415],[95.46645,29.06646],[95.47723,29.08708],[95.48108,29.12229],[95.48099,29.14307],[95.49673,29.14225],[95.51754,29.1336],[95.53072,29.13049],[95.53276,29.13901],[95.53667,29.1692],[95.52697,29.20515],[95.52693,29.21566],[95.54091,29.21753],[95.56374,29.21667],[95.5722,29.22281],[95.57553,29.23534],[95.57807,29.25387],[95.58303,29.26061],[95.59716,29.25985],[95.608,29.25323],[95.61926,29.2497],[95.62484,29.25235],[95.63148,29.25998],[95.64445,29.26332],[95.65983,29.27157],[95.67154,29.28235],[95.68453,29.29714],[95.68899,29.30461],[95.7056,29.30445],[95.721,29.3127],[95.72838,29.31863],[95.73722,29.3319],[95.75256,29.3442],[95.7595,29.3468],[95.76571,29.35635],[95.77688,29.36165],[95.78095,29.35576],[95.78213,29.34139],[95.79292,29.34455],[95.8027,29.34942],[95.81113,29.35961],[95.83099,29.35883],[95.83844,29.3712],[95.86175,29.39512],[95.90352,29.39084],[95.91969,29.3871],[95.93273,29.3861],[95.94181,29.38765],[95.9767,29.41348],[95.99863,29.42072],[96.00882,29.42772],[96.01848,29.44022],[96.03063,29.45334],[96.04275,29.46073],[96.05689,29.46494],[96.06732,29.46595],[96.08125,29.46108],[96.08926,29.45264],[96.10524,29.43001],[96.12076,29.41409],[96.13587,29.40606],[96.14057,29.40205],[96.15351,29.37381]]]}},{"id":"1","type":"Feature","properties":{"state":"ASSAM"},"geometry":{"type":"MultiPolygon","coordinates":[[[[89.71079,26.16117],[89.71082,26.16096],[89.71077,26.16117],[89.71079,26.16117]]],[[[95.82158,27.97139],[95.97142,27.96238],[95.96533,27.95451],[95.96471,27.95178],[95.95398,27.9415],[95.94743,27.93772],[95.94653,27.93439],[95.94732,27.9324],[95.94989,27.93117],[95.95407,27.93119],[95.94798,27.92438],[95.95226,27.92031],[95.94692,27.91777],[95.94236,27.91048],[95.938,27.91285],[95.9348,27.90821],[95.9359,27.90726],[95.94063,27.90684],[95.93996,27.90519],[95.92953,27.90311],[95.9306,27.90078],[95.93666,27.89952],[95.93775,27.8982],[95.92846,27.89537],[95.92753,27.89571],[95.9275,27.89869],[95.92634,27.89907],[95.925,27.89779],[95.92564,27.89525],[95.92161,27.89618],[95.91923,27.89504],[95.91942,27.89298],[95.92273,27.88957],[95.92293,27.88804],[95.92159,27.88773],[95.91735,27.8903],[95.91587,27.88949],[95.91588,27.88588],[95.92027,27.88493],[95.92484,27.88186],[95.9192,27.88067],[95.91605,27.88391],[95.91477,27.88374],[95.915,27.88199],[95.9169,27.8806],[95.91452,27.87842],[95.91491,27.87675],[95.91072,27.87365],[95.91059,27.87117],[95.90854,27.87202],[95.90696,27.87101],[95.90858,27.8695],[95.90736,27.86706],[95.9063,27.86673],[95.90335,27.86957],[95.90174,27.86895],[95.90251,27.86598],[95.90494,27.86307],[95.89525,27.86259],[95.8943,27.86168],[95.8955,27.85865],[95.89458,27.8582],[95.89163,27.86014],[95.89008,27.85998],[95.89161,27.85677],[95.88784,27.85646],[95.88464,27.84733],[95.87053,27.83318],[95.86002,27.8306],[95.85432,27.83026],[95.83749,27.82396],[95.83764,27.80959],[95.82571,27.80831],[95.81767,27.80374],[95.81077,27.79658],[95.80889,27.78936],[95.80277,27.78397],[95.80191,27.77717],[95.80007,27.77416],[95.79382,27.76896],[95.78611,27.75944],[95.78173,27.75642],[95.77545,27.75394],[95.77534,27.7512],[95.78055,27.73692],[95.77938,27.73371],[95.77488,27.73115],[95.76615,27.73162],[95.76425,27.73022],[95.76349,27.72555],[95.75467,27.72518],[95.75133,27.72145],[95.75505,27.71805],[95.75858,27.71246],[95.76093,27.71176],[95.76771,27.70546],[95.76816,27.70331],[95.76377,27.6968],[95.76367,27.69422],[95.76721,27.68757],[95.77331,27.68577],[95.77918,27.68786],[95.78106,27.6872],[95.78351,27.68798],[95.78798,27.68196],[95.78711,27.67917],[95.78173,27.6791],[95.77512,27.67483],[95.77347,27.67184],[95.77275,27.66523],[95.77357,27.66226],[95.77105,27.65855],[95.77474,27.65102],[95.7781,27.65093],[95.7817,27.64728],[95.7822,27.648],[95.78414,27.6472],[95.78449,27.64829],[95.78677,27.64776],[95.78743,27.64489],[95.79037,27.64558],[95.79613,27.64055],[95.79585,27.63786],[95.79403,27.63927],[95.79317,27.63808],[95.79051,27.63751],[95.78715,27.6336],[95.7889,27.63017],[95.7887,27.62829],[95.78999,27.6277],[95.78887,27.62614],[95.77817,27.62482],[95.77836,27.61956],[95.77959,27.61736],[95.78785,27.61459],[95.79016,27.61153],[95.78941,27.60543],[95.79062,27.60021],[95.7932,27.59826],[95.80361,27.60131],[95.81549,27.5992],[95.81844,27.59627],[95.81377,27.5906],[95.81372,27.58709],[95.81201,27.5844],[95.81441,27.57408],[95.819,27.57352],[95.81927,27.57558],[95.82359,27.5744],[95.82989,27.56603],[95.83122,27.5617],[95.83356,27.55875],[95.83939,27.5606],[95.84135,27.56255],[95.84941,27.55579],[95.85238,27.55456],[95.85331,27.55073],[95.85534,27.54845],[95.8564,27.54869],[95.85706,27.54521],[95.85919,27.54347],[95.86195,27.54306],[95.86335,27.54615],[95.86671,27.54503],[95.87267,27.54612],[95.87392,27.54815],[95.87664,27.54503],[95.87715,27.52481],[95.87867,27.51918],[95.87593,27.51278],[95.8792,27.50527],[95.8855,27.50077],[95.88671,27.49735],[95.88452,27.49651],[95.87988,27.4973],[95.87364,27.49278],[95.87267,27.48427],[95.87374,27.48143],[95.87139,27.47637],[95.87156,27.47105],[95.87038,27.46658],[95.86277,27.4654],[95.85948,27.46228],[95.85667,27.46222],[95.85564,27.45952],[95.85304,27.45759],[95.85378,27.45171],[95.85639,27.44774],[95.85651,27.44575],[95.85547,27.44404],[95.84887,27.44216],[95.84815,27.43987],[95.84641,27.43893],[95.84705,27.43694],[95.84478,27.43409],[95.84511,27.43241],[95.84327,27.43135],[95.84214,27.42863],[95.84431,27.42182],[95.85063,27.41677],[95.85264,27.41246],[95.85103,27.41093],[95.86245,27.41013],[95.86175,27.41267],[95.85758,27.41507],[95.85627,27.41712],[95.85717,27.42101],[95.87074,27.42662],[95.87552,27.43506],[95.87867,27.43658],[95.8833,27.43533],[95.88377,27.43188],[95.88089,27.42385],[95.88206,27.41778],[95.88056,27.4143],[95.8864,27.41299],[95.88752,27.40761],[95.88601,27.40414],[95.87903,27.40092],[95.88075,27.39774],[95.88389,27.39706],[95.89235,27.4033],[95.89891,27.41389],[95.89847,27.4197],[95.89943,27.42231],[95.90696,27.4311],[95.91124,27.4333],[95.91816,27.43497],[95.92001,27.43634],[95.92119,27.43918],[95.92432,27.44026],[95.92775,27.4399],[95.93591,27.43554],[95.93849,27.43617],[95.93959,27.43791],[95.94116,27.43756],[95.94546,27.43551],[95.9473,27.43326],[95.94732,27.43075],[95.94492,27.4279],[95.95047,27.42503],[95.95406,27.42029],[95.95413,27.42262],[95.95676,27.42797],[95.96034,27.42994],[95.96275,27.42894],[95.96329,27.42759],[95.96165,27.41828],[95.96228,27.41763],[95.96442,27.41832],[95.96556,27.41939],[95.96508,27.42676],[95.96678,27.42813],[95.96921,27.42816],[95.97028,27.42656],[95.96947,27.42377],[95.97394,27.42196],[95.97525,27.41966],[95.975,27.41773],[95.97064,27.4171],[95.97007,27.41518],[95.97388,27.41168],[95.97963,27.41261],[95.98315,27.41211],[95.98441,27.40472],[95.98834,27.40404],[95.99228,27.39986],[95.99334,27.39667],[95.99734,27.39444],[95.99715,27.38626],[96.00367,27.38113],[96.00381,27.37408],[96.0092,27.37072],[96.00996,27.36713],[96.01287,27.36431],[96.01765,27.36388],[96.01771,27.36267],[96.01499,27.36168],[96.01206,27.35885],[96.00999,27.35878],[96.00846,27.35708],[96.00278,27.3583],[95.99937,27.35665],[95.99299,27.3582],[95.98935,27.357],[95.9866,27.34835],[95.98688,27.34561],[95.97654,27.33738],[95.97158,27.33655],[95.97101,27.33282],[95.96529,27.32788],[95.96604,27.32595],[95.96772,27.32567],[95.97209,27.32744],[95.97584,27.32514],[95.97556,27.32446],[95.96912,27.32241],[95.96276,27.32314],[95.96131,27.32148],[95.96263,27.31928],[95.96103,27.31644],[95.95635,27.31809],[95.95505,27.31768],[95.95656,27.31257],[95.95987,27.31179],[95.96004,27.31095],[95.95343,27.30892],[95.95001,27.3055],[95.94663,27.30379],[95.94172,27.30523],[95.93756,27.30082],[95.93012,27.30028],[95.92797,27.29824],[95.92432,27.29686],[95.91799,27.29134],[95.91478,27.29201],[95.91338,27.28914],[95.90717,27.28897],[95.90606,27.28222],[95.90111,27.28392],[95.89721,27.28216],[95.89709,27.28054],[95.90395,27.27557],[95.90435,27.27392],[95.90008,27.27425],[95.89945,27.26868],[95.89356,27.26757],[95.89462,27.2655],[95.89462,27.26101],[95.89418,27.25692],[95.89243,27.25528],[95.88132,27.25591],[95.8765,27.25964],[95.87204,27.25918],[95.86937,27.26002],[95.86465,27.26437],[95.86383,27.26644],[95.86112,27.26706],[95.8583,27.27039],[95.85643,27.27106],[95.85499,27.27318],[95.85382,27.27919],[95.85563,27.28041],[95.85931,27.28722],[95.8505,27.28659],[95.82332,27.27887],[95.81538,27.27854],[95.80516,27.27295],[95.80553,27.2758],[95.80246,27.2755],[95.79945,27.27655],[95.80009,27.28],[95.80262,27.28294],[95.80089,27.28427],[95.79954,27.28234],[95.7975,27.28166],[95.79522,27.28253],[95.79095,27.2792],[95.7879,27.27865],[95.78893,27.27811],[95.78818,27.27672],[95.78059,27.27246],[95.77958,27.26975],[95.77792,27.27075],[95.77683,27.26963],[95.77525,27.27041],[95.77398,27.26939],[95.76852,27.26917],[95.76824,27.26778],[95.76518,27.26726],[95.75686,27.26864],[95.7477,27.26575],[95.74585,27.26688],[95.74211,27.26666],[95.73618,27.26326],[95.73469,27.26039],[95.72713,27.25965],[95.72604,27.25719],[95.72272,27.25444],[95.72021,27.24948],[95.71378,27.25024],[95.71198,27.25284],[95.71004,27.2524],[95.70788,27.25006],[95.70151,27.24857],[95.69236,27.25321],[95.68153,27.25174],[95.6798,27.25115],[95.67603,27.24696],[95.63234,27.22968],[95.62931,27.23133],[95.61903,27.23248],[95.61757,27.2309],[95.61554,27.23161],[95.6122,27.23021],[95.61062,27.2276],[95.60836,27.22757],[95.60382,27.22422],[95.60075,27.22417],[95.59896,27.22291],[95.58757,27.22294],[95.58454,27.22489],[95.58298,27.22851],[95.58046,27.22781],[95.57874,27.22953],[95.57826,27.23207],[95.57456,27.23436],[95.57472,27.236],[95.57727,27.23807],[95.5752,27.23978],[95.57465,27.24364],[95.56707,27.24523],[95.56431,27.24467],[95.55808,27.24898],[95.55354,27.24886],[95.55099,27.25045],[95.55195,27.25315],[95.54823,27.25394],[95.54851,27.25732],[95.54512,27.25999],[95.54203,27.25901],[95.53711,27.2625],[95.53515,27.26156],[95.5356,27.26342],[95.53452,27.26459],[95.53162,27.26105],[95.52982,27.26182],[95.53086,27.26321],[95.53012,27.26449],[95.52789,27.26308],[95.52551,27.26377],[95.5182,27.25756],[95.51504,27.25794],[95.51147,27.26191],[95.50881,27.26187],[95.50467,27.24936],[95.49963,27.24618],[95.49209,27.24554],[95.48426,27.24125],[95.48293,27.23652],[95.47884,27.23406],[95.47966,27.23096],[95.47763,27.2288],[95.47745,27.22676],[95.47147,27.22272],[95.47244,27.21893],[95.46754,27.21832],[95.46716,27.21337],[95.46353,27.21061],[95.45813,27.20978],[95.45758,27.20878],[95.45589,27.20253],[95.45842,27.20018],[95.45914,27.19543],[95.46246,27.19437],[95.46017,27.19134],[95.4666,27.18164],[95.46601,27.18027],[95.46001,27.17707],[95.45952,27.17569],[95.46142,27.17329],[95.46471,27.17221],[95.46551,27.16636],[95.46346,27.16463],[95.46252,27.16171],[95.45839,27.15932],[95.4548,27.15883],[95.45332,27.15733],[95.45479,27.15549],[95.45965,27.15374],[95.46222,27.14966],[95.45748,27.14413],[95.45657,27.14055],[95.45817,27.13796],[95.45327,27.12943],[95.44941,27.12968],[95.4493,27.13459],[95.44441,27.13521],[95.44281,27.13389],[95.44242,27.13139],[95.44473,27.12879],[95.4406,27.12874],[95.43961,27.12592],[95.42065,27.12578],[95.39854,27.10872],[95.39203,27.10804],[95.38464,27.10554],[95.38199,27.10028],[95.38302,27.0982],[95.37467,27.09268],[95.37012,27.09449],[95.3712,27.10079],[95.36892,27.1023],[95.36376,27.10255],[95.36865,27.10709],[95.3649,27.10818],[95.35476,27.10391],[95.32927,27.08766],[95.31681,27.08281],[95.30191,27.07248],[95.30004,27.07005],[95.29183,27.06649],[95.27807,27.05489],[95.27632,27.05219],[95.27524,27.04997],[95.27566,27.04927],[95.27675,27.05003],[95.27768,27.04832],[95.27585,27.04408],[95.27713,27.04238],[95.27158,27.04118],[95.26339,27.03507],[95.26007,27.03555],[95.25844,27.03382],[95.25899,27.03027],[95.25657,27.03041],[95.24686,27.02416],[95.24544,27.02583],[95.2436,27.02599],[95.23951,27.03663],[95.23825,27.0378],[95.2343,27.03754],[95.23289,27.03834],[95.2331,27.04169],[95.2321,27.04333],[95.2292,27.04172],[95.23084,27.0398],[95.22813,27.03765],[95.22887,27.03552],[95.22625,27.03537],[95.22461,27.0369],[95.22185,27.03644],[95.2218,27.03448],[95.21669,27.03142],[95.21444,27.03151],[95.21052,27.02979],[95.20882,27.03031],[95.20876,27.0323],[95.20551,27.03202],[95.20562,27.03485],[95.20424,27.03733],[95.19736,27.03724],[95.19531,27.03543],[95.19582,27.03269],[95.19374,27.03222],[95.19265,27.03282],[95.19423,27.03495],[95.19242,27.03562],[95.18438,27.02777],[95.15018,26.99924],[95.14476,26.99585],[95.1388,26.99485],[95.12421,26.98544],[95.11196,26.98066],[95.10792,26.97594],[95.10608,26.96549],[95.09527,26.95755],[95.08096,26.9501],[95.07067,26.94912],[95.06425,26.94708],[95.04969,26.93876],[95.04408,26.93874],[95.03413,26.9356],[95.03176,26.93299],[95.02391,26.92853],[95.02212,26.92581],[95.01476,26.92203],[95.00467,26.92115],[95.00186,26.9198],[94.99129,26.92081],[94.98998,26.91421],[94.98262,26.913],[94.9765,26.92128],[94.96909,26.92236],[94.96718,26.92351],[94.96481,26.93084],[94.96124,26.93712],[94.9575,26.93748],[94.9555,26.9401],[94.95324,26.93761],[94.95044,26.93769],[94.94604,26.93539],[94.94186,26.93531],[94.94026,26.93356],[94.93085,26.93256],[94.93085,26.9369],[94.92888,26.93728],[94.92561,26.94079],[94.92349,26.94637],[94.91672,26.94125],[94.91437,26.93677],[94.90245,26.93467],[94.89782,26.93125],[94.89064,26.92954],[94.87359,26.91752],[94.87278,26.91513],[94.86601,26.90873],[94.86523,26.90398],[94.86361,26.90075],[94.86245,26.90045],[94.86253,26.89759],[94.85845,26.89221],[94.85784,26.88848],[94.85464,26.88614],[94.85107,26.8811],[94.84956,26.87448],[94.84261,26.86855],[94.83919,26.8699],[94.83607,26.86878],[94.83404,26.86021],[94.82833,26.8554],[94.82417,26.85452],[94.81736,26.84777],[94.82076,26.84363],[94.82112,26.8417],[94.81945,26.83759],[94.81562,26.8373],[94.81317,26.83365],[94.81443,26.81979],[94.80717,26.8188],[94.80632,26.81586],[94.804,26.81396],[94.79719,26.8154],[94.79495,26.81441],[94.79536,26.81068],[94.80079,26.80851],[94.80319,26.80617],[94.80369,26.80388],[94.802,26.80081],[94.79127,26.8001],[94.78875,26.79789],[94.78873,26.79556],[94.77566,26.78976],[94.77374,26.79061],[94.77022,26.78904],[94.7674,26.78534],[94.7668,26.77756],[94.76059,26.77541],[94.75833,26.76601],[94.75182,26.76619],[94.74835,26.7727],[94.74018,26.77598],[94.74068,26.77184],[94.73689,26.76372],[94.70717,26.74631],[94.69235,26.73193],[94.66713,26.7242],[94.65302,26.71875],[94.64876,26.72042],[94.64164,26.72041],[94.63582,26.71709],[94.63248,26.71736],[94.6295,26.71558],[94.62427,26.71529],[94.6203,26.71212],[94.61913,26.71199],[94.61897,26.713],[94.62066,26.72313],[94.61582,26.72656],[94.60806,26.72883],[94.6101,26.73478],[94.60964,26.73694],[94.60769,26.73721],[94.60608,26.73389],[94.59707,26.73455],[94.59355,26.73146],[94.59562,26.72629],[94.59215,26.72488],[94.59292,26.72325],[94.59101,26.72187],[94.59109,26.7206],[94.59416,26.71908],[94.59624,26.72001],[94.59838,26.71855],[94.60153,26.71911],[94.60241,26.71653],[94.60109,26.71455],[94.60334,26.71235],[94.60228,26.71162],[94.5973,26.71679],[94.59337,26.71497],[94.59252,26.70496],[94.59444,26.70226],[94.59153,26.70016],[94.59388,26.6972],[94.58986,26.69662],[94.58538,26.69829],[94.58246,26.69739],[94.57946,26.70035],[94.57732,26.70066],[94.57209,26.69457],[94.56788,26.69292],[94.5664,26.69007],[94.56747,26.68748],[94.56976,26.68773],[94.57157,26.68664],[94.56931,26.68628],[94.56649,26.68356],[94.56273,26.68437],[94.55939,26.68643],[94.56243,26.69553],[94.56231,26.69883],[94.56098,26.70056],[94.56235,26.70507],[94.55503,26.70507],[94.5503,26.70172],[94.54858,26.7034],[94.54791,26.70632],[94.54519,26.70523],[94.53926,26.70618],[94.5336,26.70131],[94.52654,26.69895],[94.52421,26.69576],[94.5207,26.69921],[94.52081,26.69416],[94.51945,26.69331],[94.51938,26.68874],[94.5177,26.68732],[94.51854,26.6851],[94.51758,26.68193],[94.5152,26.68173],[94.51329,26.68009],[94.51038,26.68477],[94.50825,26.6853],[94.50974,26.68187],[94.50905,26.68023],[94.50514,26.67865],[94.50147,26.67229],[94.49267,26.66589],[94.48908,26.66609],[94.48506,26.66785],[94.46028,26.66163],[94.45845,26.65354],[94.4541,26.65391],[94.45315,26.65255],[94.45908,26.64461],[94.4598,26.63685],[94.46549,26.63306],[94.46332,26.63356],[94.4619,26.63235],[94.45793,26.6336],[94.45708,26.63253],[94.4536,26.63194],[94.45515,26.63547],[94.45273,26.63407],[94.45128,26.63629],[94.4356,26.62204],[94.42574,26.61715],[94.40638,26.61245],[94.40306,26.61073],[94.40576,26.60538],[94.40492,26.60335],[94.4024,26.60331],[94.40355,26.60085],[94.40171,26.59899],[94.40251,26.59665],[94.4014,26.59294],[94.40402,26.59327],[94.40588,26.59055],[94.40805,26.59172],[94.40667,26.5879],[94.40928,26.58789],[94.41003,26.58377],[94.41244,26.58239],[94.4114,26.57966],[94.41357,26.57754],[94.41277,26.57654],[94.40966,26.57681],[94.41156,26.57422],[94.41151,26.57225],[94.40822,26.57115],[94.40604,26.56766],[94.40613,26.56328],[94.4079,26.56201],[94.40775,26.56054],[94.40689,26.55936],[94.40478,26.5598],[94.40263,26.55865],[94.40666,26.55684],[94.40518,26.55567],[94.40619,26.55395],[94.40358,26.55299],[94.40584,26.55189],[94.40651,26.54945],[94.40466,26.54891],[94.40056,26.54991],[94.40172,26.54757],[94.40391,26.54788],[94.40468,26.54703],[94.40302,26.54526],[94.40237,26.54221],[94.40056,26.54392],[94.39933,26.5433],[94.39918,26.54219],[94.40168,26.54119],[94.40172,26.54015],[94.39901,26.54029],[94.39687,26.53745],[94.40013,26.53819],[94.40072,26.53713],[94.39831,26.53432],[94.39504,26.5346],[94.39531,26.53212],[94.39769,26.53054],[94.39607,26.52687],[94.39521,26.52614],[94.39056,26.52699],[94.38718,26.52857],[94.38631,26.53082],[94.38496,26.53122],[94.38449,26.53021],[94.38595,26.52859],[94.38523,26.52506],[94.38111,26.52592],[94.37989,26.52493],[94.379,26.52088],[94.37626,26.52225],[94.37527,26.52063],[94.37566,26.51829],[94.37266,26.5176],[94.37245,26.51557],[94.37426,26.5158],[94.37674,26.51357],[94.37488,26.5125],[94.37423,26.51067],[94.37181,26.51042],[94.37415,26.5083],[94.37369,26.50648],[94.37142,26.50635],[94.37084,26.50438],[94.36452,26.50269],[94.3638,26.50359],[94.36519,26.50562],[94.36046,26.50428],[94.35881,26.50694],[94.35802,26.50497],[94.35643,26.50481],[94.35489,26.50303],[94.35281,26.50386],[94.35063,26.50293],[94.34918,26.50501],[94.34597,26.50357],[94.34624,26.50216],[94.3497,26.50289],[94.35296,26.49928],[94.34957,26.49626],[94.34947,26.49377],[94.34665,26.49207],[94.35011,26.49243],[94.35285,26.49006],[94.34927,26.4911],[94.34943,26.48927],[94.34686,26.486],[94.34469,26.48875],[94.34386,26.48471],[94.34081,26.48554],[94.34104,26.4827],[94.33944,26.4805],[94.33631,26.48205],[94.33394,26.47933],[94.332,26.48058],[94.33041,26.4795],[94.32682,26.48232],[94.32552,26.48195],[94.32647,26.47544],[94.3216,26.47566],[94.31956,26.47421],[94.32257,26.47244],[94.32128,26.47102],[94.32385,26.46551],[94.31844,26.46528],[94.31662,26.45832],[94.30985,26.46088],[94.30798,26.46253],[94.30671,26.46079],[94.30578,26.46323],[94.30351,26.46416],[94.29992,26.46365],[94.29928,26.46682],[94.29624,26.46817],[94.29603,26.47018],[94.29471,26.46929],[94.29343,26.4711],[94.29324,26.47429],[94.29157,26.47522],[94.2923,26.47757],[94.28975,26.47971],[94.29006,26.48877],[94.28801,26.49268],[94.2883,26.49539],[94.28591,26.49763],[94.28483,26.5031],[94.28323,26.50497],[94.28338,26.51075],[94.28582,26.51234],[94.28656,26.51522],[94.28426,26.52171],[94.28176,26.5245],[94.28291,26.5294],[94.28142,26.53125],[94.28213,26.53303],[94.28096,26.53506],[94.28194,26.54059],[94.28614,26.54251],[94.28262,26.54553],[94.28127,26.54865],[94.28479,26.56107],[94.28369,26.56135],[94.27151,26.55155],[94.27064,26.54928],[94.25634,26.54122],[94.25332,26.53279],[94.2517,26.53264],[94.24782,26.52821],[94.24872,26.52497],[94.23662,26.50614],[94.22127,26.49813],[94.20751,26.48647],[94.20249,26.47278],[94.20266,26.46906],[94.19405,26.46124],[94.18523,26.45843],[94.17613,26.43642],[94.17173,26.42978],[94.17572,26.42443],[94.17284,26.41995],[94.17191,26.41584],[94.17401,26.40951],[94.17438,26.40661],[94.17319,26.40328],[94.17758,26.38201],[94.17223,26.37365],[94.17194,26.37249],[94.17411,26.37072],[94.17113,26.36275],[94.16016,26.35429],[94.16203,26.34716],[94.16706,26.34799],[94.16871,26.35093],[94.17261,26.35059],[94.17759,26.34642],[94.17473,26.34288],[94.17456,26.34046],[94.17164,26.33796],[94.16718,26.33932],[94.16287,26.33551],[94.14758,26.33346],[94.14506,26.33059],[94.14188,26.33062],[94.14099,26.33531],[94.13789,26.33625],[94.12838,26.33036],[94.12461,26.33061],[94.12043,26.32867],[94.11582,26.32903],[94.11451,26.32708],[94.11498,26.32395],[94.12168,26.31776],[94.11206,26.31799],[94.10968,26.31992],[94.10505,26.31995],[94.10251,26.31523],[94.09971,26.3139],[94.10078,26.30863],[94.09778,26.30196],[94.09044,26.29435],[94.08692,26.2927],[94.08427,26.28897],[94.0841,26.28334],[94.07916,26.28423],[94.07473,26.2836],[94.07224,26.27611],[94.07471,26.27304],[94.07462,26.26438],[94.07092,26.26232],[94.06786,26.25697],[94.05608,26.25501],[94.04769,26.24936],[94.0424,26.2345],[94.03646,26.22605],[94.03203,26.19754],[94.02179,26.19381],[94.01536,26.18402],[94.00781,26.1825],[94.00108,26.17227],[94.00261,26.17087],[94.00137,26.16578],[94.00361,26.16037],[94.0019,26.15696],[93.99773,26.15595],[93.99452,26.14831],[93.99584,26.14662],[93.99877,26.14773],[94.00055,26.14718],[94.00348,26.14438],[94.00385,26.14307],[94.00189,26.13916],[94.00197,26.1345],[93.99696,26.1305],[93.99086,26.13364],[93.98898,26.1333],[93.98724,26.13108],[93.98744,26.12917],[93.98887,26.1282],[93.99756,26.12911],[93.99749,26.12728],[93.99488,26.12584],[93.99918,26.12503],[93.99787,26.11846],[93.99891,26.11474],[93.99753,26.10672],[93.99371,26.10393],[93.98931,26.09697],[93.99016,26.09465],[93.98865,26.08634],[93.98717,26.08477],[93.98274,26.08336],[93.98153,26.08124],[93.98191,26.07865],[93.98613,26.07217],[93.98739,26.06679],[93.98504,26.0651],[93.97076,26.04642],[93.97039,26.04035],[93.96247,26.03654],[93.9627,26.02576],[93.96054,26.01536],[93.95947,26.01222],[93.953,26.00297],[93.95915,25.99433],[93.95415,25.96926],[93.96871,25.95726],[93.96996,25.93678],[93.97799,25.92807],[93.9787,25.91673],[93.97594,25.91431],[93.97121,25.91276],[93.9667,25.90589],[93.96107,25.90123],[93.95977,25.90211],[93.95166,25.89857],[93.94501,25.89764],[93.94432,25.89552],[93.93797,25.89631],[93.93542,25.89445],[93.93398,25.88525],[93.92828,25.88432],[93.92615,25.885],[93.92382,25.88351],[93.916,25.8837],[93.91088,25.87945],[93.91157,25.87652],[93.90751,25.87252],[93.90195,25.87085],[93.89604,25.85786],[93.88997,25.85864],[93.88654,25.84832],[93.8818,25.84335],[93.87611,25.84248],[93.86918,25.85093],[93.85857,25.85369],[93.85226,25.85823],[93.84814,25.85705],[93.84519,25.85829],[93.8397,25.85661],[93.83702,25.8535],[93.83048,25.84925],[93.82972,25.84651],[93.82526,25.8444],[93.82437,25.84166],[93.82115,25.83874],[93.81639,25.82261],[93.8063,25.81689],[93.80384,25.81142],[93.79547,25.80893],[93.79005,25.81123],[93.78751,25.81576],[93.78709,25.82216],[93.78424,25.82617],[93.78479,25.82903],[93.78033,25.83543],[93.78145,25.8395],[93.78036,25.84086],[93.77816,25.84012],[93.77782,25.84241],[93.78111,25.84459],[93.77754,25.84981],[93.78113,25.85401],[93.78045,25.85587],[93.77853,25.85687],[93.78141,25.85649],[93.78443,25.85842],[93.78497,25.86426],[93.78758,25.86514],[93.78984,25.86781],[93.78895,25.87011],[93.78509,25.87024],[93.78708,25.87714],[93.78414,25.87984],[93.78344,25.88478],[93.78879,25.89034],[93.79158,25.88969],[93.79171,25.89171],[93.79476,25.89245],[93.79295,25.89563],[93.79321,25.89979],[93.79507,25.90044],[93.79517,25.90667],[93.79301,25.90599],[93.79149,25.90664],[93.79366,25.90771],[93.7929,25.91041],[93.79381,25.91276],[93.79159,25.91266],[93.79106,25.91563],[93.78807,25.91683],[93.78986,25.92011],[93.78848,25.92231],[93.79033,25.92628],[93.78806,25.92838],[93.78967,25.92951],[93.78683,25.92992],[93.7873,25.93154],[93.78577,25.93246],[93.78943,25.93397],[93.7872,25.93536],[93.78628,25.93826],[93.78685,25.94388],[93.78409,25.94388],[93.78688,25.94665],[93.78515,25.94985],[93.78273,25.95042],[93.77985,25.95652],[93.77648,25.95787],[93.77628,25.959],[93.77789,25.96041],[93.77462,25.96119],[93.77484,25.96449],[93.77382,25.96605],[93.77622,25.96679],[93.77659,25.96876],[93.77358,25.97048],[93.77142,25.96799],[93.76727,25.96995],[93.76545,25.96975],[93.76458,25.96853],[93.76814,25.96742],[93.77003,25.96126],[93.76952,25.95875],[93.76442,25.96008],[93.76355,25.95937],[93.76823,25.95359],[93.76796,25.95101],[93.76419,25.95085],[93.76497,25.95393],[93.76421,25.95444],[93.7632,25.95431],[93.76181,25.95114],[93.75865,25.95262],[93.75771,25.95136],[93.75903,25.94711],[93.75846,25.94551],[93.75607,25.94529],[93.75293,25.94667],[93.75197,25.94506],[93.75246,25.94212],[93.75038,25.94087],[93.74714,25.94318],[93.74512,25.94234],[93.7462,25.9387],[93.75202,25.93596],[93.75253,25.93423],[93.75131,25.93281],[93.74984,25.93254],[93.74962,25.93436],[93.74764,25.93492],[93.74286,25.93222],[93.73953,25.93179],[93.73953,25.92982],[93.73655,25.92767],[93.73864,25.92532],[93.73703,25.92515],[93.73615,25.92276],[93.73397,25.92389],[93.73356,25.92296],[93.72987,25.92236],[93.72821,25.92058],[93.71869,25.91985],[93.71362,25.91681],[93.70663,25.91883],[93.70495,25.91651],[93.70545,25.91492],[93.70088,25.91066],[93.69398,25.91172],[93.69007,25.90766],[93.68773,25.90758],[93.68477,25.9037],[93.68153,25.90439],[93.70208,25.85154],[93.71432,25.84451],[93.71183,25.84414],[93.70781,25.84781],[93.70088,25.84327],[93.69965,25.84551],[93.70168,25.84842],[93.70113,25.84957],[93.69923,25.84657],[93.69469,25.84799],[93.69143,25.84385],[93.6883,25.84595],[93.68609,25.84507],[93.68565,25.84367],[93.68951,25.84218],[93.69022,25.84069],[93.68543,25.8403],[93.68056,25.83835],[93.67944,25.83562],[93.68068,25.83343],[93.67915,25.83199],[93.67863,25.82841],[93.67262,25.82764],[93.67116,25.82405],[93.66764,25.82596],[93.66708,25.82484],[93.66829,25.82183],[93.66496,25.82318],[93.66054,25.82161],[93.65481,25.82364],[93.6516,25.81986],[93.64614,25.82238],[93.64651,25.81973],[93.64431,25.8187],[93.64347,25.81577],[93.63816,25.81563],[93.6386,25.80979],[93.63382,25.81195],[93.6331,25.81138],[93.63495,25.80927],[93.6317,25.80664],[93.63289,25.80276],[93.62951,25.80156],[93.62626,25.80301],[93.6247,25.80256],[93.62776,25.79888],[93.62669,25.79715],[93.62453,25.79801],[93.6234,25.7973],[93.62675,25.78961],[93.6232,25.78733],[93.62252,25.78497],[93.6185,25.7837],[93.6201,25.78023],[93.61742,25.77599],[93.61272,25.77656],[93.61029,25.77375],[93.60698,25.77521],[93.60504,25.7749],[93.60254,25.76838],[93.60265,25.76508],[93.60056,25.76516],[93.59997,25.76808],[93.59851,25.7688],[93.59167,25.76253],[93.59025,25.76297],[93.58951,25.76605],[93.58592,25.76615],[93.58234,25.76055],[93.58548,25.75798],[93.58017,25.75653],[93.57775,25.75449],[93.57683,25.75687],[93.57442,25.75641],[93.57147,25.75879],[93.56794,25.75843],[93.56827,25.75681],[93.57243,25.75644],[93.57322,25.75412],[93.57029,25.75276],[93.56833,25.75499],[93.56633,25.75475],[93.56707,25.74882],[93.56361,25.74575],[93.56146,25.73883],[93.55367,25.73934],[93.5533,25.73816],[93.55535,25.7343],[93.55323,25.73337],[93.55041,25.73405],[93.54949,25.7304],[93.54529,25.7324],[93.54233,25.73218],[93.5416,25.73038],[93.54235,25.72668],[93.53999,25.72408],[93.54284,25.72187],[93.54242,25.7159],[93.54735,25.71253],[93.54096,25.70459],[93.54054,25.69945],[93.53907,25.69951],[93.5369,25.70155],[93.53401,25.70023],[93.53089,25.69707],[93.5307,25.69306],[93.52808,25.69186],[93.52268,25.69278],[93.52329,25.69707],[93.52195,25.69779],[93.51918,25.69163],[93.51203,25.68537],[93.5127,25.68372],[93.51609,25.6829],[93.51746,25.68008],[93.51382,25.67797],[93.51028,25.6723],[93.50676,25.67265],[93.50898,25.66891],[93.50494,25.66706],[93.5058,25.66408],[93.5,25.661],[93.497,25.65512],[93.49114,25.65357],[93.48773,25.65448],[93.48777,25.65139],[93.48609,25.64888],[93.48193,25.65155],[93.48294,25.64546],[93.48224,25.64468],[93.47675,25.64777],[93.47383,25.64401],[93.47149,25.6454],[93.4688,25.64433],[93.47231,25.64326],[93.47204,25.64239],[93.46417,25.64462],[93.46046,25.64062],[93.45731,25.64114],[93.45573,25.63869],[93.4606,25.63678],[93.4609,25.63231],[93.45509,25.63385],[93.44959,25.63953],[93.44948,25.63561],[93.44666,25.6346],[93.44523,25.63699],[93.44569,25.63893],[93.44437,25.63961],[93.44216,25.63817],[93.44162,25.63468],[93.43973,25.63567],[93.43736,25.63481],[93.43726,25.63166],[93.43457,25.63119],[93.43366,25.62943],[93.43043,25.62947],[93.42738,25.63253],[93.42491,25.6303],[93.42455,25.62547],[93.42148,25.62585],[93.41997,25.6247],[93.42226,25.62043],[93.42161,25.61824],[93.41835,25.61764],[93.41373,25.62099],[93.41436,25.61805],[93.41048,25.61654],[93.41101,25.61359],[93.40963,25.61324],[93.40783,25.61441],[93.40626,25.6114],[93.40152,25.61109],[93.40216,25.6069],[93.40127,25.60577],[93.40287,25.60216],[93.39947,25.59907],[93.39878,25.59603],[93.39791,25.59568],[93.39695,25.59703],[93.3947,25.59445],[93.39403,25.59607],[93.39243,25.5959],[93.39219,25.59419],[93.38966,25.59312],[93.38929,25.5911],[93.3856,25.59277],[93.38695,25.58997],[93.38555,25.58866],[93.38575,25.58705],[93.38341,25.58792],[93.38206,25.58396],[93.37943,25.58389],[93.37835,25.5826],[93.37911,25.58152],[93.38159,25.58197],[93.37965,25.57898],[93.37983,25.57658],[93.3743,25.57709],[93.37539,25.57308],[93.36951,25.57042],[93.36554,25.56518],[93.36352,25.56639],[93.36245,25.566],[93.36159,25.56387],[93.36406,25.5612],[93.36114,25.55976],[93.36054,25.55789],[93.35847,25.55726],[93.35872,25.55463],[93.35734,25.5545],[93.35644,25.55619],[93.35461,25.55552],[93.35244,25.55762],[93.35216,25.55999],[93.34584,25.55911],[93.34328,25.56004],[93.33798,25.55687],[93.33575,25.55398],[93.33708,25.55283],[93.33261,25.54838],[93.32949,25.54863],[93.32697,25.54696],[93.32745,25.54493],[93.33015,25.54348],[93.33049,25.54203],[93.33299,25.54236],[93.33378,25.53959],[93.33639,25.53873],[93.33498,25.53442],[93.34036,25.53284],[93.34124,25.53373],[93.34057,25.53495],[93.34508,25.53419],[93.34697,25.53328],[93.34629,25.53107],[93.34833,25.52994],[93.35034,25.532],[93.34997,25.52868],[93.35266,25.5283],[93.35509,25.52478],[93.35628,25.51688],[93.35769,25.51527],[93.35686,25.5137],[93.36158,25.51234],[93.36213,25.50671],[93.364,25.50653],[93.36433,25.50376],[93.3692,25.50353],[93.36706,25.50096],[93.36752,25.49924],[93.37204,25.49777],[93.37386,25.49864],[93.37461,25.49714],[93.37672,25.49774],[93.3758,25.49586],[93.37755,25.49541],[93.37706,25.49323],[93.37935,25.49291],[93.38162,25.49099],[93.38543,25.49071],[93.38378,25.48801],[93.38651,25.48763],[93.38453,25.48519],[93.38593,25.48492],[93.38587,25.48341],[93.39137,25.48245],[93.38961,25.48102],[93.38901,25.47865],[93.3864,25.47765],[93.38916,25.47657],[93.3881,25.47556],[93.38918,25.47438],[93.38879,25.47261],[93.38583,25.47147],[93.38431,25.46932],[93.38521,25.46845],[93.38674,25.46911],[93.38586,25.46776],[93.38704,25.46617],[93.39036,25.46468],[93.38818,25.46374],[93.39023,25.4604],[93.39167,25.46199],[93.39389,25.45857],[93.39629,25.46074],[93.39723,25.46046],[93.40061,25.45658],[93.40033,25.45421],[93.40256,25.45083],[93.40692,25.44998],[93.40872,25.44829],[93.41041,25.44987],[93.41555,25.44498],[93.41995,25.44496],[93.4217,25.44695],[93.42561,25.44832],[93.43639,25.44818],[93.43855,25.44551],[93.43753,25.44304],[93.43952,25.44101],[93.44333,25.4411],[93.44891,25.4376],[93.45029,25.43565],[93.45543,25.4344],[93.45819,25.43098],[93.45833,25.42592],[93.46094,25.42237],[93.46232,25.41785],[93.45933,25.40837],[93.45966,25.40323],[93.4632,25.39559],[93.47025,25.38972],[93.47299,25.38599],[93.47361,25.37928],[93.47177,25.37589],[93.47253,25.37428],[93.46501,25.36067],[93.4638,25.35964],[93.45875,25.36068],[93.45158,25.35395],[93.45196,25.34703],[93.44998,25.34537],[93.45027,25.34309],[93.44843,25.34064],[93.45205,25.33596],[93.45651,25.33538],[93.45542,25.33214],[93.45667,25.32986],[93.4536,25.32411],[93.45343,25.32146],[93.46663,25.31182],[93.4705,25.30506],[93.4673,25.30166],[93.46316,25.30147],[93.45863,25.29577],[93.45536,25.29347],[93.4527,25.29217],[93.44532,25.29134],[93.44409,25.28985],[93.43606,25.28782],[93.43078,25.28295],[93.42752,25.28324],[93.4267,25.27964],[93.42515,25.27988],[93.42053,25.27746],[93.41909,25.27073],[93.41728,25.26871],[93.41594,25.26427],[93.40898,25.26246],[93.40668,25.26078],[93.40382,25.26145],[93.40116,25.26062],[93.39366,25.25474],[93.39259,25.24997],[93.39079,25.24897],[93.3866,25.24278],[93.38334,25.24228],[93.38112,25.23963],[93.38096,25.23794],[93.38269,25.23725],[93.38164,25.23431],[93.38426,25.23352],[93.38465,25.23136],[93.38127,25.22736],[93.38223,25.22659],[93.38178,25.2229],[93.3794,25.22222],[93.37854,25.22046],[93.37662,25.22108],[93.37561,25.22014],[93.37671,25.21788],[93.37493,25.21725],[93.37338,25.21484],[93.37383,25.21182],[93.36894,25.21097],[93.37072,25.20789],[93.3661,25.2061],[93.36562,25.19808],[93.36332,25.1961],[93.35938,25.19531],[93.35999,25.19185],[93.35671,25.19188],[93.35737,25.1876],[93.35616,25.18896],[93.35412,25.18767],[93.35496,25.18593],[93.35134,25.1832],[93.3515,25.17966],[93.34981,25.1795],[93.34961,25.17674],[93.34587,25.16981],[93.34624,25.16689],[93.34409,25.1628],[93.34401,25.15913],[93.34657,25.15708],[93.34518,25.15074],[93.34686,25.14302],[93.34614,25.14058],[93.34751,25.13877],[93.34625,25.13776],[93.34396,25.13829],[93.34238,25.13749],[93.34534,25.13034],[93.34499,25.129],[93.34172,25.12671],[93.34526,25.12346],[93.34118,25.12306],[93.3422,25.11989],[93.33933,25.11549],[93.34141,25.11383],[93.33675,25.1116],[93.33808,25.1099],[93.33246,25.10073],[93.33354,25.09799],[93.3317,25.09605],[93.33237,25.09352],[93.32754,25.0934],[93.3246,25.09133],[93.32188,25.09082],[93.31492,25.08462],[93.31274,25.07935],[93.30611,25.07164],[93.30631,25.06825],[93.30282,25.06436],[93.30259,25.06137],[93.30556,25.05743],[93.30423,25.05562],[93.30206,25.05646],[93.30079,25.05586],[93.3021,25.05424],[93.29996,25.04604],[93.29754,25.04658],[93.29941,25.04935],[93.2988,25.05195],[93.29735,25.05078],[93.2948,25.05106],[93.29368,25.04633],[93.29136,25.04864],[93.28897,25.04568],[93.28718,25.04701],[93.28346,25.045],[93.2827,25.04901],[93.27966,25.04722],[93.28007,25.051],[93.27731,25.04957],[93.27639,25.05087],[93.27451,25.05094],[93.27215,25.04844],[93.27045,25.05077],[93.2642,25.04936],[93.26227,25.04591],[93.26462,25.04565],[93.26605,25.04384],[93.26398,25.04311],[93.26219,25.04072],[93.25962,25.04121],[93.25835,25.03802],[93.25989,25.03497],[93.25669,25.03082],[93.25484,25.02999],[93.25379,25.02716],[93.2519,25.02789],[93.25135,25.02714],[93.25117,25.02585],[93.25404,25.02547],[93.2525,25.02293],[93.25395,25.02058],[93.24908,25.02009],[93.24728,25.01799],[93.24388,25.01829],[93.24374,25.01612],[93.24767,25.0149],[93.24472,25.01171],[93.24178,25.00393],[93.2442,25.00326],[93.24439,24.99809],[93.24686,24.99738],[93.24888,24.99891],[93.24957,25.00037],[93.24878,25.00299],[93.2505,25.00432],[93.25234,25.00093],[93.25701,25.00474],[93.25978,25.00159],[93.25863,24.99948],[93.25416,25.00023],[93.25277,24.99891],[93.25298,24.99734],[93.25704,24.99607],[93.25434,24.99279],[93.25141,24.98601],[93.25343,24.98207],[93.24944,24.97934],[93.24934,24.97704],[93.25182,24.97729],[93.25203,24.97645],[93.24942,24.97256],[93.2534,24.96907],[93.25788,24.97133],[93.25957,24.96548],[93.26176,24.96273],[93.26032,24.95895],[93.25812,24.95778],[93.25813,24.95452],[93.25618,24.95341],[93.25851,24.95054],[93.25809,24.94968],[93.25615,24.94928],[93.24844,24.95329],[93.24536,24.95081],[93.24913,24.94817],[93.24917,24.94684],[93.24732,24.94512],[93.25097,24.94341],[93.25127,24.94064],[93.24762,24.9398],[93.24492,24.94119],[93.23681,24.93716],[93.23713,24.93253],[93.24264,24.93611],[93.2451,24.93539],[93.24471,24.9325],[93.2417,24.93059],[93.24096,24.92764],[93.23849,24.92568],[93.23934,24.92437],[93.24597,24.92525],[93.24884,24.91485],[93.24406,24.91055],[93.23903,24.91062],[93.23651,24.91227],[93.2352,24.91141],[93.23778,24.90582],[93.24032,24.90513],[93.2408,24.90336],[93.23849,24.8987],[93.23201,24.89904],[93.22961,24.89782],[93.22942,24.89578],[93.23206,24.89388],[93.23212,24.89188],[93.22758,24.89293],[93.22602,24.89193],[93.22799,24.88834],[93.23155,24.88754],[93.23279,24.88466],[93.23124,24.88392],[93.22774,24.88503],[93.22657,24.88157],[93.22492,24.88018],[93.22151,24.88152],[93.22196,24.87766],[93.22644,24.87283],[93.22036,24.87352],[93.22145,24.86951],[93.21834,24.86764],[93.2169,24.86535],[93.21471,24.86529],[93.21361,24.86063],[93.21003,24.85608],[93.20687,24.85576],[93.20407,24.85105],[93.20239,24.85124],[93.20112,24.85436],[93.19955,24.85515],[93.19741,24.8553],[93.19483,24.85385],[93.19812,24.85301],[93.20126,24.84854],[93.20155,24.84206],[93.19997,24.84152],[93.19543,24.84433],[93.19231,24.84276],[93.19175,24.84002],[93.19611,24.83669],[93.19969,24.83948],[93.2006,24.83795],[93.19779,24.83416],[93.19327,24.83557],[93.19161,24.8344],[93.19165,24.83299],[93.19591,24.83091],[93.19189,24.82458],[93.19006,24.81864],[93.19678,24.81243],[93.19681,24.81114],[93.19422,24.80902],[93.19112,24.80395],[93.18223,24.80249],[93.17995,24.80307],[93.17935,24.79721],[93.17615,24.79385],[93.17469,24.7938],[93.17359,24.796],[93.17357,24.80123],[93.17068,24.80185],[93.16109,24.79623],[93.15987,24.79338],[93.15618,24.79133],[93.15424,24.78871],[93.14946,24.78737],[93.1485,24.78908],[93.15115,24.79228],[93.15117,24.79468],[93.14626,24.79744],[93.1434,24.79645],[93.14175,24.79728],[93.1411,24.80126],[93.13906,24.80274],[93.13712,24.80657],[93.13471,24.80813],[93.13836,24.80896],[93.13857,24.80999],[93.13483,24.81058],[93.13176,24.80521],[93.13039,24.80535],[93.12703,24.80876],[93.11886,24.80766],[93.1179,24.80925],[93.12194,24.81662],[93.12137,24.81922],[93.11528,24.81428],[93.11123,24.81326],[93.10943,24.81148],[93.1114,24.80058],[93.10798,24.79487],[93.10839,24.79184],[93.10481,24.79128],[93.10611,24.78844],[93.1043,24.78631],[93.10522,24.78111],[93.10052,24.77942],[93.10028,24.7736],[93.10329,24.76942],[93.10361,24.7672],[93.10238,24.75922],[93.09825,24.75437],[93.10112,24.74958],[93.09833,24.74675],[93.09988,24.74317],[93.1016,24.74277],[93.10182,24.74638],[93.10272,24.74685],[93.10776,24.74144],[93.0971,24.73195],[93.09589,24.72421],[93.09065,24.72508],[93.09037,24.72139],[93.09295,24.72008],[93.09325,24.71891],[93.09079,24.71818],[93.0901,24.71432],[93.08662,24.70953],[93.08292,24.70867],[93.07738,24.71296],[93.07355,24.70781],[93.08184,24.70216],[93.08342,24.69813],[93.09126,24.68803],[93.09229,24.68548],[93.08985,24.67972],[93.09011,24.67717],[93.09228,24.67686],[93.09855,24.68011],[93.10191,24.6807],[93.10391,24.67785],[93.10415,24.67416],[93.09647,24.66426],[93.09537,24.65283],[93.08625,24.65273],[93.08319,24.64981],[93.08327,24.6469],[93.08763,24.63699],[93.08728,24.62967],[93.08521,24.62817],[93.07872,24.62885],[93.07568,24.62454],[93.07714,24.62008],[93.08327,24.61576],[93.08421,24.6136],[93.07394,24.60561],[93.07115,24.60064],[93.08027,24.59011],[93.08921,24.59238],[93.09359,24.5917],[93.10158,24.58759],[93.10427,24.5845],[93.10436,24.58238],[93.10184,24.58079],[93.09321,24.5815],[93.08916,24.57337],[93.0844,24.57113],[93.08196,24.57118],[93.07574,24.57505],[93.06216,24.57624],[93.05818,24.57384],[93.05959,24.57094],[93.06917,24.56188],[93.07081,24.55805],[93.06462,24.54679],[93.0617,24.54731],[93.06052,24.55358],[93.05701,24.55441],[93.04999,24.54421],[93.04719,24.52857],[93.05055,24.5232],[93.05013,24.51943],[93.04131,24.51557],[93.03874,24.51287],[93.03721,24.50939],[93.04273,24.50635],[93.04277,24.50479],[93.03256,24.4953],[93.03285,24.49353],[93.04024,24.48631],[93.04637,24.47357],[93.04677,24.46751],[93.04556,24.46328],[93.04366,24.46177],[93.03811,24.46193],[93.03572,24.45976],[93.03643,24.44222],[93.03292,24.42875],[93.03728,24.42362],[93.04265,24.42055],[93.04309,24.4165],[93.04164,24.41301],[93.03247,24.40856],[93.02344,24.40675],[93.01617,24.40871],[93.01495,24.41019],[93.01507,24.41553],[93.014,24.41696],[93.01195,24.41672],[93.01007,24.41505],[93.00885,24.41168],[93.00693,24.41186],[93.00596,24.41081],[93.00575,24.40947],[93.00751,24.40961],[93.00645,24.4076],[93.00385,24.40713],[93.00363,24.40547],[92.99894,24.40031],[92.99427,24.39911],[92.99199,24.3993],[92.98864,24.40369],[92.98441,24.40518],[92.9848,24.40581],[92.97364,24.40847],[92.97294,24.40714],[92.97382,24.40588],[92.96847,24.40136],[92.9662,24.39701],[92.95926,24.39207],[92.9573,24.39224],[92.95638,24.39345],[92.95327,24.40175],[92.95115,24.40316],[92.94759,24.40253],[92.94717,24.40095],[92.94544,24.40022],[92.94209,24.40136],[92.93929,24.40089],[92.93891,24.3994],[92.93668,24.39856],[92.93468,24.39298],[92.93118,24.39317],[92.9275,24.39664],[92.92641,24.39575],[92.92417,24.39622],[92.92434,24.39806],[92.92035,24.40105],[92.92187,24.40197],[92.92197,24.40368],[92.92094,24.40327],[92.91689,24.40653],[92.90925,24.4103],[92.91094,24.41214],[92.90932,24.41307],[92.90705,24.41145],[92.90669,24.40292],[92.90285,24.39593],[92.90249,24.39432],[92.9039,24.39237],[92.90286,24.39123],[92.89995,24.39079],[92.89295,24.39284],[92.89181,24.39612],[92.89254,24.39764],[92.89078,24.3985],[92.89143,24.40061],[92.88954,24.40014],[92.88853,24.3985],[92.88366,24.40258],[92.87332,24.39503],[92.87049,24.39572],[92.86878,24.39481],[92.86092,24.39866],[92.85644,24.39379],[92.85243,24.39227],[92.8496,24.38979],[92.84785,24.38629],[92.84622,24.38616],[92.84521,24.37987],[92.84334,24.37803],[92.83983,24.37686],[92.83573,24.37865],[92.82958,24.37376],[92.82571,24.37719],[92.82659,24.3814],[92.82537,24.38462],[92.82312,24.38663],[92.82479,24.39175],[92.82914,24.39707],[92.82992,24.40045],[92.82766,24.40228],[92.82372,24.40205],[92.82014,24.40387],[92.81873,24.40564],[92.81911,24.40728],[92.81766,24.40818],[92.81892,24.41021],[92.81486,24.40894],[92.81243,24.40945],[92.81214,24.41164],[92.81005,24.41202],[92.81159,24.41345],[92.80878,24.41284],[92.8082,24.4151],[92.80898,24.41586],[92.80777,24.41593],[92.80682,24.41901],[92.80432,24.41769],[92.79935,24.41929],[92.79927,24.42008],[92.80177,24.42074],[92.80267,24.42452],[92.80114,24.42552],[92.80125,24.42981],[92.79654,24.43323],[92.77191,24.50058],[92.77075,24.50144],[92.76384,24.52098],[92.763,24.52113],[92.76099,24.51843],[92.76119,24.51676],[92.75765,24.51254],[92.75805,24.51102],[92.75604,24.51126],[92.75613,24.50957],[92.75215,24.50623],[92.75189,24.50401],[92.75422,24.502],[92.74934,24.49498],[92.7503,24.49246],[92.74634,24.4868],[92.74374,24.47829],[92.74033,24.4726],[92.73993,24.46851],[92.73645,24.46295],[92.73061,24.44901],[92.7275,24.44642],[92.72612,24.43851],[92.72171,24.43195],[92.72286,24.42811],[92.71797,24.42015],[92.71739,24.4156],[92.71509,24.41498],[92.7129,24.41121],[92.71509,24.40954],[92.71138,24.40722],[92.71327,24.40332],[92.70922,24.39735],[92.71005,24.3961],[92.70928,24.39337],[92.70647,24.39215],[92.70734,24.38699],[92.70566,24.38438],[92.70409,24.38464],[92.70445,24.38259],[92.70322,24.38033],[92.70463,24.37831],[92.70361,24.37545],[92.7019,24.37435],[92.70045,24.375],[92.70007,24.37386],[92.69764,24.3743],[92.69533,24.36885],[92.69282,24.36847],[92.69476,24.36536],[92.69348,24.36535],[92.69398,24.36418],[92.69117,24.36252],[92.69151,24.35754],[92.68925,24.35524],[92.68976,24.3536],[92.68376,24.35046],[92.68484,24.34654],[92.6791,24.3478],[92.67716,24.35015],[92.67339,24.34964],[92.66894,24.34609],[92.66793,24.34685],[92.6663,24.3463],[92.66562,24.34964],[92.66427,24.34606],[92.66316,24.34882],[92.66137,24.34816],[92.66062,24.34405],[92.65768,24.34438],[92.65911,24.3419],[92.65161,24.33547],[92.65172,24.33105],[92.65011,24.3316],[92.65019,24.32923],[92.64923,24.3286],[92.64617,24.33095],[92.64576,24.32778],[92.63872,24.32842],[92.64036,24.33361],[92.6363,24.33134],[92.63542,24.33356],[92.63869,24.33445],[92.63569,24.3367],[92.63024,24.33362],[92.62477,24.33408],[92.62243,24.33134],[92.62234,24.32811],[92.62368,24.32728],[92.62243,24.32672],[92.62313,24.32609],[92.62155,24.32371],[92.62374,24.3228],[92.62361,24.32028],[92.62178,24.31886],[92.62167,24.31672],[92.61955,24.31354],[92.61875,24.3094],[92.6195,24.30801],[92.6183,24.30745],[92.61919,24.30602],[92.61819,24.29818],[92.61591,24.28958],[92.61971,24.28713],[92.61816,24.28406],[92.61835,24.28119],[92.6171,24.28025],[92.6179,24.27709],[92.6166,24.27507],[92.61533,24.26457],[92.61311,24.25865],[92.61416,24.25595],[92.61269,24.25542],[92.6123,24.25347],[92.60605,24.24845],[92.6026,24.24857],[92.60091,24.25015],[92.59571,24.25049],[92.58903,24.24877],[92.57213,24.25188],[92.56261,24.2512],[92.55595,24.24681],[92.5509,24.24722],[92.54705,24.23645],[92.54687,24.23297],[92.54848,24.23186],[92.54675,24.22991],[92.54774,24.22313],[92.54712,24.22016],[92.54582,24.21882],[92.54592,24.21691],[92.5436,24.21581],[92.5423,24.21344],[92.54326,24.21147],[92.54096,24.21024],[92.54201,24.20752],[92.54048,24.20358],[92.53669,24.20126],[92.53784,24.19677],[92.53464,24.19367],[92.53111,24.18511],[92.53421,24.18015],[92.52893,24.17808],[92.53017,24.17632],[92.52404,24.17144],[92.51934,24.1739],[92.51552,24.17886],[92.50997,24.17246],[92.51211,24.17048],[92.51468,24.17072],[92.51441,24.16946],[92.51152,24.16913],[92.50917,24.17058],[92.50691,24.16988],[92.50876,24.16737],[92.51151,24.16633],[92.51141,24.16541],[92.51004,24.1646],[92.50753,24.16706],[92.50327,24.16777],[92.50618,24.16413],[92.50568,24.16331],[92.50335,24.16343],[92.50151,24.16039],[92.49421,24.16018],[92.49193,24.16085],[92.49039,24.16279],[92.48667,24.16206],[92.48392,24.16317],[92.48241,24.16061],[92.48342,24.15826],[92.47943,24.15661],[92.48184,24.15597],[92.48064,24.15434],[92.4807,24.15003],[92.47705,24.1474],[92.48061,24.14541],[92.47858,24.14413],[92.47896,24.14232],[92.47747,24.14202],[92.47462,24.14364],[92.47426,24.1424],[92.47273,24.14205],[92.47224,24.13971],[92.46881,24.14031],[92.4674,24.13871],[92.46568,24.13865],[92.46548,24.13627],[92.46331,24.13687],[92.46379,24.13889],[92.46212,24.13735],[92.46101,24.13764],[92.45961,24.14111],[92.45683,24.14273],[92.45673,24.14436],[92.45429,24.14498],[92.45237,24.1442],[92.45058,24.14714],[92.44953,24.1468],[92.45018,24.14437],[92.44912,24.14397],[92.44732,24.14841],[92.44568,24.14925],[92.4428,24.15446],[92.44046,24.15275],[92.43642,24.15303],[92.43584,24.16513],[92.43792,24.16951],[92.43662,24.17283],[92.43401,24.17513],[92.43573,24.17929],[92.43237,24.18448],[92.42155,24.1895],[92.41917,24.19194],[92.42132,24.20126],[92.41876,24.20469],[92.41943,24.20977],[92.41858,24.21264],[92.42117,24.21811],[92.41936,24.22613],[92.42254,24.25499],[92.28958,24.25249],[92.21287,24.24993],[92.26573,24.36602],[92.26814,24.36788],[92.26806,24.37811],[92.27289,24.37897],[92.27082,24.38035],[92.27096,24.3826],[92.26887,24.38239],[92.26864,24.38406],[92.27157,24.38518],[92.27409,24.38832],[92.27202,24.39236],[92.26911,24.39254],[92.27081,24.39628],[92.26933,24.39847],[92.26414,24.39895],[92.26237,24.40254],[92.26172,24.40869],[92.26349,24.40947],[92.26328,24.41119],[92.25448,24.42053],[92.25437,24.4223],[92.25654,24.42484],[92.25689,24.43202],[92.25936,24.43403],[92.2594,24.43921],[92.25631,24.44046],[92.25347,24.44031],[92.25311,24.44245],[92.25208,24.44198],[92.24647,24.44533],[92.24382,24.44452],[92.24124,24.44696],[92.23887,24.44763],[92.23485,24.45274],[92.23639,24.45498],[92.23634,24.45832],[92.23016,24.46165],[92.23089,24.46604],[92.22869,24.47097],[92.22881,24.47572],[92.23345,24.48432],[92.23548,24.48392],[92.23662,24.48472],[92.22992,24.49284],[92.23051,24.49998],[92.21271,24.50372],[92.22023,24.5149],[92.22011,24.51631],[92.2238,24.51745],[92.22872,24.52845],[92.23114,24.53121],[92.23221,24.57139],[92.23461,24.57515],[92.23459,24.57776],[92.23302,24.57847],[92.2363,24.59456],[92.23539,24.59755],[92.23701,24.59902],[92.23925,24.60777],[92.24059,24.6081],[92.24239,24.61153],[92.24235,24.61537],[92.24399,24.61652],[92.24354,24.6254],[92.24829,24.63772],[92.24936,24.64293],[92.24851,24.64443],[92.24984,24.64796],[92.24708,24.65474],[92.24847,24.65835],[92.24997,24.65988],[92.25166,24.65996],[92.25712,24.67318],[92.25453,24.67496],[92.25442,24.67803],[92.25601,24.6797],[92.25837,24.6795],[92.25988,24.68145],[92.2578,24.68286],[92.25892,24.68619],[92.26161,24.69012],[92.265,24.6905],[92.26676,24.6942],[92.26786,24.69435],[92.27024,24.69989],[92.27612,24.70744],[92.27499,24.70808],[92.27621,24.71074],[92.28536,24.71984],[92.29201,24.73024],[92.2942,24.7317],[92.29358,24.73245],[92.29477,24.7332],[92.29388,24.73461],[92.29603,24.73646],[92.28127,24.74225],[92.28192,24.74338],[92.27916,24.7453],[92.28035,24.74579],[92.2798,24.74817],[92.28694,24.75576],[92.28751,24.75828],[92.29013,24.75971],[92.29014,24.76066],[92.28574,24.76294],[92.28507,24.76848],[92.28306,24.77081],[92.2818,24.77532],[92.28471,24.77461],[92.28491,24.77652],[92.28642,24.77686],[92.28792,24.77919],[92.28892,24.78449],[92.28742,24.78741],[92.28854,24.78818],[92.28108,24.79061],[92.27944,24.79324],[92.27988,24.79556],[92.27889,24.79742],[92.27388,24.79901],[92.27312,24.80019],[92.27531,24.80371],[92.27423,24.8065],[92.2762,24.81032],[92.27542,24.81113],[92.27626,24.81204],[92.27385,24.81412],[92.27629,24.81544],[92.27278,24.82132],[92.27308,24.82744],[92.26929,24.82983],[92.26037,24.83024],[92.253,24.83215],[92.25225,24.8305],[92.24908,24.82975],[92.24837,24.8323],[92.25172,24.83421],[92.25024,24.83586],[92.25497,24.83845],[92.24251,24.84045],[92.24268,24.84195],[92.24146,24.84202],[92.24148,24.84984],[92.23976,24.85261],[92.23981,24.8577],[92.23589,24.859],[92.23493,24.86139],[92.23821,24.86816],[92.24627,24.86749],[92.24486,24.87125],[92.24683,24.87199],[92.24713,24.88489],[92.2481,24.88549],[92.24723,24.88752],[92.23944,24.89001],[92.23948,24.89189],[92.23666,24.89195],[92.23566,24.89322],[92.23611,24.89914],[92.23287,24.90015],[92.23561,24.90287],[92.24142,24.90447],[92.24837,24.90887],[92.25912,24.90663],[92.267,24.90692],[92.27179,24.90492],[92.28206,24.90585],[92.28347,24.90645],[92.28411,24.91011],[92.28665,24.91202],[92.29483,24.91549],[92.29943,24.91572],[92.30349,24.9136],[92.30626,24.9098],[92.30727,24.9067],[92.30695,24.90203],[92.31301,24.89859],[92.3161,24.89519],[92.32289,24.89718],[92.32675,24.89641],[92.32868,24.88881],[92.33922,24.87826],[92.34204,24.87843],[92.34404,24.88019],[92.34498,24.88371],[92.34428,24.88852],[92.34584,24.89124],[92.348,24.89162],[92.35436,24.87947],[92.36132,24.87819],[92.3634,24.87191],[92.36618,24.87208],[92.37168,24.87491],[92.37474,24.87395],[92.37701,24.87056],[92.37748,24.8631],[92.38405,24.85834],[92.38494,24.85227],[92.4001,24.84865],[92.40278,24.8497],[92.40299,24.85575],[92.40637,24.85894],[92.41466,24.8583],[92.4254,24.85285],[92.43012,24.85465],[92.4374,24.85561],[92.44006,24.8578],[92.44106,24.86051],[92.44114,24.86848],[92.4448,24.87198],[92.461,24.87314],[92.47614,24.86734],[92.47704,24.87049],[92.4793,24.87246],[92.48792,24.87131],[92.48787,24.87283],[92.48957,24.87256],[92.4923,24.87557],[92.49125,24.87964],[92.49198,24.88249],[92.49116,24.89146],[92.49684,24.90202],[92.49378,24.90399],[92.49289,24.90611],[92.49498,24.91333],[92.4946,24.91586],[92.48756,24.92062],[92.484,24.92846],[92.48412,24.93349],[92.48786,24.94381],[92.48762,24.94677],[92.48591,24.94768],[92.48361,24.94728],[92.47881,24.94296],[92.47565,24.94177],[92.46431,24.94139],[92.45312,24.93853],[92.44927,24.93876],[92.44787,24.9437],[92.44974,24.94999],[92.45373,24.95365],[92.46615,24.95707],[92.46837,24.95991],[92.46817,24.96303],[92.46059,24.96981],[92.45763,24.9706],[92.44763,24.965],[92.44273,24.9662],[92.4237,24.96484],[92.42033,24.96595],[92.4196,24.96853],[92.42208,24.98849],[92.42051,24.99033],[92.41635,24.98992],[92.4242,25.00949],[92.42424,25.01937],[92.42592,25.02006],[92.42528,25.02956],[92.42925,25.02915],[92.43223,25.03513],[92.43819,25.03465],[92.43906,25.0388],[92.43828,25.04387],[92.4443,25.04519],[92.44545,25.04368],[92.44731,25.04333],[92.44907,25.04056],[92.45277,25.04075],[92.45806,25.03873],[92.45981,25.03704],[92.46429,25.03744],[92.46298,25.03958],[92.46429,25.04362],[92.46229,25.04597],[92.46238,25.04813],[92.46051,25.04873],[92.45705,25.04667],[92.45698,25.05407],[92.46023,25.05729],[92.46232,25.0549],[92.46366,25.05494],[92.46357,25.05808],[92.46535,25.05867],[92.46843,25.06589],[92.47203,25.06725],[92.47238,25.07011],[92.47118,25.07194],[92.47202,25.07463],[92.47067,25.0766],[92.47535,25.07777],[92.47563,25.07998],[92.47411,25.08197],[92.47758,25.08255],[92.47716,25.08501],[92.47941,25.08661],[92.47731,25.09078],[92.47743,25.10019],[92.48063,25.10831],[92.49102,25.10769],[92.49696,25.10951],[92.5059,25.10474],[92.50892,25.10422],[92.51995,25.10594],[92.52782,25.104],[92.52922,25.10329],[92.53052,25.10031],[92.53396,25.09898],[92.53942,25.09905],[92.53484,25.10811],[92.52907,25.11506],[92.52864,25.1184],[92.5231,25.12597],[92.52265,25.13303],[92.52067,25.13648],[92.52178,25.13938],[92.52343,25.13862],[92.5249,25.13519],[92.53836,25.13349],[92.54309,25.13107],[92.5489,25.13041],[92.55536,25.12695],[92.55686,25.12724],[92.5598,25.13034],[92.5613,25.13044],[92.56815,25.12845],[92.57262,25.13065],[92.5771,25.13121],[92.58251,25.12856],[92.58893,25.12871],[92.59282,25.12589],[92.59501,25.1222],[92.60429,25.12344],[92.6089,25.12262],[92.61632,25.1158],[92.61923,25.11467],[92.62143,25.11503],[92.62577,25.12362],[92.62888,25.12646],[92.62729,25.13095],[92.62831,25.1381],[92.63246,25.14222],[92.63552,25.14349],[92.63868,25.14773],[92.64421,25.15066],[92.64629,25.15043],[92.65209,25.1523],[92.65576,25.15495],[92.65802,25.15884],[92.65843,25.17195],[92.66348,25.17667],[92.66796,25.17408],[92.66859,25.1767],[92.67645,25.18277],[92.68338,25.17954],[92.68711,25.18036],[92.69099,25.17876],[92.6939,25.17924],[92.70262,25.18838],[92.70924,25.19007],[92.71614,25.19578],[92.72473,25.19851],[92.73722,25.20054],[92.73955,25.20232],[92.74085,25.20553],[92.74287,25.20665],[92.7468,25.20651],[92.75484,25.20183],[92.76281,25.20159],[92.76747,25.20349],[92.77621,25.19961],[92.78192,25.20325],[92.78605,25.20935],[92.79098,25.21035],[92.79503,25.20975],[92.80291,25.21617],[92.80152,25.22024],[92.79643,25.22164],[92.79388,25.22382],[92.78911,25.22468],[92.78203,25.23016],[92.77167,25.22998],[92.77016,25.23733],[92.76189,25.24653],[92.76263,25.24927],[92.76646,25.25214],[92.77118,25.25099],[92.77497,25.252],[92.77775,25.25818],[92.77411,25.26256],[92.7692,25.26559],[92.76831,25.268],[92.77556,25.26968],[92.77994,25.27384],[92.78729,25.27428],[92.79223,25.28241],[92.78719,25.28972],[92.78719,25.29581],[92.78306,25.29972],[92.7811,25.30556],[92.7817,25.30839],[92.78525,25.31188],[92.78656,25.31481],[92.78366,25.32442],[92.78356,25.32937],[92.78132,25.33367],[92.77722,25.33417],[92.7699,25.33851],[92.76379,25.3339],[92.7605,25.33378],[92.75593,25.33864],[92.7546,25.34238],[92.7499,25.3441],[92.74995,25.34994],[92.74642,25.35833],[92.73955,25.36131],[92.73879,25.36695],[92.73411,25.36758],[92.73236,25.36892],[92.73326,25.37272],[92.73802,25.37933],[92.73109,25.38],[92.72375,25.37882],[92.7214,25.37758],[92.71978,25.37376],[92.71794,25.37263],[92.70988,25.38451],[92.70176,25.38448],[92.69828,25.38632],[92.69283,25.39767],[92.68961,25.39968],[92.68815,25.40208],[92.67778,25.40702],[92.67353,25.41402],[92.66752,25.41483],[92.66353,25.4065],[92.66164,25.40635],[92.65641,25.41154],[92.6519,25.41924],[92.65146,25.42584],[92.65442,25.4326],[92.65362,25.43352],[92.64708,25.42824],[92.64519,25.42478],[92.64198,25.42223],[92.6415,25.41887],[92.63956,25.41757],[92.63672,25.42141],[92.63584,25.42732],[92.62565,25.43492],[92.62525,25.43114],[92.62838,25.42388],[92.62764,25.42197],[92.62461,25.42092],[92.61858,25.423],[92.6151,25.42111],[92.61126,25.41517],[92.60663,25.41323],[92.60533,25.41466],[92.6045,25.4209],[92.60698,25.42763],[92.60307,25.43513],[92.6035,25.44559],[92.60452,25.44788],[92.60259,25.44949],[92.59762,25.45024],[92.60025,25.4648],[92.59685,25.46984],[92.59433,25.47057],[92.59029,25.4699],[92.58432,25.46523],[92.58253,25.46715],[92.58222,25.4717],[92.58017,25.47185],[92.56881,25.4637],[92.56616,25.46333],[92.56449,25.46512],[92.56416,25.4738],[92.56774,25.48136],[92.57329,25.48807],[92.57365,25.49048],[92.58491,25.49653],[92.59109,25.50115],[92.5973,25.50246],[92.5999,25.50635],[92.60552,25.50884],[92.60908,25.51181],[92.6202,25.51606],[92.62299,25.51943],[92.62769,25.52197],[92.62885,25.52485],[92.63191,25.52774],[92.63776,25.53024],[92.63957,25.53285],[92.64284,25.53481],[92.64206,25.54158],[92.64305,25.54842],[92.64585,25.55428],[92.64542,25.55574],[92.64746,25.55746],[92.65679,25.56085],[92.65748,25.56975],[92.66146,25.57219],[92.65831,25.57406],[92.65865,25.57813],[92.65264,25.59144],[92.64922,25.59244],[92.64164,25.58875],[92.63374,25.58092],[92.63002,25.57183],[92.62203,25.56552],[92.60891,25.56247],[92.60188,25.56229],[92.60155,25.55767],[92.59998,25.55504],[92.59482,25.55159],[92.58996,25.5526],[92.58407,25.55045],[92.58236,25.55763],[92.57542,25.55851],[92.57249,25.55735],[92.57018,25.55975],[92.56767,25.56058],[92.56361,25.56618],[92.55673,25.57096],[92.55714,25.57492],[92.55622,25.57665],[92.55877,25.58012],[92.55494,25.58457],[92.55432,25.5883],[92.55544,25.59302],[92.55467,25.59533],[92.55659,25.59648],[92.55332,25.59739],[92.55439,25.59957],[92.55217,25.60254],[92.55548,25.60178],[92.55564,25.61028],[92.55673,25.61141],[92.5541,25.61303],[92.55417,25.6148],[92.53922,25.61158],[92.53816,25.612],[92.53886,25.61358],[92.53585,25.61315],[92.53338,25.61495],[92.51643,25.61506],[92.51507,25.61834],[92.50948,25.61559],[92.50563,25.61631],[92.50609,25.6214],[92.4972,25.62439],[92.47026,25.67527],[92.46535,25.67664],[92.46298,25.68128],[92.45436,25.68523],[92.45031,25.68529],[92.4477,25.68771],[92.44343,25.68905],[92.43804,25.69486],[92.43813,25.70628],[92.44036,25.70824],[92.44399,25.70736],[92.4477,25.70901],[92.44429,25.7197],[92.43294,25.72696],[92.43151,25.72874],[92.43118,25.73218],[92.42604,25.73183],[92.42205,25.7299],[92.42059,25.73078],[92.41802,25.72972],[92.41165,25.73003],[92.40912,25.73375],[92.41157,25.73782],[92.41458,25.73996],[92.41432,25.74146],[92.40718,25.74187],[92.40803,25.74349],[92.40662,25.7446],[92.40361,25.74413],[92.39766,25.74045],[92.39399,25.7411],[92.38784,25.74415],[92.38405,25.74203],[92.38178,25.74204],[92.38225,25.74715],[92.3858,25.751],[92.38462,25.75488],[92.38325,25.75241],[92.37847,25.74852],[92.37376,25.75041],[92.37064,25.7474],[92.36894,25.74729],[92.36427,25.73735],[92.36093,25.73665],[92.35324,25.73991],[92.34591,25.72943],[92.33361,25.72439],[92.32432,25.72496],[92.31731,25.72253],[92.31501,25.72313],[92.31127,25.7281],[92.30621,25.72533],[92.30238,25.72127],[92.29712,25.72019],[92.29275,25.71662],[92.28173,25.71684],[92.28005,25.7157],[92.2776,25.71586],[92.2704,25.71108],[92.26451,25.70923],[92.25485,25.7126],[92.25299,25.71252],[92.25114,25.71082],[92.24751,25.71333],[92.24451,25.71172],[92.23908,25.71095],[92.23383,25.70783],[92.23264,25.70939],[92.23155,25.7162],[92.22974,25.71691],[92.22536,25.71635],[92.22145,25.71396],[92.21648,25.7046],[92.20925,25.69882],[92.20781,25.69561],[92.20039,25.69209],[92.19676,25.68665],[92.18746,25.68413],[92.17951,25.67785],[92.17748,25.67431],[92.17343,25.67414],[92.1702,25.66713],[92.16486,25.66663],[92.15615,25.67218],[92.1596,25.67624],[92.16053,25.68412],[92.15598,25.69167],[92.15684,25.69582],[92.15465,25.69788],[92.15478,25.70621],[92.15241,25.70861],[92.15083,25.70778],[92.14773,25.70946],[92.14489,25.71333],[92.14411,25.71714],[92.14808,25.72547],[92.1544,25.72527],[92.16161,25.73693],[92.16281,25.74388],[92.15582,25.75106],[92.15506,25.75387],[92.15573,25.75779],[92.15328,25.75939],[92.15223,25.76342],[92.15054,25.76399],[92.15127,25.76672],[92.14953,25.7722],[92.1483,25.7728],[92.14832,25.77415],[92.15195,25.77549],[92.15297,25.77785],[92.15172,25.77965],[92.15025,25.77986],[92.15154,25.78201],[92.14681,25.78357],[92.14861,25.78718],[92.14738,25.7876],[92.14929,25.79034],[92.1484,25.79119],[92.15019,25.79404],[92.14934,25.79679],[92.15039,25.79766],[92.14852,25.7998],[92.1487,25.80594],[92.15258,25.81178],[92.1511,25.81664],[92.15575,25.81889],[92.15695,25.82158],[92.15831,25.82164],[92.16023,25.81979],[92.16128,25.82059],[92.1608,25.82334],[92.16235,25.82724],[92.16059,25.83039],[92.16411,25.83356],[92.16202,25.83554],[92.16623,25.83529],[92.16981,25.83886],[92.17301,25.84718],[92.17261,25.8499],[92.1775,25.8515],[92.1784,25.85497],[92.17759,25.8581],[92.1801,25.85823],[92.17928,25.86152],[92.17749,25.86223],[92.17732,25.86708],[92.1762,25.8682],[92.17724,25.87275],[92.18363,25.87688],[92.18755,25.8772],[92.19901,25.88899],[92.20437,25.89081],[92.20693,25.8931],[92.20846,25.89184],[92.21498,25.8953],[92.2157,25.89995],[92.21724,25.90091],[92.22085,25.90026],[92.22281,25.90639],[92.22556,25.90917],[92.2223,25.91081],[92.21727,25.9115],[92.2154,25.91031],[92.20972,25.91037],[92.20605,25.90874],[92.20443,25.90914],[92.20228,25.90633],[92.20105,25.90845],[92.19633,25.90982],[92.19404,25.91167],[92.19633,25.91575],[92.19597,25.91782],[92.19453,25.91846],[92.18947,25.91457],[92.18608,25.91663],[92.18173,25.91126],[92.17656,25.91042],[92.17757,25.90885],[92.17555,25.90737],[92.16242,25.91116],[92.15474,25.91099],[92.15461,25.91377],[92.15682,25.91463],[92.16093,25.92815],[92.15922,25.93322],[92.16015,25.93532],[92.15667,25.93637],[92.15497,25.93865],[92.15252,25.93959],[92.15244,25.94432],[92.1571,25.94919],[92.1573,25.95263],[92.16048,25.95417],[92.16405,25.95781],[92.16152,25.96025],[92.16213,25.96656],[92.16421,25.97028],[92.16932,25.97338],[92.17441,25.9739],[92.17872,25.97742],[92.18088,25.98501],[92.18468,25.9858],[92.18846,25.98455],[92.19251,25.98691],[92.19855,25.98822],[92.19872,25.98935],[92.19631,25.99085],[92.19754,25.99456],[92.20101,25.99516],[92.20366,26.00103],[92.2092,25.99781],[92.2104,26.00334],[92.21194,26.00472],[92.21686,26.005],[92.21911,26.00389],[92.22032,26.00569],[92.22265,26.0065],[92.2248,26.00599],[92.22775,26.00856],[92.23021,26.00788],[92.23387,26.00912],[92.23504,26.01223],[92.23896,26.01397],[92.24037,26.01585],[92.24234,26.01583],[92.24452,26.01819],[92.24451,26.01939],[92.24285,26.02039],[92.24373,26.02152],[92.24858,26.02338],[92.25329,26.029],[92.25681,26.0287],[92.26347,26.03313],[92.26508,26.0361],[92.26108,26.04164],[92.26193,26.04253],[92.26901,26.04282],[92.27003,26.04745],[92.26814,26.05143],[92.26357,26.05431],[92.26395,26.05736],[92.26565,26.05924],[92.26949,26.06057],[92.27061,26.06404],[92.27489,26.06565],[92.27166,26.06523],[92.27113,26.06703],[92.26976,26.06661],[92.26888,26.06817],[92.26746,26.06676],[92.26095,26.06614],[92.26113,26.06517],[92.25938,26.06492],[92.25832,26.06346],[92.25593,26.06436],[92.25399,26.06328],[92.25096,26.0635],[92.25052,26.06453],[92.24787,26.06292],[92.24462,26.06371],[92.24163,26.06177],[92.24104,26.06289],[92.23856,26.06198],[92.23733,26.06348],[92.22944,26.06462],[92.22859,26.0668],[92.22224,26.06809],[92.22054,26.0703],[92.21548,26.06841],[92.21255,26.06855],[92.20818,26.07047],[92.20627,26.06963],[92.20651,26.06814],[92.20042,26.06962],[92.19442,26.06856],[92.19265,26.06733],[92.19101,26.06884],[92.18716,26.06657],[92.18613,26.06765],[92.18734,26.0693],[92.18181,26.06906],[92.18029,26.07117],[92.17804,26.06855],[92.17608,26.07023],[92.17617,26.07429],[92.17878,26.07569],[92.1788,26.07819],[92.1694,26.07764],[92.15872,26.07018],[92.15713,26.07009],[92.15471,26.06715],[92.15224,26.06678],[92.14757,26.06095],[92.14514,26.05972],[92.14339,26.05604],[92.13754,26.05504],[92.13421,26.05245],[92.13262,26.04424],[92.12821,26.04568],[92.1214,26.04388],[92.1199,26.04596],[92.11658,26.04641],[92.1088,26.05068],[92.09729,26.04922],[92.09191,26.04792],[92.08102,26.04266],[92.07791,26.04229],[92.06679,26.03508],[92.06381,26.03404],[92.05796,26.03482],[92.05143,26.03279],[92.04814,26.03277],[92.04069,26.03651],[92.03633,26.03621],[92.0344,26.03892],[92.03241,26.03855],[92.03062,26.03958],[92.02404,26.03781],[92.02287,26.03895],[92.02074,26.03817],[92.01845,26.03919],[92.0165,26.03705],[92.01327,26.03844],[92.01044,26.03665],[92.00881,26.03682],[92.00841,26.03857],[92.00622,26.03855],[92.00411,26.03557],[91.99922,26.03579],[91.999,26.03687],[91.99476,26.03849],[91.99281,26.03783],[91.98906,26.03853],[91.98791,26.03629],[91.98866,26.03574],[91.98724,26.03498],[91.98652,26.03155],[91.98546,26.03103],[91.98617,26.02898],[91.98461,26.02825],[91.98357,26.0258],[91.97897,26.02748],[91.97501,26.02511],[91.97317,26.02211],[91.96195,26.02026],[91.96191,26.01892],[91.95598,26.01738],[91.95137,26.01466],[91.9502,26.01558],[91.9478,26.01529],[91.94718,26.01317],[91.93397,26.01027],[91.93338,26.01187],[91.93115,26.01236],[91.9271,26.00056],[91.92163,25.99905],[91.91713,25.99642],[91.91767,25.99872],[91.91582,25.99874],[91.9137,26.00057],[91.91229,26.00484],[91.91417,26.0072],[91.91059,26.00737],[91.90976,26.00877],[91.91076,26.00995],[91.91332,26.0094],[91.90975,26.01267],[91.91479,26.01399],[91.91299,26.01471],[91.91497,26.01831],[91.91469,26.0205],[91.90964,26.02159],[91.90851,26.02097],[91.90518,26.02387],[91.90359,26.0238],[91.9023,26.02237],[91.89783,26.0234],[91.89525,26.02566],[91.89014,26.02669],[91.88874,26.02787],[91.8858,26.02804],[91.88304,26.0261],[91.87874,26.03151],[91.87878,26.03472],[91.87527,26.03544],[91.87575,26.03665],[91.87347,26.0387],[91.8742,26.04327],[91.87173,26.04449],[91.8709,26.04293],[91.8673,26.04202],[91.87192,26.05096],[91.87028,26.05451],[91.87265,26.06791],[91.87661,26.07667],[91.87845,26.08978],[91.87687,26.09165],[91.87964,26.09604],[91.87917,26.09798],[91.87364,26.10063],[91.86858,26.10012],[91.86638,26.10136],[91.86576,26.10042],[91.86393,26.10263],[91.86072,26.10289],[91.85101,26.1084],[91.84828,26.10807],[91.83736,26.11224],[91.83085,26.11844],[91.8254,26.11941],[91.82023,26.11641],[91.82023,26.11255],[91.81702,26.11115],[91.81014,26.10329],[91.80904,26.09779],[91.80562,26.09912],[91.80292,26.09526],[91.80214,26.09825],[91.80035,26.10004],[91.79136,26.08523],[91.78586,26.08401],[91.78332,26.08809],[91.7797,26.08962],[91.77728,26.08935],[91.7677,26.07828],[91.763,26.07461],[91.76273,26.07235],[91.75707,26.07036],[91.75727,26.06939],[91.75525,26.06781],[91.75096,26.06611],[91.74372,26.06556],[91.74213,26.06284],[91.73124,26.05922],[91.73123,26.05733],[91.73708,26.05652],[91.73485,26.05438],[91.73456,26.05118],[91.73273,26.05057],[91.73344,26.04953],[91.72852,26.04716],[91.72526,26.04686],[91.72274,26.0356],[91.72315,26.03116],[91.72434,26.02951],[91.7246,26.01936],[91.72132,26.01273],[91.72133,26.00188],[91.71962,25.9929],[91.72153,25.98833],[91.72007,25.98177],[91.72111,25.96855],[91.71978,25.96583],[91.72252,25.96572],[91.72024,25.96085],[91.72011,25.9536],[91.71648,25.9499],[91.71512,25.94629],[91.71333,25.94573],[91.71348,25.94405],[91.70864,25.94211],[91.7024,25.94127],[91.70293,25.93958],[91.70075,25.93665],[91.70113,25.93563],[91.69893,25.93501],[91.69622,25.93085],[91.68943,25.92462],[91.68808,25.92021],[91.67884,25.91625],[91.67322,25.90746],[91.67104,25.90612],[91.6706,25.90415],[91.66651,25.90517],[91.66342,25.90776],[91.66032,25.9064],[91.65775,25.90659],[91.65666,25.90777],[91.65425,25.90581],[91.65149,25.90628],[91.6365,25.92133],[91.63221,25.92179],[91.63046,25.92495],[91.62559,25.92579],[91.62422,25.92968],[91.62284,25.92996],[91.62129,25.93233],[91.61558,25.93372],[91.61356,25.93613],[91.61012,25.93697],[91.60916,25.9393],[91.61188,25.94503],[91.62289,25.94479],[91.62616,25.94219],[91.62982,25.94325],[91.6294,25.94715],[91.63436,25.96051],[91.6406,25.9633],[91.64055,25.96459],[91.63613,25.96836],[91.63551,25.97033],[91.63275,25.97159],[91.62825,25.97615],[91.62853,25.98244],[91.62606,25.98668],[91.62624,25.98887],[91.63023,25.99013],[91.63017,25.99319],[91.62863,25.99532],[91.62947,25.99849],[91.62679,26.00015],[91.62712,26.0012],[91.63047,26.00389],[91.63044,26.0065],[91.6331,26.00947],[91.63282,26.01146],[91.635,26.01248],[91.63179,26.01468],[91.63215,26.01674],[91.63118,26.01775],[91.63238,26.0198],[91.62979,26.02278],[91.62616,26.02237],[91.62035,26.02577],[91.61276,26.02503],[91.60887,26.02328],[91.60023,26.02161],[91.59912,26.01883],[91.59753,26.01807],[91.59389,26.01978],[91.59407,26.02168],[91.58872,26.02956],[91.57984,26.03325],[91.57073,26.02568],[91.56919,26.01844],[91.57207,26.01547],[91.56354,26.00761],[91.56324,26.00533],[91.56497,26.00212],[91.56226,26.00228],[91.56045,26.00123],[91.55745,25.99274],[91.5517,25.98503],[91.55125,25.9766],[91.54673,25.97512],[91.5447,25.97591],[91.54272,25.97317],[91.53836,25.97141],[91.5354,25.96673],[91.53562,25.9623],[91.53036,25.96307],[91.52865,25.96064],[91.5253,25.96163],[91.52217,25.95947],[91.51808,25.95973],[91.51658,25.95571],[91.51982,25.93988],[91.51515,25.94123],[91.51557,25.93951],[91.51349,25.93576],[91.51381,25.93289],[91.50796,25.93228],[91.50809,25.93028],[91.50675,25.92842],[91.50291,25.92654],[91.50346,25.92544],[91.50165,25.92399],[91.50244,25.92176],[91.50124,25.91886],[91.50447,25.91672],[91.50318,25.91415],[91.50467,25.91139],[91.50955,25.91721],[91.51148,25.91774],[91.51299,25.91678],[91.51791,25.91966],[91.52276,25.92531],[91.52615,25.92591],[91.52932,25.92887],[91.53255,25.92989],[91.53658,25.93577],[91.53695,25.93121],[91.53302,25.92657],[91.53008,25.92581],[91.52379,25.91988],[91.52097,25.91906],[91.52057,25.91681],[91.51747,25.91604],[91.51558,25.91319],[91.51273,25.91264],[91.50801,25.90879],[91.50488,25.90777],[91.50339,25.90423],[91.50421,25.90288],[91.49874,25.89599],[91.5039,25.89117],[91.49943,25.89119],[91.49191,25.89585],[91.484,25.89304],[91.47837,25.88747],[91.47784,25.88048],[91.47481,25.87402],[91.47604,25.87252],[91.47499,25.87024],[91.48164,25.86776],[91.4912,25.86594],[91.49701,25.86642],[91.50055,25.86486],[91.51314,25.86571],[91.52131,25.87511],[91.52221,25.87881],[91.52129,25.88346],[91.52555,25.89091],[91.52659,25.89107],[91.53299,25.88815],[91.53519,25.88388],[91.53265,25.88357],[91.53043,25.88163],[91.53134,25.87591],[91.53043,25.87125],[91.52795,25.87316],[91.52463,25.87216],[91.52236,25.87285],[91.51806,25.86986],[91.51372,25.86397],[91.50342,25.86425],[91.49737,25.86109],[91.49577,25.86382],[91.48828,25.86305],[91.48366,25.86417],[91.4779,25.85727],[91.46947,25.85916],[91.46637,25.85726],[91.46308,25.857],[91.46178,25.85434],[91.44861,25.845],[91.44838,25.84189],[91.44515,25.83974],[91.43583,25.84356],[91.42817,25.85264],[91.42247,25.85447],[91.41346,25.85357],[91.40617,25.85006],[91.40273,25.8514],[91.39314,25.84759],[91.38596,25.84711],[91.38114,25.84563],[91.37627,25.84551],[91.3729,25.84672],[91.37105,25.84262],[91.36583,25.84003],[91.35774,25.84149],[91.3551,25.83925],[91.35216,25.83856],[91.34672,25.84003],[91.34404,25.83712],[91.33903,25.83814],[91.33535,25.84054],[91.33326,25.83675],[91.33432,25.83307],[91.32232,25.82153],[91.32075,25.81572],[91.31472,25.80959],[91.30971,25.79888],[91.30259,25.7899],[91.30185,25.78648],[91.29556,25.78018],[91.29456,25.77592],[91.29004,25.77264],[91.28863,25.7655],[91.27898,25.75736],[91.27439,25.75036],[91.27367,25.7459],[91.26512,25.74978],[91.25678,25.74793],[91.24701,25.74153],[91.23469,25.73005],[91.22605,25.72694],[91.22093,25.72187],[91.21998,25.72682],[91.21566,25.72699],[91.20947,25.72555],[91.20598,25.72704],[91.20431,25.72932],[91.19427,25.7311],[91.19198,25.73036],[91.19365,25.73418],[91.19291,25.73687],[91.1865,25.73867],[91.18935,25.75286],[91.18855,25.75999],[91.18929,25.76395],[91.18416,25.76643],[91.18374,25.76871],[91.18513,25.77199],[91.18152,25.77375],[91.17826,25.77735],[91.1784,25.78016],[91.18207,25.7836],[91.18419,25.79889],[91.19044,25.81143],[91.19027,25.81365],[91.18782,25.8148],[91.18631,25.81836],[91.18937,25.82374],[91.19446,25.82728],[91.19468,25.83486],[91.19729,25.83524],[91.19948,25.83924],[91.20228,25.84079],[91.20364,25.84321],[91.19756,25.84954],[91.19689,25.85269],[91.19776,25.85449],[91.19621,25.8564],[91.19583,25.86139],[91.18906,25.852],[91.18383,25.85046],[91.18012,25.84417],[91.17362,25.84441],[91.1599,25.84995],[91.15201,25.85103],[91.14755,25.85049],[91.13611,25.84263],[91.12946,25.84261],[91.12036,25.83293],[91.07714,25.82894],[91.06697,25.82573],[91.06213,25.82078],[91.04888,25.82927],[91.05297,25.83181],[91.05773,25.83177],[91.05904,25.8333],[91.05937,25.83666],[91.06481,25.83755],[91.06641,25.83886],[91.06773,25.83681],[91.07186,25.83876],[91.07324,25.84046],[91.07298,25.84589],[91.0785,25.85274],[91.07601,25.85227],[91.07249,25.84866],[91.06929,25.84824],[91.06721,25.84663],[91.06446,25.84795],[91.06188,25.8469],[91.0617,25.84801],[91.05893,25.84747],[91.05627,25.84876],[91.04822,25.8492],[91.04591,25.84483],[91.03923,25.83689],[91.0325,25.835],[91.03208,25.83285],[91.02863,25.83116],[91.02245,25.82377],[91.01057,25.82036],[91.00802,25.82119],[91.00601,25.82038],[91.00132,25.82512],[91.00693,25.83249],[91.00798,25.83796],[91.01024,25.83733],[91.01221,25.84178],[91.01148,25.84591],[91.01323,25.84618],[91.01531,25.8484],[91.01402,25.85687],[91.01801,25.86081],[91.02288,25.86372],[91.02578,25.86817],[91.02791,25.86933],[91.03055,25.8858],[91.02522,25.88878],[91.01791,25.88456],[91.0106,25.88417],[91.00595,25.88564],[91.00103,25.88582],[91.00066,25.88794],[90.97605,25.88967],[90.97123,25.88577],[90.96885,25.88522],[90.96782,25.88743],[90.96598,25.88844],[90.969,25.90375],[90.96662,25.91406],[90.96268,25.92039],[90.96113,25.92732],[90.95704,25.93496],[90.95124,25.93912],[90.94753,25.93949],[90.94614,25.94101],[90.94547,25.94487],[90.94743,25.94809],[90.93999,25.9473],[90.93528,25.94034],[90.93386,25.93977],[90.92393,25.94287],[90.92194,25.94134],[90.91949,25.94445],[90.91734,25.94441],[90.91481,25.93589],[90.91557,25.93075],[90.91424,25.92571],[90.91543,25.9204],[90.91951,25.91522],[90.91684,25.91406],[90.912,25.92003],[90.91039,25.92026],[90.90985,25.92214],[90.90617,25.92502],[90.90529,25.9289],[90.89442,25.93118],[90.89745,25.93748],[90.89003,25.93807],[90.88913,25.93949],[90.88966,25.94318],[90.88581,25.94492],[90.88453,25.95031],[90.88049,25.95049],[90.88108,25.94283],[90.87669,25.94942],[90.87169,25.94763],[90.87483,25.94255],[90.84847,25.94438],[90.84436,25.94597],[90.84234,25.94212],[90.83904,25.94131],[90.83547,25.93661],[90.83482,25.93965],[90.83643,25.9438],[90.83619,25.94842],[90.83291,25.94586],[90.8259,25.94869],[90.82441,25.9454],[90.82207,25.94727],[90.82185,25.9489],[90.81927,25.95032],[90.8162,25.94893],[90.81561,25.95019],[90.8139,25.94994],[90.81283,25.95134],[90.80905,25.95244],[90.80788,25.95097],[90.80915,25.94741],[90.79638,25.94052],[90.78449,25.92513],[90.78532,25.92429],[90.78328,25.92185],[90.78107,25.91135],[90.77795,25.91128],[90.77801,25.9087],[90.76379,25.9078],[90.75658,25.91107],[90.75669,25.91351],[90.76057,25.91575],[90.76043,25.92197],[90.75862,25.92034],[90.75461,25.92034],[90.75097,25.91835],[90.74705,25.91533],[90.74475,25.91164],[90.74206,25.91252],[90.73857,25.91586],[90.7477,25.91894],[90.74686,25.92489],[90.75188,25.92701],[90.75405,25.92951],[90.75347,25.93164],[90.75453,25.93352],[90.75269,25.93435],[90.75129,25.93238],[90.74999,25.93309],[90.74622,25.92817],[90.74006,25.9391],[90.74275,25.94336],[90.74588,25.94531],[90.7458,25.94744],[90.74767,25.94838],[90.74773,25.95001],[90.74531,25.95069],[90.74519,25.95355],[90.748,25.9568],[90.74428,25.9551],[90.74261,25.95808],[90.73742,25.95572],[90.73773,25.95243],[90.73076,25.9515],[90.72451,25.94681],[90.71952,25.94888],[90.71899,25.95436],[90.71767,25.95512],[90.71374,25.95177],[90.70726,25.95209],[90.70212,25.95046],[90.68786,25.94892],[90.67194,25.93427],[90.63332,25.92075],[90.62833,25.91757],[90.62573,25.91276],[90.62588,25.90982],[90.63032,25.90938],[90.63035,25.90594],[90.62443,25.89796],[90.61792,25.89784],[90.61329,25.89953],[90.6114,25.90743],[90.60701,25.9106],[90.60712,25.9187],[90.61451,25.92439],[90.62642,25.93652],[90.60724,25.94587],[90.6034,25.95342],[90.60186,25.95298],[90.60115,25.95138],[90.59822,25.95114],[90.59616,25.95318],[90.59239,25.95336],[90.58818,25.95514],[90.58808,25.95665],[90.58354,25.95872],[90.58116,25.95799],[90.57258,25.94909],[90.5722,25.94683],[90.57481,25.9412],[90.57339,25.9398],[90.57344,25.93765],[90.55568,25.92866],[90.55317,25.92516],[90.54831,25.92472],[90.5491,25.92093],[90.5463,25.92149],[90.54622,25.91816],[90.54803,25.91603],[90.54979,25.91589],[90.54963,25.91475],[90.53875,25.91347],[90.53793,25.91075],[90.53262,25.90684],[90.52639,25.90462],[90.51928,25.89739],[90.51505,25.8964],[90.51223,25.90053],[90.51361,25.901],[90.51374,25.90272],[90.51763,25.90675],[90.51658,25.9103],[90.5197,25.9138],[90.52449,25.92526],[90.52537,25.93275],[90.53227,25.93314],[90.5333,25.93136],[90.53458,25.93194],[90.5361,25.93521],[90.53447,25.93836],[90.53592,25.93914],[90.53646,25.9411],[90.53515,25.94856],[90.53696,25.95019],[90.53411,25.95981],[90.51744,25.97469],[90.51215,25.9816],[90.50145,26.00098],[90.49648,26.00379],[90.4927,26.00365],[90.4898,26.00469],[90.47873,26.01361],[90.47101,26.01207],[90.45591,26.00026],[90.44951,25.99841],[90.43664,25.99145],[90.433,25.99106],[90.42906,25.98881],[90.42375,25.98888],[90.41694,25.99133],[90.41572,25.99426],[90.41636,25.99716],[90.41523,25.99883],[90.4117,26.00055],[90.41235,26.00202],[90.41137,26.00447],[90.40806,26.00417],[90.39769,26.01206],[90.39017,26.01024],[90.3826,26.01012],[90.3753,26.01142],[90.36849,26.01069],[90.34947,26.00339],[90.34692,26.00052],[90.3469,25.99794],[90.34495,25.99724],[90.34441,25.99583],[90.34289,25.99627],[90.34096,25.98909],[90.33552,25.98719],[90.33182,25.98732],[90.33122,25.98283],[90.32689,25.97407],[90.2702,25.96018],[90.25047,25.95758],[90.24725,25.95629],[90.21583,25.95263],[90.21177,25.95268],[90.21158,25.9558],[90.20945,25.95956],[90.20196,25.96074],[90.20001,25.95927],[90.19986,25.95734],[90.19174,25.95535],[90.1904,25.95174],[90.18887,25.95065],[90.18851,25.94686],[90.18463,25.94379],[90.18059,25.94449],[90.18042,25.95037],[90.17671,25.95564],[90.17731,25.95876],[90.1728,25.95796],[90.16723,25.95538],[90.15816,25.95616],[90.15528,25.95814],[90.15368,25.96423],[90.15192,25.9658],[90.14432,25.96032],[90.13988,25.95896],[90.13978,25.9563],[90.12931,25.95732],[90.11947,25.9546],[90.12079,25.95698],[90.11952,25.95822],[90.11598,25.95702],[90.11169,25.95165],[90.10772,25.94997],[90.10454,25.94492],[90.10646,25.94268],[90.10401,25.94214],[90.10081,25.9438],[90.10143,25.94047],[90.09829,25.93777],[90.0924,25.93839],[90.09404,25.92849],[90.09075,25.92868],[90.08763,25.92564],[90.08555,25.92532],[90.08643,25.91971],[90.07638,25.91521],[90.07512,25.91538],[90.07287,25.91853],[90.07045,25.91855],[90.06688,25.91343],[90.06008,25.91375],[90.0627,25.91123],[90.05544,25.90639],[90.0565,25.90351],[90.055,25.90091],[90.04766,25.90034],[90.04622,25.89639],[90.04107,25.89439],[90.04321,25.89276],[90.04291,25.88854],[90.04137,25.88791],[90.03391,25.89226],[90.03463,25.89409],[90.03364,25.89497],[90.02452,25.89605],[90.02242,25.89369],[90.01916,25.89229],[90.01386,25.88506],[90.01075,25.88438],[90.00565,25.87908],[90.01293,25.87266],[90.02326,25.87035],[90.02366,25.86701],[90.02089,25.85965],[90.01725,25.85698],[90.01685,25.85292],[90.01488,25.85079],[90.00689,25.84606],[89.99624,25.84375],[89.99777,25.83892],[89.99724,25.83707],[89.98644,25.83438],[89.97966,25.83472],[89.97809,25.8328],[89.97771,25.82952],[89.97254,25.82673],[89.96829,25.82805],[89.96615,25.83233],[89.96397,25.83266],[89.96495,25.82694],[89.96725,25.82234],[89.9661,25.82147],[89.96327,25.82176],[89.96119,25.81951],[89.95621,25.82078],[89.95405,25.82277],[89.95494,25.82529],[89.96067,25.82784],[89.96027,25.82987],[89.95408,25.82729],[89.94885,25.82643],[89.94845,25.82407],[89.95183,25.82161],[89.9514,25.81766],[89.94966,25.81576],[89.9555,25.81157],[89.9561,25.8094],[89.95491,25.80537],[89.95856,25.80173],[89.95488,25.79686],[89.95592,25.79325],[89.95444,25.78764],[89.9557,25.78541],[89.95951,25.78279],[89.95967,25.78153],[89.95537,25.77807],[89.95717,25.77693],[89.95728,25.7755],[89.95537,25.76838],[89.95313,25.76486],[89.94885,25.76184],[89.94489,25.75598],[89.93764,25.75581],[89.93563,25.75468],[89.93514,25.75302],[89.9378,25.7479],[89.93728,25.74512],[89.92816,25.73904],[89.92428,25.73834],[89.90006,25.74706],[89.89474,25.74497],[89.89363,25.7397],[89.8944,25.73494],[89.89569,25.73155],[89.89867,25.72957],[89.89913,25.72642],[89.9026,25.72526],[89.90724,25.71652],[89.91206,25.71186],[89.91348,25.70856],[89.91871,25.70515],[89.92358,25.69449],[89.93314,25.69097],[89.93387,25.68966],[89.93627,25.68975],[89.93752,25.68587],[89.94012,25.68456],[89.94442,25.67926],[89.94413,25.67422],[89.94292,25.67223],[89.94477,25.67244],[89.94619,25.67085],[89.94744,25.67103],[89.94544,25.66788],[89.94715,25.66615],[89.94674,25.66187],[89.95045,25.6556],[89.96293,25.64948],[89.96485,25.6468],[89.97916,25.63878],[89.98335,25.63055],[89.98318,25.62679],[89.98459,25.62704],[89.99175,25.62408],[89.99543,25.62458],[89.99716,25.62261],[90.00585,25.62413],[90.00722,25.62222],[90.00658,25.62023],[90.00882,25.61799],[90.01387,25.61583],[90.01598,25.61029],[90.01974,25.60708],[90.02887,25.6054],[90.02458,25.60396],[90.0193,25.6045],[90.01843,25.60139],[90.01552,25.60186],[90.01253,25.60047],[90.00458,25.59944],[90.0017,25.60121],[89.99739,25.58591],[89.98771,25.59155],[89.9828,25.59094],[89.97854,25.58696],[89.97542,25.57611],[89.97216,25.57349],[89.9605,25.57445],[89.9538,25.57079],[89.94717,25.57045],[89.94106,25.56826],[89.93687,25.5644],[89.92448,25.56452],[89.91225,25.56317],[89.90959,25.56045],[89.90747,25.56135],[89.90157,25.55894],[89.89865,25.56051],[89.89674,25.55808],[89.89247,25.55584],[89.8853,25.55499],[89.87836,25.55033],[89.87495,25.54373],[89.87883,25.5377],[89.86808,25.52987],[89.86794,25.52424],[89.86883,25.52149],[89.87149,25.52192],[89.87174,25.51853],[89.87347,25.51945],[89.87335,25.51689],[89.87734,25.51962],[89.87995,25.518],[89.88349,25.51911],[89.8807,25.51674],[89.88411,25.51424],[89.88594,25.50792],[89.88088,25.50682],[89.87287,25.50742],[89.87681,25.5008],[89.87669,25.4955],[89.87623,25.49269],[89.87228,25.48594],[89.87169,25.47735],[89.86543,25.47169],[89.85225,25.46588],[89.85225,25.47243],[89.84929,25.47392],[89.8505,25.48573],[89.84911,25.48866],[89.84931,25.4928],[89.8552,25.49746],[89.85391,25.50424],[89.85564,25.50353],[89.85803,25.50652],[89.86679,25.50793],[89.86964,25.51091],[89.86871,25.51256],[89.86572,25.51313],[89.86013,25.51682],[89.85127,25.53863],[89.86301,25.5432],[89.86604,25.54619],[89.86729,25.56219],[89.87039,25.56808],[89.87292,25.56949],[89.87329,25.57137],[89.87215,25.57317],[89.87564,25.58114],[89.87513,25.58472],[89.87329,25.58761],[89.87487,25.59357],[89.8788,25.60154],[89.88251,25.6172],[89.88179,25.62586],[89.87987,25.63687],[89.87814,25.63942],[89.87109,25.66255],[89.86788,25.66349],[89.86681,25.66277],[89.86355,25.66555],[89.86063,25.6714],[89.85853,25.67974],[89.85171,25.68697],[89.84669,25.69562],[89.85193,25.70664],[89.85053,25.71296],[89.84926,25.71512],[89.83787,25.71478],[89.83513,25.71576],[89.82837,25.72825],[89.82688,25.73291],[89.82696,25.74036],[89.83649,25.75095],[89.84135,25.75899],[89.84033,25.76673],[89.83828,25.77603],[89.83398,25.78295],[89.83395,25.78836],[89.83127,25.79107],[89.82949,25.79642],[89.82997,25.80063],[89.8265,25.81021],[89.82097,25.81339],[89.81654,25.8143],[89.81764,25.81806],[89.82579,25.8287],[89.82723,25.83294],[89.83528,25.84073],[89.83384,25.85406],[89.83568,25.85996],[89.83257,25.87061],[89.83848,25.87576],[89.84153,25.88091],[89.8488,25.88784],[89.84829,25.89208],[89.85683,25.8997],[89.86078,25.90733],[89.86232,25.90736],[89.87818,25.92423],[89.87838,25.92565],[89.87727,25.92568],[89.87811,25.92777],[89.88708,25.9452],[89.87619,25.94683],[89.86884,25.94439],[89.84858,25.94288],[89.84503,25.94003],[89.84274,25.94003],[89.83915,25.94108],[89.84235,25.94431],[89.82539,25.9455],[89.82568,25.95153],[89.8306,25.95517],[89.84043,25.9513],[89.84934,25.94911],[89.8445,25.95476],[89.84719,25.95671],[89.84298,25.96409],[89.83854,25.96585],[89.83856,25.96785],[89.84108,25.96828],[89.84154,25.97042],[89.843,25.97085],[89.84898,25.97097],[89.85623,25.96877],[89.86684,25.97203],[89.87181,25.97404],[89.87333,25.97588],[89.87101,25.97895],[89.87103,25.9807],[89.86926,25.98149],[89.86859,25.97969],[89.86728,25.97978],[89.8664,25.98067],[89.86708,25.98258],[89.85627,25.98831],[89.85042,25.98996],[89.84728,25.99677],[89.8477,26.00067],[89.84409,26.00619],[89.83584,26.0126],[89.83114,26.00985],[89.83093,26.00183],[89.83334,25.99554],[89.83322,25.99063],[89.83663,25.98657],[89.83594,25.98242],[89.82424,25.98495],[89.82027,25.98764],[89.81703,25.99214],[89.81487,25.99787],[89.8186,25.99586],[89.82043,25.99756],[89.81919,26.00411],[89.82047,26.00767],[89.822,26.0076],[89.82204,26.00993],[89.81899,26.01562],[89.81622,26.01698],[89.81536,26.02021],[89.81932,26.02582],[89.81388,26.03178],[89.81141,26.04083],[89.80742,26.044],[89.80563,26.04448],[89.80504,26.04341],[89.8023,26.03226],[89.79772,26.02452],[89.79624,26.02304],[89.79503,26.02319],[89.79419,26.02226],[89.7954,26.02181],[89.79159,26.01815],[89.78996,26.01783],[89.78804,26.01921],[89.78782,26.02139],[89.79156,26.02087],[89.79399,26.02266],[89.79371,26.02813],[89.7978,26.03074],[89.7993,26.03518],[89.8023,26.03824],[89.80183,26.04025],[89.79364,26.04233],[89.79234,26.04058],[89.79305,26.03594],[89.79064,26.03429],[89.78768,26.03602],[89.78948,26.03962],[89.78765,26.04037],[89.77989,26.04042],[89.77657,26.03493],[89.77365,26.03764],[89.7792,26.04439],[89.7828,26.04519],[89.7846,26.04758],[89.78868,26.04871],[89.78731,26.05093],[89.78475,26.05138],[89.78427,26.05416],[89.78535,26.05686],[89.79449,26.05782],[89.79593,26.05817],[89.79602,26.05967],[89.79823,26.05891],[89.79881,26.05958],[89.7973,26.06312],[89.79865,26.0639],[89.79853,26.06507],[89.79557,26.06458],[89.79613,26.06583],[89.79815,26.06572],[89.7967,26.07084],[89.79495,26.07288],[89.7966,26.07631],[89.79476,26.07701],[89.79141,26.07496],[89.79014,26.07539],[89.79502,26.0833],[89.79485,26.08751],[89.79394,26.08873],[89.79063,26.08929],[89.78823,26.08813],[89.78514,26.08334],[89.78132,26.08344],[89.7831,26.09357],[89.78602,26.09633],[89.78437,26.0987],[89.78179,26.09823],[89.78162,26.09943],[89.78338,26.1012],[89.78584,26.10136],[89.78528,26.10376],[89.78316,26.10598],[89.77865,26.10813],[89.77632,26.10579],[89.76995,26.10453],[89.76832,26.10791],[89.76504,26.10954],[89.76162,26.10951],[89.75787,26.10786],[89.75617,26.10936],[89.75543,26.11371],[89.76086,26.11856],[89.76525,26.12478],[89.76657,26.13048],[89.76314,26.13704],[89.75403,26.1394],[89.75328,26.14842],[89.74766,26.15737],[89.74305,26.15932],[89.72049,26.1563],[89.71945,26.16646],[89.72886,26.16794],[89.72748,26.17196],[89.7289,26.17411],[89.73655,26.17279],[89.73293,26.17753],[89.72235,26.17771],[89.71365,26.17266],[89.71014,26.17242],[89.70354,26.17805],[89.70328,26.18299],[89.6986,26.19118],[89.7061,26.18773],[89.71307,26.18772],[89.71911,26.19229],[89.72037,26.1956],[89.71781,26.20135],[89.7116,26.20297],[89.71916,26.20662],[89.72721,26.20596],[89.73092,26.20839],[89.73323,26.21199],[89.73171,26.21616],[89.7257,26.21818],[89.71287,26.21246],[89.7075,26.21228],[89.70211,26.2152],[89.70039,26.21845],[89.70119,26.21994],[89.70374,26.21889],[89.70447,26.21719],[89.71004,26.21784],[89.71364,26.22212],[89.7141,26.23025],[89.72054,26.2317],[89.72097,26.23257],[89.72707,26.23316],[89.73216,26.23783],[89.73183,26.23988],[89.72629,26.24287],[89.7192,26.24566],[89.71788,26.24515],[89.71648,26.24753],[89.71845,26.25585],[89.71708,26.25737],[89.71443,26.25825],[89.70583,26.25621],[89.70262,26.25786],[89.70242,26.26106],[89.70454,26.26389],[89.70585,26.27043],[89.70879,26.27104],[89.71155,26.27126],[89.71471,26.26994],[89.71446,26.26572],[89.71258,26.26191],[89.71991,26.25757],[89.73281,26.2589],[89.73557,26.26149],[89.73428,26.26703],[89.73692,26.26809],[89.73853,26.27142],[89.73209,26.28114],[89.72413,26.28764],[89.71783,26.29582],[89.72028,26.30788],[89.72371,26.30928],[89.72585,26.30722],[89.72139,26.29951],[89.72328,26.29665],[89.72632,26.29471],[89.73691,26.29261],[89.74241,26.29474],[89.74484,26.29689],[89.7478,26.29126],[89.75476,26.28823],[89.75812,26.28779],[89.75796,26.28906],[89.7598,26.2897],[89.76089,26.2921],[89.75784,26.29813],[89.75398,26.30272],[89.75152,26.32086],[89.75559,26.32304],[89.75743,26.32185],[89.76043,26.31656],[89.76408,26.31623],[89.76909,26.32129],[89.76953,26.32414],[89.78131,26.32768],[89.78378,26.33099],[89.78378,26.33518],[89.78158,26.34112],[89.78347,26.35103],[89.79306,26.35822],[89.80595,26.36295],[89.81421,26.37049],[89.8207,26.36981],[89.82084,26.3712],[89.8224,26.3714],[89.82141,26.36741],[89.81958,26.36524],[89.81579,26.36349],[89.8131,26.35806],[89.81597,26.35233],[89.82277,26.35086],[89.82606,26.35447],[89.82232,26.35917],[89.82248,26.36263],[89.82805,26.36584],[89.8299,26.37022],[89.82628,26.37693],[89.82837,26.38047],[89.83317,26.38347],[89.8359,26.38311],[89.83966,26.3779],[89.84339,26.37703],[89.84479,26.37804],[89.84562,26.38291],[89.84729,26.38437],[89.85213,26.38446],[89.85506,26.38139],[89.85941,26.3835],[89.85595,26.39019],[89.85766,26.39541],[89.85502,26.39684],[89.85402,26.3992],[89.84994,26.40289],[89.8482,26.40337],[89.84638,26.39589],[89.84226,26.39195],[89.83814,26.39017],[89.8343,26.39049],[89.83069,26.39275],[89.83033,26.39645],[89.83292,26.39971],[89.83375,26.40857],[89.83584,26.41139],[89.85802,26.41133],[89.8575,26.41407],[89.85043,26.41982],[89.84991,26.42211],[89.85278,26.42213],[89.85625,26.42383],[89.8586,26.42895],[89.85638,26.4317],[89.85992,26.43521],[89.85972,26.43918],[89.86349,26.44211],[89.86522,26.44612],[89.86703,26.44645],[89.87324,26.45132],[89.87139,26.45583],[89.87394,26.46179],[89.87312,26.4645],[89.86979,26.46779],[89.86746,26.46732],[89.86605,26.46831],[89.86294,26.48024],[89.86349,26.48277],[89.85763,26.48446],[89.85518,26.48851],[89.85557,26.49244],[89.85985,26.49842],[89.85653,26.50062],[89.85676,26.5066],[89.85878,26.51261],[89.85604,26.51478],[89.8561,26.51843],[89.85662,26.52073],[89.86028,26.52443],[89.86294,26.53003],[89.86586,26.53228],[89.86586,26.53511],[89.86318,26.54164],[89.86899,26.55387],[89.86736,26.56948],[89.86449,26.57324],[89.86599,26.57677],[89.87116,26.57907],[89.87292,26.5783],[89.8826,26.58339],[89.88188,26.58498],[89.87567,26.58869],[89.87377,26.59134],[89.87953,26.6093],[89.87842,26.61553],[89.87672,26.6163],[89.87031,26.61495],[89.86415,26.61573],[89.85825,26.62338],[89.85916,26.62956],[89.86713,26.63495],[89.87164,26.64262],[89.87524,26.64457],[89.87693,26.64851],[89.87373,26.65292],[89.87046,26.65533],[89.87078,26.66065],[89.87419,26.66672],[89.87346,26.67142],[89.87235,26.67248],[89.87477,26.68227],[89.87373,26.68556],[89.86333,26.70085],[89.86552,26.70551],[89.86207,26.71645],[89.86253,26.72418],[89.86451,26.72708],[89.86449,26.73002],[89.85895,26.73492],[89.86292,26.73707],[89.89733,26.72434],[89.96706,26.72347],[90.00824,26.73215],[90.04957,26.73037],[90.07464,26.73601],[90.13988,26.75362],[90.19452,26.77327],[90.18767,26.80681],[90.20077,26.83529],[90.2305,26.85891],[90.24878,26.85904],[90.28329,26.85283],[90.3003,26.84822],[90.34779,26.87529],[90.35027,26.88913],[90.35663,26.90066],[90.41661,26.90453],[90.54661,26.81664],[90.58455,26.80374],[90.63444,26.79381],[90.64657,26.77658],[90.67598,26.78409],[90.69326,26.77064],[90.71728,26.76827],[90.74236,26.77483],[90.81643,26.77598],[90.9565,26.78777],[90.95692,26.78162],[90.95928,26.78448],[90.99187,26.79064],[91.05406,26.78099],[91.09756,26.82199],[91.14585,26.81087],[91.19213,26.81342],[91.23689,26.812],[91.27709,26.80031],[91.29663,26.78697],[91.33725,26.78086],[91.37601,26.79523],[91.40765,26.8396],[91.44555,26.81222],[91.46395,26.80235],[91.49511,26.79121],[91.59242,26.80519],[91.62552,26.82087],[91.6898,26.80645],[91.70459,26.81295],[91.72062,26.81174],[91.82415,26.86404],[91.85911,26.91334],[91.88494,26.91667],[91.89174,26.91906],[91.9436,26.89499],[91.96421,26.88253],[91.97047,26.87066],[91.9835,26.85819],[92.01713,26.85001],[92.05672,26.84739],[92.0782,26.85554],[92.10265,26.86717],[92.10192,26.88106],[92.11438,26.89358],[92.12002,26.88898],[92.16986,26.89165],[92.1948,26.88996],[92.23802,26.90579],[92.25519,26.90961],[92.27609,26.902],[92.30296,26.90714],[92.30266,26.92264],[92.3231,26.92753],[92.36319,26.93454],[92.3671,26.92868],[92.39833,26.92469],[92.41201,26.94276],[92.42581,26.94104],[92.44747,26.95881],[92.49686,26.96337],[92.55419,26.95744],[92.58334,26.95954],[92.64462,26.98677],[92.64546,27.01357],[92.6604,27.03854],[92.68409,27.03215],[92.71336,27.02657],[92.76934,27.03342],[92.80575,27.02473],[92.83141,27.01252],[92.86037,27.00657],[92.88661,26.99975],[92.91841,26.98231],[92.91553,26.97392],[92.91715,26.96293],[92.98189,26.93605],[93.02186,26.91342],[93.06272,26.92227],[93.08823,26.91439],[93.10737,26.92576],[93.17256,26.936],[93.20095,26.94322],[93.24682,26.95125],[93.26166,26.95353],[93.29777,26.95634],[93.32272,26.96001],[93.38049,26.95922],[93.44877,26.95078],[93.45796,26.94108],[93.46249,26.93788],[93.46495,26.93829],[93.47065,26.9366],[93.47473,26.93932],[93.48626,26.94228],[93.4891,26.93618],[93.50575,26.94339],[93.52112,26.9477],[93.54101,26.94897],[93.54494,26.95123],[93.54915,26.95001],[93.55671,26.95117],[93.56036,26.95273],[93.58667,26.95047],[93.61473,26.9603],[93.62746,26.96316],[93.65744,26.96632],[93.66606,26.96889],[93.67077,26.97149],[93.69367,26.989],[93.70215,27.00007],[93.72241,27.02053],[93.73216,27.02585],[93.74665,27.02978],[93.76768,27.03984],[93.76741,27.05283],[93.76916,27.05361],[93.76894,27.05184],[93.77,27.05123],[93.77158,27.05348],[93.77107,27.05805],[93.77312,27.05931],[93.77702,27.05083],[93.77926,27.04879],[93.77945,27.05144],[93.78038,27.05043],[93.779,27.05765],[93.782,27.06077],[93.78266,27.05829],[93.78427,27.05781],[93.78367,27.05468],[93.78582,27.05159],[93.79474,27.05492],[93.79297,27.05924],[93.79365,27.06046],[93.79646,27.05696],[93.80009,27.05792],[93.79976,27.06225],[93.80179,27.06307],[93.80319,27.05821],[93.80552,27.05998],[93.80636,27.05863],[93.80696,27.05985],[93.81089,27.0598],[93.81024,27.06503],[93.8075,27.06798],[93.81198,27.0652],[93.81551,27.06109],[93.82508,27.06305],[93.82363,27.06602],[93.82376,27.06839],[93.8249,27.06894],[93.82673,27.06644],[93.83073,27.06613],[93.83125,27.06809],[93.83651,27.074],[93.83536,27.07711],[93.83764,27.07523],[93.83573,27.07772],[93.83434,27.08273],[93.83652,27.08416],[93.83825,27.08728],[93.83629,27.08571],[93.83212,27.08732],[93.83096,27.09171],[93.83368,27.09274],[93.83525,27.09579],[93.83275,27.09585],[93.83016,27.09827],[93.8306,27.10173],[93.83739,27.10474],[93.83737,27.10799],[93.82987,27.10971],[93.82589,27.11693],[93.82019,27.12263],[93.81164,27.12133],[93.80929,27.12328],[93.8128,27.12993],[93.80705,27.13031],[93.80252,27.13258],[93.79715,27.12891],[93.79439,27.13438],[93.79603,27.13885],[93.80669,27.14006],[93.80513,27.14722],[93.80608,27.15183],[93.81302,27.15538],[93.82505,27.16891],[93.83201,27.16935],[93.85716,27.19113],[93.86437,27.20037],[93.86936,27.20249],[93.87769,27.21417],[93.89779,27.23591],[93.98429,27.32305],[93.98796,27.32329],[93.99659,27.33032],[94.02009,27.34397],[94.02196,27.34641],[94.02565,27.34504],[94.02724,27.34542],[94.02769,27.34704],[94.03011,27.34586],[94.03077,27.3486],[94.03391,27.3487],[94.03664,27.35085],[94.04041,27.35171],[94.05389,27.36054],[94.05967,27.36174],[94.06131,27.36394],[94.0607,27.36551],[94.06906,27.37367],[94.0756,27.38988],[94.08945,27.40725],[94.10478,27.41418],[94.11771,27.42989],[94.12754,27.4348],[94.1313,27.44113],[94.14128,27.44654],[94.15007,27.45429],[94.15538,27.45697],[94.15508,27.4591],[94.15942,27.46162],[94.15667,27.47486],[94.16454,27.47678],[94.16913,27.48123],[94.17623,27.48215],[94.1785,27.48429],[94.18502,27.48732],[94.18752,27.49164],[94.1923,27.4935],[94.19637,27.49294],[94.20064,27.49488],[94.20905,27.49253],[94.21293,27.49777],[94.21673,27.50082],[94.23389,27.51211],[94.24284,27.51351],[94.26826,27.52084],[94.26007,27.53151],[94.25749,27.53703],[94.25687,27.54171],[94.2594,27.54905],[94.2587,27.55546],[94.24588,27.56947],[94.23699,27.56888],[94.22573,27.57468],[94.22473,27.5835],[94.22205,27.58802],[94.2264,27.59536],[94.22637,27.59891],[94.22363,27.59961],[94.21932,27.59858],[94.21241,27.60143],[94.20931,27.60516],[94.20914,27.60782],[94.21636,27.60867],[94.22353,27.6133],[94.22556,27.61691],[94.2284,27.61884],[94.23171,27.62588],[94.23495,27.62695],[94.23384,27.62965],[94.23807,27.6331],[94.24654,27.633],[94.2513,27.63785],[94.25425,27.63586],[94.26154,27.63608],[94.26384,27.63209],[94.26725,27.6297],[94.26647,27.62617],[94.26542,27.62442],[94.26294,27.62447],[94.26041,27.62208],[94.26078,27.61831],[94.25452,27.616],[94.2541,27.61444],[94.25624,27.61072],[94.26061,27.60954],[94.26707,27.60506],[94.27039,27.60471],[94.27232,27.60315],[94.27449,27.60004],[94.27365,27.59518],[94.27724,27.58965],[94.28324,27.59027],[94.28561,27.58898],[94.28814,27.58947],[94.28969,27.59637],[94.29593,27.60166],[94.2981,27.60215],[94.30166,27.60123],[94.30332,27.59756],[94.30682,27.59549],[94.3091,27.59099],[94.32262,27.58885],[94.32416,27.58483],[94.33267,27.58716],[94.33681,27.5794],[94.33808,27.58143],[94.34477,27.58235],[94.34766,27.57883],[94.35052,27.57733],[94.35898,27.57714],[94.36042,27.57609],[94.36256,27.57636],[94.36385,27.57456],[94.36973,27.57497],[94.37635,27.58259],[94.37911,27.58147],[94.38174,27.58181],[94.38843,27.58501],[94.39223,27.58924],[94.40145,27.58519],[94.40572,27.58727],[94.4183,27.59773],[94.43153,27.60055],[94.43155,27.59184],[94.43318,27.58864],[94.43944,27.58144],[94.45117,27.57198],[94.45479,27.56682],[94.45628,27.56005],[94.46158,27.55546],[94.46775,27.56137],[94.47765,27.57636],[94.49498,27.57407],[94.49873,27.57248],[94.50213,27.57717],[94.50718,27.57944],[94.51519,27.58073],[94.51902,27.58422],[94.52122,27.5848],[94.52111,27.58739],[94.52245,27.58804],[94.52185,27.59164],[94.52942,27.59161],[94.53202,27.5945],[94.53574,27.59275],[94.54475,27.60112],[94.55517,27.60112],[94.56245,27.60498],[94.56849,27.60264],[94.5739,27.60407],[94.57744,27.60714],[94.57971,27.61234],[94.5868,27.61874],[94.5943,27.61997],[94.59923,27.6188],[94.60275,27.62132],[94.60631,27.61932],[94.60954,27.62064],[94.6132,27.62389],[94.61808,27.62396],[94.62332,27.62766],[94.62917,27.62458],[94.63245,27.6243],[94.63717,27.62628],[94.64333,27.63136],[94.64744,27.63878],[94.65725,27.64205],[94.66263,27.64596],[94.67275,27.64769],[94.67897,27.64578],[94.6826,27.64664],[94.68639,27.65079],[94.68346,27.65944],[94.68422,27.66206],[94.68754,27.66568],[94.68946,27.66537],[94.69041,27.66219],[94.6993,27.66209],[94.70966,27.65703],[94.71658,27.65803],[94.71992,27.6663],[94.72498,27.66923],[94.7286,27.66468],[94.73557,27.66352],[94.74257,27.65968],[94.75415,27.66078],[94.7586,27.66274],[94.76099,27.66516],[94.76286,27.6678],[94.76307,27.67072],[94.76551,27.67452],[94.76826,27.67639],[94.76934,27.67948],[94.7785,27.67993],[94.78385,27.68379],[94.79,27.68617],[94.79177,27.68823],[94.79357,27.69541],[94.79682,27.69586],[94.8046,27.69409],[94.80732,27.69244],[94.81253,27.69317],[94.81968,27.69214],[94.82645,27.6957],[94.82987,27.69542],[94.84203,27.70143],[94.84491,27.70485],[94.84821,27.70634],[94.84858,27.71665],[94.8522,27.72744],[94.92352,27.75064],[94.99238,27.77062],[95.03319,27.78413],[95.3086,27.86826],[95.37941,27.83943],[95.51997,27.88149],[95.52211,27.88321],[95.526,27.89087],[95.53387,27.8984],[95.53977,27.89672],[95.5441,27.90004],[95.5445,27.90139],[95.54202,27.90652],[95.5445,27.9111],[95.55367,27.91399],[95.56337,27.91952],[95.56465,27.92953],[95.56842,27.93616],[95.57176,27.93877],[95.57583,27.93996],[95.58595,27.93698],[95.59354,27.94703],[95.60511,27.95488],[95.82158,27.97139]],[[89.79272,26.34038],[89.7983,26.3377],[89.79911,26.33536],[89.79845,26.33094],[89.79981,26.32918],[89.80648,26.32618],[89.81445,26.32008],[89.81843,26.31843],[89.82143,26.31921],[89.82432,26.32763],[89.82063,26.3329],[89.81916,26.3389],[89.81338,26.3447],[89.80489,26.34971],[89.79984,26.34923],[89.79618,26.34252],[89.79272,26.34038]]]]}},{"id":"2","type":"Feature","properties":{"state":"MANIPUR"},"geometry":{"type":"MultiPolygon","coordinates":[[[[94.67862,25.45179],[94.67856,25.45167],[94.67898,25.45234],[94.67862,25.45179]]],[[[94.68024,25.45397],[94.68016,25.45386],[94.68028,25.45401],[94.68024,25.45397]]],[[[94.58443,25.68489],[94.58985,25.68726],[94.59538,25.68497],[94.59659,25.68273],[94.59007,25.68172],[94.58863,25.67521],[94.58483,25.66975],[94.58042,25.66847],[94.58124,25.66566],[94.58516,25.66622],[94.58659,25.66381],[94.58516,25.66265],[94.58107,25.66293],[94.57851,25.6614],[94.58394,25.65682],[94.57613,25.65506],[94.58037,25.65078],[94.57611,25.65004],[94.57368,25.64808],[94.57387,25.6464],[94.57626,25.64476],[94.57523,25.64268],[94.57239,25.64165],[94.57287,25.63803],[94.57652,25.63801],[94.58112,25.64005],[94.58901,25.64059],[94.59366,25.63758],[94.59358,25.63523],[94.59177,25.63462],[94.59009,25.63675],[94.58678,25.63313],[94.58618,25.6355],[94.58428,25.63495],[94.58408,25.63054],[94.58067,25.62927],[94.58012,25.62555],[94.57582,25.62307],[94.57691,25.61625],[94.57542,25.6132],[94.57267,25.61104],[94.57111,25.60716],[94.57194,25.60547],[94.56761,25.60476],[94.56523,25.60307],[94.56714,25.59852],[94.56644,25.59741],[94.55995,25.59825],[94.56105,25.59486],[94.55664,25.59094],[94.55998,25.58786],[94.55846,25.58308],[94.55121,25.58],[94.55166,25.57873],[94.56119,25.5734],[94.55863,25.56614],[94.56003,25.56465],[94.56451,25.56361],[94.5638,25.56163],[94.55649,25.55624],[94.55649,25.55418],[94.56461,25.55164],[94.56684,25.54885],[94.5581,25.53978],[94.55809,25.5369],[94.56185,25.53544],[94.56206,25.53388],[94.55702,25.53171],[94.5547,25.52831],[94.55626,25.52373],[94.56028,25.52099],[94.55722,25.51952],[94.55644,25.51123],[94.55348,25.51049],[94.55388,25.50388],[94.55473,25.50227],[94.55736,25.50227],[94.55996,25.50082],[94.5633,25.5018],[94.56917,25.50078],[94.57682,25.49585],[94.58157,25.4886],[94.58563,25.48549],[94.59273,25.4841],[94.5934,25.48092],[94.59536,25.47845],[94.59836,25.47847],[94.60176,25.47672],[94.6104,25.46987],[94.61603,25.46259],[94.623,25.46122],[94.62603,25.45918],[94.63078,25.45909],[94.63293,25.45714],[94.63737,25.45595],[94.64592,25.45705],[94.65576,25.44986],[94.66844,25.44862],[94.67537,25.44582],[94.67118,25.44286],[94.67087,25.43726],[94.67304,25.42508],[94.66981,25.4215],[94.67004,25.41883],[94.6671,25.41464],[94.66441,25.41205],[94.66274,25.41186],[94.66293,25.41006],[94.65957,25.40582],[94.65594,25.40467],[94.64897,25.40642],[94.64595,25.40262],[94.6346,25.39501],[94.63227,25.38902],[94.63195,25.38162],[94.63364,25.3723],[94.63366,25.36494],[94.6324,25.36068],[94.63455,25.35792],[94.63125,25.35439],[94.62959,25.34934],[94.62244,25.34604],[94.62361,25.34358],[94.6205,25.33858],[94.61827,25.33045],[94.61462,25.32486],[94.61208,25.32412],[94.61187,25.32119],[94.60622,25.31456],[94.60412,25.30945],[94.60602,25.30636],[94.60341,25.30551],[94.59856,25.29268],[94.59334,25.28587],[94.59194,25.27814],[94.59058,25.2773],[94.58728,25.26967],[94.58479,25.26654],[94.58945,25.25698],[94.58892,25.25305],[94.58575,25.24882],[94.58743,25.24554],[94.58513,25.23913],[94.58552,25.22948],[94.58265,25.22742],[94.58237,25.22287],[94.58099,25.22192],[94.57853,25.21623],[94.57564,25.21412],[94.58175,25.21108],[94.58899,25.20294],[94.58945,25.20028],[94.59133,25.19842],[94.59194,25.19283],[94.59638,25.1909],[94.60028,25.18746],[94.60358,25.18642],[94.60583,25.18129],[94.61129,25.18201],[94.62004,25.18666],[94.62198,25.18507],[94.62363,25.18142],[94.62643,25.17984],[94.62855,25.17569],[94.63476,25.172],[94.64014,25.16615],[94.6483,25.16828],[94.65328,25.16566],[94.6646,25.16272],[94.66903,25.15759],[94.67377,25.15659],[94.67734,25.15457],[94.67756,25.15135],[94.67995,25.1493],[94.68455,25.15143],[94.68986,25.15792],[94.6918,25.15594],[94.69691,25.15484],[94.70063,25.151],[94.70291,25.14542],[94.70777,25.14417],[94.70988,25.1413],[94.71514,25.13808],[94.71894,25.13843],[94.72886,25.13448],[94.73661,25.13478],[94.7384,25.13086],[94.73809,25.12837],[94.74034,25.12696],[94.74076,25.12075],[94.7396,25.11699],[94.73642,25.11268],[94.73619,25.11032],[94.73969,25.10685],[94.74079,25.10383],[94.7394,25.09711],[94.74042,25.09532],[94.73966,25.09231],[94.74489,25.08064],[94.74184,25.07183],[94.73786,25.06543],[94.74337,25.06268],[94.74469,25.06003],[94.74198,25.05215],[94.74423,25.04721],[94.74255,25.045],[94.74324,25.04359],[94.742,25.04269],[94.74282,25.04105],[94.74212,25.03884],[94.74416,25.03727],[94.74134,25.03486],[94.73765,25.02765],[94.73858,25.02356],[94.73478,25.01994],[94.73272,25.01509],[94.72772,25.01017],[94.72911,25.00566],[94.72658,25.0024],[94.72663,24.99958],[94.71976,24.99498],[94.7137,24.99249],[94.7059,24.98635],[94.70265,24.98246],[94.70105,24.97449],[94.69659,24.96847],[94.69754,24.96603],[94.69607,24.96379],[94.69714,24.96268],[94.69665,24.95955],[94.70164,24.95585],[94.70184,24.95277],[94.70603,24.94975],[94.70744,24.9422],[94.70952,24.93892],[94.71292,24.93642],[94.7134,24.93437],[94.71024,24.9289],[94.70193,24.92938],[94.70095,24.92274],[94.69658,24.91813],[94.6949,24.91279],[94.6937,24.9121],[94.69323,24.90585],[94.69043,24.90317],[94.69077,24.89909],[94.68685,24.89153],[94.68795,24.88806],[94.68343,24.88726],[94.67951,24.88434],[94.67555,24.8802],[94.67399,24.87509],[94.66561,24.87407],[94.66297,24.87064],[94.65983,24.87233],[94.65729,24.8711],[94.6542,24.8677],[94.65295,24.86335],[94.64853,24.86062],[94.65045,24.85522],[94.64519,24.84922],[94.6426,24.8482],[94.63899,24.84535],[94.63797,24.84311],[94.63186,24.83946],[94.63366,24.83553],[94.63248,24.83102],[94.63264,24.8234],[94.6291,24.81691],[94.63002,24.81431],[94.62966,24.80297],[94.62593,24.79954],[94.62213,24.78842],[94.61902,24.78463],[94.61961,24.7815],[94.61861,24.7798],[94.62194,24.77538],[94.6225,24.77121],[94.62466,24.76986],[94.62447,24.76778],[94.62777,24.76513],[94.62696,24.76397],[94.62912,24.76128],[94.62936,24.75697],[94.62596,24.75222],[94.62024,24.74849],[94.61896,24.74627],[94.6168,24.74562],[94.61267,24.74018],[94.61321,24.737],[94.61064,24.73319],[94.61107,24.72882],[94.60906,24.72824],[94.60842,24.72604],[94.60945,24.72483],[94.60621,24.72156],[94.60735,24.71805],[94.60512,24.71231],[94.60294,24.71215],[94.60163,24.70948],[94.59152,24.70951],[94.58512,24.70542],[94.58012,24.70904],[94.5782,24.71172],[94.57816,24.71482],[94.57965,24.71639],[94.57943,24.72371],[94.57814,24.72344],[94.57275,24.71293],[94.5711,24.71253],[94.5679,24.71458],[94.55531,24.71483],[94.54966,24.71277],[94.54807,24.70953],[94.54827,24.70638],[94.55272,24.68994],[94.5531,24.68276],[94.55007,24.65893],[94.54446,24.6449],[94.52921,24.61802],[94.51854,24.60401],[94.49225,24.57463],[94.48635,24.57003],[94.46658,24.56153],[94.46154,24.55795],[94.45725,24.55241],[94.43867,24.51007],[94.4252,24.48612],[94.42074,24.48028],[94.4068,24.47877],[94.40308,24.47529],[94.40131,24.44948],[94.40216,24.44587],[94.40766,24.44017],[94.40869,24.43715],[94.403,24.42431],[94.39763,24.40729],[94.39545,24.40571],[94.37018,24.39752],[94.36713,24.39462],[94.36707,24.39298],[94.37405,24.38738],[94.38057,24.37821],[94.38011,24.37464],[94.35651,24.34516],[94.354,24.33447],[94.34364,24.33225],[94.33516,24.33235],[94.32854,24.32972],[94.32716,24.32766],[94.3236,24.31043],[94.32486,24.29096],[94.3239,24.27798],[94.31532,24.25268],[94.31084,24.24594],[94.30379,24.24017],[94.29271,24.23602],[94.2842,24.21236],[94.28291,24.20343],[94.28405,24.18515],[94.28319,24.17935],[94.27938,24.17591],[94.26173,24.16711],[94.25987,24.16226],[94.25519,24.14064],[94.25356,24.12418],[94.25489,24.10656],[94.25412,24.09212],[94.25154,24.08191],[94.24583,24.07155],[94.24273,24.06854],[94.23895,24.05778],[94.23661,24.05694],[94.23068,24.05742],[94.22995,24.05547],[94.23447,24.04306],[94.234,24.03929],[94.19855,23.98791],[94.18734,23.9646],[94.18686,23.94128],[94.18479,23.93877],[94.17603,23.93327],[94.16535,23.92964],[94.1622,23.91958],[94.15846,23.88772],[94.15696,23.86352],[94.15397,23.85315],[94.15147,23.85247],[94.14081,23.85384],[94.13763,23.85242],[94.13314,23.84149],[94.12556,23.8333],[94.12067,23.83285],[94.10229,23.8561],[94.09535,23.87154],[94.0843,23.88143],[94.06217,23.88057],[94.04682,23.88818],[94.03315,23.89724],[94.01934,23.91198],[94.00526,23.91895],[93.9985,23.92002],[93.9954,23.92379],[93.99131,23.92595],[93.9912,23.92756],[93.98875,23.92822],[93.98511,23.92684],[93.9807,23.92875],[93.97573,23.92469],[93.97467,23.92578],[93.9693,23.92642],[93.9676,23.92835],[93.96409,23.92964],[93.96194,23.92949],[93.96207,23.92802],[93.96076,23.92819],[93.95442,23.93246],[93.95514,23.9343],[93.95092,23.94053],[93.94474,23.94491],[93.94462,23.94609],[93.93046,23.95025],[93.92804,23.94962],[93.91949,23.95173],[93.90259,23.94995],[93.8937,23.95314],[93.89231,23.94981],[93.88288,23.94182],[93.8783,23.94234],[93.87199,23.94126],[93.8698,23.93835],[93.85937,23.93197],[93.85297,23.93281],[93.85037,23.93193],[93.83999,23.93202],[93.83474,23.93018],[93.83327,23.92734],[93.82481,23.92653],[93.82184,23.92407],[93.81966,23.9237],[93.81596,23.92633],[93.80738,23.92708],[93.79977,23.93264],[93.80084,23.93829],[93.79964,23.94147],[93.79837,23.94179],[93.79912,23.94292],[93.79793,23.94388],[93.79763,23.94767],[93.79494,23.95056],[93.79253,23.95123],[93.78725,23.95877],[93.78611,23.95878],[93.78518,23.9617],[93.78168,23.96131],[93.77947,23.96301],[93.78004,23.9645],[93.77499,23.96705],[93.77457,23.96821],[93.77326,23.96742],[93.77174,23.96892],[93.77314,23.9699],[93.77217,23.97082],[93.77359,23.97108],[93.77052,23.97448],[93.77123,23.97628],[93.77008,23.97648],[93.77014,23.97819],[93.76788,23.98135],[93.76862,23.98236],[93.76476,23.98628],[93.76495,23.99006],[93.76217,23.99121],[93.76327,23.99346],[93.76228,23.99431],[93.76341,23.99466],[93.76199,23.99618],[93.76137,24.00003],[93.75928,24.00151],[93.75939,24.00366],[93.75777,24.00304],[93.7542,24.00542],[93.7536,24.00464],[93.7509,24.00503],[93.7473,24.00279],[93.74425,24.00275],[93.74409,23.99937],[93.7418,23.99682],[93.74151,24.00144],[93.74038,24.00218],[93.7357,23.9994],[93.7277,23.99903],[93.72436,23.99717],[93.7174,24.00045],[93.70015,24.00418],[93.69355,24.00642],[93.69091,24.00851],[93.68443,24.00606],[93.68206,24.00715],[93.6797,24.00586],[93.67534,24.00566],[93.67164,24.00235],[93.66853,24.00278],[93.66773,24.00161],[93.6653,24.00241],[93.66322,24.00149],[93.65955,24.00287],[93.65749,24.00179],[93.65465,24.00244],[93.65341,24.00624],[93.65432,24.0082],[93.65298,24.00902],[93.64245,24.00869],[93.6355,24.01061],[93.629,24.00872],[93.62657,24.01107],[93.62335,24.01092],[93.61724,24.00703],[93.61346,23.99846],[93.61186,23.99732],[93.61379,23.99227],[93.60783,23.98063],[93.60897,23.97762],[93.60776,23.97437],[93.60816,23.97162],[93.59896,23.97239],[93.5989,23.96938],[93.59744,23.9702],[93.59642,23.96554],[93.59252,23.9638],[93.59326,23.96265],[93.59135,23.96177],[93.59166,23.96059],[93.58517,23.95995],[93.58251,23.9624],[93.57979,23.96265],[93.57631,23.96679],[93.57355,23.96672],[93.5737,23.96893],[93.57044,23.97046],[93.57094,23.9775],[93.56979,23.97667],[93.5648,23.98025],[93.56276,23.97887],[93.56203,23.98107],[93.55977,23.98207],[93.55744,23.98142],[93.5573,23.97822],[93.55481,23.97632],[93.55567,23.97437],[93.55407,23.97218],[93.5553,23.97003],[93.5536,23.96897],[93.55337,23.96427],[93.55123,23.9636],[93.55276,23.96184],[93.55008,23.96166],[93.55011,23.95916],[93.54547,23.95842],[93.54358,23.96086],[93.53923,23.96076],[93.53449,23.95928],[93.53001,23.95455],[93.52492,23.95636],[93.51949,23.95062],[93.51736,23.9455],[93.5148,23.94255],[93.51041,23.94332],[93.50476,23.94219],[93.50309,23.94306],[93.50257,23.94475],[93.50007,23.94442],[93.49892,23.94554],[93.49538,23.94962],[93.49682,23.95184],[93.49494,23.95346],[93.49363,23.95304],[93.49277,23.95057],[93.48967,23.95115],[93.49012,23.95439],[93.48641,23.95577],[93.48708,23.95668],[93.48614,23.95722],[93.48146,23.95716],[93.47681,23.96151],[93.47507,23.9615],[93.46631,23.97148],[93.46616,23.9734],[93.4635,23.97337],[93.4611,23.97735],[93.46054,23.98071],[93.46265,23.98364],[93.46362,23.99406],[93.46114,23.99863],[93.45311,23.9995],[93.45408,24.00505],[93.45309,24.01362],[93.45024,24.01529],[93.44321,24.01371],[93.44079,24.01472],[93.43792,24.01675],[93.43307,24.02401],[93.43327,24.02712],[93.43114,24.02856],[93.43007,24.03238],[93.42898,24.03299],[93.42966,24.03467],[93.42853,24.03566],[93.42992,24.03653],[93.4276,24.03721],[93.428,24.04107],[93.42679,24.04214],[93.42675,24.04442],[93.42501,24.04536],[93.4248,24.04902],[93.42593,24.05071],[93.42241,24.05878],[93.42167,24.06403],[93.41994,24.06463],[93.42004,24.06625],[93.41588,24.06923],[93.41695,24.07141],[93.41442,24.07234],[93.4141,24.07407],[93.41239,24.07265],[93.41154,24.0743],[93.41027,24.07309],[93.40892,24.07576],[93.40958,24.07657],[93.40672,24.07635],[93.40722,24.0797],[93.40552,24.07936],[93.40511,24.08075],[93.40299,24.08118],[93.40181,24.08334],[93.39899,24.08518],[93.39644,24.08284],[93.39484,24.08409],[93.39005,24.08265],[93.38482,24.08672],[93.38389,24.08663],[93.3839,24.08522],[93.37975,24.08835],[93.37799,24.08788],[93.37724,24.08913],[93.37293,24.09076],[93.3678,24.09006],[93.36663,24.09166],[93.36456,24.09212],[93.35809,24.09104],[93.35939,24.09394],[93.35704,24.09409],[93.35682,24.09535],[93.35451,24.09604],[93.35449,24.09889],[93.35127,24.0979],[93.34829,24.09889],[93.35078,24.10019],[93.34844,24.10124],[93.34997,24.10152],[93.34882,24.10474],[93.34755,24.10443],[93.34703,24.10292],[93.34513,24.10369],[93.34194,24.10197],[93.34287,24.09723],[93.34523,24.09705],[93.3468,24.09445],[93.34966,24.09518],[93.35386,24.09162],[93.35381,24.09053],[93.35115,24.09081],[93.34716,24.08757],[93.34675,24.09009],[93.34453,24.09174],[93.33606,24.09049],[93.33085,24.08536],[93.33068,24.08113],[93.32855,24.08115],[93.32848,24.07692],[93.3309,24.07299],[93.33304,24.07478],[93.33445,24.07431],[93.33322,24.07013],[93.33716,24.06754],[93.33604,24.0634],[93.33842,24.06267],[93.33846,24.06105],[93.33611,24.06018],[93.33531,24.05698],[93.33212,24.05313],[93.32796,24.05347],[93.32616,24.05194],[93.32576,24.04836],[93.3243,24.04819],[93.31781,24.05315],[93.31528,24.05186],[93.31053,24.05294],[93.30345,24.05281],[93.29744,24.04952],[93.29358,24.04873],[93.2872,24.05266],[93.28617,24.05103],[93.28682,24.04791],[93.28389,24.04604],[93.28203,24.04274],[93.27418,24.03944],[93.27387,24.03654],[93.26997,24.03249],[93.263,24.0278],[93.25689,24.02516],[93.25365,24.02123],[93.25524,24.02842],[93.25135,24.03049],[93.25105,24.0327],[93.25736,24.05111],[93.25954,24.05548],[93.26341,24.05838],[93.26127,24.06221],[93.26108,24.07043],[93.25709,24.07284],[93.24942,24.08076],[93.23845,24.08329],[93.23228,24.08239],[93.2251,24.08471],[93.22044,24.08358],[93.21898,24.08171],[93.21889,24.07856],[93.22213,24.07416],[93.22273,24.07097],[93.22032,24.06097],[93.2127,24.04947],[93.20996,24.04837],[93.20231,24.0505],[93.19713,24.0507],[93.18715,24.05412],[93.1789,24.05387],[93.16729,24.05171],[93.16327,24.0557],[93.16382,24.05787],[93.16277,24.05981],[93.16624,24.07048],[93.16583,24.07377],[93.16113,24.07353],[93.15013,24.08439],[93.14346,24.08596],[93.14049,24.08809],[93.13989,24.08487],[93.13323,24.07841],[93.13373,24.07669],[93.13094,24.07296],[93.13189,24.0717],[93.12821,24.06745],[93.12872,24.0662],[93.12615,24.06231],[93.12412,24.06083],[93.11989,24.06075],[93.12129,24.05899],[93.11828,24.05939],[93.1193,24.05821],[93.11697,24.05737],[93.11806,24.05603],[93.11395,24.05581],[93.11417,24.05408],[93.11236,24.05451],[93.10648,24.04866],[93.10419,24.05004],[93.10271,24.04843],[93.10344,24.04692],[93.09945,24.04337],[93.097,24.04396],[93.09739,24.04994],[93.10103,24.05294],[93.09721,24.05637],[93.09755,24.06132],[93.09962,24.0635],[93.09795,24.06562],[93.09743,24.07373],[93.09203,24.08042],[93.0877,24.0815],[93.08251,24.08963],[93.07855,24.10185],[93.07472,24.10202],[93.06961,24.09943],[93.06098,24.09221],[93.05306,24.08968],[93.04937,24.09078],[93.0466,24.09013],[93.04166,24.093],[93.03799,24.09232],[93.03444,24.09725],[93.02682,24.101],[93.02232,24.09998],[93.01964,24.10103],[93.01342,24.10125],[93.01128,24.1028],[93.00996,24.10672],[93.00575,24.10766],[92.99141,24.11548],[92.97985,24.11277],[92.97289,24.11249],[92.97066,24.11816],[92.97103,24.12137],[92.97473,24.12575],[92.9834,24.12566],[92.98634,24.12962],[92.98739,24.13333],[92.99045,24.1366],[92.9904,24.13966],[92.98772,24.14542],[92.98839,24.1494],[93.00302,24.15774],[93.00603,24.16196],[93.00304,24.17378],[93.004,24.1765],[93.00751,24.18002],[93.00765,24.18223],[92.99946,24.19359],[92.99924,24.19665],[93.00025,24.19795],[93.01153,24.1977],[93.01481,24.19991],[93.01678,24.20599],[93.0199,24.20982],[93.02194,24.21778],[93.01631,24.22318],[93.01598,24.22476],[93.01966,24.23091],[93.02392,24.23361],[93.02265,24.23501],[93.01956,24.23448],[93.01606,24.23619],[93.00919,24.24347],[93.00723,24.24913],[93.00646,24.25427],[93.00436,24.25803],[93.00453,24.26096],[93.01246,24.27131],[93.00785,24.27668],[93.00706,24.28276],[93.00867,24.28766],[93.01883,24.29609],[93.02375,24.30294],[93.03465,24.32303],[93.03643,24.33169],[93.03913,24.3364],[93.04054,24.34198],[93.04002,24.34357],[93.03554,24.34577],[93.02966,24.34455],[93.01991,24.34793],[93.01806,24.34976],[93.01757,24.35232],[93.01875,24.35692],[93.01782,24.36465],[93.02176,24.3737],[93.0184,24.38308],[93.02284,24.38623],[93.02486,24.38938],[93.02503,24.39203],[93.0169,24.40135],[93.00925,24.40646],[93.00886,24.4124],[93.01065,24.41589],[93.014,24.41696],[93.0153,24.41468],[93.01495,24.41019],[93.01617,24.40871],[93.02465,24.40677],[93.03247,24.40856],[93.03991,24.41182],[93.04164,24.41301],[93.04309,24.4165],[93.04265,24.42055],[93.03728,24.42362],[93.03292,24.42875],[93.03643,24.44222],[93.03572,24.45976],[93.03811,24.46193],[93.04366,24.46177],[93.04556,24.46328],[93.04677,24.46751],[93.04637,24.47357],[93.04024,24.48631],[93.03285,24.49353],[93.03256,24.4953],[93.04277,24.50479],[93.04273,24.50635],[93.03721,24.50939],[93.03874,24.51287],[93.04131,24.51557],[93.05013,24.51943],[93.05055,24.5232],[93.04719,24.52857],[93.04999,24.54421],[93.05701,24.55441],[93.06052,24.55358],[93.0617,24.54731],[93.06462,24.54679],[93.07081,24.55805],[93.06917,24.56188],[93.05959,24.57094],[93.05828,24.57406],[93.06216,24.57624],[93.07574,24.57505],[93.08196,24.57118],[93.0844,24.57113],[93.08916,24.57337],[93.09321,24.5815],[93.10184,24.58079],[93.10436,24.58238],[93.10427,24.5845],[93.10158,24.58759],[93.09359,24.5917],[93.08921,24.59238],[93.08027,24.59011],[93.07115,24.60064],[93.07394,24.60561],[93.08421,24.6136],[93.08327,24.61576],[93.07714,24.62008],[93.07568,24.62454],[93.07872,24.62885],[93.08521,24.62817],[93.08728,24.62967],[93.08763,24.63699],[93.08327,24.6469],[93.08319,24.64981],[93.08625,24.65273],[93.09537,24.65283],[93.09647,24.66426],[93.10415,24.67416],[93.10391,24.67785],[93.10191,24.6807],[93.09855,24.68011],[93.09228,24.67686],[93.09011,24.67717],[93.08985,24.67972],[93.09229,24.68548],[93.09126,24.68803],[93.08342,24.69813],[93.08184,24.70216],[93.07355,24.70781],[93.07738,24.71296],[93.08292,24.70867],[93.08662,24.70953],[93.0901,24.71432],[93.09079,24.71818],[93.09325,24.71891],[93.09295,24.72008],[93.09037,24.72139],[93.09065,24.72508],[93.09589,24.72421],[93.0971,24.73195],[93.10776,24.74144],[93.10272,24.74685],[93.10182,24.74638],[93.1016,24.74277],[93.09988,24.74317],[93.09833,24.74675],[93.10112,24.74958],[93.09825,24.75437],[93.10238,24.75922],[93.10361,24.7672],[93.10329,24.76942],[93.10028,24.7736],[93.10052,24.77942],[93.10522,24.78111],[93.1043,24.78631],[93.10611,24.78844],[93.10481,24.79128],[93.10839,24.79184],[93.10798,24.79487],[93.1114,24.80058],[93.10943,24.81148],[93.11123,24.81326],[93.11528,24.81428],[93.12137,24.81922],[93.12194,24.81662],[93.1179,24.80925],[93.11886,24.80766],[93.12703,24.80876],[93.13039,24.80535],[93.13176,24.80521],[93.13483,24.81058],[93.13857,24.80999],[93.13836,24.80896],[93.13471,24.80813],[93.13712,24.80657],[93.13906,24.80274],[93.1411,24.80126],[93.14175,24.79728],[93.1434,24.79645],[93.14626,24.79744],[93.15117,24.79468],[93.15115,24.79228],[93.1485,24.78908],[93.14946,24.78737],[93.15424,24.78871],[93.15618,24.79133],[93.15987,24.79338],[93.16109,24.79623],[93.17068,24.80185],[93.17357,24.80123],[93.17359,24.796],[93.17469,24.7938],[93.17615,24.79385],[93.17935,24.79721],[93.17995,24.80307],[93.18223,24.80249],[93.19112,24.80395],[93.19422,24.80902],[93.19695,24.81136],[93.19006,24.81864],[93.19189,24.82458],[93.19591,24.83091],[93.19165,24.83299],[93.19161,24.8344],[93.19327,24.83557],[93.19779,24.83416],[93.2006,24.83795],[93.19969,24.83948],[93.19611,24.83669],[93.19175,24.84002],[93.19231,24.84276],[93.19543,24.84433],[93.19997,24.84152],[93.20155,24.84206],[93.20126,24.84854],[93.19812,24.85301],[93.19483,24.85385],[93.19741,24.8553],[93.19955,24.85515],[93.20112,24.85436],[93.20239,24.85124],[93.20407,24.85105],[93.20687,24.85576],[93.21003,24.85608],[93.21361,24.86063],[93.21471,24.86529],[93.2169,24.86535],[93.21834,24.86764],[93.22145,24.86951],[93.22036,24.87352],[93.22644,24.87283],[93.22196,24.87766],[93.22151,24.88152],[93.22492,24.88018],[93.22657,24.88157],[93.22774,24.88503],[93.23124,24.88392],[93.23279,24.88466],[93.23155,24.88754],[93.22799,24.88834],[93.22602,24.89193],[93.22758,24.89293],[93.23212,24.89188],[93.23206,24.89388],[93.22942,24.89578],[93.22961,24.89782],[93.23201,24.89904],[93.23849,24.8987],[93.2408,24.90336],[93.24032,24.90513],[93.23778,24.90582],[93.2352,24.91141],[93.23651,24.91227],[93.23903,24.91062],[93.24406,24.91055],[93.24884,24.91485],[93.24597,24.92525],[93.23934,24.92437],[93.23849,24.92568],[93.24096,24.92764],[93.2417,24.93059],[93.24471,24.9325],[93.2451,24.93539],[93.24264,24.93611],[93.23713,24.93253],[93.23681,24.93716],[93.24492,24.94119],[93.24762,24.9398],[93.25127,24.94064],[93.25097,24.94341],[93.24732,24.94512],[93.24917,24.94684],[93.24913,24.94817],[93.24536,24.95081],[93.24844,24.95329],[93.25615,24.94928],[93.25809,24.94968],[93.25851,24.95054],[93.25618,24.95341],[93.25813,24.95452],[93.25812,24.95778],[93.26032,24.95895],[93.26176,24.96273],[93.25957,24.96548],[93.25788,24.97133],[93.2534,24.96907],[93.24942,24.97256],[93.25203,24.97645],[93.25182,24.97729],[93.24934,24.97704],[93.24944,24.97934],[93.25343,24.98207],[93.25141,24.98601],[93.25434,24.99279],[93.25704,24.99607],[93.25298,24.99734],[93.25277,24.99891],[93.25416,25.00023],[93.25863,24.99948],[93.25978,25.00159],[93.25701,25.00474],[93.25234,25.00093],[93.2505,25.00432],[93.24878,25.00299],[93.24957,25.00037],[93.24888,24.99891],[93.24686,24.99738],[93.24439,24.99809],[93.2442,25.00326],[93.24178,25.00393],[93.24472,25.01171],[93.24767,25.0149],[93.24374,25.01612],[93.24388,25.01829],[93.24728,25.01799],[93.24908,25.02009],[93.25395,25.02058],[93.2525,25.02293],[93.25404,25.02547],[93.25117,25.02585],[93.25135,25.02714],[93.2519,25.02789],[93.25379,25.02716],[93.25484,25.02999],[93.25669,25.03082],[93.25989,25.03497],[93.25835,25.03802],[93.25962,25.04121],[93.26219,25.04072],[93.26398,25.04311],[93.26605,25.04384],[93.26462,25.04565],[93.26227,25.04591],[93.2642,25.04936],[93.27045,25.05077],[93.27215,25.04844],[93.27451,25.05094],[93.27639,25.05087],[93.27731,25.04957],[93.28007,25.051],[93.27966,25.04722],[93.2827,25.04901],[93.28346,25.045],[93.28718,25.04701],[93.28897,25.04568],[93.29136,25.04864],[93.29368,25.04633],[93.2948,25.05106],[93.29735,25.05078],[93.2988,25.05195],[93.29941,25.04935],[93.29754,25.04658],[93.29996,25.04604],[93.3021,25.05424],[93.30079,25.05586],[93.30206,25.05646],[93.30423,25.05562],[93.30556,25.05743],[93.30259,25.06137],[93.30282,25.06436],[93.30631,25.06825],[93.30611,25.07164],[93.31274,25.07935],[93.31492,25.08462],[93.32188,25.09082],[93.3246,25.09133],[93.32754,25.0934],[93.33237,25.09352],[93.3317,25.09605],[93.33354,25.09799],[93.33246,25.10073],[93.33808,25.1099],[93.33675,25.1116],[93.34141,25.11383],[93.33933,25.11549],[93.3422,25.11989],[93.34118,25.12306],[93.34526,25.12346],[93.34172,25.12671],[93.34499,25.129],[93.34534,25.13034],[93.34238,25.13749],[93.34396,25.13829],[93.34625,25.13776],[93.34751,25.13877],[93.34614,25.14058],[93.34686,25.14302],[93.34518,25.15074],[93.34657,25.15708],[93.34401,25.15913],[93.34409,25.1628],[93.34624,25.16689],[93.34587,25.16981],[93.34961,25.17674],[93.34981,25.1795],[93.3515,25.17966],[93.35134,25.1832],[93.35496,25.18593],[93.35412,25.18767],[93.35616,25.18896],[93.35737,25.1876],[93.35671,25.19188],[93.35999,25.19185],[93.35938,25.19531],[93.36332,25.1961],[93.36562,25.19808],[93.3661,25.2061],[93.37072,25.20789],[93.36894,25.21097],[93.37383,25.21182],[93.37338,25.21484],[93.37493,25.21725],[93.37671,25.21788],[93.37561,25.22014],[93.37662,25.22108],[93.37854,25.22046],[93.3794,25.22222],[93.3817,25.22277],[93.38223,25.22659],[93.38127,25.22736],[93.38465,25.23136],[93.38426,25.23352],[93.38164,25.23431],[93.38269,25.23725],[93.38096,25.23794],[93.38112,25.23963],[93.38334,25.24228],[93.3865,25.24268],[93.38987,25.24656],[93.39079,25.24897],[93.39259,25.24997],[93.39366,25.25474],[93.40199,25.2611],[93.40668,25.26078],[93.40898,25.26246],[93.41594,25.26427],[93.41728,25.26871],[93.41909,25.27073],[93.42053,25.27746],[93.42515,25.27988],[93.4267,25.27964],[93.42752,25.28324],[93.43078,25.28295],[93.43606,25.28782],[93.44409,25.28985],[93.44532,25.29134],[93.4527,25.29217],[93.45536,25.29347],[93.45863,25.29577],[93.46316,25.30147],[93.4673,25.30166],[93.47065,25.30508],[93.47202,25.30312],[93.47358,25.29366],[93.47155,25.28982],[93.4699,25.28259],[93.47112,25.27558],[93.47045,25.27359],[93.47145,25.27185],[93.48019,25.26989],[93.48384,25.27123],[93.48732,25.27453],[93.48957,25.27492],[93.49805,25.27282],[93.50113,25.27078],[93.50642,25.26932],[93.50114,25.25609],[93.50024,25.2507],[93.50105,25.24253],[93.50375,25.24216],[93.50863,25.24477],[93.5093,25.24348],[93.51287,25.24308],[93.51703,25.24689],[93.52064,25.2475],[93.52417,25.24665],[93.52605,25.24494],[93.53301,25.24616],[93.5351,25.24356],[93.54388,25.24777],[93.5509,25.24782],[93.55597,25.24598],[93.56299,25.24093],[93.56424,25.23838],[93.56455,25.23132],[93.56557,25.23027],[93.56861,25.23],[93.56938,25.22639],[93.57204,25.2244],[93.57395,25.22505],[93.57912,25.22351],[93.58087,25.22129],[93.58405,25.22208],[93.58455,25.22144],[93.58495,25.21885],[93.58702,25.21777],[93.58623,25.2142],[93.5894,25.21376],[93.5916,25.20822],[93.59151,25.20714],[93.58898,25.20591],[93.58819,25.20106],[93.59079,25.20121],[93.59348,25.20343],[93.59468,25.20286],[93.59555,25.19871],[93.59923,25.20168],[93.60535,25.19917],[93.60592,25.20065],[93.61087,25.20424],[93.61095,25.20694],[93.60832,25.21099],[93.60929,25.21383],[93.61518,25.21882],[93.61966,25.22858],[93.62299,25.23154],[93.62229,25.23569],[93.62757,25.24109],[93.62904,25.2483],[93.63462,25.25418],[93.63717,25.25975],[93.63739,25.26349],[93.64139,25.26592],[93.64431,25.2653],[93.64638,25.26672],[93.64405,25.27181],[93.64501,25.27604],[93.65232,25.28418],[93.66056,25.29868],[93.66067,25.30041],[93.65841,25.30418],[93.66727,25.31004],[93.6686,25.31407],[93.66688,25.32192],[93.66477,25.32572],[93.66576,25.32636],[93.66829,25.3249],[93.67067,25.32511],[93.67389,25.32782],[93.67637,25.32651],[93.68149,25.3281],[93.68114,25.33467],[93.68297,25.34091],[93.68743,25.34582],[93.68534,25.35123],[93.68788,25.35562],[93.6869,25.36039],[93.69644,25.35622],[93.70233,25.35818],[93.70765,25.3566],[93.70996,25.35753],[93.7128,25.36624],[93.71617,25.37208],[93.72591,25.37831],[93.73151,25.38002],[93.736,25.38498],[93.73661,25.38813],[93.73495,25.39427],[93.74031,25.39962],[93.74225,25.40371],[93.75028,25.40711],[93.7607,25.41533],[93.76562,25.4162],[93.76743,25.41789],[93.76762,25.42053],[93.77226,25.41956],[93.77417,25.42048],[93.77464,25.4225],[93.77232,25.42637],[93.7802,25.43043],[93.78289,25.43365],[93.78177,25.43971],[93.78497,25.44238],[93.78602,25.44629],[93.78991,25.44974],[93.79308,25.45472],[93.80514,25.46397],[93.8084,25.47194],[93.80805,25.47677],[93.81018,25.48343],[93.80478,25.4876],[93.80446,25.49142],[93.80029,25.49689],[93.79066,25.50016],[93.78739,25.50318],[93.77291,25.49768],[93.76616,25.49348],[93.76123,25.4959],[93.76119,25.49907],[93.75845,25.50178],[93.75797,25.50758],[93.75956,25.51235],[93.76214,25.51452],[93.76236,25.517],[93.76682,25.51899],[93.76401,25.52289],[93.76649,25.53257],[93.76564,25.53821],[93.76752,25.53794],[93.7702,25.53413],[93.77211,25.53322],[93.77473,25.53486],[93.77866,25.53433],[93.78473,25.53613],[93.78628,25.53806],[93.79484,25.53827],[93.79769,25.54044],[93.80261,25.54039],[93.80466,25.54176],[93.81179,25.54185],[93.81605,25.54022],[93.81789,25.54459],[93.82069,25.54536],[93.82006,25.54973],[93.82172,25.55383],[93.82354,25.55415],[93.82528,25.5527],[93.8283,25.55323],[93.83039,25.55605],[93.83025,25.55867],[93.83519,25.56168],[93.83708,25.5611],[93.83958,25.55722],[93.84862,25.55683],[93.85148,25.55544],[93.86104,25.55404],[93.8653,25.55583],[93.87126,25.55614],[93.8822,25.5615],[93.88442,25.56427],[93.88794,25.56536],[93.90101,25.56292],[93.90944,25.56427],[93.91491,25.56238],[93.91688,25.56015],[93.9194,25.55938],[93.92386,25.55977],[93.92634,25.55887],[93.92911,25.55991],[93.93273,25.55967],[93.94478,25.5568],[93.95342,25.55054],[93.9575,25.55175],[93.96026,25.55055],[93.96348,25.55171],[93.96564,25.55539],[93.97209,25.55767],[93.9747,25.56536],[93.97814,25.56502],[93.98166,25.56787],[93.99339,25.56929],[94.00448,25.56523],[94.00747,25.56716],[94.01079,25.57354],[94.00404,25.58171],[94.00232,25.58543],[94.00313,25.58692],[94.01288,25.59224],[94.0136,25.59077],[94.0168,25.59134],[94.02215,25.58974],[94.02221,25.58461],[94.02505,25.58574],[94.02695,25.58508],[94.0266,25.57905],[94.03075,25.58026],[94.02984,25.57706],[94.03455,25.57929],[94.03664,25.57903],[94.03667,25.57448],[94.03821,25.57248],[94.03827,25.57004],[94.04312,25.57662],[94.04424,25.57641],[94.0445,25.57495],[94.04806,25.57546],[94.0499,25.5715],[94.05318,25.57075],[94.05388,25.56734],[94.05565,25.56726],[94.0569,25.56522],[94.05964,25.5638],[94.06094,25.55814],[94.06551,25.55669],[94.06577,25.55333],[94.06719,25.55212],[94.07212,25.55634],[94.07293,25.55615],[94.07241,25.55512],[94.07461,25.55539],[94.07622,25.55805],[94.08014,25.55771],[94.08497,25.55433],[94.08729,25.54934],[94.09222,25.54391],[94.0941,25.5371],[94.09067,25.53227],[94.08481,25.53021],[94.08827,25.5305],[94.10358,25.52615],[94.10751,25.52377],[94.10813,25.5217],[94.10945,25.52306],[94.11174,25.52324],[94.1219,25.5228],[94.13302,25.51852],[94.13727,25.51805],[94.14038,25.51921],[94.1437,25.52235],[94.14374,25.52988],[94.14609,25.53233],[94.14995,25.54345],[94.15339,25.54522],[94.15502,25.54996],[94.15676,25.55153],[94.16098,25.54765],[94.16253,25.54222],[94.16473,25.54128],[94.17643,25.54621],[94.17805,25.55057],[94.18446,25.54797],[94.19209,25.54841],[94.19117,25.53976],[94.18582,25.53143],[94.1876,25.529],[94.18643,25.52368],[94.19504,25.52076],[94.19743,25.51619],[94.2006,25.5146],[94.20482,25.50655],[94.2086,25.50318],[94.20753,25.4986],[94.2085,25.49618],[94.2141,25.49585],[94.21867,25.49187],[94.22176,25.49099],[94.22817,25.49463],[94.23163,25.49311],[94.24032,25.49596],[94.24591,25.49573],[94.24932,25.49441],[94.25382,25.49787],[94.25515,25.50067],[94.26101,25.49797],[94.26321,25.49871],[94.26711,25.49787],[94.27085,25.49966],[94.27455,25.49981],[94.28473,25.508],[94.29062,25.49822],[94.29769,25.49142],[94.29769,25.48471],[94.3082,25.48961],[94.31041,25.48918],[94.31545,25.49093],[94.32609,25.50491],[94.32866,25.50441],[94.33117,25.50672],[94.33703,25.50855],[94.34363,25.50918],[94.34788,25.51202],[94.35537,25.51242],[94.35939,25.51548],[94.36349,25.51747],[94.36576,25.5174],[94.36795,25.5199],[94.37046,25.52014],[94.37128,25.52163],[94.37358,25.52207],[94.37825,25.52812],[94.38571,25.53272],[94.38984,25.53263],[94.3971,25.53466],[94.39984,25.53397],[94.40474,25.53668],[94.40727,25.53663],[94.41141,25.53849],[94.41306,25.53618],[94.41393,25.5372],[94.41654,25.53648],[94.4182,25.53886],[94.41822,25.54268],[94.42234,25.55357],[94.42286,25.5596],[94.4215,25.56127],[94.423,25.56211],[94.42114,25.56435],[94.42177,25.56893],[94.41902,25.56974],[94.4212,25.57172],[94.42025,25.57301],[94.42232,25.57405],[94.42116,25.57665],[94.42523,25.58679],[94.43797,25.59263],[94.44521,25.59187],[94.44502,25.59662],[94.45105,25.59886],[94.45286,25.6017],[94.45838,25.60406],[94.46143,25.6084],[94.46856,25.61419],[94.47287,25.61527],[94.47658,25.61413],[94.48003,25.61523],[94.48433,25.61301],[94.4859,25.61432],[94.48741,25.61418],[94.48807,25.61193],[94.49276,25.60869],[94.49426,25.60925],[94.49501,25.6125],[94.49655,25.61365],[94.50209,25.61281],[94.50514,25.61364],[94.50678,25.62418],[94.51269,25.6251],[94.51424,25.62638],[94.51418,25.62855],[94.51824,25.62971],[94.52109,25.63486],[94.52099,25.63902],[94.52463,25.63733],[94.52896,25.63714],[94.5298,25.63827],[94.52953,25.64266],[94.53465,25.64247],[94.53608,25.64667],[94.53862,25.64789],[94.53951,25.65066],[94.54341,25.64987],[94.54564,25.65277],[94.54364,25.65344],[94.544,25.6549],[94.54794,25.65586],[94.55017,25.65773],[94.54845,25.66162],[94.55118,25.6628],[94.55195,25.66608],[94.55572,25.66897],[94.55662,25.67253],[94.55788,25.67326],[94.55934,25.67197],[94.5636,25.67523],[94.56347,25.67759],[94.56057,25.68245],[94.56372,25.68715],[94.57188,25.69195],[94.57861,25.69024],[94.58443,25.68489]]]]}},{"id":"3","type":"Feature","properties":{"state":"MEGHALAYA"},"geometry":{"type":"Polygon","coordinates":[[[91.83085,26.11844],[91.83736,26.11224],[91.84828,26.10807],[91.85101,26.1084],[91.86072,26.10289],[91.86393,26.10263],[91.86576,26.10042],[91.86638,26.10136],[91.86858,26.10012],[91.87364,26.10063],[91.87917,26.09798],[91.87964,26.09604],[91.87687,26.09165],[91.87845,26.08978],[91.87661,26.07667],[91.87265,26.06791],[91.87028,26.05451],[91.87192,26.05096],[91.8673,26.04202],[91.8709,26.04293],[91.87173,26.04449],[91.8742,26.04327],[91.87347,26.0387],[91.87575,26.03665],[91.87527,26.03544],[91.87878,26.03472],[91.87874,26.03151],[91.88304,26.0261],[91.8858,26.02804],[91.88874,26.02787],[91.89014,26.02669],[91.89525,26.02566],[91.89783,26.0234],[91.9023,26.02237],[91.90359,26.0238],[91.90518,26.02387],[91.90851,26.02097],[91.90964,26.02159],[91.91469,26.0205],[91.91497,26.01831],[91.91299,26.01471],[91.91479,26.01399],[91.90975,26.01267],[91.91332,26.0094],[91.91076,26.00995],[91.90976,26.00877],[91.91059,26.00737],[91.91417,26.0072],[91.91229,26.00484],[91.9137,26.00057],[91.91582,25.99874],[91.91767,25.99872],[91.91713,25.99642],[91.92163,25.99905],[91.9271,26.00056],[91.93115,26.01236],[91.93338,26.01187],[91.93397,26.01027],[91.94718,26.01317],[91.9478,26.01529],[91.9502,26.01558],[91.95137,26.01466],[91.95598,26.01738],[91.96191,26.01892],[91.96195,26.02026],[91.97317,26.02211],[91.97501,26.02511],[91.97897,26.02748],[91.98357,26.0258],[91.98461,26.02825],[91.98617,26.02898],[91.98546,26.03103],[91.98652,26.03155],[91.98724,26.03498],[91.98866,26.03574],[91.98791,26.03629],[91.98906,26.03853],[91.99281,26.03783],[91.99476,26.03849],[91.999,26.03687],[91.99922,26.03579],[92.00411,26.03557],[92.00622,26.03855],[92.00841,26.03857],[92.00881,26.03682],[92.01044,26.03665],[92.01327,26.03844],[92.0165,26.03705],[92.01845,26.03919],[92.02074,26.03817],[92.02287,26.03895],[92.02404,26.03781],[92.03062,26.03958],[92.03241,26.03855],[92.0344,26.03892],[92.03633,26.03621],[92.04069,26.03651],[92.04814,26.03277],[92.05143,26.03279],[92.05796,26.03482],[92.06381,26.03404],[92.06679,26.03508],[92.07791,26.04229],[92.08102,26.04266],[92.09191,26.04792],[92.09729,26.04922],[92.1088,26.05068],[92.11658,26.04641],[92.1199,26.04596],[92.1214,26.04388],[92.12821,26.04568],[92.13262,26.04424],[92.13421,26.05245],[92.13754,26.05504],[92.14339,26.05604],[92.14514,26.05972],[92.14757,26.06095],[92.15224,26.06678],[92.15471,26.06715],[92.15713,26.07009],[92.15872,26.07018],[92.1694,26.07764],[92.1788,26.07819],[92.17878,26.07569],[92.17617,26.07429],[92.17608,26.07023],[92.17804,26.06855],[92.18029,26.07117],[92.18181,26.06906],[92.18734,26.0693],[92.18613,26.06765],[92.18716,26.06657],[92.19101,26.06884],[92.19265,26.06733],[92.19442,26.06856],[92.20042,26.06962],[92.20651,26.06814],[92.20627,26.06963],[92.20818,26.07047],[92.21255,26.06855],[92.21548,26.06841],[92.22054,26.0703],[92.22224,26.06809],[92.22859,26.0668],[92.22944,26.06462],[92.23733,26.06348],[92.23856,26.06198],[92.24104,26.06289],[92.24163,26.06177],[92.24462,26.06371],[92.24787,26.06292],[92.25052,26.06453],[92.25096,26.0635],[92.25399,26.06328],[92.25593,26.06436],[92.25832,26.06346],[92.25938,26.06492],[92.26113,26.06517],[92.26095,26.06614],[92.26746,26.06676],[92.26888,26.06817],[92.26976,26.06661],[92.27113,26.06703],[92.27166,26.06523],[92.27489,26.06565],[92.27061,26.06404],[92.26949,26.06057],[92.26565,26.05924],[92.26395,26.05736],[92.26357,26.05431],[92.26814,26.05143],[92.27003,26.04745],[92.26901,26.04282],[92.26193,26.04253],[92.26108,26.04164],[92.26508,26.0361],[92.26347,26.03313],[92.25681,26.0287],[92.25329,26.029],[92.24858,26.02338],[92.24373,26.02152],[92.24285,26.02039],[92.24451,26.01939],[92.24452,26.01819],[92.24234,26.01583],[92.24037,26.01585],[92.23896,26.01397],[92.23504,26.01223],[92.23387,26.00912],[92.23021,26.00788],[92.22775,26.00856],[92.2248,26.00599],[92.22265,26.0065],[92.22032,26.00569],[92.21911,26.00389],[92.21686,26.005],[92.21194,26.00472],[92.2104,26.00334],[92.2092,25.99781],[92.20366,26.00103],[92.20101,25.99516],[92.19754,25.99456],[92.19631,25.99085],[92.19872,25.98935],[92.19855,25.98822],[92.19251,25.98691],[92.18846,25.98455],[92.18468,25.9858],[92.18088,25.98501],[92.17872,25.97742],[92.17441,25.9739],[92.16932,25.97338],[92.16421,25.97028],[92.16213,25.96656],[92.16152,25.96025],[92.16405,25.95781],[92.16048,25.95417],[92.1573,25.95263],[92.1571,25.94919],[92.15244,25.94432],[92.15252,25.93959],[92.15497,25.93865],[92.15667,25.93637],[92.16015,25.93532],[92.15922,25.93322],[92.16093,25.92815],[92.15682,25.91463],[92.15461,25.91377],[92.15474,25.91099],[92.16242,25.91116],[92.17555,25.90737],[92.17757,25.90885],[92.17656,25.91042],[92.18173,25.91126],[92.18608,25.91663],[92.18947,25.91457],[92.19453,25.91846],[92.19597,25.91782],[92.19633,25.91575],[92.19404,25.91167],[92.19633,25.90982],[92.20105,25.90845],[92.20228,25.90633],[92.20443,25.90914],[92.20605,25.90874],[92.20972,25.91037],[92.2154,25.91031],[92.21727,25.9115],[92.2223,25.91081],[92.22556,25.90917],[92.22281,25.90639],[92.22085,25.90026],[92.21724,25.90091],[92.2157,25.89995],[92.21498,25.8953],[92.20846,25.89184],[92.20693,25.8931],[92.20437,25.89081],[92.19901,25.88899],[92.18755,25.8772],[92.18363,25.87688],[92.17724,25.87275],[92.1762,25.8682],[92.17732,25.86708],[92.17749,25.86223],[92.17928,25.86152],[92.1801,25.85823],[92.17759,25.8581],[92.1784,25.85497],[92.1775,25.8515],[92.17261,25.8499],[92.17301,25.84718],[92.16981,25.83886],[92.16623,25.83529],[92.16202,25.83554],[92.16411,25.83356],[92.16059,25.83039],[92.16235,25.82724],[92.1608,25.82334],[92.16128,25.82059],[92.16023,25.81979],[92.15831,25.82164],[92.15695,25.82158],[92.15575,25.81889],[92.1511,25.81664],[92.15258,25.81178],[92.1487,25.80594],[92.14852,25.7998],[92.15039,25.79766],[92.14934,25.79679],[92.15019,25.79404],[92.1484,25.79119],[92.14929,25.79034],[92.14738,25.7876],[92.14861,25.78718],[92.14681,25.78357],[92.15154,25.78201],[92.15025,25.77986],[92.15172,25.77965],[92.15297,25.77785],[92.15195,25.77549],[92.14832,25.77415],[92.1483,25.7728],[92.14953,25.7722],[92.15127,25.76672],[92.15054,25.76399],[92.15223,25.76342],[92.15328,25.75939],[92.15573,25.75779],[92.15506,25.75387],[92.15582,25.75106],[92.16281,25.74388],[92.16161,25.73693],[92.1544,25.72527],[92.14808,25.72547],[92.14411,25.71714],[92.14489,25.71333],[92.14773,25.70946],[92.15083,25.70778],[92.15241,25.70861],[92.15478,25.70621],[92.15465,25.69788],[92.15684,25.69582],[92.15598,25.69167],[92.16053,25.68412],[92.1596,25.67624],[92.15615,25.67218],[92.16486,25.66663],[92.1702,25.66713],[92.17343,25.67414],[92.17748,25.67431],[92.17951,25.67785],[92.18746,25.68413],[92.19676,25.68665],[92.20039,25.69209],[92.20781,25.69561],[92.20925,25.69882],[92.21648,25.7046],[92.22145,25.71396],[92.22536,25.71635],[92.22974,25.71691],[92.23155,25.7162],[92.23264,25.70939],[92.23383,25.70783],[92.23908,25.71095],[92.24451,25.71172],[92.24751,25.71333],[92.25114,25.71082],[92.25299,25.71252],[92.25485,25.7126],[92.26451,25.70923],[92.2704,25.71108],[92.2776,25.71586],[92.28005,25.7157],[92.28173,25.71684],[92.29275,25.71662],[92.29712,25.72019],[92.30238,25.72127],[92.30621,25.72533],[92.31127,25.7281],[92.31501,25.72313],[92.31731,25.72253],[92.32432,25.72496],[92.33361,25.72439],[92.34591,25.72943],[92.35324,25.73991],[92.36093,25.73665],[92.36427,25.73735],[92.36894,25.74729],[92.37064,25.7474],[92.37376,25.75041],[92.37847,25.74852],[92.38325,25.75241],[92.38462,25.75488],[92.3858,25.751],[92.38225,25.74715],[92.38178,25.74204],[92.38405,25.74203],[92.38784,25.74415],[92.39399,25.7411],[92.39766,25.74045],[92.40361,25.74413],[92.40662,25.7446],[92.40803,25.74349],[92.40718,25.74187],[92.41432,25.74146],[92.41458,25.73996],[92.41157,25.73782],[92.40912,25.73375],[92.41165,25.73003],[92.41802,25.72972],[92.42059,25.73078],[92.42205,25.7299],[92.42604,25.73183],[92.43118,25.73218],[92.43151,25.72874],[92.43294,25.72696],[92.44429,25.7197],[92.4477,25.70901],[92.44399,25.70736],[92.44036,25.70824],[92.43813,25.70628],[92.43804,25.69486],[92.44343,25.68905],[92.4477,25.68771],[92.45031,25.68529],[92.45436,25.68523],[92.46298,25.68128],[92.46535,25.67664],[92.47026,25.67527],[92.4972,25.62439],[92.50609,25.6214],[92.50563,25.61631],[92.50948,25.61559],[92.51507,25.61834],[92.51643,25.61506],[92.53338,25.61495],[92.53585,25.61315],[92.53886,25.61358],[92.53816,25.612],[92.53922,25.61158],[92.55417,25.6148],[92.5541,25.61303],[92.55673,25.61141],[92.55564,25.61028],[92.55548,25.60178],[92.55217,25.60254],[92.55439,25.59957],[92.55332,25.59739],[92.55659,25.59648],[92.55467,25.59533],[92.55544,25.59302],[92.55432,25.5883],[92.55494,25.58457],[92.55877,25.58012],[92.55622,25.57665],[92.55714,25.57492],[92.55673,25.57096],[92.56361,25.56618],[92.56767,25.56058],[92.57018,25.55975],[92.57249,25.55735],[92.57542,25.55851],[92.58236,25.55763],[92.58407,25.55045],[92.58996,25.5526],[92.59482,25.55159],[92.59998,25.55504],[92.60155,25.55767],[92.60188,25.56229],[92.60891,25.56247],[92.62203,25.56552],[92.63002,25.57183],[92.63374,25.58092],[92.64164,25.58875],[92.64922,25.59244],[92.65264,25.59144],[92.65865,25.57813],[92.65831,25.57406],[92.66146,25.57219],[92.65748,25.56975],[92.65679,25.56085],[92.64746,25.55746],[92.64542,25.55574],[92.64585,25.55428],[92.64305,25.54842],[92.64206,25.54158],[92.64284,25.53481],[92.63957,25.53285],[92.63776,25.53024],[92.63191,25.52774],[92.62885,25.52485],[92.62769,25.52197],[92.62299,25.51943],[92.6202,25.51606],[92.60908,25.51181],[92.60552,25.50884],[92.5999,25.50635],[92.5973,25.50246],[92.59109,25.50115],[92.58491,25.49653],[92.57365,25.49048],[92.57329,25.48807],[92.56774,25.48136],[92.56416,25.4738],[92.56449,25.46512],[92.56616,25.46333],[92.56881,25.4637],[92.58017,25.47185],[92.58222,25.4717],[92.58253,25.46715],[92.58432,25.46523],[92.59029,25.4699],[92.59433,25.47057],[92.59685,25.46984],[92.60025,25.4648],[92.59762,25.45024],[92.60259,25.44949],[92.60452,25.44788],[92.6035,25.44559],[92.60307,25.43513],[92.60698,25.42763],[92.6045,25.4209],[92.60533,25.41466],[92.60663,25.41323],[92.61126,25.41517],[92.6151,25.42111],[92.61858,25.423],[92.62461,25.42092],[92.62764,25.42197],[92.62838,25.42388],[92.62525,25.43114],[92.62565,25.43492],[92.63584,25.42732],[92.63672,25.42141],[92.63956,25.41757],[92.6415,25.41887],[92.64198,25.42223],[92.64519,25.42478],[92.64708,25.42824],[92.65362,25.43352],[92.65442,25.4326],[92.65146,25.42584],[92.6519,25.41924],[92.65641,25.41154],[92.66164,25.40635],[92.66353,25.4065],[92.66752,25.41483],[92.67353,25.41402],[92.67778,25.40702],[92.68815,25.40208],[92.68961,25.39968],[92.69283,25.39767],[92.69828,25.38632],[92.70176,25.38448],[92.70988,25.38451],[92.71794,25.37263],[92.71978,25.37376],[92.7214,25.37758],[92.72375,25.37882],[92.73109,25.38],[92.73802,25.37933],[92.73326,25.37272],[92.73236,25.36892],[92.73411,25.36758],[92.73879,25.36695],[92.73955,25.36131],[92.74642,25.35833],[92.74995,25.34994],[92.7499,25.3441],[92.7546,25.34238],[92.75593,25.33864],[92.7605,25.33378],[92.76379,25.3339],[92.7699,25.33851],[92.77349,25.33713],[92.77593,25.33473],[92.7818,25.33318],[92.78356,25.32937],[92.78366,25.32442],[92.78656,25.31481],[92.78525,25.31188],[92.7817,25.30839],[92.78133,25.30432],[92.78323,25.29947],[92.78701,25.29621],[92.78719,25.28972],[92.79223,25.28241],[92.78729,25.27428],[92.77994,25.27384],[92.77556,25.26968],[92.76831,25.268],[92.7692,25.26559],[92.77411,25.26256],[92.77775,25.25818],[92.77497,25.252],[92.77118,25.25099],[92.76646,25.25214],[92.76263,25.24927],[92.76189,25.24653],[92.77016,25.23733],[92.77167,25.22998],[92.78203,25.23016],[92.78911,25.22468],[92.79388,25.22382],[92.79643,25.22164],[92.80152,25.22024],[92.80291,25.21617],[92.80085,25.21396],[92.79503,25.20975],[92.79098,25.21035],[92.78605,25.20935],[92.78192,25.20325],[92.77621,25.19961],[92.76747,25.20349],[92.76281,25.20159],[92.75484,25.20183],[92.7468,25.20651],[92.74287,25.20665],[92.74085,25.20553],[92.73955,25.20232],[92.73722,25.20054],[92.72473,25.19851],[92.71614,25.19578],[92.70924,25.19007],[92.70262,25.18838],[92.6939,25.17924],[92.69099,25.17876],[92.68711,25.18036],[92.68338,25.17954],[92.67645,25.18277],[92.66859,25.1767],[92.66796,25.17408],[92.66348,25.17667],[92.65843,25.17195],[92.65802,25.15884],[92.65576,25.15495],[92.65209,25.1523],[92.64629,25.15043],[92.64421,25.15066],[92.63868,25.14773],[92.63552,25.14349],[92.63246,25.14222],[92.62831,25.1381],[92.62729,25.13095],[92.62888,25.12646],[92.62577,25.12362],[92.62143,25.11503],[92.61923,25.11467],[92.61632,25.1158],[92.6089,25.12262],[92.60429,25.12344],[92.59501,25.1222],[92.59282,25.12589],[92.58893,25.12871],[92.58251,25.12856],[92.5771,25.13121],[92.57262,25.13065],[92.56815,25.12845],[92.5613,25.13044],[92.5598,25.13034],[92.55686,25.12724],[92.55536,25.12695],[92.5489,25.13041],[92.54309,25.13107],[92.53836,25.13349],[92.5249,25.13519],[92.52343,25.13862],[92.52178,25.13938],[92.52067,25.13648],[92.52265,25.13303],[92.5231,25.12597],[92.52864,25.1184],[92.52907,25.11506],[92.53484,25.10811],[92.53942,25.09905],[92.53396,25.09898],[92.53052,25.10031],[92.52922,25.10329],[92.52782,25.104],[92.51995,25.10594],[92.50892,25.10422],[92.5059,25.10474],[92.49696,25.10951],[92.49102,25.10769],[92.48097,25.10858],[92.47743,25.10019],[92.47731,25.09078],[92.47941,25.08661],[92.47716,25.08501],[92.47758,25.08255],[92.47411,25.08197],[92.47563,25.07998],[92.47535,25.07777],[92.47062,25.0764],[92.47202,25.07463],[92.47118,25.07194],[92.47238,25.07011],[92.47203,25.06725],[92.46843,25.06589],[92.46535,25.05867],[92.46357,25.05808],[92.46366,25.05494],[92.46232,25.0549],[92.46023,25.05729],[92.45698,25.05407],[92.45705,25.04667],[92.46051,25.04873],[92.46238,25.04813],[92.46229,25.04597],[92.46429,25.04362],[92.46298,25.03958],[92.46429,25.03744],[92.45981,25.03704],[92.45806,25.03873],[92.45277,25.04075],[92.44907,25.04056],[92.44731,25.04333],[92.44253,25.04524],[92.43828,25.04387],[92.43906,25.0388],[92.43819,25.03465],[92.43223,25.03513],[92.42925,25.02915],[92.42374,25.03002],[92.42149,25.0278],[92.41698,25.03029],[92.41255,25.02873],[92.40513,25.03263],[92.40229,25.03182],[92.40051,25.03408],[92.39924,25.03392],[92.39908,25.03278],[92.39343,25.03781],[92.3928,25.03978],[92.3882,25.03972],[92.38483,25.04082],[92.38497,25.04162],[92.38382,25.04236],[92.38469,25.04136],[92.38327,25.03849],[92.38262,25.04047],[92.38127,25.03916],[92.3814,25.03986],[92.38063,25.04141],[92.38107,25.03974],[92.37945,25.03952],[92.37691,25.0428],[92.37384,25.04261],[92.37486,25.04359],[92.37262,25.04348],[92.37258,25.04224],[92.37087,25.04271],[92.37094,25.04147],[92.36992,25.04178],[92.36971,25.04088],[92.36779,25.04239],[92.36906,25.04371],[92.3684,25.04621],[92.36298,25.04989],[92.36076,25.04672],[92.35844,25.04721],[92.35811,25.05012],[92.3566,25.05001],[92.35671,25.04744],[92.35441,25.04778],[92.35429,25.04944],[92.35095,25.04836],[92.35005,25.0495],[92.34743,25.04767],[92.34605,25.04905],[92.34148,25.04853],[92.33931,25.05035],[92.34031,25.0513],[92.3424,25.05422],[92.3392,25.05046],[92.33818,25.05152],[92.3444,25.05564],[92.3456,25.0582],[92.34721,25.05816],[92.34898,25.06091],[92.34855,25.07349],[92.33838,25.07571],[92.33542,25.07712],[92.33491,25.07845],[92.33031,25.07894],[92.32887,25.07743],[92.325,25.07851],[92.32178,25.07818],[92.31896,25.07424],[92.31915,25.06989],[92.31411,25.07195],[92.31063,25.06902],[92.30587,25.0705],[92.30695,25.07158],[92.30651,25.07196],[92.30505,25.07048],[92.2996,25.07168],[92.29789,25.07239],[92.29845,25.07315],[92.29415,25.07376],[92.28747,25.07745],[92.28378,25.07654],[92.28157,25.07934],[92.2784,25.07766],[92.27781,25.07928],[92.2763,25.07897],[92.27565,25.08088],[92.27184,25.08176],[92.27106,25.08076],[92.26676,25.08321],[92.25531,25.08525],[92.25438,25.08674],[92.23332,25.09486],[92.23136,25.09689],[92.22755,25.09371],[92.22307,25.0982],[92.22354,25.10242],[92.22186,25.10404],[92.20699,25.10867],[92.20276,25.10637],[92.20138,25.10747],[92.19617,25.10803],[92.19798,25.11317],[92.19861,25.11273],[92.19929,25.11685],[92.20052,25.11729],[92.2004,25.11998],[92.20639,25.11942],[92.2197,25.11515],[92.21938,25.11701],[92.21301,25.12096],[92.20558,25.12362],[92.19696,25.12631],[92.1945,25.12564],[92.19363,25.12634],[92.19526,25.13006],[92.19323,25.13341],[92.18933,25.13629],[92.1876,25.13264],[92.18907,25.13215],[92.18863,25.12782],[92.18393,25.11792],[92.18159,25.11907],[92.18027,25.12138],[92.17673,25.12286],[92.17936,25.12401],[92.17889,25.12613],[92.17682,25.12385],[92.17624,25.12632],[92.17261,25.12675],[92.17092,25.12858],[92.16479,25.12539],[92.15959,25.1266],[92.15964,25.12778],[92.16301,25.12849],[92.1649,25.13046],[92.15945,25.13003],[92.15887,25.13299],[92.16296,25.1334],[92.16337,25.13445],[92.16576,25.13498],[92.16571,25.13595],[92.16256,25.13621],[92.15968,25.13399],[92.15557,25.13322],[92.1527,25.13368],[92.15319,25.13621],[92.15084,25.13823],[92.14736,25.13525],[92.14203,25.13605],[92.14201,25.13757],[92.13584,25.13874],[92.13611,25.13968],[92.13956,25.14094],[92.13955,25.13985],[92.14152,25.13968],[92.14187,25.14046],[92.14267,25.13963],[92.14457,25.13966],[92.1344,25.14278],[92.13519,25.1456],[92.13389,25.14833],[92.1356,25.15151],[92.13408,25.15266],[92.13791,25.15189],[92.13974,25.15376],[92.13922,25.15499],[92.13286,25.15634],[92.13206,25.15744],[92.13288,25.16015],[92.13081,25.15992],[92.12853,25.16188],[92.12044,25.16383],[92.11795,25.16656],[92.10905,25.17035],[92.10772,25.1726],[92.10526,25.17259],[92.10445,25.17463],[92.09436,25.17793],[92.0923,25.17754],[92.08323,25.18227],[92.08106,25.18261],[92.07885,25.18096],[92.07385,25.18495],[92.05601,25.18542],[92.05543,25.18426],[92.05389,25.18518],[92.05432,25.18644],[92.04938,25.18696],[92.04934,25.18538],[92.04733,25.18536],[92.04723,25.18639],[92.04055,25.18637],[92.03899,25.18231],[92.02791,25.18342],[92.02619,25.17917],[92.01845,25.1827],[92.01643,25.18721],[92.00376,25.18616],[91.99856,25.18401],[91.9834,25.17095],[91.98022,25.16922],[91.97167,25.16758],[91.96682,25.17638],[91.95651,25.17757],[91.947,25.17711],[91.9375,25.17861],[91.93413,25.17808],[91.93289,25.18051],[91.93232,25.17942],[91.91626,25.18135],[91.90742,25.17931],[91.89851,25.18008],[91.89739,25.17807],[91.89388,25.17835],[91.8947,25.17624],[91.89248,25.17594],[91.88449,25.1771],[91.88063,25.17292],[91.87615,25.17558],[91.87598,25.17744],[91.87091,25.17431],[91.86441,25.17529],[91.86152,25.17245],[91.8556,25.17249],[91.84984,25.17321],[91.84079,25.1769],[91.83261,25.17803],[91.83039,25.17693],[91.82704,25.1778],[91.8266,25.1762],[91.82304,25.17679],[91.81765,25.17121],[91.80421,25.17177],[91.80364,25.17043],[91.80701,25.16981],[91.80663,25.1683],[91.79725,25.16881],[91.78837,25.16742],[91.78033,25.16591],[91.77461,25.16313],[91.772,25.16539],[91.76724,25.16629],[91.76634,25.16748],[91.76402,25.16722],[91.76354,25.16629],[91.75856,25.16837],[91.75642,25.17129],[91.75489,25.17176],[91.75603,25.1775],[91.74733,25.17399],[91.74469,25.16985],[91.74496,25.16723],[91.74983,25.15922],[91.74864,25.15618],[91.74468,25.15316],[91.74365,25.15096],[91.74407,25.14656],[91.74247,25.1446],[91.74704,25.14162],[91.74764,25.14015],[91.73637,25.1434],[91.73549,25.14973],[91.73274,25.14781],[91.73176,25.14817],[91.73297,25.15022],[91.71655,25.15233],[91.71434,25.15763],[91.70834,25.15909],[91.7055,25.15692],[91.70378,25.16002],[91.7005,25.15573],[91.70322,25.15347],[91.70355,25.14949],[91.70223,25.14893],[91.70103,25.15058],[91.70122,25.14893],[91.6988,25.14618],[91.69443,25.14548],[91.69423,25.14038],[91.6918,25.13712],[91.68629,25.13773],[91.6807,25.13498],[91.67564,25.13805],[91.66994,25.1379],[91.66401,25.13523],[91.66503,25.12843],[91.66002,25.12704],[91.65843,25.12919],[91.65888,25.13148],[91.65277,25.1312],[91.65179,25.12745],[91.64544,25.12721],[91.64206,25.12307],[91.63971,25.12353],[91.63791,25.12254],[91.63627,25.12286],[91.63561,25.12415],[91.62699,25.12543],[91.6232,25.12788],[91.6224,25.13138],[91.62316,25.13651],[91.62138,25.14046],[91.62151,25.14341],[91.61545,25.14511],[91.61341,25.14103],[91.61226,25.14097],[91.61238,25.14408],[91.61112,25.14627],[91.60704,25.14474],[91.60377,25.14018],[91.60209,25.14272],[91.59941,25.15107],[91.60264,25.15488],[91.60363,25.15901],[91.59998,25.1596],[91.60222,25.16208],[91.60406,25.16745],[91.60861,25.16983],[91.61543,25.16966],[91.61518,25.17472],[91.60973,25.17705],[91.60551,25.17364],[91.59207,25.17434],[91.58917,25.17167],[91.57706,25.17196],[91.57157,25.16527],[91.5729,25.16264],[91.57658,25.15982],[91.57131,25.1609],[91.56695,25.15931],[91.56307,25.16064],[91.55812,25.15551],[91.55721,25.14976],[91.5265,25.1445],[91.52451,25.14594],[91.52049,25.14571],[91.51706,25.14777],[91.50955,25.14745],[91.50105,25.14306],[91.50163,25.14005],[91.4996,25.13542],[91.49251,25.13687],[91.49368,25.13854],[91.49195,25.13886],[91.49165,25.13706],[91.48929,25.1351],[91.48229,25.13711],[91.47801,25.13647],[91.47979,25.1353],[91.47821,25.13379],[91.47102,25.13359],[91.46423,25.13481],[91.46526,25.13719],[91.46739,25.13734],[91.47045,25.13971],[91.467,25.14379],[91.46951,25.15082],[91.46863,25.15179],[91.46109,25.15122],[91.45702,25.14824],[91.45314,25.1526],[91.4508,25.15204],[91.4496,25.14916],[91.44335,25.15069],[91.44058,25.14963],[91.43718,25.15412],[91.43268,25.1568],[91.42512,25.15699],[91.4236,25.15835],[91.42261,25.16219],[91.41465,25.17113],[91.41214,25.16942],[91.41286,25.16733],[91.41087,25.16366],[91.40892,25.16393],[91.40677,25.16611],[91.39865,25.16446],[91.38856,25.16757],[91.38626,25.16995],[91.38326,25.16961],[91.38137,25.16825],[91.37642,25.16795],[91.3688,25.17062],[91.36517,25.17472],[91.36382,25.17807],[91.36098,25.1778],[91.35375,25.17126],[91.35153,25.17582],[91.34724,25.17419],[91.33752,25.17349],[91.3353,25.17436],[91.3345,25.17666],[91.33197,25.1774],[91.32703,25.17618],[91.32432,25.18073],[91.31778,25.18367],[91.3117,25.18413],[91.30446,25.1826],[91.30013,25.18424],[91.29248,25.1838],[91.28844,25.18649],[91.28657,25.18535],[91.28868,25.19012],[91.29151,25.19164],[91.29223,25.19332],[91.27618,25.19905],[91.26801,25.20724],[91.26582,25.20593],[91.26027,25.2051],[91.25979,25.20102],[91.25151,25.19912],[91.25163,25.19517],[91.24734,25.19776],[91.23678,25.19696],[91.23638,25.19903],[91.23326,25.1991],[91.23042,25.19689],[91.22449,25.20016],[91.22327,25.19901],[91.21996,25.20001],[91.19468,25.20182],[91.18006,25.19807],[91.16484,25.19585],[91.16032,25.19778],[91.15609,25.19621],[91.15068,25.19704],[91.13966,25.19638],[91.13463,25.1946],[91.12525,25.194],[91.09209,25.19685],[91.08489,25.19631],[91.07399,25.19869],[91.06964,25.19841],[91.06983,25.19622],[91.0717,25.19521],[91.07188,25.19336],[91.06788,25.19153],[91.06295,25.19123],[91.05515,25.19243],[91.04997,25.18973],[91.04803,25.19016],[91.04161,25.18764],[91.03955,25.18852],[91.03839,25.18626],[91.03221,25.18629],[91.03041,25.18511],[91.02379,25.18553],[91.01911,25.18697],[91.01878,25.18382],[91.01052,25.18234],[91.00944,25.1832],[91.00611,25.18026],[91.00197,25.1813],[91.00201,25.1804],[90.99918,25.1793],[90.99242,25.17817],[90.98474,25.17498],[90.98035,25.17515],[90.97733,25.17401],[90.9731,25.17507],[90.96539,25.1709],[90.96423,25.17188],[90.96069,25.17019],[90.94882,25.17079],[90.9465,25.16756],[90.94309,25.16751],[90.93695,25.16478],[90.92859,25.16328],[90.92801,25.16222],[90.91884,25.16334],[90.90462,25.16188],[90.9017,25.16255],[90.89729,25.16626],[90.89453,25.16459],[90.88414,25.16595],[90.88399,25.16672],[90.87721,25.16332],[90.87511,25.16351],[90.87454,25.16124],[90.87219,25.15978],[90.86592,25.16108],[90.86394,25.15804],[90.86202,25.15763],[90.85944,25.16016],[90.85811,25.15954],[90.85989,25.15833],[90.85868,25.15774],[90.85524,25.15788],[90.85419,25.15913],[90.85281,25.15791],[90.84982,25.15764],[90.84442,25.15846],[90.84201,25.16431],[90.84074,25.16432],[90.84083,25.16107],[90.83664,25.16087],[90.82147,25.16326],[90.81955,25.16261],[90.81793,25.16756],[90.81385,25.16751],[90.8148,25.16588],[90.81357,25.16587],[90.8152,25.16501],[90.81557,25.16394],[90.814,25.16369],[90.80591,25.16594],[90.80446,25.16719],[90.80416,25.16947],[90.80546,25.17363],[90.8027,25.17274],[90.79877,25.17432],[90.79598,25.17721],[90.79473,25.18127],[90.78747,25.17873],[90.78401,25.17932],[90.7842,25.18128],[90.78265,25.18024],[90.78156,25.18071],[90.78127,25.18596],[90.78036,25.18612],[90.77552,25.18195],[90.77098,25.18145],[90.76916,25.18261],[90.76662,25.17948],[90.76383,25.17831],[90.76249,25.17673],[90.76326,25.17593],[90.75891,25.17245],[90.76071,25.17213],[90.76177,25.16989],[90.76041,25.1682],[90.75905,25.16782],[90.75858,25.16944],[90.75846,25.16807],[90.7576,25.16816],[90.75666,25.16976],[90.74943,25.16691],[90.74762,25.164],[90.74208,25.16587],[90.74186,25.17024],[90.73992,25.16929],[90.73969,25.16667],[90.73422,25.16685],[90.73466,25.16529],[90.73322,25.16517],[90.73396,25.16445],[90.73319,25.16202],[90.73788,25.16432],[90.74193,25.16125],[90.73914,25.15767],[90.73693,25.15717],[90.73448,25.15817],[90.73328,25.15491],[90.73193,25.15498],[90.73147,25.15738],[90.72662,25.15806],[90.72567,25.16311],[90.7224,25.1647],[90.7175,25.16376],[90.71477,25.16757],[90.70998,25.16812],[90.70784,25.16607],[90.70656,25.16109],[90.70236,25.16206],[90.70064,25.16481],[90.69929,25.16116],[90.70059,25.15932],[90.69807,25.15683],[90.69526,25.15858],[90.69504,25.16002],[90.69174,25.16087],[90.68993,25.16415],[90.68687,25.16483],[90.68371,25.16323],[90.68215,25.16425],[90.68052,25.16932],[90.68551,25.17224],[90.68617,25.17427],[90.681,25.17232],[90.67515,25.17249],[90.67485,25.17412],[90.67635,25.17583],[90.67565,25.17638],[90.67439,25.17637],[90.67216,25.17201],[90.67183,25.16867],[90.67051,25.16874],[90.66995,25.16626],[90.66601,25.1658],[90.66655,25.1695],[90.66567,25.16964],[90.66575,25.17188],[90.66381,25.17286],[90.66515,25.17627],[90.66341,25.17881],[90.66439,25.18072],[90.66545,25.18073],[90.66501,25.18417],[90.6648,25.18534],[90.66277,25.18555],[90.66379,25.18833],[90.66255,25.19158],[90.66513,25.19633],[90.66342,25.19785],[90.66095,25.19168],[90.66122,25.18904],[90.65932,25.18603],[90.65695,25.18476],[90.65238,25.19224],[90.64884,25.19488],[90.64765,25.19409],[90.65256,25.18859],[90.65139,25.1881],[90.65238,25.18687],[90.65114,25.18202],[90.64874,25.18064],[90.64599,25.18083],[90.64551,25.1819],[90.64035,25.18359],[90.63879,25.18008],[90.64189,25.17667],[90.6419,25.17481],[90.64094,25.17453],[90.63456,25.17603],[90.63205,25.17355],[90.62724,25.17322],[90.62705,25.17222],[90.62518,25.17414],[90.62042,25.1744],[90.61828,25.17254],[90.61683,25.17426],[90.61648,25.17737],[90.61526,25.17695],[90.61388,25.17367],[90.61267,25.17698],[90.61,25.17788],[90.60939,25.17911],[90.60892,25.17786],[90.60781,25.1781],[90.60736,25.17614],[90.60472,25.17638],[90.60468,25.17463],[90.6,25.17538],[90.59939,25.17654],[90.59385,25.17615],[90.59355,25.17514],[90.59134,25.17585],[90.58914,25.17519],[90.58787,25.17651],[90.58624,25.17349],[90.58455,25.17403],[90.58326,25.17328],[90.58274,25.17482],[90.58209,25.1736],[90.57895,25.17476],[90.57598,25.17164],[90.56977,25.1736],[90.56474,25.17335],[90.56409,25.17143],[90.5617,25.17181],[90.55977,25.17354],[90.55498,25.17168],[90.55134,25.17523],[90.54556,25.1736],[90.53803,25.17528],[90.5353,25.17331],[90.52595,25.17382],[90.51866,25.17219],[90.50864,25.17535],[90.50986,25.16942],[90.49905,25.17217],[90.49926,25.1686],[90.48851,25.16411],[90.48588,25.16107],[90.46355,25.1542],[90.45085,25.15239],[90.44942,25.14662],[90.44639,25.14478],[90.44108,25.14451],[90.42202,25.15066],[90.41873,25.15058],[90.41889,25.15154],[90.41371,25.15361],[90.40448,25.15995],[90.40022,25.15898],[90.3889,25.16129],[90.37953,25.16122],[90.37046,25.16284],[90.36529,25.16725],[90.34676,25.17834],[90.34143,25.18302],[90.33674,25.18948],[90.33024,25.19382],[90.32339,25.19215],[90.31665,25.19286],[90.31043,25.18877],[90.29568,25.19204],[90.28655,25.19568],[90.28159,25.19531],[90.26814,25.19841],[90.26406,25.19625],[90.25999,25.19711],[90.2555,25.19979],[90.249,25.20011],[90.24339,25.20279],[90.23399,25.2049],[90.22867,25.20329],[90.22553,25.20047],[90.21942,25.20666],[90.21521,25.20539],[90.20936,25.20815],[90.20789,25.21021],[90.19595,25.21103],[90.19237,25.21332],[90.19196,25.21506],[90.18803,25.21512],[90.17147,25.22306],[90.12813,25.22563],[90.1215,25.22509],[90.11811,25.22346],[90.10535,25.22925],[90.09926,25.23464],[90.09426,25.23733],[90.0813,25.24037],[90.07414,25.24395],[90.05954,25.25464],[90.05639,25.26042],[90.05452,25.26136],[90.04672,25.26063],[90.03376,25.26226],[90.02143,25.26911],[90.01938,25.27203],[90.00943,25.27641],[90.00422,25.28055],[89.996,25.27664],[89.98076,25.28085],[89.98038,25.29068],[89.97708,25.29679],[89.96665,25.30369],[89.96396,25.30188],[89.9597,25.30242],[89.9545,25.301],[89.95082,25.29663],[89.94924,25.29271],[89.94695,25.29472],[89.94567,25.30286],[89.94392,25.30436],[89.93903,25.29904],[89.93397,25.30074],[89.9271,25.30133],[89.92353,25.30428],[89.91902,25.30465],[89.91455,25.30703],[89.907,25.30773],[89.89923,25.30465],[89.89537,25.29919],[89.89263,25.29808],[89.8921,25.29491],[89.89009,25.29196],[89.88695,25.29164],[89.88519,25.28798],[89.8766,25.28533],[89.8632,25.2879],[89.86008,25.28724],[89.85931,25.28602],[89.85686,25.28664],[89.85397,25.28942],[89.84857,25.28938],[89.84831,25.29086],[89.84615,25.29096],[89.84478,25.29242],[89.83842,25.29317],[89.83757,25.29456],[89.83118,25.29603],[89.83769,25.30236],[89.83727,25.30532],[89.84161,25.30815],[89.8414,25.31479],[89.83831,25.32342],[89.83211,25.33243],[89.8268,25.34676],[89.8252,25.34654],[89.8233,25.34823],[89.82144,25.35552],[89.82125,25.37424],[89.81959,25.38038],[89.82341,25.38875],[89.82449,25.39549],[89.82707,25.40154],[89.82735,25.40622],[89.8254,25.40769],[89.82543,25.41335],[89.83272,25.43875],[89.84301,25.45646],[89.85149,25.46549],[89.86543,25.47169],[89.87169,25.47735],[89.87228,25.48594],[89.87623,25.49269],[89.87669,25.4955],[89.87681,25.5008],[89.87287,25.50742],[89.88088,25.50682],[89.88594,25.50792],[89.88411,25.51424],[89.8807,25.51674],[89.88349,25.51911],[89.87995,25.518],[89.87734,25.51962],[89.87335,25.51689],[89.87347,25.51945],[89.87174,25.51853],[89.87149,25.52192],[89.86883,25.52149],[89.86794,25.52424],[89.86808,25.52987],[89.87883,25.5377],[89.87495,25.54373],[89.87717,25.54899],[89.8853,25.55499],[89.89191,25.55557],[89.89674,25.55808],[89.89865,25.56051],[89.90157,25.55894],[89.90747,25.56135],[89.90959,25.56045],[89.91225,25.56317],[89.92448,25.56452],[89.93687,25.5644],[89.94106,25.56826],[89.94717,25.57045],[89.9538,25.57079],[89.9605,25.57445],[89.97216,25.57349],[89.97542,25.57611],[89.97854,25.58696],[89.9828,25.59094],[89.98771,25.59155],[89.99739,25.58591],[90.0017,25.60121],[90.00458,25.59944],[90.01253,25.60047],[90.01552,25.60186],[90.01843,25.60139],[90.0193,25.6045],[90.02458,25.60396],[90.02887,25.6054],[90.01974,25.60708],[90.01598,25.61029],[90.01387,25.61583],[90.00882,25.61799],[90.00658,25.62023],[90.00722,25.62222],[90.00585,25.62413],[89.99716,25.62261],[89.99543,25.62458],[89.99175,25.62408],[89.98459,25.62704],[89.98318,25.62679],[89.98335,25.63055],[89.97916,25.63878],[89.96485,25.6468],[89.96293,25.64948],[89.95045,25.6556],[89.94674,25.66187],[89.94715,25.66615],[89.94544,25.66788],[89.94744,25.67103],[89.94619,25.67085],[89.94477,25.67244],[89.94292,25.67223],[89.94413,25.67422],[89.94442,25.67926],[89.94012,25.68456],[89.93752,25.68587],[89.93627,25.68975],[89.93387,25.68966],[89.93314,25.69097],[89.92358,25.69449],[89.91871,25.70515],[89.91348,25.70856],[89.91206,25.71186],[89.90724,25.71652],[89.9026,25.72526],[89.89913,25.72642],[89.89867,25.72957],[89.89569,25.73155],[89.8944,25.73494],[89.89363,25.7397],[89.89474,25.74497],[89.90006,25.74706],[89.92428,25.73834],[89.92816,25.73904],[89.93728,25.74512],[89.9378,25.7479],[89.93514,25.75302],[89.93563,25.75468],[89.93764,25.75581],[89.94489,25.75598],[89.94885,25.76184],[89.95313,25.76486],[89.95537,25.76838],[89.95728,25.7755],[89.95717,25.77693],[89.95537,25.77807],[89.95967,25.78153],[89.95951,25.78279],[89.9557,25.78541],[89.95444,25.78764],[89.95592,25.79325],[89.95488,25.79686],[89.95856,25.80173],[89.95491,25.80537],[89.9561,25.8094],[89.9555,25.81157],[89.94966,25.81576],[89.9514,25.81766],[89.95183,25.82161],[89.94845,25.82407],[89.94885,25.82643],[89.95408,25.82729],[89.96027,25.82987],[89.96067,25.82784],[89.95494,25.82529],[89.95405,25.82277],[89.95693,25.82046],[89.9616,25.8196],[89.96327,25.82176],[89.9661,25.82147],[89.96725,25.82234],[89.96495,25.82694],[89.96397,25.83266],[89.96615,25.83233],[89.96829,25.82805],[89.97293,25.82685],[89.97771,25.82952],[89.97917,25.83446],[89.98644,25.83438],[89.99724,25.83707],[89.99777,25.83892],[89.99624,25.84375],[90.00689,25.84606],[90.01488,25.85079],[90.01685,25.85292],[90.01725,25.85698],[90.02108,25.86002],[90.02366,25.86701],[90.02343,25.87005],[90.02133,25.8713],[90.01293,25.87266],[90.00565,25.87908],[90.00735,25.88097],[90.01098,25.88457],[90.01386,25.88506],[90.01916,25.89229],[90.02242,25.89369],[90.02452,25.89605],[90.03364,25.89497],[90.03463,25.89409],[90.03391,25.89226],[90.04137,25.88791],[90.04291,25.88854],[90.04321,25.89276],[90.04107,25.89439],[90.04622,25.89639],[90.04766,25.90034],[90.055,25.90091],[90.0565,25.90351],[90.05544,25.90639],[90.0627,25.91123],[90.06025,25.91388],[90.06688,25.91343],[90.07045,25.91855],[90.07287,25.91853],[90.07512,25.91538],[90.07638,25.91521],[90.08643,25.91971],[90.08555,25.92532],[90.08763,25.92564],[90.09075,25.92868],[90.09404,25.92849],[90.0924,25.93839],[90.09829,25.93777],[90.10143,25.94047],[90.10081,25.9438],[90.10401,25.94214],[90.10646,25.94268],[90.10454,25.94492],[90.1075,25.9497],[90.11169,25.95165],[90.11598,25.95702],[90.11952,25.95822],[90.12079,25.95698],[90.11947,25.9546],[90.12931,25.95732],[90.13978,25.9563],[90.13988,25.95896],[90.14432,25.96032],[90.15192,25.9658],[90.15368,25.96423],[90.15528,25.95814],[90.15816,25.95616],[90.16723,25.95538],[90.1728,25.95796],[90.17731,25.95876],[90.17671,25.95564],[90.18042,25.95037],[90.18059,25.94449],[90.18463,25.94379],[90.18851,25.94686],[90.18887,25.95065],[90.1904,25.95174],[90.19174,25.95535],[90.19986,25.95734],[90.20001,25.95927],[90.20196,25.96074],[90.20945,25.95956],[90.21158,25.9558],[90.21177,25.95268],[90.21583,25.95263],[90.24725,25.95629],[90.25047,25.95758],[90.2702,25.96018],[90.32689,25.97407],[90.33122,25.98283],[90.33182,25.98732],[90.33552,25.98719],[90.34096,25.98909],[90.34289,25.99627],[90.34441,25.99583],[90.34495,25.99724],[90.3469,25.99794],[90.34692,26.00052],[90.34947,26.00339],[90.36849,26.01069],[90.3753,26.01142],[90.3826,26.01012],[90.39017,26.01024],[90.39769,26.01206],[90.40806,26.00417],[90.41137,26.00447],[90.41235,26.00202],[90.4117,26.00055],[90.41523,25.99883],[90.41636,25.99716],[90.41572,25.99426],[90.41694,25.99133],[90.42375,25.98888],[90.42906,25.98881],[90.433,25.99106],[90.43664,25.99145],[90.44951,25.99841],[90.45591,26.00026],[90.47101,26.01207],[90.47873,26.01361],[90.4898,26.00469],[90.4927,26.00365],[90.49648,26.00379],[90.50145,26.00098],[90.51215,25.9816],[90.51744,25.97469],[90.53411,25.95981],[90.53696,25.95019],[90.53515,25.94856],[90.53646,25.9411],[90.53592,25.93914],[90.53447,25.93836],[90.5361,25.93521],[90.53458,25.93194],[90.5333,25.93136],[90.53227,25.93314],[90.52537,25.93275],[90.52449,25.92526],[90.5197,25.9138],[90.51658,25.9103],[90.51763,25.90675],[90.51374,25.90272],[90.51361,25.901],[90.51223,25.90053],[90.51505,25.8964],[90.51928,25.89739],[90.52639,25.90462],[90.53262,25.90684],[90.53793,25.91075],[90.53875,25.91347],[90.54963,25.91475],[90.54979,25.91589],[90.54803,25.91603],[90.54622,25.91816],[90.5463,25.92149],[90.5491,25.92093],[90.54831,25.92472],[90.55317,25.92516],[90.55568,25.92866],[90.57344,25.93765],[90.57339,25.9398],[90.57481,25.9412],[90.5722,25.94683],[90.57258,25.94909],[90.58116,25.95799],[90.58354,25.95872],[90.58808,25.95665],[90.58818,25.95514],[90.59239,25.95336],[90.59616,25.95318],[90.59822,25.95114],[90.60115,25.95138],[90.60186,25.95298],[90.6034,25.95342],[90.60724,25.94587],[90.62642,25.93652],[90.61451,25.92439],[90.60712,25.9187],[90.60701,25.9106],[90.6114,25.90743],[90.61329,25.89953],[90.61792,25.89784],[90.62443,25.89796],[90.63035,25.90594],[90.63032,25.90938],[90.62588,25.90982],[90.62573,25.91276],[90.62833,25.91757],[90.63332,25.92075],[90.67194,25.93427],[90.68786,25.94892],[90.70212,25.95046],[90.70726,25.95209],[90.71374,25.95177],[90.71767,25.95512],[90.71899,25.95436],[90.71952,25.94888],[90.72451,25.94681],[90.73076,25.9515],[90.73773,25.95243],[90.73742,25.95572],[90.74261,25.95808],[90.74428,25.9551],[90.748,25.9568],[90.74519,25.95355],[90.74531,25.95069],[90.74773,25.95001],[90.74767,25.94838],[90.7458,25.94744],[90.74588,25.94531],[90.74275,25.94336],[90.74006,25.9391],[90.74622,25.92817],[90.74999,25.93309],[90.75129,25.93238],[90.75269,25.93435],[90.75453,25.93352],[90.75347,25.93164],[90.75405,25.92951],[90.75188,25.92701],[90.74686,25.92489],[90.7477,25.91894],[90.73857,25.91586],[90.74206,25.91252],[90.74475,25.91164],[90.74705,25.91533],[90.75097,25.91835],[90.75461,25.92034],[90.75862,25.92034],[90.76043,25.92197],[90.76057,25.91575],[90.75669,25.91351],[90.75658,25.91107],[90.76379,25.9078],[90.77801,25.9087],[90.77795,25.91128],[90.78107,25.91135],[90.78328,25.92185],[90.78532,25.92429],[90.78449,25.92513],[90.79638,25.94052],[90.80915,25.94741],[90.80788,25.95097],[90.80905,25.95244],[90.81283,25.95134],[90.8139,25.94994],[90.81561,25.95019],[90.8162,25.94893],[90.81927,25.95032],[90.82185,25.9489],[90.82207,25.94727],[90.82441,25.9454],[90.8259,25.94869],[90.83291,25.94586],[90.83619,25.94842],[90.83643,25.9438],[90.83482,25.93965],[90.83547,25.93661],[90.83904,25.94131],[90.84234,25.94212],[90.84436,25.94597],[90.84847,25.94438],[90.87483,25.94255],[90.87169,25.94763],[90.87669,25.94942],[90.88108,25.94283],[90.88049,25.95049],[90.88453,25.95031],[90.88581,25.94492],[90.88966,25.94318],[90.88913,25.93949],[90.89003,25.93807],[90.89745,25.93748],[90.89442,25.93118],[90.90529,25.9289],[90.90617,25.92502],[90.90985,25.92214],[90.91039,25.92026],[90.912,25.92003],[90.91684,25.91406],[90.91951,25.91522],[90.91543,25.9204],[90.91424,25.92571],[90.91557,25.93075],[90.91481,25.93589],[90.91734,25.94441],[90.91949,25.94445],[90.92194,25.94134],[90.92393,25.94287],[90.93386,25.93977],[90.93528,25.94034],[90.93999,25.9473],[90.94743,25.94809],[90.94547,25.94487],[90.94614,25.94101],[90.94753,25.93949],[90.95124,25.93912],[90.95704,25.93496],[90.96113,25.92732],[90.96268,25.92039],[90.96662,25.91406],[90.969,25.90375],[90.96598,25.88844],[90.96782,25.88743],[90.96885,25.88522],[90.97123,25.88577],[90.97605,25.88967],[91.00066,25.88794],[91.00103,25.88582],[91.00595,25.88564],[91.0106,25.88417],[91.01791,25.88456],[91.02522,25.88878],[91.03055,25.8858],[91.02791,25.86933],[91.02578,25.86817],[91.02288,25.86372],[91.01801,25.86081],[91.01402,25.85687],[91.01531,25.8484],[91.01323,25.84618],[91.01148,25.84591],[91.01221,25.84178],[91.01024,25.83733],[91.00798,25.83796],[91.00693,25.83249],[91.00132,25.82512],[91.00601,25.82038],[91.00802,25.82119],[91.01057,25.82036],[91.02245,25.82377],[91.02863,25.83116],[91.03208,25.83285],[91.0325,25.835],[91.03923,25.83689],[91.04591,25.84483],[91.04822,25.8492],[91.05627,25.84876],[91.05893,25.84747],[91.0617,25.84801],[91.06188,25.8469],[91.06446,25.84795],[91.06721,25.84663],[91.06929,25.84824],[91.07249,25.84866],[91.07601,25.85227],[91.0785,25.85274],[91.07298,25.84589],[91.07324,25.84046],[91.07186,25.83876],[91.06773,25.83681],[91.06641,25.83886],[91.06481,25.83755],[91.05937,25.83666],[91.05904,25.8333],[91.05773,25.83177],[91.05297,25.83181],[91.04888,25.82927],[91.06213,25.82078],[91.06697,25.82573],[91.07714,25.82894],[91.12036,25.83293],[91.12946,25.84261],[91.13611,25.84263],[91.14755,25.85049],[91.15201,25.85103],[91.1599,25.84995],[91.17362,25.84441],[91.18012,25.84417],[91.18383,25.85046],[91.18906,25.852],[91.19583,25.86139],[91.19621,25.8564],[91.19776,25.85449],[91.19689,25.85269],[91.19756,25.84954],[91.20364,25.84321],[91.20228,25.84079],[91.19948,25.83924],[91.19729,25.83524],[91.19468,25.83486],[91.19446,25.82728],[91.18937,25.82374],[91.18631,25.81836],[91.18782,25.8148],[91.19027,25.81365],[91.19044,25.81143],[91.18419,25.79889],[91.18207,25.7836],[91.1784,25.78016],[91.17826,25.77735],[91.18152,25.77375],[91.18513,25.77199],[91.18374,25.76871],[91.18416,25.76643],[91.18929,25.76395],[91.18855,25.75999],[91.18935,25.75286],[91.1865,25.73867],[91.19291,25.73687],[91.19365,25.73418],[91.19198,25.73036],[91.19427,25.7311],[91.20431,25.72932],[91.20598,25.72704],[91.20947,25.72555],[91.21566,25.72699],[91.21998,25.72682],[91.22093,25.72187],[91.22605,25.72694],[91.23469,25.73005],[91.24701,25.74153],[91.25678,25.74793],[91.26512,25.74978],[91.27367,25.7459],[91.27439,25.75036],[91.27898,25.75736],[91.28863,25.7655],[91.29004,25.77264],[91.29456,25.77592],[91.29556,25.78018],[91.30185,25.78648],[91.30259,25.7899],[91.30971,25.79888],[91.31472,25.80959],[91.32075,25.81572],[91.32232,25.82153],[91.33432,25.83307],[91.33326,25.83675],[91.33535,25.84054],[91.33903,25.83814],[91.34404,25.83712],[91.34672,25.84003],[91.35216,25.83856],[91.3551,25.83925],[91.35774,25.84149],[91.36583,25.84003],[91.37105,25.84262],[91.3729,25.84672],[91.37627,25.84551],[91.38114,25.84563],[91.38596,25.84711],[91.39314,25.84759],[91.40273,25.8514],[91.40617,25.85006],[91.41346,25.85357],[91.42247,25.85447],[91.42817,25.85264],[91.43583,25.84356],[91.44515,25.83974],[91.44838,25.84189],[91.44861,25.845],[91.46178,25.85434],[91.46308,25.857],[91.46637,25.85726],[91.46947,25.85916],[91.4779,25.85727],[91.48366,25.86417],[91.48828,25.86305],[91.49577,25.86382],[91.49737,25.86109],[91.50342,25.86425],[91.51372,25.86397],[91.51806,25.86986],[91.52236,25.87285],[91.52463,25.87216],[91.52795,25.87316],[91.53043,25.87125],[91.53134,25.87591],[91.53043,25.88163],[91.53265,25.88357],[91.53519,25.88388],[91.53299,25.88815],[91.52659,25.89107],[91.52555,25.89091],[91.52129,25.88346],[91.52221,25.87881],[91.52131,25.87511],[91.51314,25.86571],[91.50055,25.86486],[91.49701,25.86642],[91.4912,25.86594],[91.48164,25.86776],[91.47499,25.87024],[91.47604,25.87252],[91.47481,25.87402],[91.47784,25.88048],[91.47837,25.88747],[91.484,25.89304],[91.49191,25.89585],[91.49943,25.89119],[91.5039,25.89117],[91.49874,25.89599],[91.50421,25.90288],[91.50339,25.90423],[91.50488,25.90777],[91.50801,25.90879],[91.51273,25.91264],[91.51558,25.91319],[91.51747,25.91604],[91.52057,25.91681],[91.52097,25.91906],[91.52379,25.91988],[91.53008,25.92581],[91.53302,25.92657],[91.53695,25.93121],[91.53658,25.93577],[91.53255,25.92989],[91.52932,25.92887],[91.52615,25.92591],[91.52276,25.92531],[91.51791,25.91966],[91.51299,25.91678],[91.51148,25.91774],[91.50955,25.91721],[91.50467,25.91139],[91.50318,25.91415],[91.50447,25.91672],[91.50124,25.91886],[91.50244,25.92176],[91.50165,25.92399],[91.50346,25.92544],[91.50291,25.92654],[91.50675,25.92842],[91.50809,25.93028],[91.50796,25.93228],[91.51381,25.93289],[91.51349,25.93576],[91.51557,25.93951],[91.51515,25.94123],[91.51982,25.93988],[91.51658,25.95571],[91.51808,25.95973],[91.52217,25.95947],[91.5253,25.96163],[91.52865,25.96064],[91.53036,25.96307],[91.53562,25.9623],[91.5354,25.96673],[91.53836,25.97141],[91.54272,25.97317],[91.5447,25.97591],[91.54673,25.97512],[91.55125,25.9766],[91.5517,25.98503],[91.55745,25.99274],[91.56045,26.00123],[91.56226,26.00228],[91.56497,26.00212],[91.56324,26.00533],[91.56354,26.00761],[91.57207,26.01547],[91.56919,26.01844],[91.57073,26.02568],[91.57984,26.03325],[91.58872,26.02956],[91.59407,26.02168],[91.59389,26.01978],[91.59753,26.01807],[91.59912,26.01883],[91.60023,26.02161],[91.60887,26.02328],[91.61276,26.02503],[91.62035,26.02577],[91.62616,26.02237],[91.62979,26.02278],[91.63238,26.0198],[91.63118,26.01775],[91.63215,26.01674],[91.63179,26.01468],[91.635,26.01248],[91.63282,26.01146],[91.6331,26.00947],[91.63044,26.0065],[91.63047,26.00389],[91.62712,26.0012],[91.62679,26.00015],[91.62947,25.99849],[91.62863,25.99532],[91.63017,25.99319],[91.63023,25.99013],[91.62624,25.98887],[91.62606,25.98668],[91.62853,25.98244],[91.62825,25.97615],[91.63275,25.97159],[91.63551,25.97033],[91.63613,25.96836],[91.64055,25.96459],[91.6406,25.9633],[91.63436,25.96051],[91.6294,25.94715],[91.62982,25.94325],[91.62616,25.94219],[91.62289,25.94479],[91.61188,25.94503],[91.60916,25.9393],[91.61012,25.93697],[91.61356,25.93613],[91.61558,25.93372],[91.62129,25.93233],[91.62284,25.92996],[91.62422,25.92968],[91.62559,25.92579],[91.63046,25.92495],[91.63221,25.92179],[91.6365,25.92133],[91.65149,25.90628],[91.65425,25.90581],[91.65666,25.90777],[91.65775,25.90659],[91.66032,25.9064],[91.66342,25.90776],[91.66651,25.90517],[91.6706,25.90415],[91.67104,25.90612],[91.67322,25.90746],[91.67884,25.91625],[91.68808,25.92021],[91.68943,25.92462],[91.69622,25.93085],[91.69893,25.93501],[91.70113,25.93563],[91.70075,25.93665],[91.70293,25.93958],[91.7024,25.94127],[91.70864,25.94211],[91.71348,25.94405],[91.71333,25.94573],[91.71512,25.94629],[91.71648,25.9499],[91.72011,25.9536],[91.72024,25.96085],[91.72252,25.96572],[91.71978,25.96583],[91.72111,25.96855],[91.72007,25.98177],[91.72153,25.98833],[91.71962,25.9929],[91.72133,26.00188],[91.72132,26.01273],[91.7246,26.01936],[91.72434,26.02951],[91.72315,26.03116],[91.72274,26.0356],[91.72526,26.04686],[91.72852,26.04716],[91.73344,26.04953],[91.73273,26.05057],[91.73456,26.05118],[91.73485,26.05438],[91.73708,26.05652],[91.73123,26.05733],[91.73057,26.05789],[91.73181,26.05997],[91.74213,26.06284],[91.74372,26.06556],[91.75266,26.06677],[91.75577,26.06808],[91.75707,26.07036],[91.76273,26.07235],[91.763,26.07461],[91.7677,26.07828],[91.77728,26.08935],[91.7797,26.08962],[91.78332,26.08809],[91.78586,26.08401],[91.79136,26.08523],[91.80035,26.10004],[91.80214,26.09825],[91.80292,26.09526],[91.80562,26.09912],[91.80904,26.09779],[91.81014,26.10329],[91.81702,26.11115],[91.82023,26.11255],[91.81973,26.11496],[91.8213,26.11751],[91.8254,26.11941],[91.83085,26.11844]]]}},{"id":"4","type":"Feature","properties":{"state":"MIZORAM"},"geometry":{"type":"Polygon","coordinates":[[[92.7636,24.52112],[92.79654,24.43323],[92.80125,24.42981],[92.80114,24.42552],[92.80267,24.42452],[92.80177,24.42074],[92.79927,24.42008],[92.79935,24.41929],[92.80432,24.41769],[92.80682,24.41901],[92.80777,24.41593],[92.80898,24.41586],[92.8082,24.4151],[92.80878,24.41284],[92.81159,24.41345],[92.81005,24.41202],[92.81214,24.41164],[92.81243,24.40945],[92.81486,24.40894],[92.81892,24.41021],[92.81766,24.40818],[92.81911,24.40728],[92.81873,24.40564],[92.82014,24.40387],[92.82372,24.40205],[92.82766,24.40228],[92.82992,24.40045],[92.82914,24.39707],[92.82479,24.39175],[92.82312,24.38663],[92.82537,24.38462],[92.82659,24.3814],[92.82554,24.37754],[92.82935,24.37385],[92.83214,24.37506],[92.83573,24.37865],[92.83983,24.37686],[92.84334,24.37803],[92.84521,24.37987],[92.84622,24.38616],[92.84785,24.38629],[92.8496,24.38979],[92.85243,24.39227],[92.85644,24.39379],[92.86092,24.39866],[92.86878,24.39481],[92.87049,24.39572],[92.87332,24.39503],[92.88366,24.40258],[92.88853,24.3985],[92.88954,24.40014],[92.89143,24.40061],[92.89078,24.3985],[92.89254,24.39764],[92.89181,24.39612],[92.89295,24.39284],[92.89995,24.39079],[92.90286,24.39123],[92.9039,24.39237],[92.90249,24.39432],[92.90285,24.39593],[92.90669,24.40292],[92.90705,24.41145],[92.90932,24.41307],[92.91094,24.41214],[92.90925,24.4103],[92.91689,24.40653],[92.92094,24.40327],[92.92197,24.40368],[92.92187,24.40197],[92.92035,24.40105],[92.92434,24.39806],[92.92417,24.39622],[92.92641,24.39575],[92.9275,24.39664],[92.93118,24.39317],[92.93468,24.39298],[92.93668,24.39856],[92.93891,24.3994],[92.93929,24.40089],[92.94209,24.40136],[92.94544,24.40022],[92.94717,24.40095],[92.94759,24.40253],[92.95115,24.40316],[92.95327,24.40175],[92.95586,24.39431],[92.9579,24.39207],[92.96015,24.3921],[92.9662,24.39701],[92.96847,24.40136],[92.97382,24.40588],[92.97294,24.40714],[92.97364,24.40847],[92.9848,24.40581],[92.98441,24.40518],[92.98864,24.40369],[92.99199,24.3993],[92.99427,24.39911],[92.99925,24.40055],[93.00363,24.40547],[93.00385,24.40713],[93.00673,24.40791],[93.00751,24.40961],[93.00575,24.40947],[93.00638,24.41139],[93.00883,24.41184],[93.00925,24.40646],[93.0169,24.40135],[93.02503,24.39203],[93.02486,24.38938],[93.02284,24.38623],[93.0184,24.38308],[93.02176,24.3737],[93.01782,24.36465],[93.01875,24.35645],[93.01781,24.3505],[93.01991,24.34793],[93.02966,24.34455],[93.03554,24.34577],[93.04002,24.34357],[93.04054,24.34198],[93.03913,24.3364],[93.03643,24.33169],[93.03465,24.32303],[93.02375,24.30294],[93.01883,24.29609],[93.00803,24.28669],[93.00689,24.28178],[93.00741,24.27798],[93.00869,24.2751],[93.01246,24.27131],[93.00585,24.2635],[93.00427,24.25972],[93.00919,24.24347],[93.01651,24.23585],[93.0238,24.23417],[93.01966,24.23091],[93.01592,24.22447],[93.02194,24.21778],[93.0199,24.20982],[93.01678,24.20599],[93.0144,24.19939],[93.01153,24.1977],[93.0054,24.19832],[92.9994,24.19713],[92.99946,24.19359],[93.00765,24.18223],[93.00751,24.18002],[93.004,24.1765],[93.00304,24.17378],[93.00603,24.16196],[93.00302,24.15774],[92.98839,24.1494],[92.98772,24.14542],[92.9904,24.13966],[92.99045,24.1366],[92.98739,24.13333],[92.98634,24.12962],[92.9834,24.12566],[92.97473,24.12575],[92.97103,24.12137],[92.97066,24.11816],[92.97289,24.11249],[92.97985,24.11277],[92.99141,24.11548],[93.00575,24.10766],[93.00996,24.10672],[93.01128,24.1028],[93.01342,24.10125],[93.01964,24.10103],[93.02232,24.09998],[93.02682,24.101],[93.03444,24.09725],[93.03799,24.09232],[93.04166,24.093],[93.0466,24.09013],[93.04937,24.09078],[93.05306,24.08968],[93.06098,24.09221],[93.06961,24.09943],[93.07472,24.10202],[93.07855,24.10185],[93.08251,24.08963],[93.0877,24.0815],[93.09203,24.08042],[93.09743,24.07373],[93.09795,24.06562],[93.09962,24.0635],[93.09755,24.06132],[93.09721,24.05637],[93.10103,24.05294],[93.09739,24.04994],[93.097,24.04396],[93.09945,24.04337],[93.10344,24.04692],[93.10271,24.04843],[93.10419,24.05004],[93.10648,24.04866],[93.11236,24.05451],[93.11417,24.05408],[93.11395,24.05581],[93.11806,24.05603],[93.11697,24.05737],[93.1193,24.05821],[93.11828,24.05939],[93.12129,24.05899],[93.11989,24.06075],[93.12412,24.06083],[93.12615,24.06231],[93.12872,24.0662],[93.12821,24.06745],[93.13189,24.0717],[93.13094,24.07296],[93.13373,24.07669],[93.13323,24.07841],[93.13989,24.08487],[93.14056,24.0881],[93.14346,24.08596],[93.15013,24.08439],[93.16113,24.07353],[93.16583,24.07377],[93.16624,24.07048],[93.16277,24.05981],[93.16382,24.05787],[93.16327,24.0557],[93.16729,24.05171],[93.1789,24.05387],[93.18715,24.05412],[93.19713,24.0507],[93.20231,24.0505],[93.20996,24.04837],[93.2127,24.04947],[93.22032,24.06097],[93.22273,24.07097],[93.22213,24.07416],[93.21889,24.07856],[93.21898,24.08171],[93.22044,24.08358],[93.2242,24.08474],[93.23228,24.08239],[93.23845,24.08329],[93.25055,24.08035],[93.25709,24.07284],[93.26108,24.07043],[93.26127,24.06221],[93.26341,24.05838],[93.25954,24.05548],[93.25736,24.05111],[93.25105,24.0327],[93.25135,24.03049],[93.25524,24.02842],[93.25365,24.02123],[93.25689,24.02516],[93.263,24.0278],[93.26997,24.03249],[93.27387,24.03654],[93.27418,24.03944],[93.28203,24.04274],[93.28389,24.04604],[93.28682,24.04791],[93.28617,24.05103],[93.2872,24.05266],[93.29358,24.04873],[93.29744,24.04952],[93.30345,24.05281],[93.31053,24.05294],[93.31528,24.05186],[93.31781,24.05315],[93.32322,24.04844],[93.32625,24.04782],[93.32594,24.04597],[93.32741,24.04477],[93.32763,24.04237],[93.33196,24.04251],[93.33406,24.04045],[93.33751,24.04117],[93.3374,24.03914],[93.33239,24.03802],[93.33532,24.03563],[93.32871,24.0338],[93.32591,24.02992],[93.32637,24.02923],[93.33182,24.02997],[93.33071,24.02709],[93.3338,24.02736],[93.33779,24.0256],[93.33896,24.02148],[93.3351,24.01903],[93.33326,24.01929],[93.33157,24.02107],[93.3296,24.02044],[93.33041,24.01531],[93.3335,24.01444],[93.33283,24.00761],[93.33449,24.00471],[93.33221,23.99941],[93.3343,23.99772],[93.33424,23.99218],[93.3375,23.98967],[93.33199,23.98668],[93.32983,23.98658],[93.32889,23.9848],[93.33155,23.98398],[93.33415,23.98513],[93.33506,23.9826],[93.33248,23.98026],[93.33328,23.97906],[93.33947,23.98056],[93.33669,23.97588],[93.34328,23.97508],[93.34401,23.97124],[93.34344,23.97022],[93.34103,23.96979],[93.34672,23.96442],[93.34749,23.96126],[93.35012,23.96261],[93.35114,23.96165],[93.35201,23.95729],[93.35025,23.95455],[93.35285,23.95352],[93.35358,23.95107],[93.35111,23.94829],[93.34876,23.94913],[93.34856,23.94805],[93.3503,23.94624],[93.35316,23.94694],[93.35452,23.94329],[93.35348,23.94217],[93.35096,23.94252],[93.35076,23.94165],[93.35271,23.94096],[93.35565,23.94195],[93.3575,23.94545],[93.36119,23.94476],[93.36173,23.94378],[93.35933,23.94093],[93.36371,23.93835],[93.3654,23.93357],[93.36874,23.93287],[93.36893,23.93018],[93.37159,23.93235],[93.37838,23.93281],[93.3807,23.93453],[93.38108,23.93291],[93.3849,23.9301],[93.38682,23.9312],[93.39294,23.92913],[93.39064,23.92688],[93.39067,23.92382],[93.39316,23.92567],[93.39428,23.92428],[93.39162,23.91851],[93.39275,23.9181],[93.39251,23.91669],[93.39431,23.91696],[93.39528,23.91537],[93.3914,23.91424],[93.39182,23.90649],[93.3901,23.90603],[93.39145,23.90353],[93.39003,23.9019],[93.3908,23.90041],[93.38915,23.89478],[93.38925,23.88884],[93.38699,23.88397],[93.38748,23.8818],[93.38584,23.88053],[93.38619,23.87853],[93.38464,23.87681],[93.38476,23.87301],[93.38764,23.86866],[93.3868,23.86673],[93.38879,23.86511],[93.38735,23.86363],[93.38799,23.8613],[93.38565,23.85854],[93.38757,23.85515],[93.38615,23.85368],[93.38496,23.84813],[93.38655,23.84575],[93.38719,23.84173],[93.38852,23.84071],[93.38941,23.83663],[93.38873,23.83479],[93.39016,23.83384],[93.38862,23.83288],[93.39001,23.83011],[93.38846,23.82557],[93.39239,23.82342],[93.3902,23.82116],[93.39005,23.81772],[93.39192,23.81644],[93.39452,23.81744],[93.39668,23.81407],[93.3985,23.81528],[93.40188,23.81244],[93.40326,23.80705],[93.40217,23.80205],[93.40284,23.79709],[93.40176,23.79509],[93.39789,23.79278],[93.3977,23.78791],[93.3963,23.78653],[93.39649,23.7805],[93.39409,23.77441],[93.39576,23.76886],[93.39395,23.7636],[93.39169,23.76118],[93.39265,23.76016],[93.39155,23.75669],[93.39524,23.75386],[93.39504,23.74943],[93.40156,23.74738],[93.40377,23.74527],[93.40399,23.73774],[93.40655,23.73255],[93.41095,23.7294],[93.4099,23.72675],[93.41096,23.72375],[93.40934,23.72099],[93.41229,23.71743],[93.40999,23.71799],[93.40939,23.71674],[93.4081,23.71694],[93.40707,23.71478],[93.40614,23.71532],[93.40613,23.71255],[93.40859,23.7087],[93.40727,23.70724],[93.40929,23.70669],[93.41024,23.7038],[93.41205,23.70407],[93.41687,23.70152],[93.41719,23.70224],[93.41945,23.70149],[93.41976,23.69977],[93.42133,23.69921],[93.41984,23.6986],[93.42117,23.69601],[93.42519,23.69266],[93.42554,23.68928],[93.42715,23.68922],[93.42732,23.68806],[93.43691,23.68704],[93.43607,23.68479],[93.43667,23.68192],[93.43529,23.68111],[93.43505,23.67913],[93.4361,23.67805],[93.43143,23.67489],[93.43288,23.67304],[93.4311,23.67342],[93.42995,23.66964],[93.42559,23.66427],[93.4258,23.66222],[93.42242,23.65997],[93.4241,23.6561],[93.42039,23.65332],[93.422,23.65165],[93.41958,23.65008],[93.42021,23.64876],[93.4165,23.64763],[93.41843,23.64671],[93.41714,23.63765],[93.41834,23.63589],[93.42338,23.63387],[93.42267,23.63116],[93.42458,23.62954],[93.42157,23.6269],[93.42269,23.62458],[93.41994,23.62345],[93.42243,23.61552],[93.42052,23.6116],[93.42208,23.61032],[93.42164,23.60733],[93.42326,23.60688],[93.42448,23.60491],[93.42167,23.60312],[93.4257,23.60126],[93.42577,23.60046],[93.42419,23.60083],[93.42456,23.59974],[93.42635,23.5996],[93.42585,23.59636],[93.42756,23.59411],[93.42586,23.59103],[93.42856,23.58828],[93.42323,23.58444],[93.42145,23.57401],[93.42207,23.57137],[93.41812,23.56868],[93.41467,23.57116],[93.41355,23.56507],[93.40982,23.56365],[93.41378,23.56027],[93.40915,23.55872],[93.40906,23.55741],[93.41244,23.55644],[93.41533,23.54457],[93.4178,23.54257],[93.41854,23.54001],[93.41609,23.53666],[93.41398,23.52954],[93.40919,23.52343],[93.40875,23.51731],[93.4038,23.51672],[93.40428,23.51259],[93.40157,23.50992],[93.39932,23.51101],[93.39796,23.51056],[93.39656,23.50766],[93.39695,23.50499],[93.39472,23.50376],[93.39528,23.49147],[93.39379,23.48668],[93.39578,23.48575],[93.39599,23.48392],[93.39551,23.48132],[93.3925,23.47881],[93.3954,23.47502],[93.39816,23.4748],[93.39746,23.47287],[93.39931,23.47188],[93.39741,23.46629],[93.39396,23.46447],[93.39419,23.45834],[93.39221,23.45737],[93.39601,23.45367],[93.39296,23.45078],[93.39476,23.44807],[93.39301,23.44777],[93.39055,23.45072],[93.38801,23.44638],[93.39108,23.44203],[93.38975,23.43944],[93.39074,23.4365],[93.38929,23.43278],[93.38984,23.42389],[93.38831,23.42082],[93.39079,23.41856],[93.39149,23.40829],[93.39444,23.39717],[93.39813,23.39657],[93.39834,23.3928],[93.40239,23.38932],[93.40165,23.38375],[93.39696,23.38354],[93.395,23.37682],[93.39305,23.37503],[93.38649,23.37408],[93.38694,23.37184],[93.3912,23.37004],[93.38796,23.36742],[93.38912,23.36668],[93.3893,23.36452],[93.38763,23.3594],[93.38401,23.36193],[93.38141,23.35819],[93.37932,23.36083],[93.37488,23.35899],[93.37119,23.35907],[93.36587,23.35651],[93.36075,23.35631],[93.3562,23.3534],[93.35577,23.35189],[93.35829,23.34609],[93.35812,23.3423],[93.36304,23.33632],[93.37009,23.33306],[93.37288,23.32942],[93.3716,23.32615],[93.36692,23.32216],[93.36755,23.31974],[93.37147,23.31656],[93.37157,23.31354],[93.36902,23.31306],[93.36549,23.31411],[93.36383,23.31323],[93.36729,23.31046],[93.37162,23.30961],[93.36943,23.30771],[93.36508,23.30634],[93.36854,23.30183],[93.3686,23.29921],[93.366,23.29398],[93.36956,23.2895],[93.36993,23.28717],[93.3669,23.28098],[93.36388,23.2815],[93.36261,23.27914],[93.36916,23.27607],[93.36571,23.2692],[93.3684,23.26877],[93.36988,23.26347],[93.37364,23.26126],[93.37266,23.25948],[93.37023,23.25864],[93.37009,23.25667],[93.37169,23.25463],[93.36947,23.25044],[93.37664,23.24789],[93.37621,23.24405],[93.37939,23.23781],[93.3788,23.23431],[93.38206,23.23221],[93.3808,23.22761],[93.38127,23.2243],[93.38355,23.22392],[93.38861,23.21692],[93.38804,23.2152],[93.3806,23.21535],[93.37832,23.21237],[93.37799,23.2068],[93.37545,23.20422],[93.37735,23.20147],[93.38027,23.1999],[93.37696,23.19026],[93.38064,23.18659],[93.37836,23.18472],[93.37792,23.1814],[93.37431,23.17722],[93.36865,23.1753],[93.37255,23.17119],[93.37123,23.16558],[93.37208,23.1593],[93.3696,23.15636],[93.36925,23.15412],[93.37139,23.15234],[93.36823,23.1441],[93.37118,23.14109],[93.37516,23.14169],[93.37828,23.14068],[93.38353,23.14449],[93.38645,23.14411],[93.38561,23.13384],[93.38448,23.13261],[93.37745,23.13263],[93.37759,23.12679],[93.37234,23.12605],[93.36621,23.12138],[93.36455,23.11956],[93.36321,23.11494],[93.35757,23.11668],[93.35566,23.11605],[93.3554,23.11314],[93.35851,23.10957],[93.35537,23.10372],[93.35429,23.09683],[93.3506,23.09135],[93.34713,23.09301],[93.34457,23.09177],[93.3464,23.0879],[93.34345,23.08595],[93.34351,23.08018],[93.33926,23.07383],[93.3401,23.07311],[93.34368,23.07527],[93.34518,23.07513],[93.348,23.07337],[93.35159,23.07289],[93.35206,23.0704],[93.34586,23.07097],[93.34081,23.0677],[93.34041,23.06487],[93.34346,23.06007],[93.34325,23.05819],[93.3418,23.05746],[93.3364,23.06017],[93.33461,23.05945],[93.33315,23.05406],[93.3336,23.04857],[93.32742,23.04752],[93.328,23.0396],[93.32368,23.03598],[93.32037,23.03667],[93.32031,23.02889],[93.3186,23.02766],[93.31472,23.02748],[93.31341,23.02622],[93.31385,23.01943],[93.31239,23.01887],[93.3071,23.02141],[93.30452,23.02022],[93.29823,23.01372],[93.29354,23.00644],[93.29239,23.00634],[93.2904,23.00861],[93.28317,23.00837],[93.28077,23.00529],[93.27501,23.00391],[93.27393,23.00743],[93.27124,23.01073],[93.26731,23.01048],[93.264,23.0081],[93.26027,23.00845],[93.24691,23.0066],[93.24094,23.00715],[93.23551,23.01127],[93.22946,23.01165],[93.22843,23.01342],[93.23069,23.01774],[93.22978,23.01993],[93.22791,23.0208],[93.22552,23.02027],[93.22499,23.02387],[93.2187,23.02394],[93.21505,23.0273],[93.21755,23.03193],[93.21742,23.03387],[93.21635,23.03604],[93.21346,23.03594],[93.2113,23.03917],[93.20987,23.04854],[93.20613,23.04866],[93.20201,23.05075],[93.20152,23.05485],[93.19473,23.05447],[93.19048,23.05199],[93.18822,23.05219],[93.18693,23.05357],[93.18668,23.05816],[93.18461,23.05954],[93.18287,23.05942],[93.17872,23.05535],[93.17567,23.05405],[93.16896,23.04669],[93.1604,23.04795],[93.15986,23.04431],[93.15609,23.04318],[93.1528,23.04419],[93.15353,23.04631],[93.15135,23.05375],[93.14969,23.05434],[93.14379,23.05259],[93.14015,23.0533],[93.14033,23.05895],[93.13857,23.06043],[93.13627,23.06065],[93.13392,23.05878],[93.13326,23.05474],[93.13537,23.04836],[93.1271,23.04427],[93.12581,23.04072],[93.12587,23.03531],[93.12827,23.03076],[93.12528,23.02427],[93.12536,23.01822],[93.12312,23.01267],[93.12322,23.00777],[93.12017,23.00244],[93.122,23.00164],[93.12599,23.00263],[93.12734,22.99609],[93.13194,22.99121],[93.1335,22.99057],[93.13469,22.99166],[93.13745,22.99181],[93.14063,22.98996],[93.13915,22.98164],[93.14058,22.97917],[93.14285,22.97797],[93.14381,22.97488],[93.14236,22.97152],[93.13741,22.97161],[93.13576,22.97039],[93.13722,22.96176],[93.14036,22.9597],[93.14132,22.95762],[93.14059,22.95367],[93.13804,22.95056],[93.14433,22.94685],[93.1461,22.94368],[93.1451,22.9323],[93.14813,22.92511],[93.15277,22.9217],[93.15437,22.91733],[93.15746,22.91797],[93.16168,22.91663],[93.16324,22.91497],[93.16454,22.91049],[93.16395,22.90944],[93.16098,22.90877],[93.15026,22.90787],[93.14332,22.91296],[93.13978,22.91351],[93.13619,22.91205],[93.13117,22.90609],[93.1295,22.90126],[93.13367,22.89505],[93.13435,22.89129],[93.12886,22.88105],[93.12865,22.87852],[93.12603,22.87644],[93.1275,22.87459],[93.12666,22.8706],[93.12405,22.86688],[93.1173,22.86311],[93.11886,22.85868],[93.11656,22.84607],[93.11812,22.84249],[93.11558,22.8389],[93.11533,22.83597],[93.11019,22.83346],[93.11331,22.82999],[93.11234,22.82796],[93.11064,22.82671],[93.10472,22.82576],[93.10338,22.82349],[93.10474,22.82107],[93.10942,22.82013],[93.11055,22.81805],[93.10503,22.81234],[93.0968,22.80891],[93.09472,22.80619],[93.09778,22.79263],[93.09754,22.78887],[93.09571,22.7854],[93.10231,22.76744],[93.10017,22.76388],[93.10471,22.75813],[93.10736,22.75262],[93.106,22.74282],[93.10349,22.73976],[93.09855,22.72821],[93.09785,22.7179],[93.09683,22.71579],[93.09285,22.71278],[93.09099,22.70481],[93.09306,22.70026],[93.09724,22.69839],[93.09881,22.69371],[93.09661,22.68674],[93.09783,22.68573],[93.10087,22.68611],[93.10192,22.68267],[93.10089,22.68056],[93.09476,22.68053],[93.09546,22.67249],[93.10157,22.66511],[93.10152,22.66071],[93.10957,22.65549],[93.11081,22.64731],[93.10699,22.63997],[93.10826,22.63573],[93.11645,22.63111],[93.12137,22.62566],[93.12595,22.62581],[93.12797,22.62394],[93.12727,22.61706],[93.12886,22.61548],[93.13369,22.61415],[93.13399,22.61025],[93.13735,22.60332],[93.13704,22.598],[93.14031,22.59227],[93.13801,22.58284],[93.12858,22.57825],[93.12591,22.5753],[93.12492,22.5704],[93.12285,22.5673],[93.12068,22.56522],[93.11569,22.56373],[93.11207,22.55762],[93.10933,22.54673],[93.10918,22.53705],[93.11185,22.53518],[93.1125,22.53275],[93.1073,22.52873],[93.10655,22.52703],[93.10853,22.52482],[93.115,22.52576],[93.12509,22.52549],[93.12821,22.52365],[93.12798,22.52006],[93.12373,22.51036],[93.12379,22.50838],[93.12572,22.50171],[93.13456,22.49175],[93.13477,22.49041],[93.13282,22.48789],[93.134,22.48208],[93.13181,22.47772],[93.13247,22.47366],[93.13085,22.46816],[93.13197,22.46538],[93.13631,22.46159],[93.1387,22.45452],[93.14418,22.45369],[93.1509,22.45455],[93.15462,22.45332],[93.1587,22.45339],[93.16347,22.4513],[93.16832,22.44327],[93.17694,22.4403],[93.17859,22.43722],[93.17811,22.4328],[93.18529,22.42815],[93.18573,22.42401],[93.18275,22.42255],[93.18154,22.41887],[93.18301,22.41041],[93.18636,22.40711],[93.18746,22.40338],[93.18433,22.40194],[93.18162,22.39531],[93.18445,22.39189],[93.18506,22.38717],[93.18907,22.38439],[93.18977,22.38269],[93.18607,22.38104],[93.18354,22.37436],[93.18361,22.37101],[93.18801,22.36549],[93.18668,22.35988],[93.18813,22.34511],[93.18583,22.33994],[93.19434,22.3338],[93.19668,22.32876],[93.19635,22.32733],[93.18974,22.32414],[93.18905,22.32273],[93.18957,22.32044],[93.19433,22.3171],[93.19575,22.31432],[93.19053,22.30953],[93.19518,22.30374],[93.1954,22.3017],[93.19413,22.3012],[93.19006,22.3025],[93.18957,22.3008],[93.19241,22.29742],[93.19725,22.29636],[93.19918,22.29424],[93.19814,22.29121],[93.19368,22.29062],[93.19359,22.28809],[93.19738,22.27877],[93.19778,22.27051],[93.20181,22.26476],[93.20179,22.26257],[93.19806,22.26021],[93.19904,22.25569],[93.19276,22.2546],[93.18627,22.25048],[93.1813,22.24887],[93.17762,22.24572],[93.16756,22.24608],[93.16395,22.24998],[93.15452,22.24724],[93.15182,22.24748],[93.14833,22.24953],[93.14549,22.2486],[93.1421,22.24546],[93.14356,22.23795],[93.14221,22.23624],[93.14009,22.23619],[93.13994,22.23471],[93.1417,22.2326],[93.1474,22.22934],[93.15234,22.21664],[93.14885,22.21326],[93.14864,22.21171],[93.15344,22.209],[93.15709,22.20135],[93.16146,22.1971],[93.1604,22.19209],[93.15728,22.18837],[93.15752,22.18593],[93.15564,22.18471],[93.15585,22.18142],[93.15083,22.17626],[93.14769,22.17637],[93.14654,22.17504],[93.13921,22.17588],[93.12943,22.17325],[93.12356,22.17355],[93.12251,22.17525],[93.12337,22.17963],[93.12049,22.18235],[93.11689,22.18934],[93.11446,22.19068],[93.11446,22.19458],[93.11104,22.20403],[93.1042,22.2011],[93.10274,22.19948],[93.08872,22.19654],[93.083,22.19986],[93.06776,22.20465],[93.0633,22.2073],[93.06158,22.20442],[93.05682,22.20081],[93.05367,22.20246],[93.05052,22.20041],[93.04642,22.20244],[93.04298,22.19918],[93.04301,22.19558],[93.03822,22.19503],[93.03815,22.19359],[93.04212,22.19],[93.04014,22.18688],[93.04215,22.18526],[93.04811,22.17515],[93.0491,22.1689],[93.04757,22.16226],[93.04213,22.1594],[93.04455,22.15725],[93.04122,22.15069],[93.03691,22.14887],[93.0372,22.14438],[93.03851,22.14392],[93.03981,22.14526],[93.04061,22.1427],[93.04409,22.14318],[93.03951,22.13855],[93.04221,22.13648],[93.04496,22.13731],[93.04508,22.13359],[93.05079,22.1271],[93.05391,22.12531],[93.05441,22.12109],[93.05705,22.12137],[93.05679,22.11559],[93.05835,22.1137],[93.05776,22.11008],[93.05886,22.10717],[93.05779,22.10304],[93.05958,22.10125],[93.05906,22.10034],[93.05505,22.10071],[93.04735,22.09814],[93.03851,22.10032],[93.03522,22.09996],[93.02533,22.10182],[93.02347,22.10092],[93.0194,22.10114],[93.00772,22.10464],[93.00453,22.10359],[93.00427,22.09997],[93.00624,22.09772],[93.00661,22.09467],[93.01058,22.09234],[93.01163,22.0884],[93.00872,22.08476],[93.00845,22.08079],[93.00518,22.08003],[93.00508,22.07625],[93.00364,22.07457],[93.00576,22.07351],[93.0066,22.07096],[93.0014,22.06681],[93.00288,22.0628],[93.00127,22.06093],[93.00187,22.05791],[92.99751,22.05435],[92.99808,22.05196],[92.99581,22.04807],[92.99632,22.04513],[92.99469,22.0422],[92.99501,22.03917],[92.99714,22.03771],[92.99737,22.03561],[92.99481,22.03219],[92.99936,22.02334],[93.00427,22.01705],[93.00445,22.01349],[93.00181,22.00679],[93.0027,22.00555],[93.00276,21.99692],[93.00449,21.9936],[93.00512,21.98681],[93.00741,21.98233],[93.00331,21.98191],[92.99382,21.9778],[92.98591,21.9801],[92.98292,21.97905],[92.98056,21.98006],[92.97814,21.98687],[92.97893,21.99178],[92.97792,21.99747],[92.97354,22.00044],[92.97237,22.00608],[92.96959,22.00725],[92.96819,22.00671],[92.96724,22.00967],[92.965,22.01079],[92.96467,22.01495],[92.96325,22.01573],[92.96503,22.01739],[92.96075,22.02171],[92.96179,22.02354],[92.96098,22.02566],[92.95703,22.02944],[92.95225,22.02971],[92.94729,22.02491],[92.94546,22.02109],[92.94214,22.02006],[92.94239,22.01668],[92.94071,22.01682],[92.94114,22.01442],[92.93997,22.01356],[92.93076,22.01757],[92.92725,22.01564],[92.92895,22.00853],[92.93245,22.01065],[92.93462,22.01069],[92.93578,22.00991],[92.93505,22.00832],[92.93578,22.0057],[92.93099,21.99764],[92.92995,21.99739],[92.92997,21.99592],[92.92235,21.99362],[92.92075,21.99183],[92.92175,21.9906],[92.92013,21.98997],[92.91951,21.98784],[92.92033,21.986],[92.91881,21.98124],[92.91701,21.98137],[92.91534,21.97896],[92.91293,21.97028],[92.91343,21.96736],[92.91156,21.96595],[92.91145,21.96435],[92.91357,21.96514],[92.91136,21.96096],[92.91146,21.95079],[92.9095,21.94694],[92.90594,21.94361],[92.90746,21.94282],[92.90614,21.94058],[92.90385,21.94004],[92.90116,21.94694],[92.90153,21.95189],[92.89881,21.95595],[92.90052,21.95751],[92.89894,21.96332],[92.90048,21.96437],[92.89927,21.96534],[92.89863,21.9715],[92.89701,21.97299],[92.89795,21.97379],[92.89776,21.97977],[92.89525,21.98939],[92.89443,22.00375],[92.89219,22.00596],[92.89073,22.01202],[92.87864,22.01505],[92.87994,22.02201],[92.87575,22.02115],[92.86506,22.02369],[92.8636,22.03296],[92.86497,22.03642],[92.86593,22.05156],[92.86304,22.0577],[92.8634,22.06267],[92.86188,22.06271],[92.85881,22.06705],[92.85513,22.06571],[92.85237,22.06633],[92.85022,22.06263],[92.84746,22.06054],[92.8411,22.0594],[92.83674,22.07166],[92.83103,22.07329],[92.82691,22.07249],[92.82343,22.07433],[92.82184,22.07365],[92.81817,22.07495],[92.81671,22.08097],[92.81767,22.08688],[92.81346,22.0891],[92.80994,22.09592],[92.80659,22.09598],[92.80392,22.09801],[92.80107,22.09433],[92.79725,22.09399],[92.79594,22.09891],[92.79255,22.1],[92.79035,22.1048],[92.78391,22.10543],[92.77906,22.10766],[92.77449,22.10668],[92.77276,22.10791],[92.77295,22.10902],[92.77123,22.10891],[92.77039,22.11191],[92.76683,22.1141],[92.76766,22.11671],[92.76571,22.11696],[92.76643,22.11916],[92.76312,22.11895],[92.76413,22.12069],[92.7619,22.12039],[92.75988,22.12345],[92.76003,22.12551],[92.75657,22.12575],[92.75356,22.12423],[92.74718,22.12778],[92.74624,22.13119],[92.74458,22.1319],[92.744,22.13052],[92.74208,22.13066],[92.74125,22.13282],[92.73962,22.13198],[92.73674,22.13456],[92.73538,22.13444],[92.73536,22.13574],[92.73256,22.13843],[92.73363,22.13866],[92.73322,22.13972],[92.72923,22.14314],[92.729,22.1457],[92.72791,22.14624],[92.72847,22.14752],[92.72759,22.1474],[92.7268,22.14911],[92.72503,22.14918],[92.72492,22.14795],[92.72107,22.14864],[92.71282,22.14741],[92.7104,22.15112],[92.7072,22.15185],[92.70437,22.15021],[92.70084,22.15157],[92.69976,22.15507],[92.69463,22.15336],[92.69475,22.14702],[92.69697,22.14243],[92.69614,22.1377],[92.69202,22.1391],[92.69262,22.12096],[92.69115,22.10523],[92.69244,22.10034],[92.69132,22.08854],[92.69253,22.0751],[92.68963,22.07188],[92.68864,22.07271],[92.68902,22.09205],[92.68811,22.09429],[92.68804,22.10373],[92.68177,22.10346],[92.68257,22.10035],[92.68224,22.07288],[92.6835,22.06868],[92.68518,22.04305],[92.68324,22.0263],[92.67975,22.01155],[92.67585,22.01041],[92.67133,22.01109],[92.66979,22.00967],[92.66785,22.01097],[92.66678,22.0135],[92.66327,22.01426],[92.6607,22.0133],[92.65805,22.01558],[92.65161,22.01591],[92.65139,22.01002],[92.64953,22.00886],[92.64828,22.00585],[92.64342,22.00249],[92.64344,21.99654],[92.6419,21.99216],[92.63677,21.99011],[92.63494,21.98322],[92.62391,21.98282],[92.62137,21.98013],[92.60754,21.97466],[92.60322,21.97763],[92.60404,21.98263],[92.61055,21.98377],[92.61276,21.99011],[92.61005,21.99279],[92.61,21.99767],[92.60351,22.00104],[92.5981,22.00898],[92.59749,22.01225],[92.59908,22.01419],[92.60054,22.01973],[92.59952,22.02384],[92.60007,22.02841],[92.59362,22.03151],[92.59262,22.03744],[92.59365,22.04097],[92.59914,22.04225],[92.59785,22.04441],[92.59797,22.04937],[92.60032,22.05299],[92.60035,22.05822],[92.60266,22.0611],[92.59556,22.06171],[92.59222,22.06562],[92.58986,22.07062],[92.59067,22.0717],[92.58973,22.07567],[92.59065,22.081],[92.58489,22.08251],[92.58546,22.08505],[92.58334,22.08689],[92.58435,22.09002],[92.5817,22.09164],[92.58279,22.09295],[92.58257,22.09757],[92.58027,22.10162],[92.57661,22.10497],[92.57514,22.11617],[92.56727,22.12406],[92.5639,22.12556],[92.56262,22.12802],[92.56397,22.13352],[92.56568,22.13478],[92.57735,22.13645],[92.57632,22.13958],[92.57846,22.14142],[92.5785,22.14341],[92.59259,22.13883],[92.59328,22.13739],[92.58898,22.13144],[92.59446,22.12514],[92.59918,22.12314],[92.60575,22.12339],[92.60783,22.12797],[92.60786,22.13331],[92.61008,22.13517],[92.61086,22.13844],[92.60744,22.16039],[92.60923,22.16402],[92.60666,22.16591],[92.60776,22.16847],[92.60713,22.17253],[92.60375,22.17161],[92.59523,22.17539],[92.59706,22.17734],[92.59559,22.17887],[92.59568,22.18089],[92.5944,22.18122],[92.59691,22.1837],[92.595,22.18388],[92.59661,22.19026],[92.59533,22.19262],[92.59641,22.19359],[92.59568,22.19586],[92.59407,22.19596],[92.59522,22.19855],[92.59398,22.20197],[92.59484,22.2042],[92.59361,22.2044],[92.59412,22.20684],[92.59269,22.21147],[92.59044,22.21326],[92.59179,22.21423],[92.58805,22.21598],[92.58896,22.21764],[92.58812,22.21854],[92.59019,22.22082],[92.59035,22.22293],[92.58932,22.22423],[92.58809,22.22397],[92.58939,22.2259],[92.58815,22.23039],[92.59068,22.23095],[92.58952,22.23199],[92.59032,22.23284],[92.58876,22.23295],[92.59161,22.23467],[92.58967,22.23567],[92.58997,22.23781],[92.59184,22.23922],[92.59046,22.24429],[92.59175,22.24476],[92.59067,22.24524],[92.59142,22.24653],[92.58911,22.24752],[92.59092,22.249],[92.58943,22.25392],[92.59058,22.25396],[92.59077,22.25547],[92.5888,22.25558],[92.58907,22.25733],[92.58703,22.25731],[92.58676,22.25906],[92.58511,22.2586],[92.58673,22.25988],[92.58437,22.26151],[92.58689,22.26395],[92.58403,22.26515],[92.58432,22.26735],[92.58102,22.26918],[92.58317,22.2726],[92.58229,22.27411],[92.58076,22.2735],[92.58073,22.27606],[92.5835,22.27617],[92.58338,22.27732],[92.58633,22.27653],[92.58439,22.27905],[92.58659,22.28025],[92.58185,22.28179],[92.58192,22.28325],[92.58411,22.28468],[92.58092,22.28642],[92.58259,22.28774],[92.58107,22.29047],[92.58249,22.29105],[92.58333,22.29892],[92.58128,22.30028],[92.58174,22.30197],[92.58019,22.30261],[92.58341,22.30393],[92.5803,22.30385],[92.58068,22.30576],[92.57957,22.30613],[92.58145,22.3069],[92.58137,22.30842],[92.57725,22.31115],[92.58016,22.31175],[92.57856,22.31244],[92.57996,22.31493],[92.57802,22.31654],[92.58045,22.31921],[92.57945,22.32104],[92.58117,22.32176],[92.57847,22.32338],[92.58023,22.32498],[92.57672,22.32499],[92.57578,22.33128],[92.57428,22.33166],[92.57608,22.33296],[92.57408,22.33434],[92.57596,22.33516],[92.57503,22.33618],[92.57599,22.33708],[92.57367,22.33804],[92.57505,22.34216],[92.57252,22.34267],[92.57332,22.34542],[92.5719,22.34663],[92.57323,22.34829],[92.57094,22.35662],[92.57187,22.35864],[92.56802,22.36051],[92.56684,22.36533],[92.5679,22.36731],[92.5674,22.37072],[92.56248,22.37166],[92.56379,22.37543],[92.562,22.37575],[92.56154,22.37835],[92.56338,22.3801],[92.55933,22.38186],[92.56114,22.38511],[92.55944,22.38744],[92.56106,22.38932],[92.55829,22.39113],[92.55975,22.39133],[92.55846,22.39408],[92.55983,22.39552],[92.55595,22.39854],[92.55946,22.39984],[92.55983,22.40183],[92.55692,22.40279],[92.55478,22.40549],[92.55758,22.40716],[92.55689,22.40927],[92.55457,22.41072],[92.55354,22.40912],[92.55208,22.40897],[92.55311,22.41102],[92.55231,22.41533],[92.55457,22.41688],[92.55069,22.42257],[92.55449,22.4233],[92.55523,22.42254],[92.55639,22.4251],[92.55498,22.42508],[92.55499,22.42721],[92.55311,22.42655],[92.55124,22.42738],[92.55193,22.4284],[92.55362,22.42745],[92.55538,22.42921],[92.55486,22.43252],[92.55338,22.43379],[92.55425,22.43622],[92.55168,22.43769],[92.55261,22.43841],[92.55131,22.44063],[92.55205,22.44225],[92.54946,22.44351],[92.55131,22.44594],[92.55003,22.44774],[92.55142,22.44869],[92.55034,22.45104],[92.55097,22.4544],[92.54811,22.45602],[92.55015,22.4569],[92.54823,22.45741],[92.54948,22.45896],[92.54635,22.46246],[92.54808,22.46569],[92.54652,22.4662],[92.54554,22.47163],[92.54751,22.47593],[92.54536,22.47971],[92.54561,22.48243],[92.54423,22.48294],[92.54627,22.48866],[92.54346,22.49021],[92.54436,22.49195],[92.54333,22.49325],[92.54518,22.49521],[92.54951,22.49575],[92.54993,22.49733],[92.54938,22.49843],[92.5426,22.49876],[92.54335,22.50038],[92.54593,22.49948],[92.54712,22.50159],[92.54932,22.50145],[92.54945,22.50269],[92.54719,22.50352],[92.54817,22.50742],[92.55022,22.50678],[92.55083,22.50961],[92.54657,22.50989],[92.55128,22.5133],[92.54725,22.51508],[92.547,22.51682],[92.54504,22.51352],[92.54338,22.51417],[92.54569,22.51779],[92.54414,22.52134],[92.54179,22.52242],[92.54225,22.52454],[92.54376,22.52497],[92.54081,22.5256],[92.54119,22.52758],[92.53918,22.52893],[92.54151,22.53037],[92.54132,22.53426],[92.53903,22.53396],[92.5386,22.53473],[92.54,22.5406],[92.53704,22.5419],[92.53721,22.54517],[92.53421,22.54409],[92.53155,22.5451],[92.53192,22.55221],[92.52836,22.55662],[92.52428,22.55777],[92.52167,22.55988],[92.52425,22.56113],[92.52804,22.56562],[92.5273,22.57299],[92.53264,22.57147],[92.53814,22.5751],[92.53817,22.57691],[92.53646,22.57873],[92.53745,22.5798],[92.5371,22.58462],[92.53855,22.58591],[92.53438,22.58517],[92.53297,22.58776],[92.53364,22.58846],[92.536,22.58663],[92.53937,22.58915],[92.53619,22.58942],[92.53501,22.59103],[92.53782,22.59405],[92.53592,22.59571],[92.53537,22.60014],[92.53043,22.60349],[92.52995,22.60914],[92.53375,22.6075],[92.53536,22.61167],[92.53216,22.61167],[92.5291,22.61476],[92.52867,22.61702],[92.53002,22.62058],[92.52743,22.62078],[92.52966,22.62529],[92.53261,22.6275],[92.53249,22.63297],[92.52621,22.63357],[92.52791,22.63566],[92.52654,22.63671],[92.52677,22.63934],[92.52492,22.64014],[92.52462,22.65047],[92.5273,22.65077],[92.52666,22.65374],[92.52441,22.65387],[92.52352,22.65624],[92.52433,22.65899],[92.52868,22.65949],[92.52653,22.66047],[92.52872,22.66515],[92.52607,22.66519],[92.52595,22.6731],[92.52253,22.67408],[92.52327,22.67916],[92.51889,22.6879],[92.51893,22.69334],[92.5166,22.70444],[92.5155,22.70727],[92.5139,22.708],[92.51385,22.71032],[92.51756,22.71593],[92.51664,22.72236],[92.51416,22.72327],[92.51194,22.72774],[92.50994,22.72863],[92.5132,22.73279],[92.51117,22.73304],[92.50905,22.73167],[92.5082,22.73645],[92.50564,22.73922],[92.50136,22.73732],[92.49945,22.73785],[92.49793,22.73989],[92.49424,22.74005],[92.49395,22.74259],[92.49119,22.74101],[92.49028,22.74538],[92.48871,22.74628],[92.48217,22.74699],[92.47655,22.74521],[92.47384,22.74621],[92.47935,22.7528],[92.47597,22.75595],[92.47747,22.75765],[92.47691,22.75936],[92.47368,22.75971],[92.47641,22.76417],[92.47287,22.76494],[92.47402,22.76963],[92.47585,22.77118],[92.47272,22.77611],[92.47295,22.78285],[92.47184,22.78376],[92.47013,22.7818],[92.4691,22.78247],[92.47005,22.78568],[92.46942,22.78762],[92.47115,22.79045],[92.47227,22.79586],[92.47107,22.79827],[92.46547,22.80222],[92.46485,22.80462],[92.46685,22.80758],[92.46557,22.80963],[92.46259,22.81128],[92.4628,22.80747],[92.46118,22.80735],[92.461,22.81131],[92.45822,22.81659],[92.45905,22.81853],[92.45425,22.81886],[92.45813,22.82295],[92.45532,22.82594],[92.46195,22.8308],[92.45289,22.84297],[92.45565,22.84257],[92.4578,22.84073],[92.46325,22.84175],[92.46289,22.84332],[92.45846,22.84474],[92.46006,22.85033],[92.45705,22.85021],[92.45648,22.85103],[92.45831,22.85292],[92.46242,22.85231],[92.46446,22.85465],[92.45979,22.85805],[92.46196,22.86067],[92.46161,22.86154],[92.45543,22.86076],[92.45268,22.86218],[92.45212,22.86494],[92.45471,22.86953],[92.46047,22.8709],[92.44855,22.87637],[92.45063,22.89035],[92.44924,22.89501],[92.44596,22.8971],[92.4373,22.88602],[92.43607,22.88521],[92.43373,22.88579],[92.43315,22.89171],[92.42649,22.89722],[92.42025,22.90961],[92.42027,22.91835],[92.41909,22.91883],[92.41302,22.91339],[92.40677,22.91784],[92.40415,22.91775],[92.40325,22.91282],[92.4011,22.91195],[92.39734,22.91696],[92.40132,22.92398],[92.39759,22.9297],[92.39298,22.93069],[92.3874,22.92931],[92.37642,22.92862],[92.37625,22.93031],[92.37758,22.93181],[92.37614,22.93502],[92.37309,22.93458],[92.37178,22.93617],[92.37591,22.93679],[92.37269,22.93985],[92.37475,22.94744],[92.37619,22.94687],[92.37745,22.94817],[92.3758,22.94989],[92.37817,22.95206],[92.37719,22.95551],[92.37449,22.95313],[92.37501,22.9561],[92.37284,22.95823],[92.37727,22.95966],[92.37405,22.96129],[92.37563,22.96358],[92.37451,22.96529],[92.37434,22.97065],[92.37708,22.97355],[92.37833,22.97677],[92.3792,22.97697],[92.37947,22.97525],[92.38041,22.97582],[92.38145,22.9786],[92.37926,22.97972],[92.37944,22.98069],[92.38145,22.9824],[92.38421,22.98161],[92.38502,22.98611],[92.38223,22.98706],[92.38196,22.98809],[92.38248,22.9902],[92.38529,22.99219],[92.38206,23.00087],[92.38418,23.00488],[92.38334,23.00888],[92.38465,23.00964],[92.38066,23.01079],[92.37976,23.01206],[92.38061,23.01702],[92.38372,23.02308],[92.38342,23.02632],[92.38495,23.02732],[92.38254,23.03327],[92.38385,23.0379],[92.38817,23.03974],[92.38814,23.04377],[92.38954,23.04726],[92.38853,23.04926],[92.39127,23.04916],[92.38998,23.05155],[92.39151,23.0521],[92.39219,23.05379],[92.39058,23.05519],[92.39238,23.05645],[92.39071,23.06051],[92.3875,23.06189],[92.38879,23.06484],[92.38313,23.07194],[92.38315,23.07323],[92.38514,23.07444],[92.38548,23.07696],[92.38081,23.08051],[92.38068,23.08258],[92.37932,23.08365],[92.38005,23.08629],[92.37728,23.08698],[92.37661,23.0848],[92.37511,23.08445],[92.37135,23.08866],[92.37028,23.09437],[92.36918,23.09512],[92.37017,23.09651],[92.36696,23.09596],[92.36491,23.09786],[92.36152,23.09824],[92.36188,23.10044],[92.35983,23.10095],[92.36053,23.10222],[92.35801,23.10327],[92.36009,23.10534],[92.35973,23.10618],[92.3583,23.10593],[92.36107,23.11219],[92.36046,23.11283],[92.36272,23.11517],[92.36258,23.11764],[92.36664,23.12253],[92.36603,23.12439],[92.3682,23.12726],[92.36576,23.12701],[92.363,23.13117],[92.36197,23.13064],[92.35812,23.13435],[92.35697,23.13415],[92.35885,23.14087],[92.36019,23.14168],[92.35962,23.1438],[92.36096,23.14532],[92.36038,23.14686],[92.35826,23.14635],[92.36034,23.14873],[92.36047,23.15284],[92.36222,23.15292],[92.36141,23.15413],[92.36212,23.15634],[92.36436,23.15662],[92.36094,23.162],[92.36251,23.16489],[92.36167,23.16755],[92.35903,23.16862],[92.35757,23.17178],[92.35651,23.17624],[92.35725,23.17796],[92.35445,23.17851],[92.35564,23.18021],[92.36082,23.18007],[92.36128,23.18257],[92.36029,23.18239],[92.36033,23.18377],[92.35842,23.18488],[92.35625,23.18527],[92.35448,23.18434],[92.35334,23.18572],[92.35318,23.18895],[92.35414,23.19012],[92.35228,23.19457],[92.35435,23.19707],[92.35407,23.19959],[92.35491,23.20016],[92.35322,23.20313],[92.35409,23.20409],[92.35273,23.20489],[92.35338,23.206],[92.35241,23.20631],[92.3551,23.2068],[92.35298,23.21413],[92.35393,23.2198],[92.35329,23.22439],[92.35139,23.22808],[92.35098,23.23377],[92.34678,23.23567],[92.40141,23.23658],[92.4004,23.23877],[92.40419,23.24066],[92.40268,23.2423],[92.39947,23.24186],[92.39546,23.2487],[92.39838,23.25416],[92.39824,23.25613],[92.3895,23.25964],[92.38874,23.26606],[92.3928,23.26382],[92.39475,23.2646],[92.38814,23.28129],[92.38596,23.28325],[92.38116,23.2851],[92.38248,23.29068],[92.38469,23.29261],[92.38274,23.29611],[92.38462,23.29812],[92.38305,23.30183],[92.38576,23.3031],[92.38568,23.3062],[92.37626,23.31296],[92.37733,23.31833],[92.37609,23.31989],[92.37136,23.31796],[92.36937,23.32244],[92.36743,23.32293],[92.36882,23.31834],[92.36804,23.31711],[92.36436,23.32292],[92.36829,23.32546],[92.37209,23.33168],[92.37485,23.33735],[92.37619,23.347],[92.38068,23.35118],[92.38049,23.35557],[92.37642,23.35667],[92.37906,23.36183],[92.37569,23.36537],[92.371,23.36563],[92.36926,23.36701],[92.37112,23.37262],[92.37049,23.37358],[92.36394,23.36616],[92.36027,23.36773],[92.35643,23.37235],[92.35741,23.37465],[92.36511,23.37959],[92.36339,23.38102],[92.35619,23.37962],[92.35266,23.38087],[92.35305,23.38286],[92.35668,23.38471],[92.35601,23.38777],[92.35804,23.38884],[92.35881,23.3907],[92.35731,23.39172],[92.35557,23.38888],[92.35453,23.38906],[92.35294,23.3994],[92.35341,23.40579],[92.35423,23.40573],[92.35542,23.40081],[92.35815,23.40477],[92.3574,23.4107],[92.35256,23.41351],[92.34775,23.41281],[92.34827,23.41902],[92.34649,23.43319],[92.34416,23.43336],[92.34239,23.43563],[92.34137,23.43553],[92.33808,23.43176],[92.33568,23.43345],[92.3353,23.42865],[92.33392,23.42883],[92.3329,23.43558],[92.33082,23.43977],[92.33038,23.44616],[92.32959,23.44778],[92.32708,23.44854],[92.32927,23.44995],[92.3333,23.45593],[92.33172,23.45709],[92.33157,23.45471],[92.32994,23.45404],[92.3255,23.45908],[92.33066,23.45936],[92.3318,23.46606],[92.3303,23.46701],[92.32784,23.46641],[92.31713,23.47165],[92.32006,23.47529],[92.3208,23.47372],[92.3237,23.47522],[92.32285,23.47892],[92.32529,23.478],[92.32616,23.4788],[92.32406,23.48025],[92.32094,23.48045],[92.32177,23.48289],[92.31606,23.48682],[92.31912,23.48941],[92.32195,23.49011],[92.32195,23.49177],[92.3189,23.49213],[92.31743,23.49425],[92.32052,23.49445],[92.31929,23.50061],[92.32283,23.50102],[92.32049,23.50146],[92.31892,23.50332],[92.31979,23.51243],[92.31613,23.51184],[92.3156,23.51288],[92.31838,23.51492],[92.31769,23.51716],[92.31679,23.51766],[92.31513,23.51536],[92.3136,23.5155],[92.31428,23.51703],[92.31326,23.52075],[92.31749,23.52443],[92.31789,23.52633],[92.31626,23.52926],[92.31425,23.52944],[92.31397,23.53326],[92.30904,23.53234],[92.30625,23.53504],[92.30799,23.54093],[92.31008,23.5421],[92.31069,23.54706],[92.30871,23.54961],[92.3092,23.55232],[92.31075,23.5555],[92.31274,23.553],[92.3134,23.55636],[92.31181,23.55971],[92.30686,23.56409],[92.30694,23.56616],[92.30783,23.56471],[92.30848,23.56551],[92.30904,23.57112],[92.30681,23.57172],[92.30822,23.56995],[92.30766,23.56901],[92.30509,23.57343],[92.30821,23.57771],[92.30594,23.58297],[92.30395,23.58291],[92.30371,23.58593],[92.30159,23.58839],[92.30185,23.59243],[92.30012,23.59318],[92.29834,23.5926],[92.29652,23.58803],[92.29316,23.59334],[92.29358,23.59516],[92.29141,23.59532],[92.28898,23.59813],[92.28848,23.59542],[92.28726,23.59604],[92.28823,23.60735],[92.28734,23.61674],[92.28974,23.61975],[92.29604,23.62108],[92.29419,23.62424],[92.28855,23.62887],[92.28047,23.63051],[92.27913,23.62866],[92.28004,23.62556],[92.27863,23.62492],[92.27664,23.63175],[92.27957,23.63495],[92.27966,23.63669],[92.28154,23.63661],[92.28178,23.63856],[92.27552,23.64194],[92.27303,23.64166],[92.27484,23.64633],[92.27484,23.64952],[92.27806,23.65323],[92.28143,23.66111],[92.28359,23.66178],[92.28498,23.66895],[92.28852,23.67636],[92.28917,23.68034],[92.29148,23.68123],[92.28959,23.68659],[92.29094,23.69083],[92.28969,23.69248],[92.28993,23.69984],[92.28868,23.70005],[92.28935,23.7018],[92.28727,23.70153],[92.28728,23.7026],[92.28495,23.70427],[92.2848,23.70712],[92.28322,23.70674],[92.28081,23.70826],[92.28145,23.70907],[92.27847,23.71019],[92.27938,23.71251],[92.27866,23.7147],[92.27969,23.71581],[92.26549,23.72501],[92.2674,23.73719],[92.26732,23.74972],[92.26876,23.75437],[92.26684,23.76178],[92.26866,23.76847],[92.26572,23.78061],[92.26347,23.78534],[92.26432,23.7931],[92.26053,23.80858],[92.2603,23.81338],[92.26573,23.8172],[92.27263,23.81815],[92.27565,23.81497],[92.27821,23.81603],[92.28158,23.81455],[92.28584,23.8158],[92.28606,23.82197],[92.28291,23.82281],[92.28234,23.82772],[92.28129,23.82836],[92.28264,23.82889],[92.2822,23.83025],[92.27635,23.83524],[92.27345,23.84408],[92.27397,23.84802],[92.27647,23.8524],[92.28185,23.85503],[92.28406,23.85818],[92.2857,23.85862],[92.28536,23.86119],[92.2875,23.86165],[92.28954,23.86872],[92.29404,23.87023],[92.29498,23.86858],[92.29377,23.86816],[92.29649,23.86555],[92.29846,23.86468],[92.29995,23.86557],[92.30366,23.86229],[92.30699,23.86198],[92.30828,23.86079],[92.31617,23.86205],[92.31694,23.86378],[92.32022,23.86433],[92.31778,23.86565],[92.32261,23.86661],[92.32481,23.86884],[92.3253,23.87399],[92.3214,23.87529],[92.32098,23.87676],[92.31757,23.87533],[92.31538,23.88092],[92.31769,23.88087],[92.3189,23.88256],[92.32083,23.88293],[92.31642,23.88521],[92.31914,23.88684],[92.31764,23.88872],[92.32154,23.88878],[92.32058,23.89116],[92.32206,23.89197],[92.32421,23.89846],[92.32199,23.90194],[92.32541,23.90183],[92.32679,23.90416],[92.32992,23.90397],[92.33133,23.90695],[92.33022,23.90917],[92.33208,23.90931],[92.32872,23.91287],[92.33108,23.92076],[92.32962,23.92024],[92.32633,23.92311],[92.32098,23.92496],[92.31936,23.92653],[92.31981,23.92909],[92.31698,23.92841],[92.31243,23.93132],[92.31458,23.9327],[92.31346,23.93873],[92.31192,23.93867],[92.31416,23.9416],[92.31255,23.94112],[92.31216,23.942],[92.31398,23.95152],[92.31125,23.95287],[92.31143,23.95388],[92.31316,23.95403],[92.31128,23.9581],[92.31413,23.95915],[92.3133,23.96816],[92.31472,23.96801],[92.31541,23.97054],[92.31914,23.97044],[92.31915,23.97308],[92.32101,23.97388],[92.3222,23.97255],[92.32353,23.97319],[92.32291,23.97797],[92.32595,23.97768],[92.32623,23.98253],[92.32965,23.98332],[92.32727,23.98666],[92.33013,23.98718],[92.33071,23.99006],[92.32947,23.99241],[92.33088,23.99849],[92.32808,24.00078],[92.32954,24.00499],[92.32802,24.00693],[92.32537,24.00665],[92.32315,24.01134],[92.32424,24.01299],[92.32089,24.01352],[92.3215,24.01652],[92.31719,24.01796],[92.31862,24.01913],[92.31852,24.02227],[92.32155,24.01724],[92.32394,24.01989],[92.32327,24.02077],[92.32155,24.02018],[92.32034,24.02267],[92.31806,24.02346],[92.32133,24.02802],[92.31682,24.02908],[92.31748,24.03023],[92.31922,24.03026],[92.31954,24.03395],[92.3148,24.03407],[92.31557,24.03639],[92.31709,24.03525],[92.31809,24.04162],[92.31422,24.04751],[92.31455,24.04961],[92.31738,24.05165],[92.3188,24.04978],[92.32087,24.05203],[92.31854,24.05799],[92.32125,24.05679],[92.32271,24.05868],[92.31844,24.06135],[92.31829,24.06464],[92.31507,24.06662],[92.31735,24.06899],[92.31632,24.07179],[92.3238,24.06832],[92.32435,24.06934],[92.32195,24.07468],[92.3263,24.07527],[92.32737,24.07687],[92.3261,24.07769],[92.32304,24.07616],[92.32142,24.07667],[92.32696,24.08302],[92.32524,24.08565],[92.32825,24.08744],[92.32862,24.09154],[92.32558,24.09505],[92.32967,24.09843],[92.32814,24.09961],[92.32799,24.09844],[92.32651,24.0983],[92.32708,24.10004],[92.32629,24.10079],[92.32801,24.10177],[92.32707,24.10351],[92.32892,24.10351],[92.33135,24.10702],[92.3312,24.10847],[92.32819,24.10915],[92.32744,24.11075],[92.33224,24.11408],[92.32806,24.11519],[92.32643,24.11706],[92.32828,24.12195],[92.32603,24.12217],[92.32534,24.12335],[92.33079,24.12814],[92.32569,24.12995],[92.32777,24.13282],[92.32723,24.14001],[92.32889,24.14061],[92.33354,24.13937],[92.3335,24.14118],[92.32999,24.14447],[92.33519,24.14303],[92.3364,24.14432],[92.33521,24.14699],[92.3366,24.14818],[92.33315,24.15211],[92.33178,24.16332],[92.32719,24.16617],[92.33178,24.18273],[92.32958,24.1834],[92.32934,24.18642],[92.32802,24.18662],[92.32616,24.18499],[92.32542,24.18639],[92.32724,24.18851],[92.32962,24.18833],[92.33001,24.18969],[92.3267,24.19015],[92.32656,24.19126],[92.32845,24.19292],[92.32538,24.19333],[92.32323,24.19507],[92.32501,24.19948],[92.31887,24.20274],[92.3205,24.20613],[92.32406,24.20534],[92.32448,24.20609],[92.31988,24.20875],[92.31555,24.21383],[92.31425,24.21397],[92.31141,24.21135],[92.30984,24.21272],[92.30932,24.21729],[92.31114,24.21825],[92.31418,24.22406],[92.30771,24.22252],[92.30367,24.22351],[92.3,24.2217],[92.29939,24.22484],[92.30188,24.22569],[92.30232,24.22708],[92.30086,24.22783],[92.29575,24.22733],[92.29592,24.22853],[92.29881,24.2299],[92.29919,24.23365],[92.29511,24.23506],[92.29629,24.24063],[92.29272,24.24597],[92.29302,24.24841],[92.2983,24.25266],[92.42254,24.25499],[92.41936,24.22613],[92.42117,24.21811],[92.41858,24.21264],[92.41943,24.20977],[92.41876,24.20469],[92.42132,24.20119],[92.4189,24.1927],[92.42155,24.1895],[92.43237,24.18448],[92.43573,24.17929],[92.43401,24.17513],[92.43662,24.17283],[92.43792,24.16951],[92.43584,24.16513],[92.43642,24.15303],[92.44046,24.15275],[92.4428,24.15446],[92.44568,24.14925],[92.44732,24.14841],[92.44912,24.14397],[92.45018,24.14437],[92.44953,24.1468],[92.45058,24.14714],[92.45237,24.1442],[92.45429,24.14498],[92.45673,24.14436],[92.45683,24.14273],[92.45961,24.14111],[92.46101,24.13764],[92.46412,24.13862],[92.46327,24.13721],[92.46432,24.13623],[92.46585,24.13648],[92.46547,24.13839],[92.4674,24.13871],[92.4686,24.14023],[92.47257,24.1399],[92.47273,24.14205],[92.47426,24.1424],[92.47462,24.14364],[92.47868,24.14202],[92.47865,24.14426],[92.48036,24.14447],[92.48061,24.14541],[92.47705,24.1474],[92.4807,24.15003],[92.48064,24.15434],[92.48184,24.15597],[92.47943,24.15661],[92.48342,24.15826],[92.48241,24.16061],[92.48371,24.16303],[92.48667,24.16206],[92.49039,24.16279],[92.49193,24.16085],[92.49421,24.16018],[92.50151,24.16039],[92.50335,24.16343],[92.50568,24.16331],[92.50618,24.16413],[92.50327,24.16777],[92.50753,24.16706],[92.51004,24.1646],[92.51141,24.16541],[92.51151,24.16633],[92.50876,24.16737],[92.50691,24.16988],[92.50917,24.17058],[92.51152,24.16913],[92.51441,24.16946],[92.51468,24.17072],[92.51211,24.17048],[92.50997,24.17246],[92.51552,24.17886],[92.51934,24.1739],[92.52404,24.17144],[92.53017,24.17632],[92.52893,24.17808],[92.53421,24.18015],[92.53111,24.18511],[92.53464,24.19367],[92.53784,24.19677],[92.53669,24.20126],[92.54048,24.20358],[92.54201,24.20752],[92.54096,24.21024],[92.54326,24.21147],[92.5423,24.21344],[92.5436,24.21581],[92.54592,24.21691],[92.54582,24.21882],[92.54712,24.22016],[92.54774,24.22313],[92.54675,24.22991],[92.54848,24.23186],[92.54687,24.23297],[92.54705,24.23645],[92.5509,24.24722],[92.55595,24.24681],[92.56261,24.2512],[92.57213,24.25188],[92.58903,24.24877],[92.59571,24.25049],[92.60091,24.25015],[92.6026,24.24857],[92.60605,24.24845],[92.6123,24.25347],[92.61269,24.25542],[92.61416,24.25595],[92.61311,24.25865],[92.61533,24.26457],[92.6166,24.27507],[92.6179,24.27709],[92.6171,24.28025],[92.61835,24.28119],[92.61816,24.28406],[92.61971,24.28713],[92.61591,24.28958],[92.61819,24.29818],[92.61919,24.30602],[92.6183,24.30745],[92.6195,24.30801],[92.61875,24.3094],[92.61955,24.31354],[92.62167,24.31672],[92.62178,24.31886],[92.62361,24.32028],[92.62374,24.3228],[92.62155,24.32371],[92.62313,24.32609],[92.62243,24.32672],[92.62368,24.32728],[92.62234,24.32811],[92.62243,24.33134],[92.62477,24.33408],[92.63024,24.33362],[92.63569,24.3367],[92.63869,24.33445],[92.63542,24.33356],[92.6363,24.33134],[92.64036,24.33361],[92.63872,24.32842],[92.64576,24.32778],[92.64617,24.33095],[92.64923,24.3286],[92.65019,24.32923],[92.65011,24.3316],[92.65172,24.33105],[92.65161,24.33547],[92.65911,24.3419],[92.65768,24.34438],[92.66062,24.34405],[92.66137,24.34816],[92.66316,24.34882],[92.66427,24.34606],[92.66562,24.34964],[92.6663,24.3463],[92.66793,24.34685],[92.66894,24.34609],[92.67339,24.34964],[92.67716,24.35015],[92.6791,24.3478],[92.68484,24.34654],[92.68376,24.35046],[92.68976,24.3536],[92.68925,24.35524],[92.69151,24.35754],[92.69117,24.36252],[92.69398,24.36418],[92.69348,24.36535],[92.69476,24.36536],[92.69282,24.36847],[92.69533,24.36885],[92.69764,24.3743],[92.70007,24.37386],[92.70045,24.375],[92.7019,24.37435],[92.70361,24.37545],[92.70463,24.37831],[92.70322,24.38033],[92.70445,24.38259],[92.70409,24.38464],[92.70566,24.38438],[92.70734,24.38699],[92.70647,24.39215],[92.70928,24.39337],[92.71005,24.3961],[92.70922,24.39735],[92.71327,24.40332],[92.71138,24.40722],[92.71509,24.40954],[92.7129,24.41121],[92.71509,24.41498],[92.71739,24.4156],[92.71797,24.42015],[92.72286,24.42811],[92.72171,24.43195],[92.72612,24.43851],[92.7275,24.44642],[92.73061,24.44901],[92.73645,24.46295],[92.73993,24.46851],[92.74033,24.4726],[92.74374,24.47829],[92.74634,24.4868],[92.7503,24.49246],[92.74934,24.49498],[92.75422,24.502],[92.75189,24.50401],[92.75215,24.50623],[92.75613,24.50957],[92.75604,24.51126],[92.75805,24.51102],[92.75777,24.51277],[92.7636,24.52112]]]}},{"id":"5","type":"Feature","properties":{"state":"NAGALAND"},"geometry":{"type":"Polygon","coordinates":[[[95.19318,27.03222],[95.19462,27.03261],[95.19726,26.99772],[95.19542,26.9949],[95.19095,26.99337],[95.19215,26.9918],[95.19136,26.98694],[95.19318,26.98666],[95.19173,26.98524],[95.19587,26.98197],[95.19761,26.98345],[95.20032,26.98087],[95.20101,26.98296],[95.20267,26.98214],[95.20296,26.98011],[95.20507,26.97908],[95.20377,26.97753],[95.20287,26.97828],[95.20135,26.97721],[95.20179,26.97423],[95.2039,26.97415],[95.20328,26.97158],[95.20539,26.97082],[95.20531,26.96961],[95.20675,26.97001],[95.20667,26.96899],[95.2102,26.96633],[95.21156,26.96653],[95.2114,26.96443],[95.20882,26.9639],[95.20821,26.96147],[95.20533,26.96142],[95.20373,26.95811],[95.20214,26.95852],[95.20273,26.95601],[95.20921,26.95307],[95.20709,26.95166],[95.20935,26.95091],[95.20971,26.94813],[95.20797,26.94787],[95.20706,26.94633],[95.2078,26.94442],[95.20665,26.94226],[95.20868,26.94049],[95.20956,26.93581],[95.21224,26.93031],[95.22092,26.92885],[95.22657,26.92652],[95.22633,26.92449],[95.23009,26.92285],[95.23015,26.92021],[95.23196,26.9202],[95.23239,26.91627],[95.22889,26.91277],[95.23047,26.91195],[95.22902,26.9083],[95.2309,26.907],[95.2323,26.90287],[95.23002,26.90071],[95.23054,26.89936],[95.22871,26.89625],[95.2269,26.89531],[95.22974,26.89164],[95.23052,26.88447],[95.22816,26.88103],[95.22152,26.88079],[95.21821,26.88311],[95.21497,26.88394],[95.2084,26.88268],[95.20837,26.87923],[95.20064,26.87311],[95.19995,26.87149],[95.19428,26.86996],[95.19117,26.86767],[95.18936,26.86782],[95.18784,26.866],[95.18588,26.86587],[95.18177,26.86149],[95.18106,26.85649],[95.18535,26.85457],[95.18526,26.85166],[95.1875,26.84793],[95.19142,26.84703],[95.1936,26.84526],[95.19436,26.84566],[95.19354,26.8483],[95.20001,26.84495],[95.20206,26.84684],[95.20304,26.84656],[95.2037,26.84406],[95.19832,26.83901],[95.19702,26.83624],[95.19814,26.83535],[95.19683,26.83076],[95.19834,26.83034],[95.1996,26.8277],[95.19739,26.82317],[95.19978,26.81991],[95.2002,26.81429],[95.20512,26.80418],[95.20851,26.80403],[95.2094,26.80118],[95.21203,26.79914],[95.21172,26.79813],[95.20734,26.79808],[95.20846,26.79496],[95.21409,26.79175],[95.21499,26.78992],[95.22448,26.78838],[95.22575,26.78668],[95.22839,26.78572],[95.23269,26.78692],[95.23804,26.78588],[95.23925,26.78533],[95.2372,26.78425],[95.23802,26.78283],[95.24082,26.7839],[95.24225,26.78342],[95.24178,26.78098],[95.23551,26.77932],[95.23512,26.77689],[95.23181,26.77785],[95.23225,26.77616],[95.22976,26.77631],[95.22855,26.77523],[95.22777,26.77138],[95.22965,26.77021],[95.23025,26.77096],[95.2307,26.76926],[95.23242,26.76824],[95.23105,26.76527],[95.22832,26.76406],[95.22703,26.76204],[95.22401,26.76165],[95.22066,26.75625],[95.21644,26.75593],[95.21465,26.74829],[95.2157,26.74659],[95.21886,26.74651],[95.21901,26.7457],[95.21503,26.73678],[95.21041,26.73193],[95.20948,26.72909],[95.22226,26.7226],[95.22787,26.71634],[95.22651,26.71034],[95.22824,26.70913],[95.23186,26.70893],[95.23317,26.70413],[95.23028,26.70088],[95.23116,26.6974],[95.23008,26.69359],[95.23376,26.68208],[95.23234,26.67877],[95.22947,26.6761],[95.22924,26.67366],[95.22188,26.66618],[95.21964,26.66084],[95.21403,26.65705],[95.21405,26.65421],[95.2096,26.64885],[95.20049,26.64545],[95.19912,26.64246],[95.19178,26.64149],[95.18762,26.6428],[95.18358,26.64141],[95.18317,26.64254],[95.18068,26.64276],[95.17126,26.63574],[95.16686,26.63444],[95.1675,26.62751],[95.16463,26.62487],[95.16322,26.62166],[95.14893,26.61587],[95.14728,26.61033],[95.1482,26.60646],[95.14786,26.60235],[95.14661,26.601],[95.1479,26.59711],[95.14656,26.59305],[95.15032,26.58906],[95.15108,26.58595],[95.15419,26.58314],[95.14786,26.57914],[95.14643,26.57621],[95.14727,26.57478],[95.14096,26.56741],[95.14138,26.56507],[95.13851,26.56052],[95.13892,26.55656],[95.1324,26.5566],[95.12959,26.55862],[95.1256,26.55809],[95.12296,26.55552],[95.12336,26.55281],[95.12243,26.5515],[95.11353,26.54753],[95.10755,26.54154],[95.10774,26.53959],[95.11047,26.53826],[95.11084,26.53661],[95.11332,26.53584],[95.11364,26.52919],[95.11617,26.524],[95.11456,26.52132],[95.11454,26.51851],[95.1057,26.50822],[95.10025,26.50579],[95.09934,26.49785],[95.09648,26.49277],[95.08953,26.49029],[95.08628,26.48774],[95.0841,26.48524],[95.0846,26.48332],[95.08246,26.48261],[95.08298,26.47962],[95.07673,26.47645],[95.07658,26.47507],[95.07276,26.47238],[95.07161,26.46402],[95.06805,26.46229],[95.06656,26.45735],[95.06198,26.45018],[95.06362,26.444],[95.06614,26.44177],[95.06732,26.44393],[95.07133,26.44565],[95.0729,26.44792],[95.07668,26.44586],[95.08445,26.44705],[95.08429,26.44456],[95.08581,26.44274],[95.08715,26.44304],[95.08697,26.44119],[95.09408,26.43542],[95.0956,26.43267],[95.0949,26.43108],[95.09689,26.43017],[95.09887,26.42571],[95.10386,26.42066],[95.10238,26.41358],[95.1031,26.41244],[95.09881,26.40676],[95.09812,26.40249],[95.09645,26.40105],[95.09977,26.39373],[95.10461,26.39563],[95.10789,26.3954],[95.11307,26.39282],[95.11409,26.39127],[95.11701,26.39082],[95.12078,26.38643],[95.12563,26.38778],[95.12948,26.38454],[95.13214,26.37784],[95.13057,26.37466],[95.13081,26.37073],[95.12826,26.36514],[95.12265,26.35809],[95.12318,26.35192],[95.12118,26.34962],[95.12332,26.34519],[95.12835,26.33965],[95.12695,26.33412],[95.1229,26.33052],[95.12265,26.32522],[95.12607,26.32354],[95.12406,26.31516],[95.12476,26.31244],[95.12249,26.30744],[95.12812,26.30224],[95.12862,26.29703],[95.12806,26.29228],[95.12438,26.28628],[95.12553,26.28122],[95.12483,26.27655],[95.12076,26.27156],[95.11987,26.26369],[95.12351,26.25588],[95.1273,26.25398],[95.12459,26.25017],[95.12548,26.24657],[95.12004,26.24193],[95.1146,26.23289],[95.1199,26.22551],[95.12779,26.22138],[95.13304,26.21535],[95.14268,26.21163],[95.13174,26.20047],[95.12658,26.19386],[95.12196,26.18523],[95.12315,26.18042],[95.12665,26.17784],[95.11762,26.16392],[95.11721,26.15862],[95.11963,26.15352],[95.11907,26.14845],[95.12344,26.14502],[95.11901,26.14065],[95.12146,26.13869],[95.12266,26.13357],[95.12592,26.13126],[95.12628,26.12852],[95.12153,26.1232],[95.12123,26.11858],[95.11977,26.11618],[95.11555,26.11285],[95.11787,26.10108],[95.12267,26.09724],[95.13033,26.0945],[95.14201,26.09444],[95.14735,26.08777],[95.15031,26.08645],[95.15501,26.08945],[95.1573,26.08915],[95.16158,26.09172],[95.16533,26.09211],[95.16751,26.08933],[95.17099,26.08834],[95.17012,26.08582],[95.17602,26.08406],[95.17683,26.08127],[95.18195,26.07838],[95.18301,26.07505],[95.18589,26.0731],[95.18345,26.06813],[95.17657,26.06413],[95.16839,26.05289],[95.16429,26.04919],[95.15907,26.02493],[95.15601,26.02225],[95.15251,26.02123],[95.14935,26.0162],[95.14507,26.01403],[95.14524,26.01103],[95.14117,26.00898],[95.13713,26.00241],[95.13489,26.00086],[95.13331,25.99591],[95.1274,25.99055],[95.12611,25.98575],[95.11698,25.98496],[95.11429,25.97478],[95.11016,25.97051],[95.10633,25.97108],[95.10382,25.96867],[95.10111,25.96559],[95.10056,25.96263],[95.09561,25.95524],[95.0895,25.95049],[95.08366,25.94991],[95.07308,25.94178],[95.06436,25.94265],[95.06238,25.94011],[95.05883,25.94035],[95.05405,25.9381],[95.04774,25.93439],[95.04674,25.92846],[95.04394,25.92686],[95.03598,25.92675],[95.03225,25.92918],[95.03135,25.93115],[95.03269,25.92492],[95.03048,25.91777],[95.02823,25.91535],[95.02871,25.91368],[95.02655,25.9134],[95.02215,25.90758],[95.0192,25.90553],[95.01837,25.9037],[95.01496,25.90198],[95.01177,25.89778],[95.01484,25.89351],[95.0153,25.88992],[95.01887,25.88547],[95.01941,25.88139],[95.01028,25.8745],[95.00919,25.86661],[95.01254,25.86311],[95.01786,25.86067],[95.02306,25.84478],[95.02942,25.84],[95.02931,25.83831],[95.03039,25.83837],[95.02946,25.83308],[95.03323,25.82363],[95.03331,25.81424],[95.04668,25.80175],[95.04888,25.80144],[95.04997,25.79999],[95.05001,25.79291],[95.04612,25.78451],[95.04663,25.77894],[95.04403,25.77374],[95.04462,25.76983],[95.04897,25.75936],[95.04513,25.75523],[95.04462,25.75134],[95.04275,25.7498],[95.03987,25.74117],[95.03722,25.73952],[95.03421,25.73994],[95.02809,25.7378],[95.0231,25.73174],[95.01518,25.73241],[95.00806,25.73091],[95.00302,25.72894],[94.99723,25.72498],[94.99551,25.72193],[94.99192,25.71952],[94.98868,25.70655],[94.97974,25.69822],[94.97672,25.69748],[94.97304,25.69408],[94.97064,25.68913],[94.96135,25.68506],[94.95213,25.67838],[94.95005,25.67361],[94.93598,25.66761],[94.93321,25.66251],[94.93374,25.6606],[94.93238,25.65714],[94.92533,25.65012],[94.92284,25.64542],[94.9212,25.63987],[94.9219,25.63495],[94.91884,25.62978],[94.91632,25.62141],[94.91509,25.60768],[94.90958,25.60265],[94.90193,25.59945],[94.90077,25.59738],[94.89812,25.59634],[94.89247,25.59738],[94.88171,25.59105],[94.88163,25.58508],[94.88476,25.58408],[94.89138,25.57822],[94.89231,25.57554],[94.89747,25.57055],[94.8985,25.56533],[94.88969,25.56664],[94.88502,25.56352],[94.88236,25.56375],[94.87968,25.56238],[94.87203,25.56392],[94.85342,25.56432],[94.84592,25.56194],[94.84333,25.55724],[94.84095,25.55689],[94.83783,25.55305],[94.83426,25.55258],[94.82967,25.54371],[94.82723,25.5438],[94.82578,25.54255],[94.82347,25.53344],[94.82345,25.52984],[94.82543,25.52376],[94.81934,25.51749],[94.81587,25.51647],[94.8124,25.51125],[94.80821,25.49892],[94.80799,25.49329],[94.80603,25.49182],[94.79985,25.4919],[94.79801,25.49097],[94.79638,25.49176],[94.79552,25.4908],[94.78869,25.48955],[94.78654,25.48745],[94.78466,25.48118],[94.78345,25.4804],[94.76196,25.48195],[94.75769,25.49136],[94.75142,25.49389],[94.74705,25.48865],[94.74712,25.48595],[94.74447,25.48149],[94.73724,25.4785],[94.7283,25.47656],[94.72511,25.47357],[94.71965,25.47224],[94.71808,25.46949],[94.71659,25.47095],[94.70998,25.4718],[94.70299,25.46793],[94.70008,25.46821],[94.69286,25.46556],[94.68362,25.46643],[94.68195,25.45939],[94.6799,25.4585],[94.68118,25.45533],[94.67537,25.44582],[94.66844,25.44862],[94.65576,25.44986],[94.64592,25.45705],[94.63737,25.45595],[94.63293,25.45714],[94.63078,25.45909],[94.62603,25.45918],[94.623,25.46122],[94.61656,25.46237],[94.61316,25.46524],[94.6104,25.46987],[94.60176,25.47672],[94.59836,25.47847],[94.59536,25.47845],[94.5934,25.48092],[94.59273,25.4841],[94.58563,25.48549],[94.58157,25.4886],[94.57682,25.49585],[94.56917,25.50078],[94.5633,25.5018],[94.55996,25.50082],[94.55736,25.50227],[94.55473,25.50227],[94.55377,25.5042],[94.55348,25.51049],[94.55644,25.51123],[94.55722,25.51952],[94.56028,25.52099],[94.55626,25.52373],[94.5547,25.52831],[94.55702,25.53171],[94.56206,25.53388],[94.56185,25.53544],[94.55809,25.5369],[94.5581,25.53978],[94.56684,25.54885],[94.56461,25.55164],[94.55649,25.55418],[94.55649,25.55624],[94.5638,25.56163],[94.56451,25.56361],[94.56003,25.56465],[94.55863,25.56614],[94.56119,25.5734],[94.55166,25.57873],[94.55121,25.58],[94.55846,25.58308],[94.55998,25.58786],[94.55664,25.59094],[94.56105,25.59486],[94.55995,25.59825],[94.56644,25.59741],[94.56714,25.59852],[94.56523,25.60307],[94.56761,25.60476],[94.57194,25.60547],[94.57111,25.60716],[94.57267,25.61104],[94.57542,25.6132],[94.57691,25.61625],[94.57582,25.62307],[94.58012,25.62555],[94.58067,25.62927],[94.58408,25.63054],[94.58428,25.63495],[94.58618,25.6355],[94.58678,25.63313],[94.59009,25.63675],[94.59177,25.63462],[94.59294,25.63458],[94.59383,25.6371],[94.58862,25.64062],[94.58112,25.64005],[94.57315,25.63765],[94.57233,25.64129],[94.57611,25.64367],[94.57607,25.64558],[94.57387,25.6464],[94.57368,25.64808],[94.57611,25.65004],[94.58037,25.65078],[94.57688,25.65348],[94.57639,25.65546],[94.58229,25.65584],[94.58394,25.65682],[94.57867,25.66079],[94.57884,25.66192],[94.58244,25.66321],[94.58516,25.66265],[94.58659,25.66381],[94.58516,25.66622],[94.58124,25.66566],[94.58042,25.66847],[94.58483,25.66975],[94.58863,25.67521],[94.59007,25.68172],[94.59554,25.68199],[94.59653,25.68307],[94.59508,25.68517],[94.58985,25.68726],[94.58443,25.68489],[94.57861,25.69024],[94.57126,25.69195],[94.56437,25.68772],[94.56064,25.68311],[94.5636,25.67523],[94.55934,25.67197],[94.55788,25.67326],[94.55662,25.67253],[94.55572,25.66897],[94.55195,25.66608],[94.55118,25.6628],[94.54845,25.66162],[94.55036,25.659],[94.54959,25.65702],[94.544,25.6549],[94.54364,25.65344],[94.54564,25.65277],[94.54341,25.64987],[94.53951,25.65066],[94.53862,25.64789],[94.53608,25.64667],[94.53465,25.64247],[94.52953,25.64266],[94.5298,25.63827],[94.52896,25.63714],[94.52463,25.63733],[94.52099,25.63902],[94.52109,25.63486],[94.51824,25.62971],[94.51418,25.62855],[94.51424,25.62638],[94.51269,25.6251],[94.50678,25.62418],[94.50514,25.61364],[94.50209,25.61281],[94.49655,25.61365],[94.49501,25.6125],[94.49426,25.60925],[94.49276,25.60869],[94.48807,25.61193],[94.48741,25.61418],[94.4859,25.61432],[94.48433,25.61301],[94.48003,25.61523],[94.47658,25.61413],[94.47287,25.61527],[94.46856,25.61419],[94.46143,25.6084],[94.45838,25.60406],[94.45286,25.6017],[94.45105,25.59886],[94.44502,25.59662],[94.44521,25.59187],[94.43797,25.59263],[94.42492,25.58652],[94.42116,25.57665],[94.42232,25.57405],[94.42025,25.57301],[94.4212,25.57172],[94.41902,25.56974],[94.42177,25.56893],[94.42114,25.56435],[94.423,25.56211],[94.4215,25.56127],[94.42286,25.5596],[94.42234,25.55357],[94.41822,25.54268],[94.4182,25.53886],[94.41654,25.53648],[94.41393,25.5372],[94.41306,25.53618],[94.41141,25.53849],[94.40727,25.53663],[94.40474,25.53668],[94.39984,25.53397],[94.3971,25.53466],[94.38984,25.53263],[94.38571,25.53272],[94.37825,25.52812],[94.37358,25.52207],[94.37128,25.52163],[94.37046,25.52014],[94.36795,25.5199],[94.36576,25.5174],[94.36349,25.51747],[94.35939,25.51548],[94.35537,25.51242],[94.34788,25.51202],[94.34363,25.50918],[94.33703,25.50855],[94.33117,25.50672],[94.32866,25.50441],[94.32609,25.50491],[94.31545,25.49093],[94.31041,25.48918],[94.3082,25.48961],[94.29769,25.48471],[94.29769,25.49142],[94.29062,25.49822],[94.28473,25.508],[94.27455,25.49981],[94.27085,25.49966],[94.26711,25.49787],[94.26321,25.49871],[94.26101,25.49797],[94.25515,25.50067],[94.25382,25.49787],[94.24932,25.49441],[94.24591,25.49573],[94.24032,25.49596],[94.23163,25.49311],[94.22817,25.49463],[94.22176,25.49099],[94.21867,25.49187],[94.2141,25.49585],[94.2085,25.49618],[94.20753,25.4986],[94.2086,25.50318],[94.20482,25.50655],[94.2006,25.5146],[94.19743,25.51619],[94.19504,25.52076],[94.18643,25.52368],[94.1876,25.529],[94.18582,25.53143],[94.19117,25.53976],[94.19209,25.54841],[94.18446,25.54797],[94.17805,25.55057],[94.17643,25.54621],[94.16473,25.54128],[94.16253,25.54222],[94.16098,25.54765],[94.15676,25.55153],[94.15502,25.54996],[94.15339,25.54522],[94.14995,25.54345],[94.14609,25.53233],[94.14374,25.52988],[94.1437,25.52235],[94.14038,25.51921],[94.13727,25.51805],[94.13302,25.51852],[94.1219,25.5228],[94.11174,25.52324],[94.10945,25.52306],[94.10813,25.5217],[94.10751,25.52377],[94.10358,25.52615],[94.08827,25.5305],[94.08481,25.53021],[94.09067,25.53227],[94.0941,25.5371],[94.09222,25.54391],[94.08729,25.54934],[94.08497,25.55433],[94.08014,25.55771],[94.07622,25.55805],[94.07461,25.55539],[94.07241,25.55512],[94.07293,25.55615],[94.07212,25.55634],[94.06719,25.55212],[94.06577,25.55333],[94.06551,25.55669],[94.06094,25.55814],[94.05964,25.5638],[94.0569,25.56522],[94.05565,25.56726],[94.05388,25.56734],[94.05318,25.57075],[94.0499,25.5715],[94.04806,25.57546],[94.0445,25.57495],[94.04424,25.57641],[94.04312,25.57662],[94.03827,25.57004],[94.03821,25.57248],[94.03667,25.57448],[94.03664,25.57903],[94.03455,25.57929],[94.02984,25.57706],[94.03075,25.58026],[94.0266,25.57905],[94.02695,25.58508],[94.02505,25.58574],[94.02221,25.58461],[94.02215,25.58974],[94.0168,25.59134],[94.0136,25.59077],[94.01288,25.59224],[94.00313,25.58692],[94.00232,25.58543],[94.00404,25.58171],[94.01079,25.57354],[94.00747,25.56716],[94.00448,25.56523],[93.99339,25.56929],[93.98166,25.56787],[93.97814,25.56502],[93.9747,25.56536],[93.97209,25.55767],[93.96564,25.55539],[93.96348,25.55171],[93.96026,25.55055],[93.9575,25.55175],[93.95342,25.55054],[93.94365,25.55725],[93.93064,25.55997],[93.92634,25.55887],[93.92386,25.55977],[93.9194,25.55938],[93.91688,25.56015],[93.91491,25.56238],[93.90944,25.56427],[93.90101,25.56292],[93.88794,25.56536],[93.88442,25.56427],[93.8822,25.5615],[93.87126,25.55614],[93.8653,25.55583],[93.86104,25.55404],[93.85148,25.55544],[93.84862,25.55683],[93.83958,25.55722],[93.83708,25.5611],[93.83519,25.56168],[93.83025,25.55867],[93.83039,25.55605],[93.8283,25.55323],[93.82528,25.5527],[93.82354,25.55415],[93.82172,25.55383],[93.82006,25.54973],[93.82069,25.54536],[93.81737,25.544],[93.8165,25.54033],[93.81126,25.54191],[93.80466,25.54176],[93.80261,25.54039],[93.79769,25.54044],[93.79484,25.53827],[93.78628,25.53806],[93.78473,25.53613],[93.77866,25.53433],[93.77473,25.53486],[93.77211,25.53322],[93.7702,25.53413],[93.76752,25.53794],[93.76536,25.53807],[93.76652,25.53286],[93.76401,25.52289],[93.76682,25.51899],[93.76236,25.517],[93.76214,25.51452],[93.75956,25.51235],[93.75797,25.50758],[93.75845,25.50178],[93.76119,25.49907],[93.76123,25.4959],[93.76616,25.49348],[93.77291,25.49768],[93.78739,25.50318],[93.79066,25.50016],[93.80029,25.49689],[93.80446,25.49142],[93.80478,25.4876],[93.81018,25.48343],[93.80805,25.47677],[93.8084,25.47194],[93.80514,25.46397],[93.79308,25.45472],[93.78991,25.44974],[93.78602,25.44629],[93.78497,25.44238],[93.78177,25.43971],[93.78289,25.43365],[93.7802,25.43043],[93.77232,25.42637],[93.77464,25.4225],[93.77417,25.42048],[93.77226,25.41956],[93.76762,25.42053],[93.76743,25.41789],[93.76562,25.4162],[93.7607,25.41533],[93.75028,25.40711],[93.74225,25.40371],[93.74031,25.39962],[93.73495,25.39427],[93.73661,25.38813],[93.736,25.38498],[93.73151,25.38002],[93.72591,25.37831],[93.71617,25.37208],[93.7128,25.36624],[93.70996,25.35753],[93.70765,25.3566],[93.70233,25.35818],[93.69644,25.35622],[93.6869,25.36039],[93.68788,25.35562],[93.68534,25.35123],[93.68743,25.34582],[93.68297,25.34091],[93.68114,25.33467],[93.68149,25.3281],[93.67637,25.32651],[93.67389,25.32782],[93.67067,25.32511],[93.66829,25.3249],[93.66576,25.32636],[93.66477,25.32572],[93.66767,25.31908],[93.6686,25.31407],[93.66797,25.31158],[93.66449,25.30745],[93.66078,25.30618],[93.65834,25.30405],[93.66067,25.30041],[93.66056,25.29868],[93.65232,25.28418],[93.64501,25.27604],[93.64401,25.27207],[93.6462,25.26637],[93.64397,25.26526],[93.64139,25.26592],[93.63739,25.26349],[93.63717,25.25975],[93.63462,25.25418],[93.62904,25.2483],[93.62757,25.24109],[93.62229,25.23569],[93.62299,25.23154],[93.61966,25.22858],[93.61518,25.21882],[93.60929,25.21383],[93.60832,25.21099],[93.61095,25.20694],[93.61035,25.20357],[93.60592,25.20065],[93.60535,25.19917],[93.59923,25.20168],[93.59555,25.19871],[93.59468,25.20286],[93.59348,25.20343],[93.59079,25.20121],[93.58819,25.20106],[93.58898,25.20591],[93.59151,25.20714],[93.5916,25.20822],[93.5894,25.21376],[93.58623,25.2142],[93.58702,25.21777],[93.58495,25.21885],[93.58437,25.22168],[93.58087,25.22129],[93.57912,25.22351],[93.57395,25.22505],[93.57204,25.2244],[93.56938,25.22639],[93.56861,25.23],[93.56557,25.23027],[93.56455,25.23132],[93.56424,25.23838],[93.56299,25.24093],[93.5526,25.24738],[93.54287,25.24763],[93.5351,25.24356],[93.53301,25.24616],[93.52605,25.24494],[93.52417,25.24665],[93.52036,25.24748],[93.51703,25.24689],[93.51287,25.24308],[93.5093,25.24348],[93.50863,25.24477],[93.50375,25.24216],[93.50105,25.24253],[93.50024,25.2507],[93.50114,25.25609],[93.50642,25.26932],[93.50113,25.27078],[93.49805,25.27282],[93.48957,25.27492],[93.48732,25.27453],[93.48384,25.27123],[93.48019,25.26989],[93.47145,25.27185],[93.47045,25.27359],[93.47112,25.27558],[93.4699,25.28259],[93.47155,25.28982],[93.47358,25.29366],[93.47171,25.30404],[93.46663,25.31182],[93.45343,25.32146],[93.4536,25.32411],[93.45667,25.32986],[93.45542,25.33214],[93.45651,25.33538],[93.45205,25.33596],[93.44851,25.34025],[93.45027,25.34309],[93.44998,25.34537],[93.45196,25.34703],[93.45158,25.35395],[93.45875,25.36068],[93.4638,25.35964],[93.46501,25.36067],[93.47253,25.37428],[93.47177,25.37589],[93.47361,25.37928],[93.47299,25.38599],[93.47025,25.38972],[93.4632,25.39559],[93.45966,25.40323],[93.45933,25.40837],[93.46232,25.41785],[93.46094,25.42237],[93.45833,25.42592],[93.45819,25.43098],[93.45543,25.4344],[93.45029,25.43565],[93.44891,25.4376],[93.44333,25.4411],[93.43952,25.44101],[93.43753,25.44304],[93.43855,25.44551],[93.43639,25.44818],[93.42561,25.44832],[93.4217,25.44695],[93.41995,25.44496],[93.41555,25.44498],[93.41041,25.44987],[93.40872,25.44829],[93.40692,25.44998],[93.40256,25.45083],[93.40033,25.45421],[93.40061,25.45658],[93.39723,25.46046],[93.39629,25.46074],[93.39389,25.45857],[93.39167,25.46199],[93.39023,25.4604],[93.38818,25.46374],[93.39036,25.46468],[93.38704,25.46617],[93.38586,25.46776],[93.38674,25.46911],[93.38521,25.46845],[93.38431,25.46932],[93.38583,25.47147],[93.38879,25.47261],[93.38918,25.47438],[93.3881,25.47556],[93.38916,25.47657],[93.3864,25.47765],[93.38901,25.47865],[93.38961,25.48102],[93.39137,25.48245],[93.38587,25.48341],[93.38593,25.48492],[93.38453,25.48519],[93.38651,25.48763],[93.38378,25.48801],[93.38543,25.49071],[93.38162,25.49099],[93.37935,25.49291],[93.37706,25.49323],[93.37755,25.49541],[93.3758,25.49586],[93.37672,25.49774],[93.37461,25.49714],[93.37386,25.49864],[93.37204,25.49777],[93.36752,25.49924],[93.36706,25.50096],[93.3692,25.50353],[93.36433,25.50376],[93.364,25.50653],[93.36213,25.50671],[93.36158,25.51234],[93.35686,25.5137],[93.35769,25.51527],[93.35628,25.51688],[93.35509,25.52478],[93.35266,25.5283],[93.34997,25.52868],[93.35034,25.532],[93.34833,25.52994],[93.34629,25.53107],[93.34697,25.53328],[93.34508,25.53419],[93.34057,25.53495],[93.34124,25.53373],[93.34036,25.53284],[93.33498,25.53442],[93.33639,25.53873],[93.33378,25.53959],[93.33299,25.54236],[93.33049,25.54203],[93.33015,25.54348],[93.32745,25.54493],[93.32697,25.54696],[93.32949,25.54863],[93.33261,25.54838],[93.33708,25.55283],[93.33575,25.55398],[93.33798,25.55687],[93.34328,25.56004],[93.34584,25.55911],[93.35216,25.55999],[93.35244,25.55762],[93.35461,25.55552],[93.35644,25.55619],[93.35734,25.5545],[93.35872,25.55463],[93.35847,25.55726],[93.36054,25.55789],[93.36114,25.55976],[93.36406,25.5612],[93.36159,25.56387],[93.36245,25.566],[93.36352,25.56639],[93.36554,25.56518],[93.36951,25.57042],[93.37539,25.57308],[93.3743,25.57709],[93.37983,25.57658],[93.37965,25.57898],[93.38159,25.58197],[93.37911,25.58152],[93.37835,25.5826],[93.37943,25.58389],[93.38206,25.58396],[93.38341,25.58792],[93.38575,25.58705],[93.38555,25.58866],[93.38695,25.58997],[93.3856,25.59277],[93.38929,25.5911],[93.38966,25.59312],[93.39219,25.59419],[93.39243,25.5959],[93.39403,25.59607],[93.3947,25.59445],[93.39695,25.59703],[93.39791,25.59568],[93.39878,25.59603],[93.39947,25.59907],[93.40287,25.60216],[93.40127,25.60577],[93.40216,25.6069],[93.40152,25.61109],[93.40626,25.6114],[93.40783,25.61441],[93.40963,25.61324],[93.41101,25.61359],[93.41048,25.61654],[93.41436,25.61805],[93.41373,25.62099],[93.41835,25.61764],[93.42161,25.61824],[93.42226,25.62043],[93.41997,25.6247],[93.42148,25.62585],[93.42455,25.62547],[93.42491,25.6303],[93.42738,25.63253],[93.43043,25.62947],[93.43366,25.62943],[93.43457,25.63119],[93.43726,25.63166],[93.43736,25.63481],[93.43973,25.63567],[93.44162,25.63468],[93.44216,25.63817],[93.44437,25.63961],[93.44569,25.63893],[93.44523,25.63699],[93.44666,25.6346],[93.44948,25.63561],[93.44959,25.63953],[93.45509,25.63385],[93.4609,25.63231],[93.4606,25.63678],[93.45573,25.63869],[93.45731,25.64114],[93.46046,25.64062],[93.46417,25.64462],[93.47204,25.64239],[93.47231,25.64326],[93.4688,25.64433],[93.47149,25.6454],[93.47383,25.64401],[93.47675,25.64777],[93.48224,25.64468],[93.48294,25.64546],[93.48193,25.65155],[93.48609,25.64888],[93.48777,25.65139],[93.48773,25.65448],[93.49114,25.65357],[93.497,25.65512],[93.5,25.661],[93.5058,25.66408],[93.50494,25.66706],[93.50898,25.66891],[93.50676,25.67265],[93.51028,25.6723],[93.51382,25.67797],[93.51746,25.68008],[93.51609,25.6829],[93.5127,25.68372],[93.51203,25.68537],[93.51918,25.69163],[93.52195,25.69779],[93.52329,25.69707],[93.52268,25.69278],[93.52808,25.69186],[93.5307,25.69306],[93.53089,25.69707],[93.53401,25.70023],[93.5369,25.70155],[93.53907,25.69951],[93.54054,25.69945],[93.54096,25.70459],[93.54735,25.71253],[93.54242,25.7159],[93.54284,25.72187],[93.53999,25.72408],[93.54235,25.72668],[93.5416,25.73038],[93.54233,25.73218],[93.54529,25.7324],[93.54949,25.7304],[93.55041,25.73405],[93.55323,25.73337],[93.55535,25.7343],[93.5533,25.73816],[93.55367,25.73934],[93.56146,25.73883],[93.56361,25.74575],[93.56707,25.74882],[93.56633,25.75475],[93.56833,25.75499],[93.57029,25.75276],[93.57322,25.75412],[93.57243,25.75644],[93.56827,25.75681],[93.56794,25.75843],[93.57147,25.75879],[93.57442,25.75641],[93.57683,25.75687],[93.57775,25.75449],[93.58017,25.75653],[93.58548,25.75798],[93.58234,25.76055],[93.58592,25.76615],[93.58951,25.76605],[93.59025,25.76297],[93.59167,25.76253],[93.59851,25.7688],[93.59997,25.76808],[93.60056,25.76516],[93.60265,25.76508],[93.60254,25.76838],[93.60504,25.7749],[93.60698,25.77521],[93.61029,25.77375],[93.61272,25.77656],[93.61742,25.77599],[93.6201,25.78023],[93.6185,25.7837],[93.62252,25.78497],[93.6232,25.78733],[93.62675,25.78961],[93.6234,25.7973],[93.62453,25.79801],[93.62669,25.79715],[93.62776,25.79888],[93.6247,25.80256],[93.62626,25.80301],[93.62951,25.80156],[93.63289,25.80276],[93.6317,25.80664],[93.63495,25.80927],[93.6331,25.81138],[93.63382,25.81195],[93.6386,25.80979],[93.63816,25.81563],[93.64347,25.81577],[93.64431,25.8187],[93.64651,25.81973],[93.64614,25.82238],[93.6516,25.81986],[93.65481,25.82364],[93.66054,25.82161],[93.66496,25.82318],[93.66829,25.82183],[93.66708,25.82484],[93.66764,25.82596],[93.67116,25.82405],[93.67262,25.82764],[93.67863,25.82841],[93.67915,25.83199],[93.68068,25.83343],[93.67944,25.83562],[93.68056,25.83835],[93.68543,25.8403],[93.69022,25.84069],[93.68951,25.84218],[93.68565,25.84367],[93.68609,25.84507],[93.6883,25.84595],[93.69143,25.84385],[93.69469,25.84799],[93.69923,25.84657],[93.70113,25.84957],[93.70168,25.84842],[93.69965,25.84551],[93.70088,25.84327],[93.70781,25.84781],[93.71183,25.84414],[93.71432,25.84451],[93.70208,25.85154],[93.68153,25.90439],[93.68477,25.9037],[93.68773,25.90758],[93.69007,25.90766],[93.69398,25.91172],[93.70088,25.91066],[93.70545,25.91492],[93.70495,25.91651],[93.70663,25.91883],[93.71362,25.91681],[93.71869,25.91985],[93.72821,25.92058],[93.72987,25.92236],[93.73356,25.92296],[93.73397,25.92389],[93.73615,25.92276],[93.73703,25.92515],[93.73864,25.92532],[93.73655,25.92767],[93.73953,25.92982],[93.73953,25.93179],[93.74286,25.93222],[93.74764,25.93492],[93.74962,25.93436],[93.74984,25.93254],[93.75131,25.93281],[93.75253,25.93423],[93.75202,25.93596],[93.7462,25.9387],[93.74512,25.94234],[93.74714,25.94318],[93.75038,25.94087],[93.75246,25.94212],[93.75197,25.94506],[93.75293,25.94667],[93.75607,25.94529],[93.75846,25.94551],[93.75903,25.94711],[93.75771,25.95136],[93.75865,25.95262],[93.76181,25.95114],[93.7632,25.95431],[93.76421,25.95444],[93.76497,25.95393],[93.76419,25.95085],[93.76796,25.95101],[93.76823,25.95359],[93.76355,25.95937],[93.76442,25.96008],[93.76952,25.95875],[93.77003,25.96126],[93.76814,25.96742],[93.76458,25.96853],[93.76545,25.96975],[93.76727,25.96995],[93.77142,25.96799],[93.77358,25.97048],[93.77659,25.96876],[93.77622,25.96679],[93.77382,25.96605],[93.77484,25.96449],[93.77462,25.96119],[93.77789,25.96041],[93.77628,25.959],[93.77648,25.95787],[93.77985,25.95652],[93.78273,25.95042],[93.78515,25.94985],[93.78688,25.94665],[93.78409,25.94388],[93.78685,25.94388],[93.78628,25.93826],[93.7872,25.93536],[93.78943,25.93397],[93.78577,25.93246],[93.7873,25.93154],[93.78683,25.92992],[93.78967,25.92951],[93.78806,25.92838],[93.79033,25.92628],[93.78848,25.92231],[93.78986,25.92011],[93.78807,25.91683],[93.79106,25.91563],[93.79159,25.91266],[93.79381,25.91276],[93.7929,25.91041],[93.79366,25.90771],[93.79149,25.90664],[93.79301,25.90599],[93.79517,25.90667],[93.79507,25.90044],[93.79321,25.89979],[93.79295,25.89563],[93.79476,25.89245],[93.79171,25.89171],[93.79158,25.88969],[93.78879,25.89034],[93.78344,25.88478],[93.78414,25.87984],[93.78708,25.87714],[93.78509,25.87024],[93.78895,25.87011],[93.78984,25.86781],[93.78758,25.86514],[93.78497,25.86426],[93.78443,25.85842],[93.78141,25.85649],[93.77853,25.85687],[93.78045,25.85587],[93.78113,25.85401],[93.77754,25.84981],[93.78111,25.84459],[93.77782,25.84241],[93.77816,25.84012],[93.78036,25.84086],[93.78145,25.8395],[93.78033,25.83543],[93.78479,25.82903],[93.78424,25.82617],[93.78709,25.82216],[93.78751,25.81576],[93.79005,25.81123],[93.79547,25.80893],[93.80384,25.81142],[93.8063,25.81689],[93.81639,25.82261],[93.82115,25.83874],[93.82437,25.84166],[93.82526,25.8444],[93.82972,25.84651],[93.83048,25.84925],[93.83702,25.8535],[93.8397,25.85661],[93.84519,25.85829],[93.84814,25.85705],[93.85226,25.85823],[93.85857,25.85369],[93.86918,25.85093],[93.87611,25.84248],[93.8818,25.84335],[93.88654,25.84832],[93.88997,25.85864],[93.89604,25.85786],[93.90195,25.87085],[93.90751,25.87252],[93.91157,25.87652],[93.91088,25.87945],[93.916,25.8837],[93.92382,25.88351],[93.92615,25.885],[93.92828,25.88432],[93.93398,25.88525],[93.93542,25.89445],[93.93797,25.89631],[93.94432,25.89552],[93.94501,25.89764],[93.95166,25.89857],[93.95977,25.90211],[93.96107,25.90123],[93.9667,25.90589],[93.97121,25.91276],[93.97594,25.91431],[93.9787,25.91673],[93.97799,25.92807],[93.96996,25.93678],[93.96871,25.95726],[93.95415,25.96926],[93.95915,25.99433],[93.953,26.00297],[93.95947,26.01222],[93.96054,26.01536],[93.9627,26.02576],[93.96247,26.03654],[93.97039,26.04035],[93.97076,26.04642],[93.98504,26.0651],[93.98739,26.06679],[93.98613,26.07217],[93.98191,26.07865],[93.98153,26.08124],[93.98274,26.08336],[93.98717,26.08477],[93.98865,26.08634],[93.99016,26.09465],[93.98931,26.09697],[93.99371,26.10393],[93.99753,26.10672],[93.99891,26.11474],[93.99787,26.11846],[93.99918,26.12503],[93.99488,26.12584],[93.99749,26.12728],[93.99756,26.12911],[93.98887,26.1282],[93.98744,26.12917],[93.98724,26.13108],[93.98898,26.1333],[93.99086,26.13364],[93.99696,26.1305],[94.00197,26.1345],[94.00189,26.13916],[94.00385,26.14307],[94.00348,26.14438],[94.00055,26.14718],[93.99877,26.14773],[93.99584,26.14662],[93.99452,26.14831],[93.99773,26.15595],[94.0019,26.15696],[94.00361,26.16037],[94.00137,26.16578],[94.00261,26.17087],[94.00108,26.17227],[94.00781,26.1825],[94.01536,26.18402],[94.02179,26.19381],[94.03203,26.19754],[94.03646,26.22605],[94.0424,26.2345],[94.04769,26.24936],[94.05608,26.25501],[94.06786,26.25697],[94.07092,26.26232],[94.07462,26.26438],[94.07471,26.27304],[94.07224,26.27611],[94.07473,26.2836],[94.07916,26.28423],[94.0841,26.28334],[94.08427,26.28897],[94.08692,26.2927],[94.09044,26.29435],[94.09778,26.30196],[94.10078,26.30863],[94.09971,26.3139],[94.10251,26.31523],[94.10505,26.31995],[94.10968,26.31992],[94.11206,26.31799],[94.12168,26.31776],[94.11498,26.32395],[94.11451,26.32708],[94.11582,26.32903],[94.12043,26.32867],[94.12461,26.33061],[94.12838,26.33036],[94.13789,26.33625],[94.14099,26.33531],[94.14188,26.33062],[94.14506,26.33059],[94.14758,26.33346],[94.16287,26.33551],[94.16718,26.33932],[94.17164,26.33796],[94.17456,26.34046],[94.17473,26.34288],[94.17759,26.34642],[94.17261,26.35059],[94.16871,26.35093],[94.16706,26.34799],[94.16203,26.34716],[94.16016,26.35429],[94.17113,26.36275],[94.17411,26.37072],[94.17194,26.37249],[94.17223,26.37365],[94.17758,26.38201],[94.17319,26.40328],[94.17438,26.40661],[94.17401,26.40951],[94.17191,26.41584],[94.17284,26.41995],[94.17572,26.42443],[94.17173,26.42978],[94.17613,26.43642],[94.18523,26.45843],[94.19405,26.46124],[94.20266,26.46906],[94.20249,26.47278],[94.20751,26.48647],[94.22127,26.49813],[94.23662,26.50614],[94.24872,26.52497],[94.24782,26.52821],[94.2517,26.53264],[94.25332,26.53279],[94.25634,26.54122],[94.27064,26.54928],[94.27151,26.55155],[94.28369,26.56135],[94.28479,26.56107],[94.28127,26.54865],[94.28262,26.54553],[94.28614,26.54251],[94.28194,26.54059],[94.28096,26.53506],[94.28213,26.53303],[94.28142,26.53125],[94.28291,26.5294],[94.28176,26.5245],[94.28426,26.52171],[94.28656,26.51522],[94.28582,26.51234],[94.28338,26.51075],[94.28323,26.50497],[94.28483,26.5031],[94.28591,26.49763],[94.2883,26.49539],[94.28801,26.49268],[94.29006,26.48877],[94.28975,26.47971],[94.2923,26.47757],[94.29157,26.47522],[94.29324,26.47429],[94.29343,26.4711],[94.29471,26.46929],[94.29603,26.47018],[94.29624,26.46817],[94.29928,26.46682],[94.29992,26.46365],[94.30351,26.46416],[94.30578,26.46323],[94.30671,26.46079],[94.30798,26.46253],[94.30985,26.46088],[94.31662,26.45832],[94.31844,26.46528],[94.32385,26.46551],[94.32128,26.47102],[94.32257,26.47244],[94.31956,26.47421],[94.3216,26.47566],[94.32647,26.47544],[94.32552,26.48195],[94.32682,26.48232],[94.33041,26.4795],[94.332,26.48058],[94.33394,26.47933],[94.33631,26.48205],[94.33944,26.4805],[94.34104,26.4827],[94.34081,26.48554],[94.34386,26.48471],[94.34469,26.48875],[94.34686,26.486],[94.34943,26.48927],[94.34927,26.4911],[94.35285,26.49006],[94.35011,26.49243],[94.34665,26.49207],[94.34947,26.49377],[94.34957,26.49626],[94.35296,26.49928],[94.3497,26.50289],[94.34624,26.50216],[94.34597,26.50357],[94.34918,26.50501],[94.35063,26.50293],[94.35281,26.50386],[94.35489,26.50303],[94.35643,26.50481],[94.35802,26.50497],[94.35881,26.50694],[94.36046,26.50428],[94.36519,26.50562],[94.3638,26.50359],[94.36452,26.50269],[94.37084,26.50438],[94.37142,26.50635],[94.37369,26.50648],[94.37415,26.5083],[94.37181,26.51042],[94.37423,26.51067],[94.37488,26.5125],[94.37674,26.51357],[94.37426,26.5158],[94.37245,26.51557],[94.37266,26.5176],[94.37566,26.51829],[94.37527,26.52063],[94.37626,26.52225],[94.379,26.52088],[94.37989,26.52493],[94.38111,26.52592],[94.38523,26.52506],[94.38595,26.52859],[94.38449,26.53021],[94.38496,26.53122],[94.38631,26.53082],[94.38718,26.52857],[94.39056,26.52699],[94.39521,26.52614],[94.39607,26.52687],[94.39769,26.53054],[94.39531,26.53212],[94.39504,26.5346],[94.39831,26.53432],[94.40072,26.53713],[94.40013,26.53819],[94.39687,26.53745],[94.39901,26.54029],[94.40172,26.54015],[94.40168,26.54119],[94.39918,26.54219],[94.39933,26.5433],[94.40056,26.54392],[94.40237,26.54221],[94.40302,26.54526],[94.40468,26.54703],[94.40391,26.54788],[94.40172,26.54757],[94.40056,26.54991],[94.40466,26.54891],[94.40651,26.54945],[94.40584,26.55189],[94.40358,26.55299],[94.40619,26.55395],[94.40518,26.55567],[94.40666,26.55684],[94.40263,26.55865],[94.40478,26.5598],[94.40689,26.55936],[94.40775,26.56054],[94.4079,26.56201],[94.40613,26.56328],[94.40604,26.56766],[94.40822,26.57115],[94.41151,26.57225],[94.41156,26.57422],[94.40966,26.57681],[94.41277,26.57654],[94.41357,26.57754],[94.4114,26.57966],[94.41244,26.58239],[94.41003,26.58377],[94.40928,26.58789],[94.40667,26.5879],[94.40805,26.59172],[94.40588,26.59055],[94.40402,26.59327],[94.4014,26.59294],[94.40251,26.59665],[94.40171,26.59899],[94.40355,26.60085],[94.4024,26.60331],[94.40492,26.60335],[94.40576,26.60538],[94.40306,26.61073],[94.40638,26.61245],[94.42574,26.61715],[94.4356,26.62204],[94.45128,26.63629],[94.45273,26.63407],[94.45515,26.63547],[94.4536,26.63194],[94.45708,26.63253],[94.45793,26.6336],[94.4619,26.63235],[94.46332,26.63356],[94.46549,26.63306],[94.4598,26.63685],[94.45908,26.64461],[94.45315,26.65255],[94.4541,26.65391],[94.45845,26.65354],[94.46028,26.66163],[94.48506,26.66785],[94.48908,26.66609],[94.49267,26.66589],[94.50147,26.67229],[94.50514,26.67865],[94.50905,26.68023],[94.50974,26.68187],[94.50825,26.6853],[94.51038,26.68477],[94.51329,26.68009],[94.5152,26.68173],[94.51758,26.68193],[94.51854,26.6851],[94.5177,26.68732],[94.51938,26.68874],[94.51945,26.69331],[94.52081,26.69416],[94.5207,26.69921],[94.52421,26.69576],[94.52654,26.69895],[94.5336,26.70131],[94.53926,26.70618],[94.54519,26.70523],[94.54791,26.70632],[94.54858,26.7034],[94.5503,26.70172],[94.55503,26.70507],[94.56235,26.70507],[94.56098,26.70056],[94.56231,26.69883],[94.56243,26.69553],[94.55939,26.68643],[94.56273,26.68437],[94.56649,26.68356],[94.56931,26.68628],[94.57157,26.68664],[94.56976,26.68773],[94.56747,26.68748],[94.5664,26.69007],[94.56788,26.69292],[94.57209,26.69457],[94.57732,26.70066],[94.57946,26.70035],[94.58246,26.69739],[94.58538,26.69829],[94.58986,26.69662],[94.59388,26.6972],[94.59153,26.70016],[94.59444,26.70226],[94.59252,26.70496],[94.59337,26.71497],[94.5973,26.71679],[94.60228,26.71162],[94.60334,26.71235],[94.60109,26.71455],[94.60241,26.71653],[94.60153,26.71911],[94.59838,26.71855],[94.59624,26.72001],[94.59416,26.71908],[94.59109,26.7206],[94.59101,26.72187],[94.59292,26.72325],[94.59215,26.72488],[94.59562,26.72629],[94.59355,26.73146],[94.59707,26.73455],[94.60608,26.73389],[94.60769,26.73721],[94.60964,26.73694],[94.6101,26.73478],[94.60806,26.72883],[94.61582,26.72656],[94.62066,26.72313],[94.61897,26.713],[94.61913,26.71199],[94.6203,26.71212],[94.62427,26.71529],[94.6295,26.71558],[94.63248,26.71736],[94.63582,26.71709],[94.64164,26.72041],[94.64876,26.72042],[94.65302,26.71875],[94.66713,26.7242],[94.69235,26.73193],[94.70717,26.74631],[94.73689,26.76372],[94.74068,26.77184],[94.74018,26.77598],[94.74835,26.7727],[94.75182,26.76619],[94.75833,26.76601],[94.76059,26.77541],[94.7668,26.77756],[94.7674,26.78534],[94.77022,26.78904],[94.77374,26.79061],[94.77566,26.78976],[94.78873,26.79556],[94.78875,26.79789],[94.79127,26.8001],[94.802,26.80081],[94.80369,26.80388],[94.80319,26.80617],[94.80079,26.80851],[94.79536,26.81068],[94.79495,26.81441],[94.79719,26.8154],[94.804,26.81396],[94.80632,26.81586],[94.80717,26.8188],[94.81443,26.81979],[94.81317,26.83365],[94.81562,26.8373],[94.81945,26.83759],[94.82112,26.8417],[94.82076,26.84363],[94.81736,26.84777],[94.82417,26.85452],[94.82833,26.8554],[94.83404,26.86021],[94.83607,26.86878],[94.83919,26.8699],[94.84261,26.86855],[94.84956,26.87448],[94.85107,26.8811],[94.85464,26.88614],[94.85784,26.88848],[94.85845,26.89221],[94.86253,26.89759],[94.86245,26.90045],[94.86361,26.90075],[94.86523,26.90398],[94.86601,26.90873],[94.87278,26.91513],[94.87359,26.91752],[94.89064,26.92954],[94.89782,26.93125],[94.90245,26.93467],[94.91437,26.93677],[94.91672,26.94125],[94.92222,26.94573],[94.92396,26.94651],[94.92561,26.94079],[94.92888,26.93728],[94.93085,26.9369],[94.93085,26.93256],[94.94026,26.93356],[94.94186,26.93531],[94.94604,26.93539],[94.95044,26.93769],[94.95324,26.93761],[94.9555,26.9401],[94.9575,26.93748],[94.96124,26.93712],[94.96481,26.93084],[94.96718,26.92351],[94.96909,26.92236],[94.9765,26.92128],[94.98262,26.913],[94.98998,26.91421],[94.99129,26.92081],[95.00186,26.9198],[95.00467,26.92115],[95.01476,26.92203],[95.02212,26.92581],[95.02391,26.92853],[95.03176,26.93299],[95.03413,26.9356],[95.04408,26.93874],[95.04969,26.93876],[95.06425,26.94708],[95.07067,26.94912],[95.08096,26.9501],[95.09527,26.95755],[95.10608,26.96549],[95.10792,26.97594],[95.11196,26.98066],[95.12421,26.98544],[95.1388,26.99485],[95.14563,26.99625],[95.17152,27.01679],[95.19242,27.03562],[95.19423,27.03495],[95.19271,27.03308],[95.19318,27.03222]]]}},{"id":"6","type":"Feature","properties":{"state":"SIKKIM"},"geometry":{"type":"Polygon","coordinates":[[[88.64595,28.09875],[88.65538,28.09371],[88.65686,28.09004],[88.66135,28.08964],[88.66434,28.08741],[88.66668,28.0761],[88.67206,28.07234],[88.67844,28.07146],[88.68135,28.07691],[88.68681,28.07794],[88.69344,28.07763],[88.6972,28.07593],[88.70955,28.07764],[88.72042,28.07433],[88.73485,28.07435],[88.7471,28.07604],[88.75629,28.07597],[88.76565,28.07047],[88.77093,28.06587],[88.77415,28.0623],[88.7776,28.05412],[88.78378,28.05395],[88.78741,28.05038],[88.79288,28.04864],[88.79385,28.0434],[88.79758,28.04094],[88.80307,28.03181],[88.81359,28.02244],[88.81688,28.02068],[88.82015,28.02147],[88.82263,28.02086],[88.83628,28.01481],[88.83779,28.00854],[88.83798,28.00049],[88.84371,27.99325],[88.84381,27.99042],[88.84317,27.98538],[88.8414,27.98174],[88.84299,27.97526],[88.84084,27.96634],[88.8424,27.96363],[88.84289,27.95278],[88.84134,27.94415],[88.83871,27.94273],[88.83921,27.94065],[88.83765,27.93663],[88.83694,27.92878],[88.84358,27.92881],[88.85265,27.92578],[88.86041,27.92715],[88.8637,27.92134],[88.87002,27.9156],[88.86918,27.90759],[88.87217,27.90119],[88.87181,27.89852],[88.88263,27.89077],[88.88066,27.88662],[88.88078,27.88228],[88.87849,27.87973],[88.87781,27.87576],[88.87937,27.86716],[88.88505,27.86154],[88.88767,27.85618],[88.8813,27.84975],[88.88176,27.84695],[88.87994,27.84008],[88.88207,27.83763],[88.88269,27.83427],[88.88055,27.83179],[88.88045,27.82918],[88.87171,27.82559],[88.85578,27.81508],[88.85834,27.8111],[88.8581,27.8042],[88.86023,27.80295],[88.85966,27.80098],[88.86145,27.79699],[88.85982,27.79469],[88.85928,27.79023],[88.85492,27.7835],[88.85591,27.77077],[88.85356,27.76917],[88.85328,27.76448],[88.85449,27.76295],[88.85445,27.75642],[88.85609,27.75229],[88.85839,27.75394],[88.86161,27.75249],[88.86409,27.74666],[88.8636,27.74425],[88.86514,27.74225],[88.85942,27.73811],[88.85866,27.73378],[88.85669,27.73167],[88.85751,27.72682],[88.85579,27.72521],[88.85424,27.72012],[88.8563,27.71655],[88.85263,27.71449],[88.83979,27.71123],[88.83798,27.70629],[88.83827,27.70379],[88.84263,27.70288],[88.8436,27.70016],[88.84604,27.69807],[88.84766,27.69356],[88.84192,27.6822],[88.84243,27.68058],[88.84438,27.67965],[88.84457,27.67709],[88.84759,27.67544],[88.84839,27.66801],[88.84309,27.65991],[88.83572,27.65362],[88.83551,27.65034],[88.83153,27.64666],[88.82885,27.64586],[88.82795,27.64426],[88.82278,27.64353],[88.81946,27.64639],[88.81677,27.64718],[88.81526,27.64609],[88.81119,27.63654],[88.80868,27.63444],[88.80852,27.63112],[88.80652,27.62865],[88.80491,27.62351],[88.80801,27.62204],[88.81166,27.61839],[88.80633,27.60892],[88.80903,27.60253],[88.80754,27.6015],[88.80473,27.59436],[88.79469,27.59025],[88.79142,27.5865],[88.78837,27.58493],[88.79083,27.58116],[88.79129,27.5751],[88.78444,27.57328],[88.78139,27.56992],[88.77,27.57126],[88.76594,27.56846],[88.76375,27.56507],[88.77173,27.55807],[88.77393,27.55379],[88.77301,27.54896],[88.77518,27.54452],[88.7731,27.54076],[88.77733,27.53256],[88.78332,27.52918],[88.78517,27.53074],[88.79095,27.53156],[88.79282,27.5289],[88.79277,27.52474],[88.78838,27.52214],[88.78903,27.51779],[88.79059,27.5158],[88.78563,27.50654],[88.78693,27.50367],[88.78332,27.5004],[88.78332,27.49549],[88.78657,27.48817],[88.78062,27.4812],[88.78342,27.47705],[88.78372,27.47475],[88.77701,27.46886],[88.77936,27.46258],[88.78442,27.45865],[88.78255,27.44965],[88.78929,27.44681],[88.79634,27.44731],[88.7945,27.44553],[88.79429,27.44048],[88.79166,27.43843],[88.79516,27.42885],[88.79642,27.42724],[88.79987,27.42644],[88.80082,27.42259],[88.80904,27.4234],[88.80486,27.41542],[88.80748,27.41126],[88.8062,27.4068],[88.80953,27.40497],[88.81258,27.40125],[88.81659,27.40234],[88.81843,27.40146],[88.82096,27.39858],[88.82331,27.39058],[88.83051,27.38997],[88.83139,27.38583],[88.83595,27.3823],[88.83767,27.37916],[88.84575,27.38488],[88.85003,27.38392],[88.85663,27.3844],[88.86095,27.38654],[88.86197,27.38193],[88.86428,27.37865],[88.86281,27.36982],[88.86675,27.36581],[88.87462,27.36271],[88.8762,27.36021],[88.88109,27.36041],[88.88063,27.35254],[88.88194,27.35098],[88.88537,27.35115],[88.88203,27.34625],[88.88402,27.34252],[88.89147,27.33911],[88.89505,27.33218],[88.89962,27.33277],[88.90312,27.33121],[88.90578,27.32859],[88.9154,27.33071],[88.9192,27.32797],[88.91857,27.31829],[88.91607,27.31602],[88.91367,27.30992],[88.90864,27.30342],[88.90942,27.29916],[88.91356,27.29009],[88.90843,27.28205],[88.90774,27.27704],[88.90329,27.27259],[88.89998,27.2743],[88.89768,27.27019],[88.88581,27.26757],[88.88166,27.26496],[88.87911,27.26114],[88.86659,27.26463],[88.83213,27.26233],[88.82816,27.25724],[88.8031,27.24784],[88.8042,27.23648],[88.80205,27.22777],[88.80327,27.22],[88.79881,27.20758],[88.79647,27.20577],[88.78909,27.19383],[88.78923,27.1891],[88.78676,27.18199],[88.77885,27.18353],[88.76961,27.18052],[88.76461,27.17702],[88.75719,27.16539],[88.7581,27.16122],[88.75721,27.15867],[88.75946,27.15608],[88.76008,27.15218],[88.75688,27.1482],[88.7493,27.14744],[88.74606,27.14426],[88.74412,27.14049],[88.73862,27.1354],[88.72896,27.13627],[88.72411,27.13834],[88.72201,27.14179],[88.71781,27.14331],[88.71599,27.16003],[88.71248,27.16248],[88.71012,27.16684],[88.70449,27.1697],[88.70173,27.17387],[88.69153,27.17839],[88.68451,27.17989],[88.67801,27.17838],[88.67102,27.173],[88.66633,27.16782],[88.66284,27.16168],[88.66026,27.16055],[88.65732,27.16195],[88.65335,27.16193],[88.65145,27.16485],[88.64681,27.16616],[88.63978,27.16484],[88.63551,27.16668],[88.63424,27.17259],[88.62671,27.17755],[88.62597,27.18037],[88.62289,27.17936],[88.62276,27.18209],[88.62006,27.18194],[88.61894,27.18335],[88.61535,27.18182],[88.6128,27.18194],[88.60371,27.18623],[88.60137,27.18576],[88.59795,27.18981],[88.59436,27.18789],[88.59327,27.19098],[88.59223,27.19126],[88.59025,27.19033],[88.58879,27.18636],[88.58715,27.18721],[88.58719,27.19004],[88.58594,27.19039],[88.58333,27.1876],[88.58104,27.18881],[88.56721,27.18477],[88.55828,27.18561],[88.55551,27.18527],[88.55197,27.1831],[88.54298,27.18318],[88.54055,27.18082],[88.53963,27.17738],[88.53612,27.17936],[88.53507,27.17889],[88.53096,27.17217],[88.52716,27.17368],[88.52106,27.17345],[88.52204,27.17137],[88.52758,27.16651],[88.53136,27.16514],[88.52764,27.1574],[88.53346,27.15496],[88.53235,27.15006],[88.52197,27.14892],[88.51927,27.14752],[88.51769,27.14323],[88.51324,27.14075],[88.5112,27.13724],[88.50593,27.13661],[88.49967,27.13091],[88.49901,27.12551],[88.49774,27.12382],[88.49579,27.12352],[88.48748,27.12592],[88.48509,27.12092],[88.47985,27.12252],[88.47624,27.1223],[88.46787,27.11395],[88.46645,27.10274],[88.46197,27.09838],[88.45958,27.09058],[88.45445,27.08786],[88.45053,27.08389],[88.43926,27.08241],[88.43295,27.07926],[88.42579,27.0815],[88.41103,27.08895],[88.39922,27.09025],[88.38737,27.09494],[88.37489,27.09748],[88.36557,27.09594],[88.35875,27.09601],[88.35682,27.09738],[88.35715,27.10021],[88.35604,27.10102],[88.34952,27.0998],[88.3457,27.10692],[88.34139,27.11012],[88.33784,27.10983],[88.33537,27.10675],[88.32944,27.10777],[88.32154,27.10475],[88.32109,27.10686],[88.32368,27.1105],[88.32247,27.1132],[88.32285,27.11764],[88.31645,27.12179],[88.31534,27.12615],[88.31082,27.12507],[88.30229,27.12929],[88.29918,27.12833],[88.29722,27.12518],[88.29033,27.12785],[88.28507,27.12692],[88.27901,27.13187],[88.2769,27.13068],[88.27421,27.13083],[88.27248,27.12815],[88.26839,27.12951],[88.26566,27.12768],[88.26278,27.12784],[88.25906,27.12526],[88.24858,27.12435],[88.24177,27.1195],[88.23002,27.11898],[88.2196,27.12511],[88.21945,27.12847],[88.2157,27.13166],[88.21375,27.13196],[88.21149,27.12989],[88.21081,27.13118],[88.20899,27.13124],[88.20572,27.13346],[88.20144,27.13143],[88.19463,27.13485],[88.19203,27.13248],[88.18958,27.13322],[88.18658,27.13239],[88.18536,27.13077],[88.18323,27.13237],[88.18101,27.13247],[88.17919,27.12983],[88.17587,27.12981],[88.17232,27.12736],[88.1706,27.12263],[88.16729,27.12243],[88.16213,27.11343],[88.16021,27.11252],[88.15859,27.11346],[88.15635,27.11],[88.15097,27.10997],[88.14984,27.1139],[88.14472,27.11195],[88.14404,27.11561],[88.13891,27.11391],[88.13636,27.11475],[88.13549,27.12048],[88.13151,27.1216],[88.12354,27.12101],[88.1198,27.12484],[88.11414,27.12807],[88.11174,27.13118],[88.10528,27.13107],[88.10081,27.13284],[88.09671,27.1328],[88.08885,27.14326],[88.08894,27.14539],[88.08775,27.14615],[88.0871,27.16422],[88.07741,27.1729],[88.07976,27.17437],[88.07854,27.18035],[88.07272,27.1872],[88.07433,27.19281],[88.07802,27.19696],[88.07933,27.20083],[88.07169,27.20416],[88.06552,27.20916],[88.0644,27.21105],[88.06466,27.21431],[88.05282,27.21341],[88.04389,27.21923],[88.03951,27.21927],[88.03437,27.22104],[88.02611,27.22042],[88.02392,27.21944],[88.02211,27.21692],[88.01659,27.21497],[88.01426,27.21291],[88.01233,27.21593],[88.01453,27.22109],[88.01676,27.22314],[88.01715,27.2255],[88.0189,27.22498],[88.01939,27.23588],[88.02162,27.23752],[88.02463,27.23762],[88.02431,27.24208],[88.02783,27.24947],[88.03089,27.24991],[88.03069,27.26285],[88.03188,27.2649],[88.03043,27.27194],[88.03281,27.28038],[88.03205,27.28639],[88.03852,27.29188],[88.04315,27.2915],[88.04461,27.29325],[88.04087,27.30137],[88.04154,27.30408],[88.04489,27.30964],[88.04879,27.31281],[88.04894,27.31503],[88.04982,27.31529],[88.04938,27.31829],[88.0523,27.32422],[88.05974,27.32834],[88.06346,27.33433],[88.06693,27.33577],[88.06486,27.34114],[88.06362,27.34085],[88.0613,27.34476],[88.06149,27.34727],[88.05762,27.35621],[88.05325,27.35836],[88.05073,27.35843],[88.049,27.36005],[88.04183,27.37029],[88.04157,27.37293],[88.04484,27.37987],[88.04406,27.38477],[88.04475,27.38993],[88.04576,27.3958],[88.04842,27.40103],[88.0468,27.40593],[88.04963,27.40725],[88.05071,27.41298],[88.05559,27.41829],[88.05819,27.41845],[88.06022,27.42079],[88.06779,27.42533],[88.07409,27.42681],[88.07315,27.43078],[88.07506,27.43322],[88.06782,27.43834],[88.07244,27.44582],[88.06725,27.44948],[88.06703,27.45153],[88.06435,27.45365],[88.0663,27.45507],[88.06686,27.45787],[88.06052,27.46077],[88.05714,27.46691],[88.0537,27.46878],[88.05158,27.47139],[88.04859,27.47242],[88.04414,27.4781],[88.04554,27.48152],[88.04416,27.48418],[88.04508,27.49349],[88.04408,27.49581],[88.04662,27.50095],[88.04922,27.50198],[88.05058,27.50393],[88.05515,27.50444],[88.05732,27.50675],[88.05786,27.5092],[88.06187,27.51217],[88.0581,27.51572],[88.05842,27.52042],[88.0594,27.52068],[88.06101,27.5249],[88.06626,27.52733],[88.0655,27.52947],[88.06187,27.52999],[88.05954,27.5319],[88.05865,27.53482],[88.0612,27.54029],[88.06426,27.54201],[88.06501,27.54425],[88.06716,27.54463],[88.0688,27.54626],[88.06906,27.55491],[88.07506,27.55746],[88.07862,27.56041],[88.08114,27.56515],[88.07944,27.5682],[88.07548,27.57157],[88.07747,27.57525],[88.08055,27.57753],[88.07911,27.57909],[88.0806,27.58034],[88.08183,27.58422],[88.08923,27.59444],[88.09302,27.59788],[88.10638,27.60271],[88.10902,27.60639],[88.11385,27.61031],[88.11267,27.615],[88.11697,27.62017],[88.11661,27.62404],[88.11991,27.62765],[88.11698,27.62981],[88.12063,27.63843],[88.12021,27.64525],[88.12452,27.65],[88.13027,27.65351],[88.13215,27.6562],[88.13602,27.65663],[88.1385,27.65833],[88.13915,27.66037],[88.14469,27.66535],[88.14721,27.67467],[88.14694,27.67934],[88.15415,27.6918],[88.14757,27.7028],[88.14909,27.70488],[88.14903,27.70815],[88.1528,27.71172],[88.15537,27.71735],[88.15447,27.72854],[88.15617,27.73611],[88.15795,27.73794],[88.15848,27.74057],[88.16287,27.73977],[88.16594,27.74104],[88.16991,27.74114],[88.17421,27.74292],[88.17592,27.74561],[88.17837,27.74618],[88.17892,27.74995],[88.17767,27.75844],[88.18228,27.76262],[88.18366,27.7667],[88.18179,27.76941],[88.1822,27.77577],[88.18546,27.77714],[88.18957,27.78228],[88.19529,27.78626],[88.19717,27.79117],[88.19397,27.79641],[88.19197,27.79692],[88.18742,27.8011],[88.18561,27.81058],[88.17927,27.81545],[88.17409,27.81737],[88.17359,27.8206],[88.18801,27.82546],[88.19144,27.82948],[88.19255,27.83296],[88.19563,27.8353],[88.20206,27.83689],[88.2028,27.8388],[88.2019,27.8425],[88.1986,27.84533],[88.19762,27.85134],[88.19522,27.85454],[88.18901,27.85438],[88.18321,27.857],[88.17895,27.85648],[88.17407,27.86266],[88.16706,27.86606],[88.16493,27.8683],[88.15781,27.87066],[88.15475,27.87072],[88.14899,27.87641],[88.14408,27.87795],[88.14007,27.87741],[88.13669,27.88123],[88.13501,27.88162],[88.1399,27.88915],[88.1343,27.89705],[88.13083,27.89892],[88.12341,27.90714],[88.11958,27.916],[88.12125,27.92197],[88.12549,27.92453],[88.13065,27.92575],[88.13049,27.92937],[88.13207,27.93287],[88.13786,27.93715],[88.1356,27.94399],[88.12939,27.94937],[88.13434,27.95132],[88.14521,27.96408],[88.1543,27.9574],[88.16389,27.95768],[88.17056,27.95245],[88.17907,27.94919],[88.18547,27.94349],[88.18991,27.94289],[88.19534,27.94416],[88.20059,27.94169],[88.2064,27.94167],[88.20493,27.94941],[88.20646,27.95968],[88.20796,27.96166],[88.21275,27.96427],[88.22505,27.96042],[88.22915,27.9659],[88.23717,27.97085],[88.24151,27.95715],[88.24739,27.94979],[88.25108,27.94235],[88.2541,27.94528],[88.26112,27.94713],[88.26473,27.95614],[88.26624,27.9573],[88.27564,27.9547],[88.28056,27.95705],[88.28604,27.96626],[88.29334,27.96582],[88.29995,27.96728],[88.30347,27.96581],[88.30821,27.96711],[88.31117,27.97029],[88.3132,27.97084],[88.31541,27.97651],[88.31792,27.9788],[88.32597,27.97624],[88.3304,27.97318],[88.33672,27.98415],[88.34134,27.98556],[88.34566,27.98502],[88.35227,27.98995],[88.36227,27.9887],[88.36958,27.98933],[88.37177,27.99108],[88.37701,27.98987],[88.38091,27.98307],[88.38618,27.98142],[88.38739,27.97944],[88.39907,27.97804],[88.4006,27.98092],[88.40302,27.98263],[88.4068,27.98173],[88.41077,27.98328],[88.41222,27.9945],[88.4147,27.99888],[88.41823,28.00082],[88.42461,28.0016],[88.43059,28.00809],[88.44375,28.00938],[88.45638,28.01492],[88.46079,28.01455],[88.46238,28.01615],[88.46782,28.01714],[88.47263,28.02661],[88.47444,28.03387],[88.47853,28.03847],[88.48036,28.04254],[88.48805,28.04448],[88.49562,28.05393],[88.50448,28.04782],[88.50962,28.04119],[88.51968,28.04355],[88.52185,28.03629],[88.52351,28.03499],[88.52753,28.03777],[88.53271,28.03332],[88.54364,28.03325],[88.5508,28.03757],[88.5487,28.04681],[88.55176,28.05482],[88.55392,28.06738],[88.55622,28.07348],[88.55255,28.08142],[88.5597,28.08393],[88.56627,28.09033],[88.57071,28.08879],[88.57494,28.08462],[88.58148,28.08299],[88.584,28.08331],[88.59123,28.08926],[88.60259,28.08917],[88.60214,28.09205],[88.60523,28.0976],[88.6116,28.09905],[88.61934,28.09808],[88.6177,28.11777],[88.60858,28.1226],[88.60996,28.12869],[88.62402,28.12618],[88.62874,28.12442],[88.63707,28.11611],[88.64595,28.09875]]]}},{"id":"7","type":"Feature","properties":{"state":"TRIPURA"},"geometry":{"type":"Polygon","coordinates":[[[92.16943,24.53177],[92.1736,24.52718],[92.17631,24.52632],[92.17619,24.52334],[92.1798,24.52409],[92.18039,24.52231],[92.18213,24.52381],[92.18283,24.52244],[92.18497,24.52322],[92.18612,24.5208],[92.18802,24.52105],[92.18826,24.51883],[92.19111,24.51772],[92.19265,24.51819],[92.19282,24.51611],[92.19599,24.51165],[92.19837,24.51044],[92.19982,24.51124],[92.20176,24.50735],[92.20764,24.50613],[92.20895,24.50412],[92.23051,24.49998],[92.22992,24.49284],[92.23662,24.48472],[92.23548,24.48392],[92.23345,24.48432],[92.22881,24.47572],[92.22869,24.47097],[92.23089,24.46604],[92.23016,24.46165],[92.23634,24.45832],[92.23639,24.45498],[92.23485,24.45274],[92.23887,24.44763],[92.24124,24.44696],[92.24382,24.44452],[92.24647,24.44533],[92.25208,24.44198],[92.25311,24.44245],[92.25347,24.44031],[92.25631,24.44046],[92.2594,24.43921],[92.25936,24.43403],[92.25689,24.43202],[92.25654,24.42484],[92.25437,24.4223],[92.25448,24.42053],[92.26328,24.41119],[92.26349,24.40947],[92.26172,24.40869],[92.26237,24.40254],[92.26414,24.39895],[92.26933,24.39847],[92.27081,24.39628],[92.26911,24.39254],[92.27202,24.39236],[92.27409,24.38832],[92.27157,24.38518],[92.26864,24.38406],[92.26887,24.38239],[92.27096,24.3826],[92.27082,24.38035],[92.27289,24.37897],[92.26806,24.37811],[92.26814,24.36788],[92.26573,24.36602],[92.21287,24.24993],[92.2983,24.25266],[92.29263,24.2473],[92.29629,24.24063],[92.29522,24.23481],[92.29919,24.23365],[92.29881,24.2299],[92.29552,24.22767],[92.29677,24.22688],[92.30029,24.22781],[92.30232,24.22708],[92.30188,24.22569],[92.29939,24.22484],[92.3,24.2217],[92.30367,24.22351],[92.30723,24.2225],[92.31215,24.22414],[92.31439,24.2239],[92.31114,24.21825],[92.30932,24.21729],[92.30963,24.21319],[92.31141,24.21135],[92.31425,24.21397],[92.31555,24.21383],[92.31988,24.20875],[92.32432,24.20637],[92.32406,24.20534],[92.3205,24.20613],[92.31887,24.20274],[92.32501,24.19948],[92.32323,24.19507],[92.32538,24.19333],[92.32845,24.19292],[92.32656,24.19126],[92.3267,24.19015],[92.33001,24.18969],[92.32962,24.18833],[92.32647,24.18805],[92.32556,24.18538],[92.32934,24.18642],[92.32958,24.1834],[92.33178,24.18273],[92.32719,24.16617],[92.33207,24.16276],[92.3316,24.15973],[92.33315,24.15211],[92.3366,24.14818],[92.33521,24.14699],[92.3364,24.14432],[92.33399,24.1429],[92.33013,24.14473],[92.3335,24.14118],[92.33354,24.13937],[92.32889,24.14061],[92.32723,24.14001],[92.32777,24.13282],[92.32569,24.12995],[92.33079,24.12814],[92.32534,24.12335],[92.32603,24.12217],[92.32828,24.12195],[92.32643,24.11706],[92.32806,24.11519],[92.33224,24.11408],[92.32744,24.11075],[92.32819,24.10915],[92.3312,24.10847],[92.33135,24.10702],[92.32892,24.10351],[92.32707,24.10351],[92.32801,24.10177],[92.32629,24.10079],[92.32708,24.10004],[92.32651,24.0983],[92.32799,24.09844],[92.32814,24.09961],[92.32967,24.09843],[92.32558,24.09505],[92.32862,24.09154],[92.32825,24.08744],[92.32524,24.08565],[92.32696,24.08302],[92.32142,24.07667],[92.32304,24.07616],[92.3261,24.07769],[92.32737,24.07687],[92.3263,24.07527],[92.32195,24.07468],[92.32435,24.06934],[92.3238,24.06832],[92.31632,24.07179],[92.31735,24.06899],[92.31507,24.06662],[92.31829,24.06464],[92.31844,24.06135],[92.32271,24.05868],[92.32125,24.05679],[92.31854,24.05799],[92.32087,24.05203],[92.3188,24.04978],[92.31738,24.05165],[92.31455,24.04961],[92.31422,24.04751],[92.31809,24.04162],[92.31709,24.03525],[92.31557,24.03639],[92.3148,24.03407],[92.31954,24.03395],[92.31922,24.03026],[92.31748,24.03023],[92.31682,24.02908],[92.32133,24.02802],[92.31806,24.02346],[92.32034,24.02267],[92.32155,24.02018],[92.32327,24.02077],[92.32394,24.01989],[92.32155,24.01724],[92.31852,24.02227],[92.31862,24.01913],[92.31719,24.01796],[92.3215,24.01652],[92.32089,24.01352],[92.32424,24.01299],[92.32315,24.01134],[92.32537,24.00665],[92.32802,24.00693],[92.32954,24.00499],[92.32808,24.00078],[92.33088,23.99849],[92.32947,23.99241],[92.33071,23.99006],[92.33013,23.98718],[92.32727,23.98666],[92.32965,23.98332],[92.32623,23.98253],[92.32595,23.97768],[92.32291,23.97797],[92.32353,23.97319],[92.3222,23.97255],[92.32101,23.97388],[92.31915,23.97308],[92.31914,23.97044],[92.31541,23.97054],[92.31472,23.96801],[92.3133,23.96816],[92.31413,23.95915],[92.31128,23.9581],[92.31316,23.95403],[92.31143,23.95388],[92.31125,23.95287],[92.31398,23.95152],[92.31216,23.942],[92.31255,23.94112],[92.31416,23.9416],[92.31192,23.93867],[92.31346,23.93873],[92.31458,23.9327],[92.31243,23.93132],[92.31698,23.92841],[92.31981,23.92909],[92.31936,23.92653],[92.32098,23.92496],[92.32633,23.92311],[92.32962,23.92024],[92.33118,23.9206],[92.32871,23.9133],[92.33207,23.90948],[92.33017,23.90901],[92.33127,23.9066],[92.32956,23.90378],[92.32679,23.90416],[92.32541,23.90183],[92.32199,23.90194],[92.32421,23.89846],[92.32206,23.89197],[92.32058,23.89116],[92.32154,23.88878],[92.31764,23.88872],[92.31914,23.88684],[92.31642,23.88521],[92.32083,23.88293],[92.3189,23.88256],[92.31769,23.88087],[92.31538,23.88092],[92.31757,23.87533],[92.32098,23.87676],[92.3214,23.87529],[92.3253,23.87399],[92.32528,23.86972],[92.32261,23.86661],[92.31778,23.86565],[92.32022,23.86433],[92.31694,23.86378],[92.31617,23.86205],[92.30828,23.86079],[92.30699,23.86198],[92.30366,23.86229],[92.29995,23.86557],[92.29846,23.86468],[92.29649,23.86555],[92.29377,23.86816],[92.29493,23.86842],[92.29454,23.86993],[92.29255,23.87016],[92.28954,23.86872],[92.2875,23.86165],[92.28536,23.86119],[92.28621,23.85996],[92.28508,23.85944],[92.2856,23.8585],[92.28406,23.85818],[92.28175,23.85496],[92.27647,23.8524],[92.27434,23.84887],[92.27345,23.84408],[92.27485,23.83809],[92.27651,23.83504],[92.28211,23.83042],[92.28264,23.82889],[92.28129,23.82836],[92.28234,23.82772],[92.28271,23.8233],[92.28571,23.82234],[92.28653,23.81921],[92.28493,23.81499],[92.28158,23.81455],[92.27821,23.81603],[92.27565,23.81497],[92.27263,23.81815],[92.26522,23.81704],[92.2603,23.81338],[92.26072,23.80648],[92.26432,23.7931],[92.26347,23.78534],[92.26572,23.78061],[92.26866,23.76847],[92.26684,23.76178],[92.26876,23.75437],[92.26732,23.74972],[92.2674,23.73719],[92.26548,23.72477],[92.26164,23.72344],[92.25826,23.72524],[92.24915,23.72437],[92.24797,23.72285],[92.24403,23.72234],[92.241,23.72071],[92.23917,23.71843],[92.23635,23.71209],[92.23951,23.70819],[92.2396,23.70262],[92.24241,23.69916],[92.24208,23.69493],[92.24038,23.69291],[92.23639,23.69286],[92.23453,23.68947],[92.23482,23.68663],[92.23203,23.68475],[92.23181,23.68263],[92.23334,23.68123],[92.23065,23.67528],[92.2331,23.66755],[92.22953,23.66612],[92.22566,23.6552],[92.22319,23.65447],[92.22262,23.65283],[92.21937,23.6519],[92.21145,23.65277],[92.21034,23.65367],[92.21086,23.65884],[92.2066,23.661],[92.20749,23.6671],[92.20607,23.6695],[92.20632,23.67519],[92.2073,23.67761],[92.2083,23.67723],[92.21218,23.68084],[92.21366,23.68495],[92.21092,23.68857],[92.21142,23.69054],[92.20983,23.69145],[92.20703,23.70062],[92.20411,23.7019],[92.20284,23.70581],[92.19819,23.7072],[92.19354,23.70677],[92.18609,23.71098],[92.1844,23.70932],[92.18472,23.70809],[92.17771,23.70756],[92.17631,23.71235],[92.17655,23.71641],[92.17311,23.71773],[92.1696,23.72319],[92.16951,23.7247],[92.17154,23.7266],[92.17079,23.73285],[92.17291,23.73574],[92.17188,23.73856],[92.16973,23.73968],[92.16642,23.74009],[92.16482,23.73889],[92.16241,23.73962],[92.15612,23.73673],[92.15493,23.73436],[92.15168,23.73398],[92.15061,23.73565],[92.14872,23.73563],[92.14449,23.7334],[92.14247,23.7293],[92.14228,23.7253],[92.13855,23.72106],[92.13934,23.72018],[92.13401,23.71575],[92.13411,23.71454],[92.13192,23.71308],[92.13181,23.71137],[92.12897,23.70781],[92.12533,23.70653],[92.12415,23.70307],[92.12476,23.70068],[92.12298,23.69948],[92.12429,23.69731],[92.12328,23.69667],[92.12386,23.6955],[92.12139,23.69506],[92.12084,23.69273],[92.11816,23.69106],[92.11625,23.69122],[92.11543,23.69374],[92.11417,23.69425],[92.11425,23.6929],[92.11156,23.69007],[92.10617,23.68866],[92.10399,23.68599],[92.10507,23.68433],[92.10369,23.68274],[92.10416,23.68083],[92.10221,23.67965],[92.1024,23.67874],[92.10086,23.67885],[92.09969,23.67671],[92.09326,23.67835],[92.09176,23.67692],[92.08746,23.68056],[92.08649,23.67946],[92.0852,23.68076],[92.08303,23.68005],[92.0831,23.67703],[92.08165,23.67581],[92.08068,23.67138],[92.0783,23.67103],[92.07631,23.66804],[92.07947,23.66467],[92.08001,23.66227],[92.07861,23.65773],[92.07926,23.65577],[92.0777,23.65435],[92.07918,23.64845],[92.07659,23.64879],[92.07282,23.64652],[92.06905,23.64815],[92.06334,23.64502],[92.06174,23.64545],[92.06119,23.64713],[92.05772,23.64847],[92.04986,23.64936],[92.04654,23.64659],[92.04341,23.64856],[92.04196,23.64792],[92.04012,23.64885],[92.03895,23.65164],[92.03686,23.65186],[92.03129,23.65585],[92.03063,23.65787],[92.02679,23.65881],[92.02453,23.65719],[92.0223,23.65808],[92.02426,23.66113],[92.0238,23.66273],[92.01973,23.66274],[92.01505,23.65997],[92.01323,23.66343],[92.00846,23.6637],[92.00617,23.67112],[92.00363,23.67182],[92.00041,23.6707],[91.99913,23.67759],[91.99683,23.67966],[91.99504,23.68725],[91.99366,23.68781],[91.99326,23.69452],[91.98874,23.70099],[91.98885,23.70497],[91.98595,23.71271],[91.98635,23.71543],[91.98517,23.71628],[91.98621,23.71994],[91.98529,23.72293],[91.98418,23.72397],[91.98068,23.72338],[91.97827,23.73308],[91.96733,23.72944],[91.96604,23.7308],[91.96647,23.73352],[91.96275,23.73336],[91.9598,23.73478],[91.95702,23.73399],[91.95695,23.73162],[91.95428,23.73073],[91.95533,23.72863],[91.95429,23.72626],[91.95067,23.72623],[91.95167,23.72373],[91.95119,23.72114],[91.95468,23.72102],[91.95044,23.71519],[91.94828,23.71414],[91.95001,23.71086],[91.94944,23.70651],[91.9523,23.70483],[91.95062,23.70187],[91.95066,23.69958],[91.95325,23.69794],[91.95721,23.69762],[91.95789,23.69441],[91.95308,23.69278],[91.95072,23.69458],[91.94756,23.69304],[91.94588,23.69327],[91.94579,23.69422],[91.94134,23.6936],[91.94146,23.69128],[91.94025,23.69052],[91.94076,23.68853],[91.93893,23.68759],[91.93668,23.68796],[91.93402,23.68456],[91.9371,23.68133],[91.93973,23.67521],[91.93871,23.67321],[91.94059,23.67],[91.94212,23.66936],[91.9408,23.66806],[91.94113,23.662],[91.9392,23.65947],[91.94109,23.6564],[91.93995,23.65516],[91.94201,23.65232],[91.94394,23.65183],[91.94419,23.64997],[91.94565,23.64894],[91.94485,23.64793],[91.94665,23.64598],[91.94564,23.64579],[91.94599,23.64417],[91.94492,23.64333],[91.94595,23.6426],[91.94554,23.63913],[91.94674,23.6375],[91.94484,23.637],[91.94236,23.6338],[91.9451,23.62854],[91.94721,23.62837],[91.94779,23.62546],[91.94651,23.62282],[91.94863,23.62136],[91.95079,23.61705],[91.95195,23.61681],[91.95243,23.61131],[91.95429,23.60956],[91.95293,23.60386],[91.95353,23.60246],[91.95193,23.60044],[91.95285,23.6],[91.95228,23.59877],[91.95557,23.59],[91.95425,23.58677],[91.95579,23.58216],[91.95671,23.58197],[91.95543,23.5755],[91.95869,23.57146],[91.95729,23.56753],[91.95947,23.56405],[91.95662,23.56028],[91.95887,23.55368],[91.9568,23.55127],[91.9602,23.54635],[91.95945,23.54509],[91.96461,23.53525],[91.96357,23.53319],[91.95903,23.53253],[91.95668,23.52876],[91.95628,23.52571],[91.96008,23.51845],[91.96434,23.51916],[91.96314,23.51632],[91.96625,23.51512],[91.96467,23.51266],[91.96825,23.51018],[91.97105,23.50302],[91.97003,23.49993],[91.96853,23.49901],[91.97104,23.49414],[91.97252,23.49471],[91.97283,23.49238],[91.97086,23.49197],[91.96966,23.48772],[91.96864,23.48741],[91.97039,23.47828],[91.96913,23.47638],[91.9655,23.47849],[91.96218,23.47777],[91.95833,23.47941],[91.95871,23.47288],[91.95757,23.47287],[91.95666,23.47559],[91.95544,23.47567],[91.94956,23.47151],[91.94964,23.47001],[91.9477,23.46956],[91.94692,23.46593],[91.94557,23.46583],[91.945,23.46771],[91.94109,23.46586],[91.93666,23.4666],[91.93689,23.46395],[91.93866,23.46331],[91.93909,23.46161],[91.93792,23.45919],[91.94089,23.45052],[91.94018,23.44733],[91.94258,23.44049],[91.94261,23.43498],[91.94058,23.43533],[91.93743,23.43234],[91.93429,23.43347],[91.93486,23.43522],[91.933,23.43598],[91.93132,23.43446],[91.9305,23.43522],[91.92821,23.43395],[91.924,23.43366],[91.92181,23.43798],[91.91922,23.43843],[91.91902,23.4395],[91.91346,23.43671],[91.90936,23.43655],[91.90646,23.43685],[91.89971,23.4406],[91.89902,23.4356],[91.8957,23.43333],[91.89581,23.4318],[91.89414,23.43142],[91.89113,23.43359],[91.88742,23.43289],[91.88883,23.42942],[91.88701,23.42692],[91.87836,23.42216],[91.87654,23.42232],[91.87377,23.4188],[91.87376,23.41404],[91.86729,23.41249],[91.86559,23.4096],[91.86428,23.40989],[91.86347,23.40798],[91.86037,23.40618],[91.86064,23.40517],[91.85768,23.40578],[91.85685,23.40511],[91.85474,23.40667],[91.85294,23.40626],[91.85107,23.40406],[91.8496,23.40543],[91.84499,23.40469],[91.8454,23.40056],[91.8407,23.39887],[91.84187,23.38839],[91.83619,23.38644],[91.83787,23.37865],[91.83757,23.37062],[91.83242,23.36972],[91.83161,23.36506],[91.83045,23.36403],[91.82846,23.36604],[91.8256,23.36311],[91.82514,23.35234],[91.81927,23.35108],[91.81733,23.34756],[91.81807,23.34643],[91.81533,23.34382],[91.81315,23.34584],[91.80943,23.34395],[91.80967,23.342],[91.8068,23.33979],[91.8074,23.33705],[91.80825,23.33704],[91.80458,23.33227],[91.79967,23.33291],[91.79341,23.3298],[91.79319,23.32792],[91.79125,23.32608],[91.78328,23.32443],[91.78202,23.3204],[91.77933,23.31746],[91.77412,23.31521],[91.77338,23.31587],[91.77163,23.31416],[91.77144,23.31155],[91.76999,23.31236],[91.76765,23.31131],[91.76657,23.30917],[91.76435,23.30926],[91.76521,23.30499],[91.76411,23.30323],[91.76241,23.30294],[91.762,23.29988],[91.76353,23.29457],[91.76286,23.29222],[91.7606,23.29127],[91.76202,23.28965],[91.76061,23.28668],[91.76175,23.28657],[91.76218,23.2849],[91.75983,23.28349],[91.76108,23.28108],[91.76277,23.28083],[91.76136,23.27705],[91.76335,23.27716],[91.76345,23.2744],[91.76593,23.27358],[91.76497,23.27261],[91.76569,23.27305],[91.76669,23.27145],[91.76743,23.27243],[91.76857,23.27162],[91.76763,23.27273],[91.76901,23.27319],[91.77196,23.27006],[91.77709,23.26923],[91.77609,23.2668],[91.7768,23.26341],[91.77538,23.26195],[91.77755,23.25993],[91.77638,23.25874],[91.77691,23.25731],[91.77497,23.25669],[91.77525,23.25551],[91.77702,23.25501],[91.77818,23.25643],[91.77835,23.25472],[91.77981,23.25371],[91.77851,23.25174],[91.77945,23.25161],[91.77948,23.24786],[91.78046,23.24697],[91.77879,23.24661],[91.77619,23.24317],[91.77972,23.23929],[91.78134,23.24148],[91.78027,23.24212],[91.7806,23.24332],[91.78362,23.24327],[91.78313,23.24257],[91.7854,23.23899],[91.78422,23.23883],[91.78398,23.23546],[91.78504,23.23451],[91.78419,23.23254],[91.78652,23.22947],[91.78835,23.22875],[91.78775,23.22755],[91.79108,23.22679],[91.78984,23.22509],[91.79123,23.22558],[91.79165,23.22325],[91.79022,23.22125],[91.79192,23.21814],[91.7884,23.21675],[91.7879,23.21511],[91.79163,23.21235],[91.79118,23.20939],[91.7919,23.20903],[91.79201,23.21],[91.79262,23.20925],[91.79167,23.20762],[91.78857,23.20776],[91.78887,23.20444],[91.79149,23.20031],[91.79304,23.20008],[91.79282,23.19903],[91.79605,23.19772],[91.79472,23.19724],[91.79596,23.19557],[91.79786,23.19568],[91.79887,23.19361],[91.79774,23.19202],[91.79869,23.19161],[91.79747,23.1901],[91.79825,23.18939],[91.79462,23.18669],[91.79674,23.1866],[91.7975,23.18403],[91.79835,23.1847],[91.80085,23.18392],[91.80167,23.1824],[91.80528,23.18051],[91.80627,23.17905],[91.80318,23.17668],[91.8042,23.17447],[91.80515,23.17572],[91.80672,23.17528],[91.80511,23.17412],[91.80699,23.17184],[91.80575,23.17216],[91.80633,23.17029],[91.80487,23.16805],[91.80593,23.16659],[91.81009,23.16507],[91.80934,23.16341],[91.80695,23.16241],[91.80768,23.16155],[91.80608,23.15733],[91.81061,23.15349],[91.81013,23.15018],[91.81424,23.1451],[91.81308,23.14371],[91.81108,23.14462],[91.80816,23.13904],[91.80924,23.13643],[91.8081,23.1355],[91.80898,23.13391],[91.81044,23.13369],[91.81116,23.13691],[91.81161,23.13418],[91.81477,23.13332],[91.81481,23.13145],[91.81233,23.1307],[91.81389,23.12881],[91.81242,23.1281],[91.81314,23.12614],[91.81153,23.12506],[91.81262,23.12265],[91.81089,23.12165],[91.81294,23.11913],[91.81562,23.11904],[91.81696,23.11554],[91.81651,23.11368],[91.81809,23.11204],[91.81631,23.10997],[91.8178,23.10845],[91.81761,23.10201],[91.81346,23.0992],[91.82068,23.09737],[91.82093,23.09972],[91.82505,23.09892],[91.83119,23.09674],[91.8321,23.09474],[91.83372,23.09549],[91.8358,23.09299],[91.83309,23.09257],[91.83348,23.09099],[91.8316,23.09098],[91.83139,23.08979],[91.82975,23.09166],[91.82793,23.08868],[91.82278,23.08659],[91.82231,23.08556],[91.82437,23.08343],[91.81981,23.07981],[91.81828,23.08299],[91.81718,23.08275],[91.81651,23.08077],[91.81475,23.08058],[91.81729,23.07894],[91.81788,23.07575],[91.81593,23.07467],[91.81839,23.07274],[91.81605,23.07185],[91.81319,23.07352],[91.8125,23.07211],[91.81386,23.07058],[91.81156,23.06951],[91.81235,23.06625],[91.80598,23.06697],[91.80688,23.06393],[91.80603,23.06303],[91.79924,23.06494],[91.79409,23.06228],[91.79356,23.06482],[91.79581,23.0673],[91.79371,23.06902],[91.78982,23.06873],[91.78954,23.07167],[91.7881,23.07009],[91.78896,23.0672],[91.78603,23.06822],[91.78478,23.07149],[91.77452,23.06962],[91.77359,23.06631],[91.77943,23.05992],[91.7791,23.05753],[91.77729,23.05603],[91.78247,23.04842],[91.78198,23.04481],[91.78413,23.03793],[91.7817,23.03391],[91.78007,23.03655],[91.77893,23.03648],[91.78061,23.02909],[91.77645,23.02691],[91.77431,23.02708],[91.77283,23.03169],[91.77441,23.03848],[91.77147,23.04129],[91.76854,23.04093],[91.76773,23.0394],[91.77033,23.03681],[91.77192,23.03303],[91.77002,23.03292],[91.76819,23.03423],[91.76445,23.0309],[91.76109,23.02986],[91.76148,23.0262],[91.76016,23.02475],[91.75685,23.02427],[91.75336,23.02208],[91.75152,23.01816],[91.74536,23.01103],[91.74391,23.00643],[91.73152,23.00041],[91.72606,22.99889],[91.72276,22.99395],[91.72062,22.98742],[91.717,22.98665],[91.7121,22.98892],[91.71107,22.98781],[91.71164,22.98358],[91.70884,22.98186],[91.70679,22.98312],[91.70326,22.98825],[91.70073,22.98901],[91.69369,22.98829],[91.69169,22.98665],[91.69099,22.98326],[91.68588,22.9808],[91.68177,22.97725],[91.67805,22.98077],[91.67465,22.98012],[91.67086,22.97705],[91.6646,22.98165],[91.66192,22.97916],[91.6577,22.98173],[91.65632,22.98064],[91.65808,22.97811],[91.65548,22.97654],[91.65154,22.97672],[91.65003,22.98249],[91.64546,22.98502],[91.6457,22.97655],[91.64081,22.97489],[91.6405,22.97033],[91.63718,22.96576],[91.63709,22.96302],[91.63562,22.96108],[91.63095,22.95896],[91.62631,22.96219],[91.62456,22.96157],[91.62701,22.95566],[91.62349,22.94939],[91.62554,22.94402],[91.6203,22.93854],[91.61819,22.93845],[91.61672,22.93996],[91.61695,22.94401],[91.61272,22.94699],[91.61299,22.94957],[91.61646,22.94912],[91.61584,22.95147],[91.61348,22.95238],[91.60711,22.95004],[91.60699,22.95199],[91.6096,22.95611],[91.60844,22.95721],[91.60244,22.95322],[91.60017,22.9547],[91.60189,22.95891],[91.60554,22.96236],[91.61233,22.95773],[91.6138,22.95837],[91.61188,22.96235],[91.60563,22.96531],[91.6061,22.97191],[91.60141,22.9713],[91.59923,22.97594],[91.59306,22.97263],[91.59172,22.97646],[91.59063,22.97689],[91.57676,22.96522],[91.57506,22.96864],[91.55722,22.97846],[91.55704,22.9966],[91.54752,22.99418],[91.54249,22.99946],[91.54822,23.01924],[91.53842,23.01919],[91.55036,23.03841],[91.53049,23.03831],[91.53628,23.05451],[91.53521,23.05531],[91.52496,23.05535],[91.52584,23.05997],[91.53534,23.06331],[91.52513,23.08281],[91.52998,23.08573],[91.52983,23.09166],[91.51895,23.09415],[91.52236,23.104],[91.51132,23.10419],[91.5123,23.11322],[91.52042,23.11443],[91.51924,23.11774],[91.51542,23.11763],[91.51426,23.12255],[91.51764,23.12542],[91.50381,23.12723],[91.50315,23.13049],[91.51487,23.13856],[91.51532,23.14499],[91.51181,23.14309],[91.50981,23.14319],[91.51002,23.14037],[91.50814,23.1405],[91.50819,23.13965],[91.50455,23.14031],[91.50164,23.14305],[91.50003,23.14193],[91.49873,23.14247],[91.49897,23.14378],[91.49631,23.14563],[91.49648,23.14661],[91.49474,23.14708],[91.5032,23.151],[91.50734,23.15341],[91.50722,23.15424],[91.49428,23.15221],[91.49088,23.1576],[91.49338,23.16148],[91.4948,23.16195],[91.49826,23.17165],[91.49236,23.17194],[91.49174,23.17756],[91.49739,23.17978],[91.50673,23.17992],[91.50754,23.18368],[91.5011,23.18527],[91.50428,23.18929],[91.50323,23.19208],[91.4922,23.18881],[91.48845,23.19213],[91.48493,23.18821],[91.47076,23.19642],[91.48244,23.19842],[91.48443,23.20918],[91.47541,23.22036],[91.45862,23.21329],[91.45825,23.21564],[91.45061,23.21941],[91.45329,23.22317],[91.47027,23.22763],[91.45791,23.24599],[91.44706,23.24377],[91.44717,23.24747],[91.44524,23.24707],[91.44598,23.25003],[91.44873,23.24976],[91.44943,23.25196],[91.45541,23.25643],[91.45421,23.26037],[91.44867,23.25985],[91.43139,23.26245],[91.42489,23.25802],[91.42475,23.25964],[91.42116,23.26177],[91.41831,23.25539],[91.41768,23.2571],[91.41869,23.25831],[91.41682,23.25976],[91.41538,23.26334],[91.41652,23.26493],[91.41742,23.26448],[91.41592,23.26948],[91.41816,23.26959],[91.41964,23.27326],[91.41773,23.27469],[91.41781,23.2762],[91.41657,23.27561],[91.41775,23.27722],[91.41636,23.27956],[91.41559,23.27927],[91.41563,23.28275],[91.41374,23.28136],[91.40894,23.28519],[91.41132,23.25566],[91.40559,23.25659],[91.40039,23.26571],[91.39756,23.26512],[91.3973,23.25625],[91.40067,23.2561],[91.40874,23.24762],[91.39255,23.24589],[91.39711,23.24115],[91.39841,23.23589],[91.40025,23.23508],[91.40091,23.22911],[91.38647,23.22756],[91.39213,23.22003],[91.38832,23.21467],[91.38077,23.20843],[91.38776,23.20789],[91.38554,23.19184],[91.38098,23.19159],[91.3799,23.18451],[91.38299,23.18448],[91.38188,23.17501],[91.3852,23.17521],[91.38477,23.15615],[91.38928,23.15263],[91.39203,23.13944],[91.3973,23.13014],[91.39697,23.11768],[91.40342,23.11372],[91.40026,23.09642],[91.40607,23.09692],[91.40523,23.08698],[91.40812,23.08346],[91.41747,23.08288],[91.41612,23.07652],[91.41339,23.07552],[91.4132,23.06949],[91.41085,23.06602],[91.41723,23.06452],[91.416,23.06265],[91.41163,23.06231],[91.41061,23.06079],[91.40631,23.05898],[91.39924,23.05841],[91.39876,23.05651],[91.39586,23.05604],[91.39041,23.05986],[91.36979,23.07037],[91.35149,23.09754],[91.34696,23.1023],[91.34763,23.11879],[91.34187,23.1178],[91.34173,23.12874],[91.33709,23.13105],[91.33312,23.15285],[91.32333,23.15801],[91.32473,23.16863],[91.32365,23.23745],[91.31893,23.23985],[91.3187,23.24549],[91.3255,23.24714],[91.32661,23.25229],[91.31802,23.25289],[91.30979,23.27637],[91.31578,23.27943],[91.31667,23.28188],[91.30234,23.28634],[91.30022,23.29245],[91.30721,23.29978],[91.31496,23.29661],[91.31316,23.3063],[91.30953,23.31385],[91.29624,23.3134],[91.28985,23.31852],[91.29236,23.32464],[91.29617,23.34089],[91.30512,23.34339],[91.31079,23.34238],[91.31014,23.34578],[91.31105,23.35266],[91.31261,23.35391],[91.31432,23.35262],[91.31801,23.35297],[91.32009,23.36009],[91.3149,23.36093],[91.30108,23.35159],[91.29107,23.35066],[91.2949,23.36119],[91.28616,23.36309],[91.28424,23.37108],[91.29375,23.37125],[91.29433,23.37468],[91.29324,23.37778],[91.29214,23.37811],[91.28854,23.37538],[91.28515,23.37701],[91.28209,23.37582],[91.27975,23.3766],[91.27644,23.4147],[91.26343,23.42372],[91.27065,23.4298],[91.25646,23.44155],[91.25578,23.44736],[91.25155,23.45364],[91.2535,23.45801],[91.25341,23.4614],[91.25107,23.46277],[91.25082,23.46433],[91.25224,23.48101],[91.24934,23.49017],[91.24126,23.49031],[91.23638,23.48899],[91.23723,23.49512],[91.23444,23.49614],[91.23557,23.50179],[91.22346,23.49731],[91.21798,23.4995],[91.2236,23.51402],[91.21386,23.51375],[91.20784,23.51205],[91.20076,23.52002],[91.20068,23.52303],[91.20816,23.54304],[91.21301,23.54511],[91.21295,23.55041],[91.20976,23.54852],[91.21047,23.54654],[91.20747,23.54536],[91.20534,23.54526],[91.20199,23.55006],[91.19903,23.54733],[91.19445,23.54718],[91.19515,23.56248],[91.18727,23.57314],[91.1873,23.57753],[91.18597,23.57758],[91.17527,23.58551],[91.17809,23.59175],[91.17713,23.5932],[91.16875,23.59259],[91.1625,23.59504],[91.16217,23.59868],[91.16375,23.60104],[91.15968,23.61129],[91.16103,23.61393],[91.15814,23.62178],[91.15838,23.62594],[91.15921,23.62599],[91.15871,23.62893],[91.16101,23.63123],[91.1587,23.64136],[91.16101,23.64878],[91.16137,23.65431],[91.1563,23.67072],[91.16152,23.66707],[91.16073,23.66631],[91.16125,23.66385],[91.16646,23.66348],[91.17039,23.65754],[91.17383,23.65635],[91.17604,23.65959],[91.17651,23.65764],[91.17777,23.65854],[91.18194,23.65638],[91.18287,23.65687],[91.18202,23.65718],[91.18286,23.65966],[91.18506,23.65664],[91.19295,23.65443],[91.19073,23.64695],[91.19381,23.64604],[91.19942,23.64658],[91.19969,23.64969],[91.20459,23.6504],[91.2025,23.65391],[91.20513,23.65389],[91.20501,23.65499],[91.20148,23.65597],[91.20367,23.65827],[91.20238,23.66289],[91.20499,23.67975],[91.20328,23.68011],[91.20853,23.6864],[91.20367,23.6854],[91.19552,23.69214],[91.19382,23.6899],[91.15424,23.68839],[91.15161,23.70545],[91.1492,23.71153],[91.15288,23.72108],[91.15291,23.72457],[91.15621,23.73605],[91.15808,23.73926],[91.15643,23.73978],[91.15708,23.74202],[91.15884,23.74165],[91.16428,23.74755],[91.16764,23.74964],[91.183,23.74883],[91.18621,23.75067],[91.19663,23.75109],[91.21037,23.74916],[91.21196,23.74461],[91.21776,23.73987],[91.21903,23.73643],[91.22247,23.74569],[91.22636,23.75114],[91.22522,23.75653],[91.23068,23.76492],[91.23053,23.7844],[91.22837,23.78557],[91.22852,23.78879],[91.22664,23.79156],[91.22837,23.79515],[91.23161,23.79818],[91.234,23.8069],[91.23376,23.81083],[91.23757,23.8136],[91.24287,23.82296],[91.25409,23.83719],[91.24889,23.85081],[91.24087,23.8617],[91.23579,23.87753],[91.23183,23.87811],[91.22962,23.88059],[91.22847,23.89863],[91.23538,23.90119],[91.24483,23.90694],[91.24618,23.91308],[91.24144,23.92269],[91.23302,23.92696],[91.23392,23.92785],[91.25171,23.92607],[91.26177,23.92356],[91.26395,23.92498],[91.27172,23.92465],[91.27621,23.92252],[91.27291,23.93764],[91.26423,23.94422],[91.27152,23.9629],[91.28469,23.9821],[91.28625,23.98193],[91.28468,23.97727],[91.28775,23.9739],[91.28677,23.9723],[91.28798,23.97036],[91.28705,23.96915],[91.28768,23.96801],[91.29042,23.96776],[91.29554,23.96985],[91.29723,23.97167],[91.29979,23.97212],[91.29732,23.9763],[91.30357,23.98783],[91.30146,23.99374],[91.30401,23.99801],[91.3052,23.99525],[91.31493,23.99041],[91.31679,23.99053],[91.32088,23.99377],[91.3236,23.99448],[91.3269,23.99154],[91.33006,23.99247],[91.33381,23.99063],[91.33741,23.98441],[91.33919,23.9842],[91.34122,23.98199],[91.34754,23.98421],[91.3528,23.98169],[91.36166,23.98626],[91.36277,23.98315],[91.36791,23.98031],[91.37363,23.97523],[91.37953,23.97533],[91.37893,23.97908],[91.37966,23.97901],[91.37775,23.98012],[91.38015,23.98247],[91.37737,23.98266],[91.378,23.98542],[91.37731,23.98485],[91.3762,23.98671],[91.37658,23.9883],[91.37851,23.98857],[91.37677,23.99059],[91.37903,23.99104],[91.37788,23.99163],[91.37831,23.99299],[91.37666,23.99265],[91.37425,23.99496],[91.37623,23.99513],[91.37658,23.99662],[91.37569,23.99697],[91.37502,23.99592],[91.37544,23.99773],[91.37379,23.99757],[91.37384,23.99855],[91.3751,23.99875],[91.37396,24.00107],[91.37497,24.00218],[91.37334,24.00265],[91.39086,24.02578],[91.39645,24.04233],[91.3966,24.04962],[91.37713,24.07984],[91.37461,24.10777],[91.3772,24.10688],[91.37952,24.10786],[91.38721,24.10721],[91.38899,24.10856],[91.39417,24.1083],[91.40152,24.1115],[91.40136,24.10967],[91.40378,24.10907],[91.41263,24.10993],[91.4172,24.10817],[91.42021,24.10841],[91.42563,24.10688],[91.42576,24.10778],[91.42809,24.10845],[91.42799,24.10569],[91.42941,24.10425],[91.42858,24.10179],[91.42999,24.10199],[91.43077,24.09993],[91.43382,24.1014],[91.43513,24.10076],[91.4373,24.10268],[91.43979,24.10189],[91.44055,24.10251],[91.44144,24.0985],[91.44304,24.09724],[91.44787,24.09942],[91.44959,24.10147],[91.45088,24.10112],[91.45206,24.09829],[91.45427,24.09866],[91.45483,24.09656],[91.45842,24.09757],[91.46254,24.09607],[91.46547,24.09863],[91.4713,24.09878],[91.47316,24.10175],[91.4735,24.09978],[91.47581,24.10048],[91.4781,24.09803],[91.48286,24.0978],[91.48376,24.09641],[91.48735,24.09525],[91.49177,24.0971],[91.49497,24.09555],[91.49248,24.09088],[91.49766,24.08728],[91.50865,24.08641],[91.54051,24.07613],[91.54425,24.07594],[91.5453,24.0742],[91.55733,24.07683],[91.5729,24.07473],[91.57297,24.07908],[91.57445,24.07998],[91.58234,24.07339],[91.58607,24.0726],[91.58741,24.07488],[91.59241,24.0756],[91.59189,24.0783],[91.59391,24.08265],[91.5974,24.08329],[91.5985,24.08448],[91.59845,24.08664],[91.59306,24.0892],[91.59129,24.09261],[91.59178,24.09353],[91.59538,24.09329],[91.59575,24.09545],[91.59454,24.09653],[91.59593,24.09699],[91.59738,24.09586],[91.59925,24.09712],[91.60038,24.09529],[91.60262,24.09662],[91.6029,24.09534],[91.60474,24.09579],[91.6038,24.09408],[91.60573,24.09428],[91.60675,24.09278],[91.60779,24.09365],[91.60906,24.09201],[91.60953,24.09286],[91.61141,24.09169],[91.61207,24.09318],[91.61409,24.09289],[91.61413,24.09448],[91.61513,24.09406],[91.61579,24.09544],[91.61706,24.09429],[91.61696,24.09518],[91.61867,24.09502],[91.61982,24.09668],[91.62148,24.09521],[91.62268,24.0972],[91.62492,24.09657],[91.62582,24.09726],[91.62524,24.09845],[91.6262,24.0981],[91.62579,24.09928],[91.62701,24.09883],[91.62925,24.10147],[91.62918,24.10057],[91.63188,24.09985],[91.63422,24.1022],[91.63526,24.10105],[91.6352,24.10187],[91.63793,24.10292],[91.63842,24.1044],[91.63678,24.10654],[91.63955,24.1085],[91.6412,24.11308],[91.63852,24.1296],[91.63445,24.13805],[91.64661,24.15663],[91.64424,24.1706],[91.64676,24.17862],[91.65511,24.17566],[91.65629,24.17615],[91.65598,24.17758],[91.65775,24.17955],[91.65687,24.18054],[91.65815,24.18071],[91.65896,24.18306],[91.65747,24.18474],[91.66013,24.18954],[91.65756,24.19318],[91.65885,24.1936],[91.6591,24.19537],[91.6546,24.19502],[91.65433,24.19604],[91.65259,24.19593],[91.65361,24.19643],[91.65276,24.19819],[91.65413,24.19845],[91.65311,24.20169],[91.65453,24.20252],[91.65265,24.20356],[91.65257,24.20676],[91.65115,24.20882],[91.65241,24.20943],[91.65044,24.21074],[91.65055,24.21243],[91.64924,24.21236],[91.64874,24.21466],[91.64721,24.2152],[91.64892,24.21719],[91.64775,24.21849],[91.64977,24.22047],[91.65078,24.21839],[91.65205,24.22018],[91.65236,24.21956],[91.65431,24.22149],[91.65429,24.22319],[91.65593,24.22345],[91.65613,24.22503],[91.65698,24.22453],[91.65621,24.22601],[91.65854,24.22823],[91.66279,24.23011],[91.66421,24.22909],[91.66388,24.23133],[91.66516,24.23353],[91.66804,24.23102],[91.6672,24.23046],[91.66796,24.22306],[91.66681,24.22268],[91.66756,24.22175],[91.66643,24.21954],[91.66725,24.2183],[91.66597,24.2171],[91.66789,24.21655],[91.6668,24.21427],[91.66698,24.21052],[91.66968,24.209],[91.67049,24.20622],[91.67213,24.20534],[91.67163,24.20443],[91.6734,24.20368],[91.67276,24.20239],[91.67478,24.20205],[91.67394,24.2011],[91.6767,24.20061],[91.6757,24.19775],[91.67798,24.19675],[91.67731,24.19428],[91.67961,24.19347],[91.6806,24.18905],[91.67946,24.18897],[91.67887,24.18753],[91.68085,24.18397],[91.67992,24.17902],[91.68117,24.17765],[91.68002,24.17663],[91.68106,24.17687],[91.68142,24.17662],[91.68018,24.17561],[91.68257,24.17414],[91.68194,24.17219],[91.68478,24.16737],[91.68444,24.16616],[91.68722,24.16398],[91.68882,24.16417],[91.68828,24.16209],[91.69112,24.16027],[91.69194,24.16071],[91.69223,24.15968],[91.69496,24.15953],[91.69764,24.16261],[91.69742,24.16365],[91.70335,24.16354],[91.70377,24.16136],[91.70492,24.16108],[91.70469,24.15924],[91.70641,24.15775],[91.7061,24.15428],[91.70799,24.15478],[91.71336,24.15288],[91.71441,24.15378],[91.71664,24.15298],[91.71679,24.15199],[91.72176,24.15248],[91.72332,24.14835],[91.72485,24.14673],[91.72675,24.14654],[91.72855,24.14465],[91.7273,24.14414],[91.72842,24.14324],[91.73107,24.14359],[91.73244,24.14572],[91.73428,24.14365],[91.7367,24.14586],[91.73952,24.14149],[91.74129,24.14281],[91.74204,24.14136],[91.74361,24.14105],[91.7448,24.14305],[91.74595,24.14285],[91.7463,24.14114],[91.7465,24.1419],[91.74908,24.14132],[91.75172,24.14261],[91.75937,24.14153],[91.75983,24.14537],[91.74503,24.24697],[91.78796,24.22244],[91.78915,24.22082],[91.79132,24.22076],[91.79146,24.21977],[91.79388,24.2209],[91.79432,24.21953],[91.79576,24.22047],[91.79792,24.21952],[91.79879,24.22075],[91.80236,24.21934],[91.80623,24.22068],[91.80708,24.21892],[91.80592,24.2187],[91.81048,24.21757],[91.813,24.21355],[91.81254,24.21198],[91.8153,24.21203],[91.81636,24.20994],[91.81907,24.21065],[91.82073,24.20921],[91.82184,24.2109],[91.82372,24.21001],[91.82645,24.21361],[91.82925,24.21315],[91.82899,24.21405],[91.83114,24.21591],[91.83123,24.21817],[91.83583,24.21768],[91.83788,24.21875],[91.83849,24.22019],[91.83713,24.22368],[91.8381,24.22397],[91.83701,24.22556],[91.83856,24.22641],[91.84471,24.22577],[91.84611,24.22417],[91.84295,24.22287],[91.84307,24.22022],[91.84931,24.22118],[91.84952,24.2199],[91.84737,24.2196],[91.84569,24.21747],[91.84765,24.21783],[91.84864,24.216],[91.85104,24.21666],[91.85159,24.2149],[91.85518,24.21239],[91.85447,24.21163],[91.85175,24.21312],[91.84983,24.21275],[91.85213,24.20862],[91.85162,24.20766],[91.84924,24.20838],[91.84916,24.20366],[91.84683,24.20235],[91.84606,24.20059],[91.84399,24.202],[91.84196,24.20134],[91.84422,24.19972],[91.84399,24.19674],[91.84527,24.19736],[91.84483,24.19557],[91.84568,24.19598],[91.84614,24.19357],[91.84719,24.19311],[91.84544,24.19138],[91.84699,24.1903],[91.84918,24.19104],[91.84961,24.19021],[91.85099,24.19079],[91.85136,24.18953],[91.85278,24.18979],[91.85378,24.18743],[91.85512,24.18695],[91.85339,24.18335],[91.85577,24.18315],[91.85563,24.18144],[91.857,24.18224],[91.85917,24.18061],[91.86102,24.18286],[91.86117,24.1813],[91.86231,24.18189],[91.86388,24.18107],[91.86336,24.17984],[91.86515,24.18004],[91.86617,24.17648],[91.86941,24.17718],[91.86887,24.17674],[91.87041,24.1765],[91.87151,24.17454],[91.87256,24.17532],[91.87399,24.17447],[91.87351,24.17099],[91.87554,24.17123],[91.87512,24.17019],[91.87634,24.16972],[91.87413,24.16956],[91.87338,24.16787],[91.87479,24.16767],[91.87364,24.16666],[91.87497,24.16631],[91.87383,24.16371],[91.87472,24.16325],[91.87379,24.16317],[91.87519,24.16267],[91.87448,24.16174],[91.87463,24.16143],[91.87669,24.16146],[91.87607,24.15943],[91.87731,24.15769],[91.87522,24.15623],[91.87521,24.1551],[91.87685,24.15467],[91.87624,24.15325],[91.87751,24.15396],[91.87908,24.15149],[91.87906,24.15084],[91.87854,24.15112],[91.87855,24.15056],[91.87822,24.1508],[91.87803,24.15065],[91.87782,24.15021],[91.87886,24.14902],[91.87787,24.14782],[91.87916,24.14728],[91.87865,24.1462],[91.8798,24.14519],[91.88123,24.14581],[91.88207,24.14347],[91.88443,24.14256],[91.88463,24.1386],[91.88901,24.13885],[91.89039,24.1365],[91.89581,24.13924],[91.89808,24.13939],[91.90214,24.13688],[91.90364,24.13842],[91.90575,24.1386],[91.90584,24.14438],[91.90798,24.14609],[91.91021,24.1463],[91.90989,24.14761],[91.91129,24.14901],[91.9097,24.15061],[91.91306,24.15149],[91.91101,24.15212],[91.91139,24.15358],[91.91454,24.15361],[91.9128,24.15451],[91.91421,24.15516],[91.91305,24.1556],[91.91421,24.15941],[91.91255,24.1608],[91.91395,24.16228],[91.9114,24.16402],[91.91527,24.16657],[91.91139,24.16813],[91.94082,24.26809],[91.91999,24.33746],[91.92193,24.3356],[91.92402,24.33592],[91.92589,24.33641],[91.92839,24.33964],[91.93162,24.33974],[91.93228,24.34124],[91.93491,24.33969],[91.93846,24.34323],[91.94133,24.34255],[91.94338,24.34891],[91.9461,24.34836],[91.9463,24.35067],[91.95016,24.35085],[91.9509,24.35235],[91.95559,24.3545],[91.9568,24.35663],[91.96232,24.35317],[91.96433,24.35031],[91.969,24.35015],[91.96883,24.34893],[91.96589,24.34683],[91.97105,24.34295],[91.973,24.33389],[91.97714,24.32742],[91.98061,24.32835],[91.98227,24.32388],[91.98558,24.32221],[91.99038,24.32393],[91.99302,24.32211],[91.99595,24.32205],[91.9965,24.3266],[91.9954,24.32766],[91.99501,24.33143],[91.99832,24.33174],[91.9972,24.33681],[91.99566,24.33908],[91.9931,24.33984],[91.99213,24.34337],[91.98929,24.34362],[91.986,24.34989],[91.98086,24.35441],[91.98147,24.35532],[91.98046,24.35513],[91.97812,24.35739],[91.97964,24.36046],[91.9819,24.35902],[91.98436,24.35948],[91.98465,24.36086],[91.98169,24.36236],[91.97829,24.36673],[91.97897,24.36958],[91.97712,24.3718],[91.97753,24.37273],[91.97384,24.37069],[91.96999,24.37474],[91.97273,24.37702],[91.97226,24.37953],[91.97063,24.38002],[91.96767,24.37868],[91.96692,24.37977],[91.97013,24.38428],[91.97199,24.38475],[91.97598,24.38219],[91.98171,24.38101],[91.98355,24.37723],[91.98579,24.37689],[91.98833,24.37908],[91.98833,24.38402],[91.99209,24.38758],[91.99197,24.38917],[91.98962,24.39015],[91.99194,24.3901],[91.99346,24.38819],[91.99501,24.38808],[91.99623,24.3906],[91.99477,24.39214],[91.9959,24.39209],[91.99644,24.39367],[91.99981,24.39174],[92.0019,24.38835],[92.00458,24.38751],[92.00556,24.38563],[92.00445,24.3836],[92.00711,24.3815],[92.01769,24.38459],[92.02007,24.38654],[92.02362,24.38563],[92.02154,24.38332],[92.02479,24.3835],[92.02505,24.38229],[92.02672,24.38183],[92.02686,24.37964],[92.03072,24.37992],[92.03355,24.37864],[92.03583,24.38011],[92.03846,24.37702],[92.0431,24.37749],[92.04403,24.37487],[92.0483,24.37757],[92.04943,24.37541],[92.07785,24.37535],[92.08023,24.37463],[92.08527,24.37559],[92.08626,24.37327],[92.09042,24.37162],[92.09199,24.37276],[92.09623,24.37277],[92.09742,24.37631],[92.10016,24.37585],[92.09978,24.37716],[92.10161,24.37893],[92.1001,24.38064],[92.10231,24.38295],[92.10374,24.38256],[92.10426,24.38105],[92.10743,24.38201],[92.11037,24.37981],[92.11156,24.38099],[92.11358,24.3807],[92.11333,24.38224],[92.11534,24.38251],[92.11616,24.38079],[92.11806,24.38054],[92.11795,24.38227],[92.11928,24.38156],[92.11975,24.3824],[92.12045,24.38135],[92.1206,24.3834],[92.1219,24.38224],[92.12135,24.38355],[92.12365,24.38468],[92.12176,24.38478],[92.12287,24.3851],[92.12197,24.38703],[92.1192,24.38859],[92.12078,24.3895],[92.11891,24.39],[92.11985,24.39211],[92.12181,24.39313],[92.12257,24.39594],[92.12643,24.3968],[92.12699,24.39979],[92.12846,24.40009],[92.12738,24.40165],[92.13047,24.40389],[92.13159,24.40665],[92.13242,24.40595],[92.13308,24.40734],[92.1338,24.40657],[92.13516,24.40716],[92.1345,24.41008],[92.13262,24.411],[92.13371,24.41256],[92.13284,24.41434],[92.13335,24.41694],[92.13669,24.42006],[92.1368,24.42496],[92.13865,24.42514],[92.13979,24.42372],[92.14411,24.42208],[92.14545,24.42337],[92.14775,24.42104],[92.14996,24.42176],[92.15369,24.42557],[92.15642,24.42263],[92.16041,24.42252],[92.15991,24.42122],[92.16396,24.41836],[92.16651,24.42168],[92.16582,24.42246],[92.16776,24.42487],[92.16751,24.42711],[92.16913,24.42777],[92.16601,24.42812],[92.16709,24.43138],[92.166,24.43329],[92.16745,24.43455],[92.16632,24.43678],[92.16389,24.43657],[92.16442,24.43884],[92.1626,24.4399],[92.16447,24.44077],[92.16362,24.44322],[92.16444,24.44463],[92.16101,24.44872],[92.1624,24.45093],[92.16167,24.45264],[92.15955,24.45326],[92.16119,24.45594],[92.16116,24.45873],[92.15854,24.45872],[92.15808,24.45965],[92.15958,24.46053],[92.1589,24.46237],[92.16043,24.46298],[92.15841,24.46378],[92.15797,24.46629],[92.15561,24.46567],[92.15649,24.46858],[92.1582,24.46751],[92.1582,24.4696],[92.15542,24.46967],[92.15566,24.47112],[92.15427,24.47209],[92.15541,24.47388],[92.15602,24.47239],[92.15724,24.47407],[92.1527,24.48147],[92.15394,24.48453],[92.15298,24.48593],[92.15359,24.48724],[92.15195,24.48722],[92.1523,24.49045],[92.15129,24.49115],[92.15369,24.49164],[92.1522,24.49464],[92.1505,24.49522],[92.15184,24.49944],[92.15389,24.49984],[92.15231,24.50227],[92.15466,24.50294],[92.15911,24.50717],[92.1548,24.51065],[92.15464,24.51192],[92.15348,24.51202],[92.15612,24.51362],[92.157,24.51249],[92.15688,24.514],[92.1582,24.51517],[92.15638,24.51591],[92.15543,24.51803],[92.1564,24.51875],[92.15567,24.51987],[92.15771,24.52004],[92.15776,24.52188],[92.15496,24.52297],[92.1586,24.5232],[92.16019,24.52532],[92.15882,24.52746],[92.15979,24.52932],[92.16188,24.52749],[92.1657,24.5291],[92.16569,24.53141],[92.16727,24.53187],[92.16791,24.53074],[92.16943,24.53177]]]}}]}