{"type":"FeatureCollection","features":[{"id":"0","type":"Feature","properties":{"state":"TRIPURA","state_lgd":"16","district":"SOUTH TRIPURA","district_lgd":"290"},"geometry":{"type":"Polygon","coordinates":[[[91.63578,23.41692],[91.63542,23.41161],[91.63733,23.39197],[91.63653,23.38704],[91.64044,23.37665],[91.64416,23.37295],[91.65097,23.35969],[91.66979,23.36531],[91.67552,23.36878],[91.67692,23.37049],[91.6779,23.37022],[91.68075,23.37082],[91.6858,23.37049],[91.69463,23.36114],[91.69685,23.35791],[91.6991,23.3521],[91.69681,23.34649],[91.69721,23.34587],[91.69826,23.34595],[91.69978,23.345],[91.70557,23.3375],[91.71062,23.33506],[91.71759,23.32785],[91.72091,23.32524],[91.73491,23.31868],[91.73537,23.31813],[91.72999,23.31449],[91.73052,23.31454],[91.72907,23.30468],[91.72926,23.30181],[91.72402,23.29305],[91.72057,23.29058],[91.72301,23.28557],[91.72346,23.28093],[91.72971,23.27704],[91.73185,23.27413],[91.73254,23.27392],[91.73999,23.26338],[91.74094,23.26097],[91.74152,23.25686],[91.74074,23.257],[91.73911,23.25615],[91.7366,23.25038],[91.73951,23.24915],[91.73801,23.24761],[91.73743,23.24571],[91.74136,23.24014],[91.74671,23.23697],[91.74726,23.23734],[91.74867,23.23683],[91.74898,23.23592],[91.7481,23.23281],[91.7507,23.22883],[91.7468,23.21756],[91.7495,23.2141],[91.755,23.19961],[91.75944,23.19906],[91.75975,23.19631],[91.75848,23.19286],[91.75599,23.19305],[91.75263,23.19511],[91.75384,23.19631],[91.73947,23.1968],[91.7335,23.19578],[91.72831,23.19756],[91.7264,23.19361],[91.72267,23.19083],[91.7151,23.18887],[91.71429,23.18801],[91.71385,23.18836],[91.71449,23.18872],[91.71244,23.18819],[91.71212,23.18864],[91.7124,23.1878],[91.7145,23.1879],[91.71572,23.18829],[91.71561,23.18857],[91.71619,23.18835],[91.71648,23.189],[91.71669,23.18861],[91.71854,23.18894],[91.71924,23.1873],[91.71928,23.18543],[91.72314,23.18466],[91.72443,23.18482],[91.72497,23.18306],[91.72443,23.1815],[91.72307,23.1809],[91.7217,23.17841],[91.72247,23.1748],[91.72221,23.17356],[91.72291,23.17327],[91.72245,23.17253],[91.72304,23.17267],[91.72356,23.17178],[91.72384,23.16933],[91.72399,23.16671],[91.72316,23.16557],[91.72474,23.1651],[91.72462,23.16477],[91.7258,23.16413],[91.72487,23.16444],[91.72467,23.16216],[91.72534,23.16083],[91.7252,23.15905],[91.72562,23.15795],[91.72733,23.15658],[91.72675,23.15554],[91.72727,23.15551],[91.72855,23.15267],[91.7279,23.152],[91.72799,23.15028],[91.72884,23.14923],[91.72932,23.14936],[91.72916,23.14807],[91.72812,23.14741],[91.7292,23.14584],[91.72974,23.14395],[91.73129,23.14322],[91.7312,23.14271],[91.73046,23.14293],[91.73148,23.14099],[91.73218,23.14068],[91.73197,23.1395],[91.73403,23.13895],[91.73416,23.13959],[91.73508,23.13974],[91.73613,23.13811],[91.73707,23.13769],[91.74209,23.13894],[91.7423,23.1396],[91.74499,23.1403],[91.7476,23.13698],[91.75084,23.13645],[91.75513,23.13313],[91.75822,23.13203],[91.75919,23.13215],[91.76012,23.13324],[91.75978,23.13554],[91.76191,23.14104],[91.76313,23.13945],[91.76464,23.13972],[91.76431,23.13904],[91.76506,23.1385],[91.764,23.13665],[91.76685,23.13714],[91.76764,23.13575],[91.767,23.1348],[91.76863,23.13439],[91.76891,23.13341],[91.77074,23.13325],[91.77072,23.13196],[91.77333,23.13253],[91.77343,23.13107],[91.7723,23.13078],[91.77214,23.12959],[91.77457,23.12867],[91.77505,23.12795],[91.77497,23.12655],[91.77359,23.12549],[91.77384,23.12428],[91.77223,23.12223],[91.77424,23.12248],[91.7754,23.12207],[91.7757,23.12142],[91.7748,23.12086],[91.77493,23.12036],[91.77569,23.1194],[91.77684,23.12021],[91.77775,23.11875],[91.77702,23.11827],[91.77738,23.11789],[91.77924,23.11881],[91.78045,23.11771],[91.78258,23.1208],[91.78136,23.1234],[91.78326,23.12728],[91.78404,23.12722],[91.78437,23.12661],[91.78514,23.12668],[91.78503,23.1226],[91.78778,23.12035],[91.78835,23.11815],[91.79312,23.10979],[91.80075,23.10461],[91.80018,23.09863],[91.80235,23.09215],[91.8064,23.09432],[91.8093,23.09236],[91.8095,23.09121],[91.8102,23.09083],[91.80929,23.09059],[91.81021,23.09017],[91.80957,23.08942],[91.81194,23.08895],[91.81233,23.08794],[91.81327,23.08778],[91.81379,23.08658],[91.8149,23.0862],[91.81596,23.08671],[91.81636,23.08614],[91.81689,23.08649],[91.81778,23.08548],[91.81839,23.08296],[91.81718,23.08275],[91.81651,23.08077],[91.81467,23.08044],[91.81729,23.07894],[91.81788,23.07575],[91.81593,23.07467],[91.81679,23.07385],[91.81818,23.07367],[91.81846,23.07315],[91.81791,23.0722],[91.81605,23.07185],[91.81421,23.07344],[91.81319,23.07352],[91.8125,23.07211],[91.81386,23.07058],[91.8122,23.0703],[91.81156,23.06951],[91.81249,23.06733],[91.81235,23.06625],[91.81179,23.06601],[91.81005,23.06666],[91.80813,23.06646],[91.80598,23.06697],[91.80567,23.06637],[91.80684,23.06472],[91.80645,23.0632],[91.80394,23.06329],[91.8013,23.06456],[91.79912,23.06493],[91.79791,23.06457],[91.79515,23.0621],[91.79391,23.06244],[91.79348,23.06451],[91.79428,23.06599],[91.79586,23.06654],[91.79581,23.0673],[91.79371,23.06902],[91.78982,23.06873],[91.78959,23.07165],[91.78844,23.07096],[91.78811,23.07017],[91.78924,23.06769],[91.78896,23.0672],[91.78603,23.06822],[91.78588,23.07059],[91.78478,23.07149],[91.77923,23.07104],[91.77452,23.06962],[91.77364,23.06824],[91.77359,23.06631],[91.77853,23.06154],[91.77943,23.05992],[91.7791,23.05753],[91.77737,23.05667],[91.77729,23.05603],[91.78025,23.05225],[91.78125,23.04991],[91.78247,23.04842],[91.78198,23.04481],[91.78351,23.04173],[91.78413,23.03793],[91.7817,23.03391],[91.78111,23.0342],[91.78007,23.03655],[91.77893,23.03648],[91.78037,23.03319],[91.78061,23.02909],[91.77645,23.02691],[91.77431,23.02708],[91.77301,23.02966],[91.77283,23.03169],[91.77441,23.03848],[91.77147,23.04129],[91.77004,23.04152],[91.76854,23.04093],[91.76773,23.0394],[91.77033,23.03681],[91.77185,23.03417],[91.77192,23.03303],[91.77002,23.03292],[91.76819,23.03423],[91.76445,23.0309],[91.76109,23.02986],[91.76148,23.0262],[91.76016,23.02475],[91.75685,23.02427],[91.75336,23.02208],[91.75152,23.01816],[91.74536,23.01103],[91.74396,23.00648],[91.73664,23.00327],[91.73152,23.00041],[91.72614,22.99895],[91.72276,22.99395],[91.72189,22.9898],[91.72062,22.98742],[91.71833,22.98659],[91.717,22.98665],[91.71272,22.98883],[91.71171,22.9887],[91.71107,22.98781],[91.71166,22.98367],[91.71059,22.9822],[91.70865,22.98187],[91.70724,22.98266],[91.70347,22.9881],[91.70177,22.98888],[91.69369,22.98829],[91.69169,22.98665],[91.69099,22.98326],[91.68872,22.98167],[91.68507,22.98025],[91.68252,22.97743],[91.68087,22.97745],[91.67904,22.98022],[91.67805,22.98077],[91.67465,22.98012],[91.6721,22.9775],[91.67086,22.97705],[91.66769,22.97867],[91.6646,22.98165],[91.66291,22.97948],[91.66192,22.97916],[91.65983,22.98107],[91.6574,22.98172],[91.65634,22.98056],[91.65794,22.97928],[91.6581,22.97813],[91.65619,22.97673],[91.65501,22.97649],[91.65095,22.97701],[91.65067,22.98129],[91.65003,22.98249],[91.64732,22.98474],[91.64546,22.98502],[91.64517,22.98392],[91.64582,22.98014],[91.6457,22.97655],[91.64478,22.97587],[91.64177,22.97573],[91.64081,22.97489],[91.6405,22.97033],[91.63718,22.96576],[91.63709,22.96302],[91.63562,22.96108],[91.63095,22.95896],[91.62891,22.95985],[91.62631,22.96219],[91.62555,22.96227],[91.62456,22.96157],[91.62701,22.95566],[91.62667,22.95433],[91.62349,22.94939],[91.62554,22.94535],[91.62554,22.94402],[91.6224,22.94124],[91.6203,22.93854],[91.61914,22.93835],[91.61758,22.9387],[91.61687,22.93955],[91.61695,22.94401],[91.61375,22.94547],[91.61272,22.94699],[91.61299,22.94957],[91.61646,22.94912],[91.61667,22.95003],[91.61584,22.95147],[91.61439,22.95237],[91.61348,22.95238],[91.60871,22.95014],[91.60711,22.95004],[91.60668,22.9508],[91.60699,22.95199],[91.6096,22.95611],[91.60844,22.95721],[91.60639,22.95642],[91.60244,22.95322],[91.60136,22.95333],[91.60017,22.9547],[91.60007,22.95587],[91.60189,22.95891],[91.60486,22.96218],[91.60554,22.96236],[91.6085,22.96113],[91.61233,22.95773],[91.6138,22.95837],[91.61332,22.96042],[91.61188,22.96235],[91.60563,22.96531],[91.60528,22.96665],[91.60629,22.97034],[91.6061,22.97191],[91.60141,22.9713],[91.59923,22.97594],[91.59781,22.97569],[91.59422,22.97295],[91.59306,22.97263],[91.59172,22.97646],[91.59063,22.97689],[91.58779,22.97373],[91.58494,22.97198],[91.57676,22.96522],[91.57506,22.96864],[91.55722,22.97846],[91.55704,22.9966],[91.54752,22.99418],[91.54249,22.99946],[91.54822,23.01924],[91.53842,23.01919],[91.54299,23.02589],[91.55036,23.03841],[91.53049,23.03831],[91.53161,23.04245],[91.53628,23.05451],[91.53521,23.05531],[91.52496,23.05535],[91.52584,23.05997],[91.53534,23.06331],[91.52513,23.08281],[91.52998,23.08573],[91.52983,23.09166],[91.52851,23.09153],[91.51895,23.09415],[91.52236,23.104],[91.51132,23.10419],[91.5123,23.11322],[91.52042,23.11443],[91.51924,23.11774],[91.51542,23.11763],[91.51426,23.12255],[91.51764,23.12542],[91.50381,23.12723],[91.50315,23.13049],[91.51487,23.13856],[91.51532,23.14499],[91.51181,23.14309],[91.51105,23.14376],[91.51093,23.14309],[91.50981,23.14319],[91.51,23.14139],[91.50924,23.14138],[91.51002,23.14037],[91.50891,23.14013],[91.50814,23.1405],[91.50819,23.13965],[91.50724,23.13977],[91.5069,23.14029],[91.50455,23.14031],[91.50359,23.14174],[91.50164,23.14305],[91.50027,23.14273],[91.50003,23.14193],[91.49923,23.14265],[91.49873,23.14247],[91.49897,23.14378],[91.49832,23.14382],[91.49744,23.14513],[91.49631,23.14563],[91.49648,23.14661],[91.49474,23.14708],[91.5032,23.151],[91.50734,23.15341],[91.50722,23.15424],[91.49428,23.15221],[91.49088,23.1576],[91.49334,23.1605],[91.49338,23.16148],[91.4948,23.16195],[91.49826,23.17165],[91.49236,23.17194],[91.49174,23.17756],[91.49739,23.17978],[91.50322,23.18021],[91.50673,23.17992],[91.50754,23.18368],[91.5011,23.18527],[91.50428,23.18929],[91.50323,23.19208],[91.4922,23.18881],[91.48901,23.19212],[91.48845,23.19213],[91.48493,23.18821],[91.47076,23.19642],[91.48244,23.19842],[91.48257,23.19907],[91.48443,23.20918],[91.47541,23.22036],[91.45862,23.21329],[91.45812,23.2138],[91.45825,23.21564],[91.45395,23.21759],[91.4542,23.21832],[91.45288,23.2183],[91.45061,23.21941],[91.45079,23.22028],[91.45172,23.22108],[91.4525,23.221],[91.45249,23.22155],[91.45337,23.22217],[91.45298,23.2226],[91.45329,23.22317],[91.47027,23.22763],[91.46258,23.23985],[91.46198,23.23986],[91.45791,23.24599],[91.45075,23.24414],[91.44706,23.24377],[91.44755,23.24596],[91.44717,23.24747],[91.44687,23.24789],[91.44524,23.24707],[91.44598,23.25003],[91.44873,23.24976],[91.44943,23.25196],[91.45097,23.25348],[91.45366,23.25465],[91.45541,23.25643],[91.45452,23.25742],[91.45421,23.26037],[91.44867,23.25985],[91.44657,23.26066],[91.44156,23.26148],[91.43139,23.26245],[91.42489,23.25802],[91.42475,23.25964],[91.42116,23.26177],[91.41831,23.25539],[91.41838,23.25706],[91.41768,23.2571],[91.41841,23.25747],[91.41869,23.25831],[91.41795,23.25837],[91.41829,23.25865],[91.41761,23.25992],[91.41682,23.25976],[91.41624,23.26139],[91.41569,23.26167],[91.41644,23.26232],[91.41561,23.2625],[91.4159,23.26319],[91.41538,23.26334],[91.41641,23.2639],[91.41652,23.26493],[91.41742,23.26448],[91.41638,23.26677],[91.41715,23.26649],[91.41692,23.26808],[91.41592,23.26948],[91.41661,23.26909],[91.41816,23.26959],[91.41875,23.27208],[91.41951,23.27252],[91.41964,23.27326],[91.41842,23.27423],[91.4184,23.27474],[91.41773,23.27469],[91.41739,23.27543],[91.41781,23.2762],[91.41657,23.27561],[91.41691,23.27669],[91.41775,23.27722],[91.41636,23.27956],[91.41559,23.27927],[91.41528,23.2819],[91.41563,23.28275],[91.41374,23.28136],[91.41314,23.28271],[91.41255,23.283],[91.41218,23.28251],[91.41144,23.28406],[91.41037,23.28398],[91.40997,23.2845],[91.40941,23.28422],[91.40894,23.28519],[91.40964,23.27112],[91.41132,23.25566],[91.40559,23.25659],[91.40315,23.25962],[91.40039,23.26571],[91.39756,23.26512],[91.3973,23.25625],[91.40067,23.2561],[91.40874,23.24762],[91.3932,23.24657],[91.39255,23.24589],[91.39278,23.24503],[91.39413,23.24419],[91.39561,23.24195],[91.39627,23.24197],[91.39711,23.24115],[91.39682,23.24032],[91.39768,23.23983],[91.39758,23.23921],[91.39866,23.23741],[91.39841,23.23589],[91.40025,23.23508],[91.40065,23.23268],[91.40003,23.23092],[91.40091,23.22911],[91.38647,23.22756],[91.39213,23.22003],[91.38832,23.21467],[91.38077,23.20843],[91.38776,23.20789],[91.38554,23.19184],[91.38098,23.19159],[91.3799,23.18445],[91.38299,23.18448],[91.38188,23.17501],[91.3852,23.17521],[91.38457,23.16663],[91.38477,23.15615],[91.38928,23.15263],[91.39203,23.13944],[91.3973,23.13014],[91.39697,23.11768],[91.40342,23.11372],[91.40026,23.09642],[91.40607,23.09692],[91.40528,23.09146],[91.40523,23.08698],[91.40812,23.08346],[91.41448,23.08245],[91.41565,23.08306],[91.41727,23.08291],[91.41758,23.08242],[91.41635,23.08102],[91.41612,23.07652],[91.41377,23.07606],[91.41339,23.07552],[91.41371,23.07483],[91.4132,23.06949],[91.41087,23.06624],[91.41206,23.06541],[91.41724,23.06497],[91.416,23.06265],[91.4146,23.06316],[91.41163,23.06231],[91.41061,23.06079],[91.40859,23.05996],[91.40703,23.05992],[91.40631,23.05898],[91.40464,23.05859],[91.40323,23.05902],[91.40122,23.05815],[91.39924,23.05841],[91.39876,23.05651],[91.39586,23.05604],[91.39041,23.05986],[91.37794,23.06661],[91.37678,23.06673],[91.36979,23.07037],[91.35149,23.09754],[91.34696,23.1023],[91.34763,23.11879],[91.34187,23.1178],[91.34173,23.12874],[91.33709,23.13105],[91.33312,23.15285],[91.32333,23.15801],[91.32415,23.15989],[91.32473,23.16863],[91.32377,23.1997],[91.32365,23.23745],[91.31893,23.23985],[91.3187,23.24549],[91.3255,23.24714],[91.32661,23.25229],[91.31802,23.25289],[91.30979,23.27637],[91.31137,23.27646],[91.31153,23.27594],[91.31434,23.2773],[91.3165,23.27742],[91.31705,23.27796],[91.32031,23.27783],[91.32242,23.27885],[91.32356,23.27842],[91.32494,23.27886],[91.33118,23.2786],[91.33535,23.27975],[91.33622,23.28075],[91.33776,23.28083],[91.33894,23.27984],[91.34011,23.2799],[91.34242,23.27912],[91.3438,23.27938],[91.34445,23.28087],[91.34461,23.28322],[91.34632,23.28345],[91.34817,23.28304],[91.34739,23.28422],[91.34878,23.28503],[91.3486,23.28579],[91.34965,23.28676],[91.3478,23.28826],[91.3489,23.28868],[91.3493,23.29151],[91.3502,23.29182],[91.3508,23.29318],[91.34968,23.29461],[91.34725,23.29493],[91.34792,23.29547],[91.34657,23.29618],[91.34657,23.29673],[91.34479,23.29709],[91.34467,23.29752],[91.34354,23.29744],[91.34463,23.29801],[91.34839,23.29838],[91.35147,23.29976],[91.35337,23.29981],[91.35723,23.30134],[91.35748,23.30286],[91.3581,23.30351],[91.35783,23.30463],[91.35612,23.30672],[91.35667,23.30837],[91.35748,23.30895],[91.35923,23.30914],[91.35986,23.30861],[91.36003,23.30752],[91.36091,23.30693],[91.36159,23.30723],[91.36239,23.30691],[91.36271,23.30772],[91.3656,23.30753],[91.36771,23.31298],[91.37078,23.31375],[91.37314,23.3201],[91.37533,23.3222],[91.37775,23.32636],[91.37772,23.327],[91.3785,23.32605],[91.37891,23.32628],[91.37847,23.32772],[91.37871,23.32895],[91.37769,23.33091],[91.37712,23.3336],[91.37801,23.3343],[91.37744,23.33437],[91.37862,23.33908],[91.37941,23.33984],[91.37962,23.34191],[91.38211,23.34747],[91.38229,23.34886],[91.38774,23.34951],[91.38827,23.35058],[91.3903,23.35647],[91.38741,23.35949],[91.3894,23.36011],[91.39388,23.3592],[91.39716,23.35937],[91.39918,23.36022],[91.39946,23.36079],[91.40447,23.36259],[91.40556,23.36599],[91.40499,23.36854],[91.40616,23.36917],[91.40795,23.36762],[91.40948,23.36727],[91.41108,23.36876],[91.41019,23.37182],[91.41042,23.37246],[91.41243,23.37364],[91.416,23.37424],[91.41756,23.37366],[91.41929,23.37433],[91.41989,23.37414],[91.41912,23.37379],[91.42114,23.37307],[91.42302,23.37579],[91.42338,23.37544],[91.4276,23.37747],[91.42829,23.37661],[91.42912,23.37705],[91.42884,23.37806],[91.43453,23.3808],[91.43489,23.38051],[91.43577,23.38128],[91.43643,23.38075],[91.43606,23.38153],[91.4374,23.38338],[91.43989,23.38566],[91.44166,23.38638],[91.44175,23.38692],[91.44307,23.386],[91.4428,23.3851],[91.44349,23.3842],[91.44313,23.3839],[91.44375,23.38317],[91.44416,23.38338],[91.4448,23.38199],[91.44403,23.37963],[91.4446,23.37885],[91.44359,23.37802],[91.44424,23.37623],[91.44497,23.37633],[91.44595,23.37574],[91.44711,23.37626],[91.45133,23.37676],[91.45576,23.37539],[91.45735,23.37683],[91.45814,23.37628],[91.45937,23.3765],[91.46056,23.37807],[91.45984,23.37885],[91.46174,23.37985],[91.46049,23.38164],[91.46111,23.38235],[91.46063,23.38368],[91.46129,23.38421],[91.4601,23.38699],[91.46058,23.38872],[91.4618,23.38913],[91.46497,23.38857],[91.46574,23.39052],[91.46667,23.39136],[91.46891,23.3908],[91.4717,23.39164],[91.47367,23.39337],[91.47521,23.39366],[91.47577,23.39447],[91.47557,23.39575],[91.47398,23.39733],[91.47454,23.39834],[91.47373,23.39938],[91.47261,23.39959],[91.4712,23.39858],[91.47075,23.40036],[91.46985,23.40078],[91.46957,23.40179],[91.46873,23.40235],[91.46882,23.40337],[91.46832,23.40388],[91.47116,23.40588],[91.47293,23.40561],[91.47538,23.4065],[91.48034,23.40628],[91.4813,23.40583],[91.48161,23.40629],[91.48288,23.40578],[91.48296,23.40677],[91.4843,23.40767],[91.484,23.40932],[91.4867,23.41079],[91.48728,23.41012],[91.48996,23.41007],[91.49174,23.40774],[91.49336,23.40757],[91.49497,23.40645],[91.49747,23.40691],[91.49793,23.40778],[91.49991,23.40807],[91.50189,23.40761],[91.50601,23.40917],[91.50783,23.40894],[91.50923,23.40935],[91.51035,23.41034],[91.51042,23.41107],[91.51217,23.41028],[91.5137,23.40821],[91.51629,23.40692],[91.51747,23.40782],[91.51755,23.40843],[91.52089,23.41015],[91.52087,23.41168],[91.52316,23.41466],[91.52309,23.41574],[91.52432,23.41634],[91.52509,23.418],[91.52565,23.41768],[91.52689,23.41962],[91.52927,23.42017],[91.5335,23.41964],[91.53536,23.42042],[91.5371,23.41888],[91.53777,23.41673],[91.54062,23.41553],[91.54198,23.41665],[91.54248,23.41925],[91.54463,23.42077],[91.54857,23.41861],[91.54925,23.41712],[91.54968,23.41714],[91.55143,23.41494],[91.55376,23.41661],[91.55328,23.417],[91.55411,23.41664],[91.55571,23.41761],[91.55664,23.41946],[91.55751,23.42011],[91.55811,23.4221],[91.5624,23.42115],[91.5668,23.41789],[91.56802,23.41767],[91.56896,23.41923],[91.56926,23.41895],[91.57235,23.42206],[91.5756,23.42155],[91.57626,23.42071],[91.5776,23.41418],[91.57914,23.41328],[91.57975,23.41214],[91.58082,23.41193],[91.58017,23.41087],[91.58085,23.41019],[91.58027,23.40824],[91.58151,23.40777],[91.58155,23.40639],[91.58207,23.40564],[91.58142,23.40385],[91.58251,23.40392],[91.5837,23.4029],[91.58524,23.40281],[91.5926,23.39922],[91.59565,23.40099],[91.59548,23.40367],[91.59885,23.40669],[91.60557,23.40729],[91.61908,23.40977],[91.62061,23.41044],[91.62295,23.41007],[91.62656,23.40871],[91.62951,23.41012],[91.6324,23.41803],[91.63076,23.41932],[91.62925,23.42394],[91.63116,23.4235],[91.63578,23.41692]]]}},{"id":"1","type":"Feature","properties":{"state":"TRIPURA","state_lgd":"16","district":"WEST TRIPURA","district_lgd":"289"},"geometry":{"type":"Polygon","coordinates":[[[91.40136,24.10967],[91.40378,24.10907],[91.40976,24.10925],[91.41107,24.11001],[91.41263,24.10993],[91.41445,24.10954],[91.4172,24.10817],[91.42021,24.10841],[91.42563,24.10688],[91.42576,24.10778],[91.42809,24.10845],[91.42869,24.10802],[91.42795,24.10693],[91.42799,24.10569],[91.42941,24.10425],[91.42858,24.10179],[91.42908,24.10155],[91.42999,24.10199],[91.42984,24.10098],[91.43077,24.09993],[91.43382,24.1014],[91.43513,24.10076],[91.4373,24.10268],[91.43979,24.10189],[91.44055,24.10251],[91.44145,24.10038],[91.44144,24.0985],[91.44252,24.09822],[91.44218,24.09734],[91.44429,24.09737],[91.44451,24.09844],[91.44673,24.09914],[91.4469,24.09965],[91.44787,24.09942],[91.44753,24.10001],[91.44841,24.10075],[91.44856,24.10035],[91.44925,24.10058],[91.44959,24.10147],[91.44994,24.10087],[91.45088,24.10112],[91.45118,24.09952],[91.45204,24.09934],[91.45206,24.09829],[91.45323,24.09833],[91.45369,24.09791],[91.45354,24.09851],[91.45427,24.09866],[91.45423,24.09815],[91.45493,24.09787],[91.45428,24.09717],[91.45472,24.09722],[91.45483,24.09656],[91.45598,24.09678],[91.45637,24.09729],[91.45721,24.09688],[91.45743,24.09733],[91.45795,24.09676],[91.45865,24.09717],[91.45842,24.09757],[91.46254,24.09607],[91.46547,24.09863],[91.46839,24.09926],[91.4713,24.09878],[91.47316,24.10175],[91.47369,24.10151],[91.47311,24.10027],[91.4735,24.09978],[91.47581,24.10048],[91.47633,24.09927],[91.4781,24.09803],[91.48286,24.0978],[91.48356,24.09743],[91.48376,24.09641],[91.4873,24.09573],[91.48762,24.09524],[91.48762,24.09476],[91.48473,24.09461],[91.4838,24.09387],[91.48407,24.09343],[91.48231,24.0904],[91.4811,24.08408],[91.47901,24.08193],[91.47898,24.08146],[91.48092,24.08044],[91.4779,24.08006],[91.47468,24.07781],[91.47375,24.07621],[91.47309,24.07478],[91.47446,24.07122],[91.47452,24.0673],[91.47638,24.06468],[91.48065,24.06481],[91.48385,24.06228],[91.48377,24.0592],[91.48654,24.05737],[91.48691,24.05577],[91.48833,24.05474],[91.48757,24.05305],[91.4941,24.04778],[91.49418,24.04456],[91.49504,24.04132],[91.49555,24.02393],[91.50308,24.01584],[91.50386,24.01364],[91.49809,24.01052],[91.49838,24.0084],[91.49763,24.00552],[91.50161,24.00302],[91.50241,24.00104],[91.50379,24.00093],[91.50478,23.99999],[91.50473,23.99936],[91.5075,23.99675],[91.50733,23.99264],[91.50875,23.98841],[91.51593,23.98016],[91.51711,23.97572],[91.51827,23.97433],[91.51921,23.97028],[91.52393,23.96729],[91.51723,23.96191],[91.5176,23.96029],[91.51911,23.95798],[91.51815,23.95545],[91.51957,23.95305],[91.52058,23.94946],[91.52012,23.94726],[91.52123,23.94615],[91.52308,23.94266],[91.52757,23.9398],[91.52818,23.9389],[91.52975,23.93218],[91.53264,23.93216],[91.53302,23.93173],[91.54105,23.9337],[91.54013,23.93223],[91.53945,23.92928],[91.53842,23.92819],[91.53666,23.9243],[91.53349,23.92172],[91.53266,23.91961],[91.53247,23.91792],[91.53375,23.91184],[91.53527,23.9108],[91.5372,23.91167],[91.53974,23.91175],[91.54114,23.90959],[91.54322,23.90931],[91.54426,23.90616],[91.5478,23.90679],[91.54918,23.90765],[91.55094,23.91119],[91.55276,23.91119],[91.55086,23.90697],[91.55331,23.90178],[91.55589,23.8935],[91.55454,23.89192],[91.55429,23.8908],[91.55293,23.88041],[91.55516,23.879],[91.55831,23.87606],[91.55952,23.8763],[91.56065,23.87537],[91.56137,23.87194],[91.56331,23.86956],[91.56195,23.86251],[91.56199,23.86093],[91.56381,23.85643],[91.56363,23.85496],[91.56342,23.85341],[91.56195,23.85107],[91.56095,23.84527],[91.56088,23.84151],[91.56014,23.83874],[91.55955,23.83842],[91.5591,23.83701],[91.56076,23.83538],[91.56113,23.8287],[91.56239,23.8286],[91.56339,23.82184],[91.56585,23.8186],[91.5649,23.818],[91.56386,23.81601],[91.56272,23.81533],[91.56429,23.81313],[91.56453,23.81193],[91.56429,23.80893],[91.56386,23.80834],[91.56323,23.80852],[91.56421,23.80784],[91.56511,23.80548],[91.56437,23.80386],[91.56559,23.80044],[91.56696,23.79966],[91.56658,23.79683],[91.56698,23.79238],[91.56631,23.79207],[91.5658,23.78384],[91.56458,23.78396],[91.55761,23.78053],[91.55296,23.77441],[91.54962,23.76808],[91.5374,23.76898],[91.53689,23.76791],[91.53739,23.7662],[91.53462,23.76385],[91.53479,23.76327],[91.53391,23.76263],[91.52943,23.76359],[91.52757,23.76278],[91.52742,23.76157],[91.52653,23.76142],[91.52599,23.76043],[91.52671,23.7585],[91.5254,23.75835],[91.52348,23.75906],[91.52308,23.75695],[91.52369,23.75629],[91.52044,23.75473],[91.51844,23.7546],[91.51281,23.7511],[91.51105,23.74802],[91.50916,23.74873],[91.50875,23.74948],[91.50737,23.74957],[91.50687,23.74892],[91.50627,23.74891],[91.5049,23.75],[91.50372,23.74904],[91.5023,23.74871],[91.4977,23.74937],[91.49725,23.74924],[91.49677,23.74786],[91.49559,23.747],[91.49505,23.74735],[91.49176,23.74656],[91.49156,23.74588],[91.49005,23.74572],[91.48912,23.74457],[91.48794,23.74405],[91.48556,23.74453],[91.484,23.74349],[91.48191,23.7435],[91.48098,23.74294],[91.47997,23.74368],[91.47706,23.74083],[91.47681,23.73997],[91.47543,23.73991],[91.47421,23.74107],[91.47434,23.74255],[91.47328,23.74312],[91.47199,23.74313],[91.47098,23.74245],[91.46996,23.74312],[91.46848,23.74283],[91.46659,23.74147],[91.46452,23.74109],[91.46282,23.74347],[91.46225,23.74337],[91.46212,23.7427],[91.4613,23.7428],[91.46049,23.74212],[91.45947,23.74245],[91.45713,23.74175],[91.45437,23.74315],[91.45362,23.74483],[91.45118,23.7458],[91.44771,23.74483],[91.4474,23.74412],[91.44156,23.74557],[91.43944,23.74803],[91.44024,23.7504],[91.43814,23.75565],[91.4381,23.75823],[91.43751,23.75945],[91.43203,23.75996],[91.43037,23.75945],[91.42929,23.76078],[91.42712,23.76224],[91.42376,23.76155],[91.42097,23.76213],[91.42017,23.76272],[91.41791,23.76177],[91.41499,23.76237],[91.41306,23.76165],[91.41033,23.76182],[91.40709,23.76115],[91.40665,23.76023],[91.40338,23.75844],[91.40301,23.75779],[91.39968,23.75816],[91.39904,23.75881],[91.39934,23.76028],[91.39899,23.76231],[91.39808,23.76268],[91.39652,23.76521],[91.39492,23.76639],[91.39184,23.76614],[91.39039,23.76741],[91.38981,23.76924],[91.38831,23.76808],[91.38734,23.76579],[91.38629,23.76566],[91.38569,23.76489],[91.38643,23.7629],[91.38559,23.7607],[91.3857,23.75863],[91.38641,23.7572],[91.38496,23.75585],[91.38398,23.75258],[91.38473,23.75125],[91.38419,23.75033],[91.38451,23.7494],[91.38383,23.74676],[91.38433,23.74529],[91.38552,23.74436],[91.38572,23.74365],[91.38568,23.74186],[91.38476,23.73996],[91.38299,23.74108],[91.38256,23.74217],[91.38077,23.7431],[91.3787,23.74314],[91.37796,23.74179],[91.37593,23.74098],[91.37475,23.74005],[91.37492,23.7396],[91.37363,23.7391],[91.3731,23.73809],[91.37307,23.73639],[91.37253,23.73647],[91.37169,23.73534],[91.36851,23.73793],[91.36545,23.73688],[91.36422,23.73733],[91.36375,23.73619],[91.36268,23.73635],[91.35982,23.73519],[91.35803,23.73556],[91.35675,23.73752],[91.35519,23.73834],[91.35553,23.74193],[91.3551,23.74301],[91.35396,23.74328],[91.35274,23.74243],[91.34903,23.74214],[91.34804,23.74514],[91.34662,23.74635],[91.34684,23.74785],[91.34561,23.74985],[91.34249,23.75005],[91.33833,23.74869],[91.33789,23.74922],[91.33547,23.74887],[91.33394,23.75102],[91.33298,23.75431],[91.33068,23.75455],[91.32867,23.75354],[91.32809,23.75398],[91.3258,23.75381],[91.32507,23.75329],[91.3247,23.75373],[91.32233,23.75361],[91.32126,23.75488],[91.32008,23.75396],[91.31823,23.75347],[91.31761,23.75425],[91.31567,23.75492],[91.31472,23.75051],[91.31527,23.75002],[91.31422,23.74818],[91.31453,23.74784],[91.31411,23.74672],[91.31569,23.74512],[91.31589,23.74137],[91.31524,23.74046],[91.31532,23.73813],[91.31658,23.73702],[91.31728,23.73395],[91.31694,23.73229],[91.3164,23.73161],[91.31576,23.73157],[91.31528,23.73064],[91.31565,23.72979],[91.31514,23.72781],[91.31366,23.72815],[91.31137,23.72711],[91.31073,23.72747],[91.31215,23.72575],[91.313,23.72616],[91.31322,23.72552],[91.31379,23.72548],[91.31514,23.7265],[91.31557,23.72564],[91.31613,23.72577],[91.31614,23.72512],[91.31693,23.72538],[91.31765,23.72489],[91.31851,23.72608],[91.31883,23.72564],[91.31841,23.72241],[91.31687,23.72161],[91.3151,23.72153],[91.31615,23.71838],[91.31443,23.71771],[91.3137,23.71642],[91.31496,23.71268],[91.31294,23.70931],[91.3116,23.70882],[91.31256,23.70943],[91.31134,23.71016],[91.3131,23.71247],[91.31276,23.71426],[91.30756,23.71791],[91.30778,23.72058],[91.30601,23.72244],[91.30681,23.72347],[91.30357,23.72338],[91.30263,23.72261],[91.30284,23.72464],[91.30215,23.72476],[91.30139,23.7266],[91.29995,23.72705],[91.29948,23.72854],[91.29859,23.72798],[91.29882,23.7297],[91.29751,23.73009],[91.29701,23.73283],[91.29786,23.73626],[91.29442,23.73756],[91.29333,23.7384],[91.2934,23.73894],[91.2923,23.73861],[91.29192,23.73785],[91.28984,23.73824],[91.28567,23.7366],[91.28625,23.7329],[91.28585,23.73246],[91.28648,23.73212],[91.28661,23.73119],[91.28621,23.73005],[91.28497,23.72971],[91.28428,23.73114],[91.28346,23.73148],[91.2821,23.73086],[91.28281,23.729],[91.28264,23.72273],[91.28179,23.72234],[91.27898,23.72404],[91.27797,23.72389],[91.27814,23.7209],[91.27727,23.72031],[91.27403,23.72059],[91.27118,23.71954],[91.26979,23.72028],[91.27068,23.72273],[91.27058,23.72371],[91.26755,23.72412],[91.26755,23.72363],[91.26253,23.7236],[91.2609,23.72636],[91.2603,23.73013],[91.26105,23.73121],[91.25954,23.73177],[91.25758,23.73226],[91.25757,23.72933],[91.25652,23.72922],[91.25655,23.72862],[91.25548,23.72777],[91.25394,23.72798],[91.25412,23.72876],[91.25347,23.7279],[91.25244,23.72888],[91.25026,23.72862],[91.24885,23.72899],[91.248,23.73095],[91.24899,23.73201],[91.24958,23.73199],[91.24968,23.73251],[91.24653,23.73587],[91.24663,23.73646],[91.24558,23.73769],[91.24035,23.73738],[91.23912,23.73834],[91.23867,23.73589],[91.23729,23.73585],[91.23718,23.73535],[91.2353,23.73502],[91.23459,23.73138],[91.23347,23.7311],[91.23331,23.73054],[91.23256,23.73072],[91.23193,23.72971],[91.23022,23.72917],[91.22922,23.72942],[91.22923,23.73027],[91.22763,23.73027],[91.22424,23.73201],[91.22477,23.73305],[91.22408,23.73383],[91.22438,23.73601],[91.2247,23.7365],[91.22546,23.73588],[91.22559,23.73644],[91.22519,23.73645],[91.22518,23.73725],[91.22463,23.7377],[91.22366,23.74247],[91.22137,23.74194],[91.22079,23.74128],[91.22247,23.74569],[91.22636,23.75114],[91.22522,23.75653],[91.23068,23.76492],[91.23012,23.77927],[91.23053,23.7844],[91.22837,23.78557],[91.22852,23.78879],[91.22642,23.79093],[91.22837,23.79515],[91.23118,23.79752],[91.23106,23.79809],[91.23161,23.79818],[91.23139,23.79903],[91.234,23.8069],[91.23376,23.81083],[91.23459,23.8118],[91.23757,23.8136],[91.24287,23.82296],[91.2494,23.83185],[91.25407,23.83698],[91.25412,23.8378],[91.24993,23.84685],[91.24889,23.85081],[91.24087,23.8617],[91.23853,23.868],[91.23816,23.8722],[91.23579,23.87753],[91.23183,23.87811],[91.22962,23.88059],[91.22847,23.89863],[91.23538,23.90119],[91.24483,23.90694],[91.24618,23.91308],[91.24144,23.92269],[91.23302,23.92696],[91.23392,23.92785],[91.25171,23.92607],[91.256,23.92468],[91.26177,23.92356],[91.26395,23.92498],[91.27172,23.92465],[91.27621,23.92252],[91.27291,23.93764],[91.26423,23.94422],[91.27152,23.9629],[91.28469,23.9821],[91.28625,23.98193],[91.28579,23.98031],[91.28499,23.97977],[91.28531,23.97907],[91.28468,23.97727],[91.28528,23.9765],[91.28664,23.97599],[91.28663,23.97465],[91.28729,23.97365],[91.28775,23.9739],[91.28677,23.9723],[91.28798,23.97036],[91.28705,23.96915],[91.28768,23.96801],[91.28884,23.96844],[91.29042,23.96776],[91.29069,23.96835],[91.29554,23.96985],[91.29723,23.97167],[91.29979,23.97212],[91.29732,23.9763],[91.30357,23.98783],[91.30238,23.98923],[91.30202,23.99105],[91.30237,23.99196],[91.30146,23.99374],[91.3022,23.99539],[91.3037,23.99668],[91.30311,23.9968],[91.30364,23.99791],[91.30413,23.99787],[91.30453,23.99587],[91.3052,23.99525],[91.30763,23.99475],[91.30978,23.99295],[91.3104,23.99315],[91.31015,23.99269],[91.31102,23.99231],[91.31114,23.99171],[91.31439,23.9911],[91.31493,23.99041],[91.31679,23.99053],[91.31783,23.99177],[91.32088,23.99377],[91.3218,23.99366],[91.3236,23.99448],[91.3269,23.99154],[91.32799,23.99153],[91.33006,23.99247],[91.33044,23.99184],[91.3314,23.99186],[91.33155,23.99118],[91.33381,23.99063],[91.33431,23.9889],[91.33562,23.98864],[91.33639,23.98636],[91.33713,23.98624],[91.33741,23.98441],[91.33919,23.9842],[91.33963,23.98308],[91.34122,23.98199],[91.34298,23.98304],[91.34452,23.98273],[91.34506,23.98317],[91.34562,23.983],[91.34607,23.98365],[91.34754,23.98421],[91.34976,23.98343],[91.35035,23.98264],[91.35257,23.98218],[91.3528,23.98169],[91.3551,23.98358],[91.35881,23.98423],[91.3591,23.98533],[91.36166,23.98626],[91.36253,23.98536],[91.36277,23.98315],[91.36791,23.98031],[91.37363,23.97523],[91.37953,23.97533],[91.38002,23.97662],[91.37907,23.9771],[91.3797,23.97794],[91.37893,23.97908],[91.37966,23.97901],[91.3791,23.98003],[91.37842,23.97973],[91.37775,23.98012],[91.37982,23.98124],[91.37959,23.98171],[91.38015,23.98247],[91.37898,23.98196],[91.37896,23.98251],[91.37737,23.98266],[91.37717,23.9842],[91.37784,23.98463],[91.378,23.98542],[91.37731,23.98485],[91.3762,23.98671],[91.3769,23.98751],[91.37658,23.9883],[91.37742,23.98785],[91.37851,23.98857],[91.37736,23.98935],[91.37735,23.99014],[91.37666,23.99006],[91.37677,23.99059],[91.37903,23.99104],[91.37788,23.99163],[91.37831,23.99299],[91.3771,23.99319],[91.37666,23.99265],[91.37647,23.99369],[91.37529,23.99364],[91.37501,23.99459],[91.37425,23.99496],[91.37533,23.99545],[91.37623,23.99513],[91.376,23.99623],[91.37658,23.99662],[91.37569,23.99697],[91.37515,23.99672],[91.37544,23.99602],[91.37502,23.99592],[91.37469,23.99646],[91.37544,23.99773],[91.37442,23.9972],[91.37379,23.99757],[91.37384,23.99855],[91.37457,23.99907],[91.3751,23.99875],[91.37518,23.99953],[91.37396,24.00107],[91.37497,24.00218],[91.37345,24.00214],[91.37334,24.00265],[91.39086,24.02578],[91.3908,24.02778],[91.39645,24.04233],[91.3966,24.04962],[91.37713,24.07984],[91.3744,24.10598],[91.37461,24.10777],[91.37548,24.10708],[91.3772,24.10688],[91.37952,24.10786],[91.38128,24.10712],[91.38564,24.10751],[91.38721,24.10721],[91.38899,24.10856],[91.39089,24.10877],[91.39149,24.10802],[91.39417,24.1083],[91.39443,24.10874],[91.39809,24.10948],[91.40018,24.11135],[91.40152,24.1115],[91.4011,24.11068],[91.40136,24.10967]]]}},{"id":"2","type":"Feature","properties":{"state":"TRIPURA","state_lgd":"16","district":"DHALAI","district_lgd":"291"},"geometry":{"type":"Polygon","coordinates":[[[91.74503,24.24697],[91.78796,24.22244],[91.78915,24.22082],[91.79026,24.22097],[91.79105,24.22046],[91.79132,24.22076],[91.79135,24.2199],[91.79178,24.21971],[91.79258,24.22058],[91.79388,24.2209],[91.79432,24.21953],[91.79576,24.22047],[91.79613,24.21971],[91.79792,24.21952],[91.79879,24.22075],[91.79932,24.22019],[91.80011,24.22029],[91.80026,24.2199],[91.80236,24.21934],[91.80239,24.21982],[91.80336,24.22026],[91.80416,24.22051],[91.80469,24.22],[91.80623,24.22068],[91.80708,24.21892],[91.80592,24.2187],[91.80758,24.2178],[91.80939,24.21776],[91.80965,24.21823],[91.80998,24.21742],[91.81048,24.21757],[91.81033,24.21702],[91.81085,24.21692],[91.81052,24.21649],[91.81114,24.21669],[91.81138,24.21518],[91.813,24.21355],[91.81254,24.21198],[91.81325,24.21256],[91.81498,24.21174],[91.8153,24.21203],[91.81627,24.21094],[91.81629,24.20997],[91.81704,24.2104],[91.81773,24.20982],[91.81767,24.21052],[91.81878,24.21032],[91.81907,24.21065],[91.81923,24.20968],[91.81964,24.20961],[91.81949,24.21025],[91.82073,24.20921],[91.82174,24.21029],[91.8214,24.21082],[91.82265,24.21057],[91.82241,24.21021],[91.82283,24.21038],[91.82286,24.20997],[91.82385,24.21008],[91.82356,24.21084],[91.824,24.21136],[91.82473,24.21099],[91.82504,24.21246],[91.82645,24.21361],[91.82925,24.21315],[91.82899,24.21405],[91.8301,24.21545],[91.83114,24.21591],[91.83159,24.21783],[91.83123,24.21817],[91.83323,24.21789],[91.83381,24.21838],[91.83583,24.21768],[91.83683,24.21871],[91.83788,24.21875],[91.83849,24.22019],[91.83783,24.22045],[91.83713,24.22368],[91.8381,24.22397],[91.83763,24.22494],[91.8369,24.22483],[91.83701,24.22556],[91.83776,24.22547],[91.83856,24.22641],[91.84047,24.22585],[91.84329,24.22636],[91.84569,24.22501],[91.84603,24.22395],[91.84335,24.22319],[91.84274,24.22259],[91.84307,24.22022],[91.84367,24.22007],[91.84566,24.22127],[91.84931,24.22118],[91.84986,24.22067],[91.84952,24.2199],[91.84737,24.2196],[91.84569,24.21747],[91.84765,24.21783],[91.84864,24.216],[91.85028,24.21684],[91.85104,24.21666],[91.85159,24.2149],[91.8547,24.21348],[91.85518,24.21239],[91.85513,24.21187],[91.85447,24.21163],[91.85277,24.21208],[91.85175,24.21312],[91.84983,24.21275],[91.84971,24.21166],[91.85213,24.20862],[91.85162,24.20766],[91.85026,24.20874],[91.84924,24.20838],[91.8488,24.20624],[91.84948,24.20463],[91.84916,24.20366],[91.84683,24.20235],[91.84606,24.20059],[91.84399,24.202],[91.8429,24.20198],[91.84196,24.20134],[91.84218,24.20066],[91.84422,24.19972],[91.84444,24.199],[91.84371,24.1975],[91.84399,24.19674],[91.84436,24.1966],[91.84442,24.1973],[91.84527,24.19736],[91.84555,24.19671],[91.84495,24.1964],[91.84483,24.19557],[91.84568,24.19598],[91.84562,24.19502],[91.84628,24.19521],[91.84614,24.19357],[91.84719,24.19311],[91.84618,24.19284],[91.84664,24.19175],[91.84544,24.19138],[91.84668,24.19122],[91.84699,24.1903],[91.84918,24.19104],[91.84961,24.19021],[91.84996,24.19069],[91.85099,24.19079],[91.85136,24.18953],[91.85278,24.18979],[91.85292,24.18866],[91.85378,24.18743],[91.85413,24.18784],[91.85512,24.18695],[91.85483,24.18578],[91.85414,24.18537],[91.85434,24.18443],[91.85332,24.18439],[91.85393,24.18421],[91.85339,24.18335],[91.85397,24.1829],[91.85424,24.18345],[91.85504,24.18278],[91.85577,24.18315],[91.85529,24.18267],[91.85603,24.18233],[91.85546,24.18192],[91.85563,24.18144],[91.857,24.18224],[91.85721,24.1818],[91.85795,24.18179],[91.85798,24.1807],[91.85873,24.18129],[91.85917,24.18061],[91.8595,24.18163],[91.86007,24.18185],[91.86053,24.18148],[91.86102,24.18286],[91.86169,24.1824],[91.86117,24.1813],[91.86231,24.18189],[91.86258,24.18141],[91.86388,24.18107],[91.86309,24.18038],[91.86336,24.17984],[91.86405,24.18029],[91.86416,24.17967],[91.86432,24.18005],[91.86515,24.18004],[91.86488,24.17875],[91.86621,24.17761],[91.86603,24.1772],[91.86656,24.17716],[91.86617,24.17648],[91.86714,24.17659],[91.86768,24.17745],[91.86841,24.17641],[91.86941,24.17718],[91.86887,24.17674],[91.87041,24.1765],[91.87035,24.17532],[91.87151,24.17454],[91.87205,24.17456],[91.87256,24.17532],[91.87339,24.17441],[91.87399,24.17447],[91.8736,24.17436],[91.87406,24.17378],[91.87373,24.17258],[91.87307,24.17256],[91.87433,24.17197],[91.87346,24.17178],[91.87351,24.17099],[91.87415,24.1709],[91.87402,24.17144],[91.87554,24.17123],[91.87512,24.17019],[91.87591,24.17037],[91.87634,24.16972],[91.875,24.16922],[91.87413,24.16956],[91.87406,24.16819],[91.87338,24.16787],[91.87479,24.16767],[91.87434,24.16688],[91.87388,24.16734],[91.87364,24.16666],[91.87497,24.16631],[91.87456,24.16589],[91.87499,24.16512],[91.87436,24.16376],[91.87383,24.16371],[91.87472,24.16325],[91.87379,24.16317],[91.8745,24.16237],[91.87519,24.16267],[91.87448,24.16174],[91.87463,24.16143],[91.87506,24.16206],[91.87609,24.16126],[91.87669,24.16146],[91.87692,24.16027],[91.87642,24.16031],[91.87607,24.15943],[91.877,24.15873],[91.87694,24.15823],[91.87643,24.15823],[91.87731,24.15769],[91.8761,24.15626],[91.87522,24.15623],[91.87521,24.1551],[91.87566,24.15442],[91.87685,24.15467],[91.8768,24.15358],[91.87624,24.15325],[91.87749,24.1536],[91.87751,24.15396],[91.8781,24.15202],[91.8785,24.15217],[91.87842,24.15134],[91.87908,24.15149],[91.87873,24.15121],[91.87906,24.15084],[91.87854,24.15112],[91.87855,24.15056],[91.87822,24.1508],[91.87803,24.15065],[91.87782,24.15021],[91.87802,24.15052],[91.87805,24.14988],[91.87849,24.14989],[91.87831,24.14899],[91.87886,24.14902],[91.87813,24.14855],[91.87843,24.14794],[91.87787,24.14782],[91.87849,24.14753],[91.87831,24.14717],[91.87916,24.14728],[91.8791,24.14671],[91.87846,24.14666],[91.87865,24.1462],[91.8798,24.14519],[91.88039,24.14583],[91.88123,24.14581],[91.88108,24.14535],[91.88205,24.14477],[91.88207,24.14347],[91.88265,24.14393],[91.88377,24.14245],[91.88443,24.14256],[91.88396,24.14157],[91.88445,24.14118],[91.88442,24.13997],[91.88498,24.13975],[91.88449,24.13873],[91.88584,24.13881],[91.88558,24.13837],[91.88637,24.13812],[91.88671,24.13854],[91.88815,24.13842],[91.88901,24.13885],[91.88937,24.13823],[91.88906,24.1379],[91.88974,24.13781],[91.89046,24.1365],[91.89188,24.137],[91.89206,24.13773],[91.89412,24.13789],[91.89581,24.13924],[91.89808,24.13939],[91.90173,24.13713],[91.8999,24.13709],[91.91031,24.13048],[91.91011,24.12885],[91.91191,24.11851],[91.91222,24.11309],[91.91331,24.11188],[91.9173,24.10951],[91.9169,24.10914],[91.91731,24.10843],[91.91656,24.10799],[91.91661,24.10664],[91.9175,24.10674],[91.91855,24.10794],[91.91924,24.10738],[91.91892,24.10708],[91.91929,24.10612],[91.92064,24.10612],[91.92282,24.10478],[91.92701,24.10382],[91.92825,24.10293],[91.92841,24.10216],[91.9289,24.10268],[91.92907,24.1022],[91.93003,24.10225],[91.93001,24.09972],[91.93157,24.09857],[91.93251,24.09968],[91.93273,24.09905],[91.93343,24.09942],[91.93505,24.09851],[91.93734,24.09845],[91.94233,24.09738],[91.94431,24.09825],[91.94707,24.09696],[91.94907,24.09709],[91.95282,24.0952],[91.95443,24.09323],[91.95873,24.09118],[91.95897,24.09039],[91.95981,24.09057],[91.96032,24.08973],[91.96068,24.09005],[91.96154,24.08958],[91.96184,24.08715],[91.9652,24.08488],[91.96989,24.08452],[91.97179,24.08567],[91.97152,24.08141],[91.97256,24.08008],[91.96981,24.07715],[91.97,24.07593],[91.96918,24.07425],[91.97023,24.07269],[91.9698,24.06992],[91.97087,24.06857],[91.97356,24.06779],[91.97427,24.06888],[91.97268,24.06949],[91.97314,24.06984],[91.97297,24.07026],[91.97355,24.07015],[91.97399,24.07071],[91.9726,24.07171],[91.97262,24.07308],[91.97516,24.07301],[91.97568,24.07212],[91.97723,24.07158],[91.97713,24.07413],[91.97823,24.07509],[91.97902,24.07533],[91.98008,24.07398],[91.98054,24.07406],[91.98917,24.08055],[91.99046,24.08623],[91.99261,24.08631],[91.99363,24.08722],[91.99336,24.08926],[91.99546,24.08867],[92.00032,24.08516],[92.00337,24.08458],[92.00274,24.0867],[92.00462,24.08837],[92.004,24.08917],[92.00349,24.09155],[92.00232,24.09207],[92.00115,24.09384],[92.00215,24.09661],[92.0059,24.099],[92.00564,24.10162],[92.00613,24.10313],[92.00611,24.10626],[92.00667,24.10717],[92.00609,24.10783],[92.01278,24.1062],[92.01231,24.10555],[92.01535,24.10339],[92.01711,24.10088],[92.02752,24.10129],[92.02888,24.1022],[92.0319,24.09875],[92.03704,24.0995],[92.0387,24.10123],[92.04077,24.10141],[92.04212,24.10204],[92.04433,24.10409],[92.04438,24.10379],[92.05061,24.10382],[92.05134,24.10057],[92.05086,24.09632],[92.05137,24.09459],[92.07464,24.09508],[92.07049,24.08863],[92.07424,24.07718],[92.07167,24.05741],[92.07307,24.05379],[92.07205,24.04929],[92.07227,24.04586],[92.07186,24.04358],[92.07067,24.04165],[92.07116,24.03308],[92.07238,24.02758],[92.07568,24.0264],[92.07673,24.02424],[92.08395,24.01824],[92.09149,24.01743],[92.09258,24.01667],[92.09156,24.01241],[92.09347,24.00549],[92.09387,24.0053],[92.09094,23.99909],[92.09151,23.99881],[92.09291,23.99413],[92.09232,23.98991],[92.0915,23.98805],[92.09237,23.98145],[92.09174,23.98074],[92.09158,23.97855],[92.09198,23.97853],[92.09293,23.97162],[92.09549,23.96885],[92.09258,23.9648],[92.09355,23.95586],[92.09376,23.94772],[92.09301,23.94369],[92.09323,23.9367],[92.09989,23.92929],[92.10142,23.92876],[92.10566,23.92976],[92.1124,23.92589],[92.12004,23.92757],[92.12383,23.92921],[92.12453,23.93043],[92.13395,23.91895],[92.13376,23.91808],[92.13485,23.91432],[92.13716,23.90933],[92.13538,23.90956],[92.13638,23.90495],[92.13798,23.90224],[92.13788,23.89928],[92.14158,23.88739],[92.14551,23.88116],[92.14669,23.8802],[92.151,23.86897],[92.15025,23.86519],[92.15045,23.86299],[92.14891,23.86211],[92.14995,23.86218],[92.15055,23.86172],[92.15068,23.85976],[92.15217,23.86033],[92.15238,23.86002],[92.15488,23.85589],[92.15545,23.85213],[92.15605,23.85109],[92.15667,23.84221],[92.15843,23.82904],[92.15696,23.81569],[92.15603,23.81492],[92.15588,23.81336],[92.15753,23.8133],[92.15763,23.8126],[92.15745,23.8105],[92.15694,23.81016],[92.15736,23.80797],[92.15604,23.7971],[92.15667,23.79595],[92.15617,23.7934],[92.15798,23.79067],[92.15742,23.78381],[92.15776,23.7839],[92.1582,23.78136],[92.1582,23.77718],[92.16051,23.77039],[92.1614,23.76915],[92.16277,23.76385],[92.16771,23.75448],[92.16982,23.75509],[92.17273,23.75512],[92.17335,23.75233],[92.17203,23.7473],[92.17242,23.74511],[92.17109,23.74084],[92.17102,23.73906],[92.16973,23.73968],[92.16681,23.74008],[92.16482,23.73889],[92.16241,23.73962],[92.16079,23.73852],[92.15848,23.73808],[92.15612,23.73673],[92.15596,23.73527],[92.15493,23.73436],[92.15359,23.73467],[92.15168,23.73398],[92.15061,23.73565],[92.14964,23.73528],[92.14872,23.73563],[92.14449,23.7334],[92.14344,23.72991],[92.14247,23.7293],[92.14228,23.7253],[92.14162,23.72416],[92.14109,23.7241],[92.14074,23.72263],[92.13855,23.72106],[92.13934,23.72018],[92.13683,23.71887],[92.13655,23.71789],[92.13548,23.7174],[92.13566,23.71699],[92.13469,23.71587],[92.13401,23.71575],[92.13411,23.71454],[92.13192,23.71308],[92.13153,23.71227],[92.13181,23.71137],[92.13058,23.71052],[92.13046,23.7097],[92.12902,23.70897],[92.12897,23.70781],[92.12752,23.7076],[92.1268,23.70666],[92.12533,23.70653],[92.12519,23.7049],[92.12415,23.70307],[92.12488,23.70204],[92.12441,23.70158],[92.12476,23.70068],[92.12298,23.69948],[92.12356,23.69897],[92.12342,23.698],[92.12429,23.69731],[92.12328,23.69667],[92.12391,23.69559],[92.12249,23.69472],[92.12139,23.69506],[92.12084,23.69273],[92.1196,23.6924],[92.11816,23.69106],[92.11625,23.69122],[92.11543,23.69374],[92.11417,23.69425],[92.11425,23.6929],[92.11319,23.69163],[92.11147,23.69096],[92.11156,23.69007],[92.10982,23.6903],[92.10617,23.68866],[92.10633,23.68824],[92.10399,23.68599],[92.10427,23.68495],[92.10507,23.68433],[92.10461,23.68428],[92.10369,23.68274],[92.10415,23.68201],[92.10348,23.68114],[92.10416,23.68083],[92.10221,23.67965],[92.1024,23.67874],[92.10086,23.67885],[92.09969,23.67671],[92.09797,23.67661],[92.09685,23.67723],[92.09629,23.67695],[92.09539,23.67776],[92.09379,23.67767],[92.09326,23.67835],[92.09183,23.67769],[92.09176,23.67692],[92.08777,23.67943],[92.08746,23.68056],[92.08658,23.68028],[92.08649,23.67946],[92.0852,23.68076],[92.08426,23.67984],[92.08303,23.68005],[92.0831,23.67703],[92.08165,23.67581],[92.08182,23.67498],[92.08068,23.67138],[92.0783,23.67103],[92.07631,23.66804],[92.07697,23.66727],[92.07776,23.66715],[92.07839,23.66518],[92.07947,23.66467],[92.08001,23.66227],[92.07954,23.65937],[92.07861,23.65773],[92.07926,23.65577],[92.0777,23.65435],[92.07852,23.65378],[92.07785,23.6522],[92.07849,23.65171],[92.07823,23.65106],[92.07918,23.64845],[92.07829,23.64824],[92.07659,23.64879],[92.07282,23.64652],[92.07184,23.64738],[92.07098,23.64725],[92.06905,23.64815],[92.06786,23.64783],[92.06594,23.64604],[92.06367,23.64573],[92.06334,23.64502],[92.06174,23.64545],[92.06119,23.64713],[92.05772,23.64847],[92.04986,23.64936],[92.04938,23.64809],[92.04838,23.64769],[92.04809,23.64804],[92.04772,23.64687],[92.04654,23.64659],[92.0449,23.64812],[92.04341,23.64856],[92.04196,23.64792],[92.04012,23.64885],[92.03898,23.65041],[92.03931,23.6513],[92.03895,23.65164],[92.03751,23.65211],[92.03686,23.65186],[92.03663,23.65269],[92.034,23.65354],[92.03315,23.65525],[92.03237,23.65526],[92.0319,23.65603],[92.03129,23.65585],[92.03136,23.65703],[92.03052,23.65714],[92.03063,23.65787],[92.02966,23.65836],[92.02813,23.65815],[92.02679,23.65881],[92.02635,23.6581],[92.02509,23.65781],[92.02453,23.65719],[92.0223,23.65808],[92.02267,23.65951],[92.02426,23.66113],[92.0238,23.66273],[92.02328,23.66283],[92.02278,23.66213],[92.02223,23.6623],[92.02239,23.66275],[92.02125,23.66265],[92.02064,23.6621],[92.01973,23.66274],[92.01679,23.66104],[92.01575,23.6598],[92.01457,23.66038],[92.01323,23.66343],[92.01151,23.66302],[92.01024,23.66358],[92.00867,23.6635],[92.0068,23.66722],[92.00682,23.66821],[92.00736,23.66864],[92.00617,23.67112],[92.00363,23.67182],[92.00164,23.67061],[92.00064,23.67058],[92.00001,23.67127],[92.00053,23.67339],[91.99947,23.6745],[91.99913,23.67759],[91.99683,23.67966],[91.99621,23.68286],[91.99458,23.68647],[91.99504,23.68725],[91.99366,23.68781],[91.99414,23.6914],[91.99326,23.69452],[91.99196,23.69566],[91.99036,23.69819],[91.98995,23.69973],[91.98874,23.70099],[91.98885,23.70497],[91.98735,23.7082],[91.9869,23.71138],[91.98595,23.71271],[91.98635,23.71543],[91.98517,23.71628],[91.98536,23.71872],[91.98621,23.71994],[91.98535,23.72143],[91.98568,23.72184],[91.98529,23.72293],[91.98456,23.7229],[91.98418,23.72397],[91.9828,23.72318],[91.9812,23.72296],[91.98068,23.72338],[91.97971,23.72629],[91.98,23.72726],[91.9782,23.73124],[91.97827,23.73308],[91.97606,23.73283],[91.97527,23.73177],[91.97234,23.73169],[91.96983,23.73048],[91.9688,23.72944],[91.96812,23.7299],[91.96733,23.72944],[91.96604,23.7308],[91.96688,23.73306],[91.96625,23.73362],[91.96275,23.73336],[91.9598,23.73478],[91.95947,23.73414],[91.95702,23.73399],[91.95695,23.73162],[91.95588,23.73102],[91.95494,23.73133],[91.95422,23.73057],[91.95533,23.72863],[91.9542,23.72727],[91.95429,23.72626],[91.9524,23.72602],[91.95168,23.72659],[91.95056,23.72607],[91.95167,23.72373],[91.95119,23.72114],[91.95308,23.72044],[91.95463,23.72105],[91.9541,23.71938],[91.95207,23.71807],[91.95145,23.71648],[91.95058,23.71615],[91.95044,23.71519],[91.94864,23.71478],[91.94825,23.71397],[91.95001,23.71086],[91.94958,23.70856],[91.94994,23.70778],[91.94944,23.70651],[91.9523,23.70483],[91.95174,23.7031],[91.95062,23.70187],[91.95066,23.69958],[91.95325,23.69794],[91.95574,23.69806],[91.95721,23.69762],[91.95681,23.69661],[91.95789,23.69441],[91.95716,23.69372],[91.95554,23.69389],[91.95485,23.69311],[91.95308,23.69278],[91.95244,23.69286],[91.95211,23.69407],[91.95072,23.69458],[91.94889,23.6941],[91.94756,23.69304],[91.94588,23.69327],[91.94579,23.69422],[91.94134,23.6936],[91.94066,23.69302],[91.94146,23.69128],[91.94025,23.69052],[91.94102,23.68977],[91.94076,23.68853],[91.93893,23.68759],[91.93796,23.68808],[91.93668,23.68796],[91.93617,23.68635],[91.93454,23.68606],[91.93402,23.68456],[91.9371,23.68133],[91.93679,23.68061],[91.93753,23.67998],[91.9376,23.67848],[91.93893,23.67671],[91.93902,23.67559],[91.93973,23.67521],[91.93871,23.67321],[91.94008,23.67175],[91.9399,23.67121],[91.94059,23.67],[91.94212,23.66936],[91.9408,23.66806],[91.94141,23.66684],[91.94078,23.66618],[91.941,23.66557],[91.94042,23.66417],[91.94103,23.66366],[91.94072,23.66333],[91.94113,23.662],[91.94051,23.66147],[91.94035,23.66018],[91.9392,23.65947],[91.94109,23.6564],[91.94086,23.65566],[91.93995,23.65516],[91.94066,23.65488],[91.94084,23.65372],[91.94177,23.65329],[91.94201,23.65232],[91.94327,23.65246],[91.94394,23.65183],[91.94419,23.64997],[91.94498,23.64991],[91.94565,23.64894],[91.9448,23.6484],[91.94485,23.64793],[91.94665,23.64598],[91.94564,23.64579],[91.94599,23.64417],[91.94492,23.64333],[91.94595,23.6426],[91.94549,23.64172],[91.94606,23.64023],[91.94554,23.63913],[91.94674,23.6375],[91.94484,23.637],[91.94487,23.63643],[91.94238,23.6348],[91.94236,23.6338],[91.94365,23.63236],[91.9451,23.62854],[91.94721,23.62837],[91.94707,23.62737],[91.94779,23.62546],[91.94666,23.62431],[91.94651,23.62282],[91.9477,23.62243],[91.94863,23.62136],[91.95079,23.61705],[91.95195,23.61681],[91.95152,23.61512],[91.9527,23.61334],[91.95243,23.61131],[91.95429,23.60956],[91.95334,23.60736],[91.95346,23.60562],[91.95293,23.60386],[91.95353,23.60246],[91.95277,23.60204],[91.95193,23.60044],[91.95285,23.6],[91.95228,23.59877],[91.95452,23.59232],[91.95425,23.59159],[91.95557,23.59],[91.95478,23.58861],[91.95492,23.58719],[91.95425,23.58677],[91.95577,23.58437],[91.95542,23.58397],[91.95579,23.58216],[91.95671,23.58197],[91.95534,23.57831],[91.95596,23.57754],[91.95543,23.5755],[91.95668,23.57456],[91.95694,23.57321],[91.95869,23.57146],[91.95814,23.57121],[91.9588,23.57057],[91.95856,23.56978],[91.95801,23.56951],[91.95729,23.56753],[91.95824,23.56632],[91.95777,23.56561],[91.95947,23.56405],[91.95876,23.56223],[91.95766,23.56155],[91.95743,23.56058],[91.95662,23.56028],[91.95654,23.55833],[91.95798,23.55663],[91.95796,23.55521],[91.95887,23.55368],[91.95877,23.55263],[91.95695,23.55185],[91.9568,23.55127],[91.95837,23.54892],[91.95817,23.54812],[91.9595,23.54742],[91.9602,23.54635],[91.95945,23.54509],[91.96109,23.54279],[91.96147,23.54087],[91.96254,23.54021],[91.96315,23.53708],[91.96461,23.53525],[91.96357,23.53319],[91.96033,23.53305],[91.95903,23.53253],[91.95905,23.5317],[91.95767,23.52943],[91.95668,23.52876],[91.95628,23.52571],[91.95734,23.52429],[91.95837,23.521],[91.95963,23.51987],[91.96008,23.51845],[91.96347,23.5195],[91.96434,23.51916],[91.96327,23.51758],[91.96314,23.51632],[91.96357,23.51584],[91.96488,23.51612],[91.96625,23.51512],[91.96476,23.51361],[91.96467,23.51266],[91.96825,23.51018],[91.96818,23.50896],[91.96945,23.50553],[91.97105,23.50302],[91.96995,23.5014],[91.97003,23.49993],[91.96853,23.49901],[91.9692,23.49637],[91.97084,23.49508],[91.97104,23.49414],[91.97252,23.49471],[91.97229,23.49292],[91.97283,23.49238],[91.97086,23.49197],[91.9703,23.49],[91.96951,23.48903],[91.96966,23.48772],[91.96864,23.48741],[91.96981,23.48484],[91.97032,23.48224],[91.96937,23.48209],[91.97006,23.48074],[91.96982,23.47854],[91.97039,23.47828],[91.96913,23.47638],[91.96722,23.47711],[91.96735,23.47795],[91.9655,23.47849],[91.96218,23.47777],[91.95833,23.47941],[91.95871,23.47288],[91.95757,23.47287],[91.95666,23.47559],[91.95544,23.47567],[91.95481,23.4754],[91.95442,23.47441],[91.95241,23.47346],[91.95194,23.47246],[91.94956,23.47151],[91.94998,23.47086],[91.94964,23.47001],[91.9477,23.46956],[91.94778,23.46666],[91.94692,23.46593],[91.94557,23.46583],[91.94563,23.46699],[91.945,23.46771],[91.94288,23.46618],[91.94109,23.46586],[91.9383,23.46633],[91.93785,23.46689],[91.93666,23.4666],[91.93689,23.46395],[91.93753,23.4633],[91.93866,23.46331],[91.93909,23.46161],[91.93909,23.46052],[91.93807,23.46066],[91.93792,23.45919],[91.93839,23.45729],[91.93893,23.45691],[91.93944,23.45338],[91.94089,23.45052],[91.94046,23.44976],[91.94073,23.44784],[91.94018,23.44733],[91.94105,23.44653],[91.9412,23.4444],[91.94223,23.44195],[91.94211,23.44075],[91.94258,23.44049],[91.94229,23.43935],[91.94317,23.43698],[91.94309,23.4353],[91.94261,23.43498],[91.94058,23.43533],[91.93852,23.43409],[91.93743,23.43234],[91.93429,23.43347],[91.93486,23.43522],[91.933,23.43598],[91.93289,23.43513],[91.93132,23.43446],[91.9305,23.43522],[91.92987,23.43449],[91.92821,23.43395],[91.92676,23.43377],[91.92628,23.43434],[91.924,23.43366],[91.92169,23.43685],[91.92181,23.43798],[91.92019,23.43881],[91.91922,23.43843],[91.91902,23.4395],[91.91846,23.43956],[91.91755,23.43842],[91.9168,23.43886],[91.91443,23.43703],[91.91362,23.43746],[91.91346,23.43671],[91.91066,23.43692],[91.90936,23.43655],[91.90735,23.43733],[91.90646,23.43685],[91.90579,23.43773],[91.90465,23.43765],[91.90422,23.43851],[91.9032,23.43843],[91.9028,23.43944],[91.89971,23.4406],[91.89914,23.44032],[91.89994,23.4391],[91.89902,23.4356],[91.89776,23.43504],[91.89702,23.43383],[91.8957,23.43333],[91.89609,23.43238],[91.89581,23.4318],[91.89522,23.43134],[91.89414,23.43142],[91.89364,23.43233],[91.89113,23.43359],[91.88742,23.43289],[91.88878,23.42922],[91.88659,23.4265],[91.88451,23.42545],[91.88278,23.42515],[91.88027,23.42806],[91.87811,23.42637],[91.87582,23.42604],[91.87363,23.42727],[91.87167,23.4271],[91.86949,23.42793],[91.86807,23.42723],[91.86677,23.42755],[91.86493,23.42886],[91.86396,23.42839],[91.86372,23.42893],[91.86233,23.42914],[91.86122,23.42844],[91.86057,23.42926],[91.85993,23.42931],[91.85958,23.42777],[91.85847,23.42777],[91.8589,23.42696],[91.85678,23.42752],[91.85688,23.42654],[91.85547,23.42676],[91.85478,23.42637],[91.85461,23.42559],[91.85125,23.42506],[91.85282,23.42641],[91.85392,23.42827],[91.85527,23.42888],[91.85727,23.43122],[91.85761,23.43219],[91.8573,23.43362],[91.85952,23.43831],[91.86292,23.44039],[91.86403,23.44173],[91.86359,23.44276],[91.86404,23.44297],[91.86404,23.44552],[91.86363,23.44534],[91.86324,23.44609],[91.86265,23.44977],[91.86372,23.45169],[91.86381,23.45318],[91.86303,23.45518],[91.86417,23.45584],[91.86389,23.45722],[91.86263,23.45784],[91.86259,23.45856],[91.8606,23.46031],[91.85734,23.4624],[91.85697,23.46361],[91.85609,23.46414],[91.85597,23.46513],[91.85504,23.46515],[91.85293,23.46683],[91.85171,23.46648],[91.85208,23.46548],[91.85324,23.46484],[91.85226,23.46381],[91.85065,23.46731],[91.8497,23.46673],[91.84962,23.46504],[91.84889,23.4658],[91.84701,23.46606],[91.84485,23.46503],[91.84443,23.46381],[91.84329,23.4642],[91.84204,23.46564],[91.84053,23.46566],[91.83882,23.46761],[91.83815,23.47275],[91.83852,23.47371],[91.83781,23.47426],[91.83687,23.47409],[91.83613,23.47524],[91.83528,23.47492],[91.83448,23.47533],[91.83401,23.47494],[91.83454,23.47288],[91.83375,23.47331],[91.83275,23.47307],[91.83246,23.47391],[91.83067,23.47395],[91.82961,23.4736],[91.82928,23.47276],[91.82894,23.47396],[91.82782,23.47506],[91.82988,23.47629],[91.82909,23.47725],[91.82957,23.47835],[91.82786,23.47959],[91.82774,23.4823],[91.82723,23.48265],[91.82604,23.48229],[91.82615,23.484],[91.82539,23.48473],[91.82459,23.48481],[91.82422,23.48585],[91.82209,23.48718],[91.82138,23.48641],[91.82188,23.48403],[91.82076,23.48427],[91.82033,23.48604],[91.82078,23.4887],[91.82174,23.48946],[91.82151,23.49197],[91.82024,23.49393],[91.81936,23.49443],[91.81829,23.49692],[91.81754,23.49688],[91.81666,23.49861],[91.81565,23.49911],[91.81493,23.49828],[91.8144,23.49949],[91.81314,23.49962],[91.81263,23.5022],[91.81162,23.5023],[91.81145,23.50328],[91.8104,23.50372],[91.80954,23.50306],[91.80865,23.5031],[91.80934,23.5022],[91.80705,23.50099],[91.80666,23.50029],[91.80751,23.49983],[91.80741,23.49945],[91.80578,23.50015],[91.80666,23.50142],[91.80642,23.50231],[91.80394,23.50206],[91.80374,23.50281],[91.80258,23.50335],[91.8026,23.50419],[91.80125,23.50357],[91.80098,23.50447],[91.80041,23.5041],[91.79924,23.50513],[91.79738,23.50525],[91.7982,23.50608],[91.79924,23.50609],[91.79987,23.5082],[91.80259,23.51004],[91.80354,23.5115],[91.80315,23.51148],[91.8068,23.51564],[91.80649,23.52171],[91.80752,23.52324],[91.80734,23.52595],[91.80634,23.52741],[91.80364,23.52852],[91.80338,23.53259],[91.80437,23.53551],[91.80558,23.53604],[91.80427,23.53682],[91.80369,23.53986],[91.802,23.54111],[91.80158,23.53905],[91.8004,23.53971],[91.79931,23.53917],[91.80014,23.5382],[91.79903,23.53718],[91.7989,23.5361],[91.79591,23.53535],[91.79604,23.53392],[91.79311,23.53643],[91.792,23.53613],[91.79053,23.53663],[91.78865,23.54028],[91.78826,23.54015],[91.78862,23.53913],[91.78756,23.53969],[91.78772,23.54179],[91.78708,23.54216],[91.78635,23.54166],[91.78568,23.54294],[91.7862,23.54338],[91.78417,23.54539],[91.78406,23.54644],[91.78341,23.54675],[91.78285,23.5462],[91.7819,23.5466],[91.7826,23.54825],[91.78174,23.54882],[91.78201,23.54946],[91.78025,23.55023],[91.78005,23.55108],[91.78042,23.55228],[91.78139,23.55206],[91.78209,23.55429],[91.78048,23.55375],[91.77889,23.55535],[91.77933,23.55599],[91.78054,23.55588],[91.78081,23.55641],[91.78029,23.5575],[91.7788,23.55821],[91.77923,23.55919],[91.77788,23.55928],[91.77819,23.55996],[91.77762,23.56041],[91.778,23.56137],[91.77874,23.56132],[91.7793,23.56207],[91.77815,23.56541],[91.77839,23.56645],[91.7778,23.56671],[91.77864,23.56713],[91.77707,23.56833],[91.77722,23.56996],[91.77593,23.57174],[91.77567,23.57297],[91.77463,23.57288],[91.775,23.57332],[91.77362,23.57531],[91.77377,23.57724],[91.77227,23.58023],[91.77168,23.58264],[91.77236,23.58564],[91.77471,23.58872],[91.77403,23.59313],[91.77416,23.59846],[91.77386,23.59976],[91.77284,23.59994],[91.7732,23.60053],[91.7722,23.60104],[91.77237,23.60181],[91.77333,23.6025],[91.77268,23.60337],[91.77348,23.60391],[91.77273,23.60442],[91.77221,23.60427],[91.77137,23.60574],[91.7713,23.60637],[91.77209,23.60704],[91.77148,23.60726],[91.77178,23.60788],[91.77128,23.60857],[91.77135,23.61019],[91.76987,23.61098],[91.76798,23.6141],[91.76571,23.6148],[91.76318,23.61753],[91.76066,23.61716],[91.76597,23.62363],[91.76726,23.63028],[91.76652,23.63161],[91.76941,23.63172],[91.77041,23.63086],[91.77219,23.63096],[91.77225,23.63058],[91.77285,23.63057],[91.77251,23.63013],[91.77284,23.62979],[91.77356,23.63016],[91.7744,23.62988],[91.77432,23.63034],[91.77525,23.63038],[91.77552,23.63133],[91.77629,23.63131],[91.77625,23.63238],[91.77474,23.63333],[91.77461,23.63419],[91.77304,23.63427],[91.77312,23.63501],[91.77396,23.63533],[91.77284,23.63612],[91.7738,23.6367],[91.77365,23.63757],[91.77443,23.63875],[91.7738,23.63875],[91.77335,23.63788],[91.77242,23.63838],[91.77381,23.63943],[91.77293,23.64007],[91.77254,23.64302],[91.7695,23.64483],[91.77001,23.64552],[91.76923,23.64605],[91.76909,23.64697],[91.768,23.64746],[91.76832,23.65063],[91.76799,23.65218],[91.77016,23.65299],[91.77662,23.64903],[91.77652,23.65068],[91.77558,23.65179],[91.77588,23.65479],[91.77539,23.65646],[91.7743,23.65727],[91.77338,23.65711],[91.7725,23.65815],[91.77286,23.65855],[91.77126,23.65991],[91.77125,23.66064],[91.77222,23.66168],[91.77283,23.66165],[91.77313,23.66258],[91.77265,23.66325],[91.77307,23.66381],[91.77184,23.66586],[91.77235,23.66612],[91.77163,23.66839],[91.77081,23.66888],[91.771,23.67104],[91.77008,23.67246],[91.77029,23.67293],[91.76946,23.67488],[91.76838,23.6755],[91.76799,23.67693],[91.7687,23.67772],[91.76842,23.67991],[91.77047,23.68265],[91.77017,23.68426],[91.7693,23.68483],[91.7727,23.68772],[91.77101,23.68984],[91.76922,23.69564],[91.76918,23.6999],[91.77436,23.70111],[91.77584,23.7028],[91.77708,23.70807],[91.77708,23.71352],[91.77556,23.71802],[91.77445,23.72426],[91.77351,23.72367],[91.77187,23.73304],[91.77042,23.73738],[91.77917,23.74389],[91.77809,23.75488],[91.77916,23.76281],[91.77987,23.76477],[91.78062,23.76488],[91.78013,23.76961],[91.78048,23.77119],[91.77803,23.77664],[91.77772,23.77904],[91.77875,23.78453],[91.77932,23.79145],[91.78131,23.79424],[91.78066,23.79503],[91.78072,23.79579],[91.78439,23.80138],[91.78359,23.80645],[91.7839,23.80923],[91.78579,23.81118],[91.78587,23.81437],[91.7853,23.81583],[91.78631,23.81659],[91.78664,23.81799],[91.78754,23.81896],[91.78686,23.82048],[91.78334,23.82292],[91.78256,23.82539],[91.78197,23.82505],[91.78173,23.82539],[91.78194,23.82611],[91.7827,23.82622],[91.78373,23.82866],[91.78394,23.83058],[91.7833,23.83125],[91.78235,23.83049],[91.78274,23.83177],[91.78127,23.83501],[91.78201,23.83723],[91.784,23.83862],[91.78366,23.83992],[91.78311,23.83897],[91.78255,23.83932],[91.78257,23.84004],[91.78322,23.84097],[91.78393,23.84059],[91.78463,23.84147],[91.78336,23.84322],[91.78314,23.84414],[91.78405,23.84484],[91.78313,23.84624],[91.78371,23.847],[91.78494,23.84747],[91.78489,23.84861],[91.78433,23.84903],[91.78393,23.85063],[91.7828,23.85113],[91.78513,23.85365],[91.78439,23.85522],[91.78563,23.85771],[91.78478,23.8613],[91.78537,23.86188],[91.78452,23.86318],[91.78384,23.86322],[91.78321,23.86407],[91.78455,23.86598],[91.78445,23.86642],[91.78372,23.86641],[91.78436,23.86698],[91.78407,23.86871],[91.78496,23.86963],[91.78388,23.87092],[91.78496,23.87275],[91.78409,23.87431],[91.78319,23.87382],[91.78306,23.87506],[91.78417,23.87525],[91.78453,23.87666],[91.78382,23.87706],[91.78306,23.87665],[91.78316,23.87823],[91.78224,23.87899],[91.78294,23.87919],[91.78289,23.87976],[91.7832,23.87942],[91.78438,23.87963],[91.78417,23.88021],[91.78314,23.88009],[91.78305,23.88128],[91.78351,23.88189],[91.78441,23.88163],[91.78472,23.88195],[91.78431,23.88226],[91.78453,23.88276],[91.78334,23.88315],[91.78354,23.88353],[91.78404,23.88313],[91.78479,23.88358],[91.78409,23.88577],[91.78474,23.88619],[91.78426,23.88683],[91.78518,23.88765],[91.78409,23.89055],[91.78436,23.89126],[91.7837,23.89217],[91.78449,23.89384],[91.78397,23.89383],[91.78392,23.89465],[91.78354,23.8942],[91.78374,23.89585],[91.78323,23.89607],[91.78443,23.89651],[91.78347,23.89804],[91.78413,23.89819],[91.78443,23.89883],[91.78489,23.90038],[91.78441,23.90073],[91.78595,23.90036],[91.78595,23.90661],[91.78448,23.9109],[91.78512,23.91233],[91.77899,23.91268],[91.77934,23.91696],[91.78035,23.91647],[91.78454,23.92173],[91.78369,23.92678],[91.78309,23.92672],[91.78262,23.92804],[91.78303,23.92971],[91.77613,23.93504],[91.77721,23.94038],[91.77116,23.94041],[91.76592,23.94634],[91.76611,23.94823],[91.76503,23.95352],[91.76044,23.95736],[91.75971,23.95861],[91.76096,23.96397],[91.76007,23.97005],[91.762,23.97303],[91.75768,23.97738],[91.75717,23.98304],[91.75467,23.98993],[91.75527,24.00983],[91.75665,24.013],[91.75621,24.0179],[91.75874,24.02273],[91.75872,24.02472],[91.75749,24.02899],[91.75487,24.03365],[91.75468,24.03563],[91.7553,24.03883],[91.75719,24.04349],[91.75761,24.04355],[91.75724,24.0553],[91.75814,24.05748],[91.75748,24.05911],[91.75994,24.06877],[91.75962,24.09076],[91.76022,24.09193],[91.75783,24.10016],[91.75756,24.10317],[91.75995,24.11224],[91.75867,24.11248],[91.75752,24.11542],[91.75979,24.1179],[91.75617,24.12175],[91.75617,24.12531],[91.75808,24.12599],[91.75633,24.12871],[91.75343,24.12869],[91.75277,24.12964],[91.7489,24.13186],[91.7478,24.1341],[91.74717,24.134],[91.74666,24.13602],[91.75677,24.13929],[91.75599,24.14134],[91.75937,24.14153],[91.75981,24.14218],[91.75983,24.14537],[91.75844,24.15185],[91.74503,24.24697]]]}},{"id":"3","type":"Feature","properties":{"state":"TRIPURA","state_lgd":"16","district":"KHOWAI","district_lgd":"698"},"geometry":{"type":"Polygon","coordinates":[[[91.66516,24.23353],[91.66804,24.23102],[91.6672,24.23046],[91.66802,24.22717],[91.66768,24.22558],[91.66808,24.22474],[91.66755,24.22473],[91.66796,24.22306],[91.66681,24.22268],[91.66756,24.22175],[91.66643,24.21954],[91.66725,24.2183],[91.66687,24.2175],[91.66629,24.21796],[91.66597,24.2171],[91.66628,24.21668],[91.66667,24.21686],[91.66673,24.21638],[91.66789,24.21655],[91.6668,24.21427],[91.66742,24.21388],[91.6667,24.21218],[91.66683,24.21187],[91.66746,24.2122],[91.66698,24.21052],[91.668,24.21024],[91.66911,24.20882],[91.66968,24.209],[91.66934,24.20851],[91.67003,24.20822],[91.67049,24.20622],[91.67143,24.20576],[91.67144,24.20532],[91.67213,24.20534],[91.67163,24.20443],[91.6734,24.20368],[91.67276,24.20239],[91.67364,24.20223],[91.67371,24.20275],[91.67402,24.2016],[91.67478,24.20205],[91.67466,24.20133],[91.67394,24.2011],[91.67485,24.20089],[91.67539,24.20131],[91.6767,24.20061],[91.67571,24.19984],[91.67578,24.19918],[91.67643,24.19952],[91.6757,24.19775],[91.67638,24.19802],[91.67712,24.19733],[91.6772,24.19639],[91.67798,24.19675],[91.67703,24.19548],[91.67731,24.19428],[91.67769,24.19479],[91.67961,24.19347],[91.67956,24.19161],[91.68027,24.19138],[91.67991,24.1901],[91.6806,24.18905],[91.68017,24.18853],[91.67946,24.18897],[91.67962,24.18848],[91.67891,24.1881],[91.67887,24.18753],[91.68002,24.18687],[91.67948,24.18589],[91.68029,24.18578],[91.6802,24.18476],[91.68085,24.18397],[91.68014,24.18346],[91.68082,24.18301],[91.68003,24.18108],[91.68056,24.1804],[91.67992,24.17902],[91.68038,24.17863],[91.68,24.17844],[91.68075,24.1784],[91.68117,24.17765],[91.68002,24.17663],[91.68106,24.17687],[91.68142,24.17662],[91.68072,24.17624],[91.68062,24.17654],[91.68018,24.17561],[91.68142,24.17418],[91.68257,24.17414],[91.68188,24.17362],[91.68246,24.1736],[91.68266,24.17297],[91.68194,24.17219],[91.68235,24.17135],[91.68285,24.17141],[91.68254,24.17052],[91.6835,24.1699],[91.68292,24.16972],[91.68366,24.16955],[91.68367,24.16805],[91.68478,24.16737],[91.6842,24.1672],[91.68444,24.16616],[91.68616,24.16519],[91.68605,24.16463],[91.68716,24.1645],[91.68722,24.16398],[91.68882,24.16417],[91.68798,24.16284],[91.68876,24.16292],[91.68828,24.16209],[91.69001,24.16169],[91.68982,24.16133],[91.69054,24.1613],[91.69112,24.16027],[91.69194,24.16071],[91.69248,24.15998],[91.69203,24.15993],[91.69223,24.15968],[91.6934,24.16023],[91.69496,24.15953],[91.69585,24.1604],[91.69557,24.16124],[91.69664,24.16136],[91.69709,24.16202],[91.69665,24.16233],[91.69764,24.16261],[91.69719,24.16289],[91.69742,24.16365],[91.69771,24.16323],[91.69876,24.16317],[91.6995,24.16344],[91.69933,24.16386],[91.70024,24.16336],[91.70081,24.16387],[91.70159,24.16309],[91.70217,24.16388],[91.70239,24.16334],[91.70335,24.16354],[91.70364,24.16317],[91.70309,24.16298],[91.70388,24.16248],[91.70356,24.1621],[91.70414,24.16207],[91.70377,24.16136],[91.70472,24.1616],[91.70441,24.1612],[91.70492,24.16108],[91.70469,24.15924],[91.70641,24.15775],[91.7061,24.15428],[91.70799,24.15478],[91.70921,24.15397],[91.71124,24.15396],[91.71222,24.15312],[91.71336,24.15288],[91.71441,24.15378],[91.71536,24.15298],[91.71664,24.15298],[91.7161,24.15257],[91.71679,24.15199],[91.71758,24.15263],[91.71926,24.15193],[91.7194,24.15249],[91.72042,24.15205],[91.72115,24.15275],[91.72176,24.15248],[91.72242,24.15064],[91.72303,24.15064],[91.72332,24.14835],[91.72485,24.14673],[91.72675,24.14654],[91.72689,24.14588],[91.72855,24.14465],[91.7273,24.14414],[91.72842,24.14324],[91.72994,24.14381],[91.73107,24.14359],[91.73175,24.14531],[91.73244,24.14572],[91.73428,24.14365],[91.73496,24.14483],[91.7367,24.14586],[91.73813,24.14447],[91.73796,24.1429],[91.73881,24.14303],[91.73844,24.14209],[91.73952,24.14149],[91.73998,24.14237],[91.74129,24.14281],[91.74195,24.1424],[91.74204,24.14136],[91.74306,24.14151],[91.74361,24.14105],[91.74466,24.14201],[91.7448,24.14305],[91.74595,24.14285],[91.74556,24.14222],[91.7463,24.14114],[91.7465,24.1419],[91.74773,24.14204],[91.74798,24.14148],[91.74908,24.14132],[91.74953,24.142],[91.75172,24.14261],[91.75208,24.14203],[91.75313,24.14176],[91.7547,24.14234],[91.75703,24.14142],[91.75599,24.14134],[91.75677,24.13929],[91.74666,24.13602],[91.74717,24.134],[91.7478,24.1341],[91.7489,24.13186],[91.75277,24.12964],[91.75343,24.12869],[91.75633,24.12871],[91.75808,24.12599],[91.75617,24.12531],[91.75617,24.12175],[91.75979,24.1179],[91.75752,24.11542],[91.75867,24.11248],[91.75995,24.11224],[91.75756,24.10317],[91.75783,24.10016],[91.76022,24.09193],[91.75962,24.09076],[91.75994,24.06877],[91.75748,24.05911],[91.75814,24.05748],[91.75724,24.0553],[91.75761,24.04355],[91.75719,24.04349],[91.7553,24.03883],[91.75468,24.03563],[91.75487,24.03365],[91.75749,24.02899],[91.75872,24.02472],[91.75874,24.02273],[91.75621,24.0179],[91.75665,24.013],[91.75527,24.00983],[91.75467,23.98993],[91.75717,23.98304],[91.75768,23.97738],[91.762,23.97303],[91.76007,23.97005],[91.76096,23.96397],[91.75971,23.95861],[91.76044,23.95736],[91.76503,23.95352],[91.76611,23.94823],[91.76592,23.94634],[91.77116,23.94041],[91.77721,23.94038],[91.77613,23.93504],[91.78303,23.92971],[91.78262,23.92804],[91.78309,23.92672],[91.78369,23.92678],[91.78454,23.92173],[91.78035,23.91647],[91.77934,23.91696],[91.77899,23.91268],[91.78512,23.91233],[91.78448,23.9109],[91.78595,23.90661],[91.78595,23.90036],[91.78441,23.90073],[91.78489,23.90038],[91.78443,23.89883],[91.78413,23.89819],[91.78347,23.89804],[91.78443,23.89651],[91.78323,23.89607],[91.78374,23.89585],[91.78354,23.8942],[91.78392,23.89465],[91.78397,23.89383],[91.78449,23.89384],[91.7837,23.89217],[91.78436,23.89126],[91.78409,23.89055],[91.78518,23.88765],[91.78426,23.88683],[91.78474,23.88619],[91.78409,23.88577],[91.78479,23.88358],[91.78404,23.88313],[91.78354,23.88353],[91.78334,23.88315],[91.78453,23.88276],[91.78431,23.88226],[91.78472,23.88195],[91.78441,23.88163],[91.78351,23.88189],[91.78305,23.88128],[91.78314,23.88009],[91.78417,23.88021],[91.78438,23.87963],[91.7832,23.87942],[91.78289,23.87976],[91.78294,23.87919],[91.78224,23.87899],[91.78316,23.87823],[91.78306,23.87665],[91.78382,23.87706],[91.78453,23.87666],[91.78417,23.87525],[91.78306,23.87506],[91.78319,23.87382],[91.78409,23.87431],[91.78496,23.87275],[91.78388,23.87092],[91.78496,23.86963],[91.78407,23.86871],[91.78436,23.86698],[91.78372,23.86641],[91.78445,23.86642],[91.78455,23.86598],[91.78321,23.86407],[91.78384,23.86322],[91.78452,23.86318],[91.78537,23.86188],[91.78478,23.8613],[91.78563,23.85771],[91.78439,23.85522],[91.78513,23.85365],[91.7828,23.85113],[91.78393,23.85063],[91.78433,23.84903],[91.78489,23.84861],[91.78494,23.84747],[91.78371,23.847],[91.78313,23.84624],[91.78405,23.84484],[91.78314,23.84414],[91.78336,23.84322],[91.78463,23.84147],[91.78393,23.84059],[91.78322,23.84097],[91.78257,23.84004],[91.78255,23.83932],[91.78311,23.83897],[91.78366,23.83992],[91.784,23.83862],[91.78201,23.83723],[91.78127,23.83501],[91.78274,23.83177],[91.78235,23.83049],[91.7833,23.83125],[91.78394,23.83058],[91.78373,23.82866],[91.7827,23.82622],[91.78194,23.82611],[91.78173,23.82539],[91.78197,23.82505],[91.78256,23.82539],[91.78334,23.82292],[91.78686,23.82048],[91.78754,23.81896],[91.78664,23.81799],[91.78631,23.81659],[91.7853,23.81583],[91.78587,23.81437],[91.78579,23.81118],[91.7839,23.80923],[91.78359,23.80645],[91.78439,23.80138],[91.78072,23.79579],[91.78066,23.79503],[91.78131,23.79424],[91.77932,23.79145],[91.77875,23.78453],[91.77772,23.77904],[91.77803,23.77664],[91.78048,23.77119],[91.78013,23.76961],[91.78062,23.76488],[91.77987,23.76477],[91.77916,23.76281],[91.77809,23.75488],[91.77917,23.74389],[91.77042,23.73738],[91.77187,23.73304],[91.77351,23.72367],[91.77445,23.72426],[91.77556,23.71802],[91.77713,23.7133],[91.77708,23.70807],[91.77584,23.7028],[91.77436,23.70111],[91.76918,23.6999],[91.76922,23.69564],[91.77101,23.68984],[91.77261,23.68784],[91.76856,23.68722],[91.76821,23.68676],[91.76288,23.68768],[91.76248,23.68518],[91.75452,23.67909],[91.74988,23.69099],[91.7465,23.69407],[91.73908,23.69632],[91.73888,23.69498],[91.73605,23.6962],[91.7303,23.70572],[91.74242,23.7163],[91.7432,23.72347],[91.74283,23.72953],[91.73884,23.73349],[91.73793,23.73525],[91.73828,23.73653],[91.73579,23.7416],[91.73006,23.74458],[91.7245,23.74676],[91.72102,23.75215],[91.72055,23.75573],[91.72083,23.7572],[91.71728,23.758],[91.71668,23.75916],[91.71536,23.76535],[91.7159,23.76858],[91.70849,23.76558],[91.70738,23.76403],[91.70515,23.76273],[91.70427,23.75763],[91.68073,23.7615],[91.67877,23.76096],[91.67849,23.7605],[91.67701,23.76074],[91.67648,23.75976],[91.66331,23.75695],[91.65528,23.7624],[91.65425,23.76366],[91.65249,23.76391],[91.65169,23.76329],[91.6488,23.76372],[91.64249,23.76546],[91.64062,23.76436],[91.6391,23.76481],[91.63571,23.76719],[91.63137,23.76899],[91.62933,23.76769],[91.62854,23.76837],[91.62407,23.76899],[91.62507,23.76942],[91.62131,23.77017],[91.61694,23.76852],[91.61422,23.76615],[91.61358,23.7645],[91.61008,23.76137],[91.60738,23.76088],[91.60617,23.7592],[91.60278,23.75949],[91.60206,23.76011],[91.59969,23.76049],[91.59921,23.76003],[91.59486,23.75965],[91.58886,23.76154],[91.58801,23.76256],[91.58718,23.7628],[91.58576,23.76602],[91.58378,23.76708],[91.5824,23.76728],[91.58209,23.7668],[91.58184,23.7673],[91.57028,23.76655],[91.56528,23.76492],[91.56374,23.76361],[91.56758,23.77111],[91.56643,23.77701],[91.56741,23.78367],[91.5658,23.78384],[91.56631,23.79207],[91.56698,23.79238],[91.56658,23.79683],[91.56696,23.79966],[91.56559,23.80044],[91.56437,23.80386],[91.56511,23.80548],[91.56421,23.80784],[91.56323,23.80852],[91.56386,23.80834],[91.56429,23.80893],[91.56453,23.81193],[91.56429,23.81313],[91.56272,23.81533],[91.56386,23.81601],[91.5649,23.818],[91.56585,23.8186],[91.56339,23.82184],[91.56239,23.8286],[91.56113,23.8287],[91.56076,23.83538],[91.5591,23.83701],[91.55955,23.83842],[91.56014,23.83874],[91.56088,23.84151],[91.56095,23.84527],[91.56195,23.85107],[91.56342,23.85341],[91.56363,23.85496],[91.56381,23.85643],[91.56199,23.86093],[91.56195,23.86251],[91.56331,23.86956],[91.56137,23.87194],[91.56065,23.87537],[91.55952,23.8763],[91.55831,23.87606],[91.55516,23.879],[91.55293,23.88041],[91.55429,23.8908],[91.55454,23.89192],[91.55589,23.8935],[91.55331,23.90178],[91.55086,23.90697],[91.55276,23.91119],[91.55094,23.91119],[91.54918,23.90765],[91.5478,23.90679],[91.54426,23.90616],[91.54322,23.90931],[91.54114,23.90959],[91.53974,23.91175],[91.5372,23.91167],[91.53527,23.9108],[91.53375,23.91184],[91.53247,23.91792],[91.53266,23.91961],[91.53349,23.92172],[91.53666,23.9243],[91.53842,23.92819],[91.53945,23.92928],[91.54013,23.93223],[91.54105,23.9337],[91.53302,23.93173],[91.53264,23.93216],[91.52975,23.93218],[91.52818,23.9389],[91.52757,23.9398],[91.52308,23.94266],[91.52123,23.94615],[91.52012,23.94726],[91.52058,23.94946],[91.51957,23.95305],[91.51815,23.95545],[91.51911,23.95798],[91.5176,23.96029],[91.51723,23.96191],[91.52393,23.96729],[91.51921,23.97028],[91.51827,23.97433],[91.51711,23.97572],[91.51593,23.98016],[91.50875,23.98841],[91.50733,23.99264],[91.5075,23.99675],[91.50473,23.99936],[91.50478,23.99999],[91.50379,24.00093],[91.50241,24.00104],[91.50161,24.00302],[91.49763,24.00552],[91.49838,24.0084],[91.49809,24.01052],[91.50386,24.01364],[91.50308,24.01584],[91.49555,24.02393],[91.49504,24.04132],[91.49418,24.04456],[91.4941,24.04778],[91.48757,24.05305],[91.48833,24.05474],[91.48691,24.05577],[91.48654,24.05737],[91.48377,24.0592],[91.48385,24.06228],[91.48065,24.06481],[91.47638,24.06468],[91.47452,24.0673],[91.47446,24.07122],[91.47309,24.07478],[91.47468,24.07781],[91.4779,24.08006],[91.48092,24.08044],[91.47898,24.08146],[91.47901,24.08193],[91.4811,24.08408],[91.48231,24.0904],[91.48407,24.09343],[91.48399,24.09418],[91.48489,24.09464],[91.48762,24.09476],[91.48763,24.09547],[91.48922,24.0955],[91.48983,24.09617],[91.49146,24.0964],[91.49177,24.0971],[91.49502,24.09552],[91.49248,24.09088],[91.49552,24.08936],[91.49766,24.08728],[91.50865,24.08641],[91.53669,24.0777],[91.54051,24.07613],[91.54425,24.07594],[91.54482,24.07565],[91.5453,24.0742],[91.55733,24.07683],[91.5729,24.07473],[91.57228,24.07612],[91.57297,24.07908],[91.57402,24.07904],[91.57384,24.07967],[91.57445,24.07998],[91.57728,24.07749],[91.57824,24.07718],[91.57899,24.076],[91.58066,24.07549],[91.58234,24.07339],[91.58607,24.0726],[91.58741,24.07488],[91.59118,24.07485],[91.59241,24.0756],[91.59248,24.07769],[91.59189,24.0783],[91.59318,24.07989],[91.59391,24.08265],[91.59497,24.08317],[91.5974,24.08329],[91.5985,24.08448],[91.59845,24.08664],[91.59306,24.0892],[91.59129,24.09261],[91.59178,24.09353],[91.59392,24.09273],[91.59538,24.09329],[91.59587,24.09411],[91.59575,24.09545],[91.59454,24.09653],[91.59593,24.09699],[91.59738,24.09586],[91.59844,24.09616],[91.59809,24.09661],[91.59925,24.09712],[91.59936,24.09626],[91.60069,24.09593],[91.60038,24.09529],[91.60191,24.09562],[91.60194,24.09651],[91.60262,24.09662],[91.60311,24.09636],[91.60247,24.09592],[91.6029,24.09534],[91.60431,24.09609],[91.60474,24.09579],[91.6038,24.09408],[91.60573,24.09428],[91.60572,24.09329],[91.60664,24.09333],[91.60675,24.09278],[91.60779,24.09365],[91.60906,24.09201],[91.60953,24.09286],[91.61134,24.09234],[91.61143,24.09193],[91.61079,24.09167],[91.61141,24.09169],[91.61207,24.09318],[91.61409,24.09289],[91.61413,24.09448],[91.6148,24.09475],[91.61513,24.09406],[91.61579,24.09544],[91.61582,24.09485],[91.61706,24.09429],[91.61738,24.09475],[91.61696,24.09518],[91.61793,24.09563],[91.61867,24.09502],[91.61876,24.09598],[91.61959,24.09586],[91.61982,24.09668],[91.62099,24.09645],[91.62148,24.09521],[91.62195,24.09641],[91.62289,24.09658],[91.62268,24.0972],[91.62377,24.09702],[91.62372,24.09629],[91.62429,24.09707],[91.62492,24.09657],[91.62582,24.09726],[91.62527,24.09762],[91.62524,24.09845],[91.62597,24.09779],[91.6262,24.0981],[91.62579,24.09928],[91.62701,24.09883],[91.62714,24.09943],[91.6277,24.09932],[91.62767,24.1003],[91.62827,24.10016],[91.62925,24.10147],[91.62918,24.10057],[91.62976,24.10087],[91.63179,24.09984],[91.63188,24.10068],[91.63272,24.10003],[91.63243,24.1011],[91.63323,24.10121],[91.63422,24.1022],[91.63414,24.10171],[91.63452,24.10189],[91.6352,24.10105],[91.6352,24.10187],[91.6364,24.10169],[91.63606,24.10224],[91.63638,24.10263],[91.63709,24.10214],[91.63738,24.10309],[91.63793,24.10292],[91.63774,24.10337],[91.63842,24.1044],[91.63678,24.10654],[91.63955,24.1085],[91.6412,24.11308],[91.63852,24.1296],[91.63445,24.13805],[91.64661,24.15663],[91.64424,24.1706],[91.64676,24.17862],[91.65511,24.17566],[91.65629,24.17615],[91.65598,24.17758],[91.65735,24.17829],[91.65775,24.17955],[91.65687,24.18054],[91.65815,24.18071],[91.658,24.18102],[91.65845,24.1811],[91.65805,24.18169],[91.65896,24.18306],[91.65831,24.18338],[91.65853,24.18447],[91.65747,24.18474],[91.65842,24.18503],[91.65838,24.18653],[91.65895,24.18669],[91.65826,24.18733],[91.6592,24.18801],[91.65894,24.18837],[91.65975,24.18919],[91.6595,24.18951],[91.66013,24.18954],[91.65953,24.19101],[91.65847,24.1914],[91.65886,24.19166],[91.65828,24.19175],[91.65823,24.19284],[91.65756,24.19318],[91.65885,24.1936],[91.65844,24.19443],[91.6591,24.19537],[91.65772,24.19483],[91.65733,24.19546],[91.65631,24.19527],[91.656,24.19575],[91.6546,24.19502],[91.65481,24.19558],[91.65401,24.1956],[91.65433,24.19604],[91.65259,24.19593],[91.65291,24.19655],[91.65361,24.19643],[91.65323,24.19716],[91.65291,24.19693],[91.65269,24.19773],[91.65321,24.19794],[91.65276,24.19819],[91.65333,24.19892],[91.65413,24.19845],[91.654,24.20095],[91.65311,24.20169],[91.65453,24.20252],[91.65357,24.20242],[91.65356,24.20348],[91.65265,24.20356],[91.65316,24.20427],[91.65234,24.20473],[91.65289,24.20494],[91.65234,24.20526],[91.65257,24.20676],[91.65115,24.20882],[91.65241,24.20943],[91.65175,24.21008],[91.65136,24.20951],[91.65128,24.21022],[91.65044,24.21074],[91.65055,24.21243],[91.64924,24.21236],[91.64963,24.21298],[91.64895,24.21324],[91.6494,24.21383],[91.64874,24.21466],[91.64721,24.2152],[91.6485,24.21573],[91.64876,24.21655],[91.64816,24.21653],[91.64892,24.21719],[91.6484,24.21731],[91.64861,24.2178],[91.64775,24.21849],[91.64896,24.22013],[91.64962,24.21988],[91.64977,24.22047],[91.65024,24.21972],[91.64961,24.21931],[91.65093,24.21838],[91.65063,24.21905],[91.65205,24.21968],[91.65205,24.22018],[91.65236,24.21956],[91.6523,24.22036],[91.65286,24.22019],[91.65374,24.22148],[91.65431,24.22149],[91.65429,24.22319],[91.65466,24.2229],[91.65593,24.22345],[91.65613,24.22503],[91.65698,24.22453],[91.65715,24.22522],[91.65621,24.22601],[91.65711,24.22594],[91.65679,24.22676],[91.65744,24.2274],[91.65855,24.22824],[91.65966,24.22828],[91.65969,24.22878],[91.66085,24.22861],[91.66075,24.22917],[91.66195,24.22933],[91.66279,24.23011],[91.66336,24.2291],[91.66421,24.22909],[91.66388,24.23133],[91.66419,24.23214],[91.66526,24.23285],[91.66516,24.23353]]]}},{"id":"4","type":"Feature","properties":{"state":"TRIPURA","state_lgd":"16","district":"UNAKOTI","district_lgd":"706"},"geometry":{"type":"Polygon","coordinates":[[[91.99751,24.39232],[91.99926,24.39227],[91.99992,24.39163],[91.99971,24.39101],[92.0009,24.39025],[92.00142,24.38875],[92.0019,24.38835],[92.00339,24.38847],[92.00458,24.38751],[92.00556,24.38563],[92.00527,24.3844],[92.00445,24.3836],[92.00731,24.38143],[92.00911,24.38156],[92.00937,24.38199],[92.01015,24.38176],[92.01086,24.38277],[92.01227,24.38273],[92.01378,24.38356],[92.01379,24.38409],[92.01411,24.38355],[92.01612,24.38409],[92.01583,24.38436],[92.01622,24.38463],[92.01769,24.38459],[92.02007,24.38654],[92.02362,24.38563],[92.02342,24.38459],[92.02157,24.38381],[92.02154,24.38332],[92.02225,24.38276],[92.02479,24.3835],[92.02505,24.38229],[92.02672,24.38183],[92.02686,24.37964],[92.02814,24.3795],[92.02939,24.38007],[92.03083,24.37943],[92.03072,24.37992],[92.03195,24.37903],[92.03334,24.37927],[92.03355,24.37864],[92.03446,24.379],[92.03491,24.37991],[92.03557,24.37966],[92.03583,24.38011],[92.03634,24.3789],[92.03685,24.37905],[92.03783,24.37827],[92.03767,24.37787],[92.03846,24.37702],[92.03983,24.37665],[92.03995,24.37698],[92.0431,24.37749],[92.04277,24.37659],[92.04341,24.37667],[92.0432,24.37575],[92.04403,24.37487],[92.04575,24.37549],[92.04539,24.37632],[92.04686,24.37608],[92.04688,24.37687],[92.04766,24.37684],[92.04818,24.37756],[92.04881,24.37758],[92.04943,24.37541],[92.07702,24.3751],[92.07638,24.37223],[92.07503,24.3563],[92.07634,24.35292],[92.07603,24.33738],[92.07429,24.33302],[92.07424,24.31967],[92.07336,24.31855],[92.07237,24.31433],[92.074,24.3126],[92.07542,24.31266],[92.07616,24.31199],[92.07685,24.30972],[92.07658,24.30899],[92.0773,24.30779],[92.08222,24.30504],[92.08071,24.29283],[92.0809,24.27474],[92.08223,24.27439],[92.08224,24.27477],[92.08263,24.27428],[92.09936,24.26881],[92.10186,24.26665],[92.10465,24.26557],[92.10681,24.26639],[92.11047,24.26922],[92.11357,24.26823],[92.11813,24.26236],[92.11705,24.25608],[92.11649,24.25564],[92.11662,24.25407],[92.11927,24.25215],[92.12029,24.25215],[92.11908,24.25054],[92.11931,24.24899],[92.12308,24.24537],[92.12396,24.24272],[92.12596,24.24248],[92.12802,24.24333],[92.12875,24.24226],[92.1313,24.2426],[92.13164,24.24179],[92.13379,24.24182],[92.1346,24.24152],[92.13495,24.24053],[92.13644,24.24079],[92.13611,24.23942],[92.13989,24.23702],[92.14243,24.23702],[92.14313,24.23666],[92.14632,24.23364],[92.14646,24.23157],[92.14717,24.2305],[92.14671,24.22742],[92.15098,24.22345],[92.15266,24.22404],[92.15198,24.22565],[92.15249,24.22639],[92.15183,24.2273],[92.15443,24.22878],[92.16035,24.22463],[92.1636,24.21402],[92.1642,24.20891],[92.16824,24.19786],[92.17022,24.19759],[92.17084,24.19928],[92.17238,24.20129],[92.17695,24.20096],[92.17991,24.19977],[92.18146,24.19966],[92.18088,24.19447],[92.18301,24.19402],[92.18387,24.19288],[92.18746,24.19132],[92.18844,24.1896],[92.19135,24.18985],[92.19334,24.19131],[92.19617,24.19206],[92.19702,24.1913],[92.19923,24.19108],[92.20179,24.19273],[92.20219,24.19174],[92.20197,24.18799],[92.20257,24.18707],[92.20197,24.18516],[92.20279,24.18152],[92.20219,24.18057],[92.20249,24.17676],[92.20153,24.17051],[92.20202,24.16865],[92.20161,24.16809],[92.20197,24.16738],[92.20161,24.16687],[92.20192,24.16203],[92.20156,24.15914],[92.19831,24.15687],[92.19204,24.15039],[92.19268,24.14953],[92.19137,24.14737],[92.19044,24.14694],[92.19002,24.14535],[92.18816,24.14533],[92.18713,24.14449],[92.18602,24.14506],[92.1848,24.14322],[92.18395,24.14319],[92.18407,24.14229],[92.18308,24.14159],[92.18331,24.14018],[92.18082,24.13994],[92.17906,24.13832],[92.17726,24.13871],[92.17705,24.13684],[92.17494,24.13594],[92.17459,24.13534],[92.17214,24.13571],[92.17176,24.13533],[92.17095,24.13611],[92.17103,24.13547],[92.17004,24.1354],[92.16983,24.13709],[92.16923,24.13515],[92.16829,24.13447],[92.16635,24.13554],[92.16696,24.13416],[92.16567,24.13344],[92.16359,24.13333],[92.16333,24.13261],[92.16167,24.1326],[92.16198,24.13179],[92.16045,24.12956],[92.15939,24.12946],[92.15717,24.12799],[92.15787,24.12673],[92.15424,24.12328],[92.15092,24.11919],[92.15018,24.11865],[92.14864,24.11882],[92.14543,24.12038],[92.14471,24.11953],[92.14494,24.11905],[92.14633,24.1186],[92.14641,24.11727],[92.14745,24.11802],[92.15375,24.11598],[92.15428,24.11815],[92.15841,24.11772],[92.1613,24.11577],[92.16277,24.11198],[92.16348,24.11126],[92.1644,24.11144],[92.16451,24.11023],[92.16552,24.11058],[92.16577,24.10971],[92.16646,24.11044],[92.16677,24.10931],[92.1662,24.10912],[92.16642,24.10793],[92.16735,24.1082],[92.16748,24.1071],[92.16825,24.10707],[92.16774,24.10647],[92.16842,24.10599],[92.16775,24.10572],[92.16862,24.10563],[92.16912,24.10468],[92.16742,24.10423],[92.16747,24.10331],[92.16592,24.10303],[92.16498,24.10198],[92.16551,24.10142],[92.1641,24.09887],[92.16439,24.09622],[92.162,24.08947],[92.16359,24.08495],[92.16306,24.08078],[92.16259,24.0805],[92.16168,24.07762],[92.15963,24.07658],[92.15845,24.07433],[92.15855,24.07207],[92.15724,24.07107],[92.15709,24.06993],[92.1506,24.06659],[92.14805,24.06032],[92.14837,24.06016],[92.14534,24.05526],[92.1455,24.0532],[92.1446,24.05273],[92.14272,24.04976],[92.13975,24.04677],[92.14348,24.04559],[92.14314,24.04536],[92.1443,24.04455],[92.14442,24.0422],[92.14203,24.03939],[92.14209,24.03839],[92.13697,24.03476],[92.13697,24.0321],[92.13045,24.03606],[92.12445,24.03882],[92.12344,24.03624],[92.12163,24.03565],[92.11945,24.03411],[92.11934,24.02542],[92.11801,24.02324],[92.11318,24.02301],[92.11308,24.02168],[92.11413,24.02108],[92.11445,24.01936],[92.11402,24.01866],[92.11259,24.01835],[92.11207,24.01738],[92.11102,24.01725],[92.11048,24.01627],[92.11006,24.01466],[92.1108,24.0109],[92.1088,24.00854],[92.1114,24.00646],[92.11193,24.00482],[92.11331,24.00357],[92.11466,24.00326],[92.11513,24.00263],[92.11657,24.00318],[92.11671,24.00264],[92.11711,24.00328],[92.11808,24.00344],[92.12029,24.00163],[92.12035,24.00047],[92.12165,24.00035],[92.12035,23.99845],[92.11986,23.99673],[92.1202,23.99601],[92.11987,23.99586],[92.11954,23.9964],[92.11919,23.99614],[92.11963,23.99527],[92.11865,23.99461],[92.11879,23.99369],[92.11688,23.99357],[92.1174,23.99252],[92.11897,23.99214],[92.11913,23.99172],[92.11783,23.99163],[92.11863,23.99109],[92.11641,23.99003],[92.11515,23.98998],[92.1137,23.98877],[92.11329,23.98915],[92.11269,23.98872],[92.11168,23.98935],[92.1105,23.98835],[92.10918,23.98835],[92.10888,23.9878],[92.10962,23.98728],[92.10814,23.98627],[92.10724,23.98711],[92.10529,23.98754],[92.10361,23.98595],[92.10194,23.9859],[92.10118,23.9888],[92.09827,23.99031],[92.09167,23.98816],[92.09291,23.99413],[92.09151,23.99881],[92.09094,23.99909],[92.09387,24.0053],[92.09347,24.00549],[92.09156,24.01241],[92.09258,24.01667],[92.09149,24.01743],[92.08395,24.01824],[92.07673,24.02424],[92.07568,24.0264],[92.0723,24.02782],[92.07116,24.03308],[92.07067,24.04165],[92.07186,24.04358],[92.07227,24.04586],[92.07205,24.04929],[92.07307,24.05379],[92.07167,24.05741],[92.07424,24.07718],[92.07049,24.08863],[92.07464,24.09508],[92.05137,24.09459],[92.05086,24.09632],[92.05134,24.10057],[92.05061,24.10382],[92.04438,24.10379],[92.04433,24.10409],[92.04212,24.10204],[92.04077,24.10141],[92.0387,24.10123],[92.03704,24.0995],[92.0319,24.09875],[92.02888,24.1022],[92.02752,24.10129],[92.01711,24.10088],[92.01535,24.10339],[92.01231,24.10555],[92.01278,24.1062],[92.00609,24.10783],[92.00667,24.10717],[92.00611,24.10626],[92.00613,24.10313],[92.00564,24.10162],[92.0059,24.099],[92.00215,24.09661],[92.00115,24.09384],[92.00232,24.09207],[92.00349,24.09155],[92.004,24.08917],[92.00462,24.08837],[92.00274,24.0867],[92.00337,24.08458],[92.00032,24.08516],[91.99546,24.08867],[91.99336,24.08926],[91.99363,24.08722],[91.99261,24.08631],[91.99046,24.08623],[91.98941,24.08093],[91.9864,24.07822],[91.98054,24.07406],[91.98008,24.07398],[91.97902,24.07533],[91.97823,24.07509],[91.97713,24.07413],[91.97723,24.07158],[91.97568,24.07212],[91.97516,24.07301],[91.97262,24.07308],[91.9726,24.07171],[91.97399,24.07071],[91.97355,24.07015],[91.97297,24.07026],[91.97314,24.06984],[91.97268,24.06949],[91.97427,24.06888],[91.97378,24.06787],[91.97236,24.06802],[91.97087,24.06857],[91.9698,24.06992],[91.97023,24.07269],[91.96918,24.07416],[91.97,24.07593],[91.96981,24.07715],[91.97256,24.08008],[91.97152,24.08141],[91.97179,24.08567],[91.96989,24.08452],[91.9652,24.08488],[91.96184,24.08715],[91.96154,24.08958],[91.96068,24.09005],[91.96032,24.08973],[91.95981,24.09057],[91.95897,24.09039],[91.95873,24.09118],[91.95443,24.09323],[91.95282,24.0952],[91.94907,24.09709],[91.94707,24.09696],[91.94431,24.09825],[91.94233,24.09738],[91.93734,24.09845],[91.93505,24.09851],[91.93343,24.09942],[91.93273,24.09905],[91.93251,24.09968],[91.93157,24.09857],[91.93001,24.09972],[91.93003,24.10225],[91.92907,24.1022],[91.9289,24.10268],[91.92841,24.10216],[91.92825,24.10293],[91.92701,24.10382],[91.92282,24.10478],[91.92064,24.10612],[91.91929,24.10612],[91.91892,24.10708],[91.91924,24.10738],[91.91855,24.10794],[91.9175,24.10674],[91.91661,24.10664],[91.91656,24.10799],[91.91731,24.10843],[91.9169,24.10914],[91.9173,24.10951],[91.91331,24.11188],[91.91222,24.11309],[91.91191,24.11851],[91.91011,24.12885],[91.91031,24.13048],[91.8999,24.13709],[91.90214,24.13688],[91.90364,24.13842],[91.90575,24.1386],[91.906,24.13968],[91.9055,24.14072],[91.90574,24.1418],[91.90625,24.14187],[91.90553,24.14255],[91.90614,24.14293],[91.90584,24.14438],[91.90798,24.14609],[91.91021,24.1463],[91.90989,24.14761],[91.91113,24.14837],[91.91129,24.14901],[91.9097,24.15061],[91.91112,24.15148],[91.91167,24.15115],[91.91306,24.15149],[91.91101,24.15212],[91.91139,24.15358],[91.91229,24.15316],[91.91454,24.15361],[91.91306,24.15379],[91.9128,24.15451],[91.91421,24.15516],[91.91305,24.1556],[91.9139,24.15609],[91.91322,24.15739],[91.91438,24.15779],[91.91372,24.15803],[91.91373,24.15914],[91.91421,24.15941],[91.91319,24.15978],[91.91357,24.16011],[91.91255,24.1608],[91.91288,24.16151],[91.91375,24.16151],[91.91314,24.16193],[91.91395,24.16228],[91.9114,24.16402],[91.91263,24.16437],[91.91283,24.16535],[91.91414,24.16575],[91.91432,24.16631],[91.9151,24.16607],[91.91527,24.16657],[91.91427,24.16673],[91.91402,24.16747],[91.912,24.16842],[91.91139,24.16813],[91.94082,24.26809],[91.91999,24.33746],[91.92193,24.3356],[91.92402,24.33592],[91.92442,24.33636],[91.92589,24.33641],[91.92718,24.33901],[91.92839,24.33964],[91.93162,24.33974],[91.9315,24.34028],[91.93209,24.34039],[91.93228,24.34124],[91.93317,24.34123],[91.93361,24.34022],[91.93381,24.34059],[91.93491,24.33969],[91.93562,24.34127],[91.9366,24.34124],[91.93643,24.34155],[91.93692,24.34154],[91.93712,24.34221],[91.93756,24.3421],[91.93846,24.34323],[91.93923,24.34241],[91.94036,24.34297],[91.94133,24.34255],[91.94161,24.34314],[91.94121,24.34332],[91.9417,24.34349],[91.9411,24.34374],[91.94227,24.34476],[91.94184,24.34584],[91.94241,24.34634],[91.94213,24.34698],[91.94334,24.34788],[91.94338,24.34891],[91.94447,24.34851],[91.94533,24.34901],[91.94538,24.3483],[91.9461,24.34836],[91.9463,24.35067],[91.94768,24.35071],[91.94772,24.35103],[91.94877,24.35047],[91.94962,24.35124],[91.95016,24.35085],[91.95117,24.35178],[91.9509,24.35235],[91.9523,24.35329],[91.95382,24.35315],[91.95559,24.3545],[91.9568,24.35663],[91.9593,24.35432],[91.96232,24.35317],[91.96433,24.35031],[91.96782,24.35053],[91.969,24.35015],[91.96883,24.34893],[91.96637,24.34794],[91.96589,24.34683],[91.96907,24.34507],[91.97105,24.34295],[91.97165,24.34133],[91.97171,24.33782],[91.973,24.33389],[91.9735,24.33276],[91.97641,24.32971],[91.97714,24.32742],[91.98061,24.32835],[91.98138,24.32783],[91.98159,24.32513],[91.98227,24.32388],[91.98338,24.32298],[91.98558,24.32221],[91.9878,24.32238],[91.99038,24.32393],[91.99302,24.32211],[91.99595,24.32205],[91.9965,24.3266],[91.99581,24.3267],[91.99577,24.32758],[91.9954,24.32766],[91.99501,24.33143],[91.99832,24.33174],[91.99834,24.33406],[91.9977,24.33553],[91.9973,24.3355],[91.9972,24.33681],[91.99657,24.33675],[91.99566,24.33908],[91.9931,24.33984],[91.99293,24.34226],[91.99213,24.34337],[91.98929,24.34362],[91.9884,24.34672],[91.98735,24.34803],[91.98633,24.34839],[91.986,24.34989],[91.98295,24.35209],[91.98209,24.35422],[91.98086,24.35441],[91.98147,24.35532],[91.98046,24.35513],[91.97958,24.35606],[91.97977,24.35658],[91.97812,24.35739],[91.97914,24.35803],[91.97895,24.359],[91.97937,24.35967],[91.97983,24.35955],[91.97964,24.36046],[91.98031,24.35983],[91.98175,24.35981],[91.9815,24.35926],[91.9819,24.35902],[91.98277,24.35951],[91.98436,24.35948],[91.98465,24.36086],[91.98361,24.36209],[91.98169,24.36236],[91.98149,24.36304],[91.98019,24.36386],[91.97974,24.36582],[91.97906,24.36587],[91.97829,24.36673],[91.97897,24.36958],[91.97712,24.3718],[91.97753,24.37273],[91.97714,24.37289],[91.97657,24.37192],[91.97474,24.37065],[91.97384,24.37069],[91.97297,24.37239],[91.96999,24.37474],[91.97273,24.37702],[91.97281,24.3785],[91.97226,24.37953],[91.97063,24.38002],[91.96767,24.37868],[91.96692,24.37977],[91.96733,24.3812],[91.97013,24.38428],[91.97199,24.38475],[91.97598,24.38219],[91.98171,24.38101],[91.98265,24.38021],[91.98355,24.37723],[91.98475,24.3766],[91.98579,24.37689],[91.98833,24.37908],[91.98792,24.3824],[91.98833,24.38402],[91.99209,24.38758],[91.99197,24.38917],[91.98964,24.38979],[91.98962,24.39015],[91.99047,24.39059],[91.99194,24.3901],[91.99346,24.38819],[91.99501,24.38808],[91.99623,24.3906],[91.99477,24.39214],[91.9959,24.39209],[91.99665,24.39371],[91.99751,24.39232]]]}},{"id":"5","type":"Feature","properties":{"state":"TRIPURA","state_lgd":"16","district":"NORTH TRIPURA","district_lgd":"292"},"geometry":{"type":"Polygon","coordinates":[[[92.16943,24.53177],[92.17233,24.52954],[92.1736,24.52718],[92.17477,24.52695],[92.17496,24.52643],[92.17631,24.52632],[92.17619,24.52334],[92.17818,24.5232],[92.1798,24.52409],[92.18031,24.5236],[92.18039,24.52231],[92.18096,24.52321],[92.18213,24.52381],[92.18283,24.52244],[92.18497,24.52322],[92.18605,24.52231],[92.18612,24.5208],[92.18802,24.52105],[92.18826,24.51883],[92.19111,24.51772],[92.19265,24.51819],[92.19282,24.51611],[92.19598,24.51285],[92.19599,24.51165],[92.19837,24.51044],[92.19871,24.51136],[92.19982,24.51124],[92.20083,24.50871],[92.20181,24.50822],[92.20176,24.50735],[92.20541,24.50689],[92.20628,24.50613],[92.20764,24.50613],[92.20895,24.50412],[92.21083,24.50439],[92.21431,24.50301],[92.21704,24.50321],[92.22016,24.50158],[92.23051,24.49998],[92.22992,24.49284],[92.23267,24.48981],[92.23258,24.48934],[92.23424,24.48823],[92.2351,24.48633],[92.23662,24.48472],[92.23548,24.48392],[92.23345,24.48432],[92.23191,24.48061],[92.23032,24.47946],[92.23047,24.47871],[92.22943,24.47709],[92.2296,24.47591],[92.22881,24.47572],[92.22916,24.47347],[92.22859,24.47237],[92.22869,24.47097],[92.23006,24.46892],[92.2299,24.46791],[92.23042,24.46618],[92.23089,24.46604],[92.22976,24.46283],[92.23016,24.46165],[92.23384,24.45983],[92.23504,24.45866],[92.23634,24.45832],[92.23639,24.45498],[92.23502,24.45377],[92.23485,24.45274],[92.23561,24.45252],[92.23571,24.45092],[92.23672,24.44969],[92.23795,24.44974],[92.23887,24.44763],[92.24124,24.44696],[92.24382,24.44452],[92.24647,24.44533],[92.24788,24.44485],[92.24812,24.4439],[92.2488,24.44388],[92.2493,24.44325],[92.25025,24.4435],[92.25208,24.44198],[92.25256,24.44255],[92.25311,24.44245],[92.25347,24.44031],[92.25631,24.44046],[92.2594,24.43921],[92.25906,24.43806],[92.25936,24.43403],[92.25871,24.43279],[92.25715,24.43252],[92.25689,24.43202],[92.25646,24.42733],[92.25592,24.4263],[92.25654,24.42484],[92.25544,24.42302],[92.25437,24.4223],[92.25448,24.42053],[92.25632,24.41916],[92.25664,24.41792],[92.25927,24.4151],[92.2619,24.41326],[92.26328,24.41119],[92.26349,24.40947],[92.26201,24.40925],[92.26172,24.40869],[92.26259,24.40694],[92.26237,24.40254],[92.26327,24.40178],[92.26414,24.39895],[92.26861,24.39889],[92.26933,24.39847],[92.27081,24.39628],[92.26914,24.39398],[92.26911,24.39254],[92.27099,24.39292],[92.27202,24.39236],[92.27409,24.38832],[92.27157,24.38518],[92.26945,24.38469],[92.26864,24.38406],[92.26887,24.38239],[92.27015,24.38288],[92.27096,24.3826],[92.27082,24.38035],[92.27289,24.37897],[92.27242,24.37856],[92.26806,24.37811],[92.26781,24.37624],[92.26863,24.37465],[92.26838,24.37287],[92.26876,24.37179],[92.26803,24.36947],[92.26814,24.36788],[92.26649,24.3673],[92.26573,24.36602],[92.26367,24.36055],[92.25631,24.34535],[92.24722,24.32425],[92.21287,24.24993],[92.2983,24.25266],[92.29541,24.25084],[92.29302,24.24841],[92.29263,24.2473],[92.29272,24.24597],[92.29498,24.24334],[92.29629,24.24063],[92.29619,24.2389],[92.29514,24.23628],[92.29522,24.23481],[92.29626,24.23427],[92.29864,24.2343],[92.29919,24.23365],[92.29881,24.2299],[92.29592,24.22853],[92.29552,24.22767],[92.29677,24.22688],[92.30029,24.22781],[92.30232,24.22708],[92.30246,24.22626],[92.30188,24.22569],[92.29939,24.22484],[92.3,24.2217],[92.30367,24.22351],[92.30771,24.22252],[92.31215,24.22414],[92.31418,24.22406],[92.31449,24.22347],[92.31196,24.22084],[92.31114,24.21825],[92.30932,24.21729],[92.30984,24.21272],[92.31141,24.21135],[92.31255,24.21199],[92.31425,24.21397],[92.31555,24.21383],[92.31988,24.20875],[92.32338,24.20723],[92.32448,24.20609],[92.32406,24.20534],[92.32154,24.20648],[92.3205,24.20613],[92.31908,24.20406],[92.31887,24.20274],[92.32023,24.20138],[92.32324,24.20068],[92.32501,24.19948],[92.32523,24.19843],[92.32321,24.19649],[92.32323,24.19507],[92.32538,24.19333],[92.32762,24.19332],[92.32845,24.19292],[92.32845,24.1921],[92.32656,24.19126],[92.3267,24.19015],[92.32913,24.19015],[92.33001,24.18969],[92.32962,24.18833],[92.32724,24.18851],[92.32577,24.18728],[92.32542,24.18639],[92.32542,24.18562],[92.32616,24.18499],[92.32802,24.18662],[92.32934,24.18642],[92.33004,24.18563],[92.3294,24.1844],[92.32958,24.1834],[92.33178,24.18273],[92.33068,24.1814],[92.3313,24.17953],[92.33017,24.17823],[92.33007,24.17621],[92.3289,24.17376],[92.32885,24.17017],[92.32719,24.16617],[92.33178,24.16332],[92.33222,24.16191],[92.3316,24.15973],[92.33282,24.15576],[92.33315,24.15211],[92.33662,24.1479],[92.33521,24.14699],[92.3364,24.14432],[92.33519,24.14303],[92.3333,24.14304],[92.33095,24.14489],[92.32999,24.14447],[92.3335,24.14118],[92.33354,24.13937],[92.32889,24.14061],[92.32778,24.14057],[92.32723,24.14001],[92.32689,24.13608],[92.32777,24.13282],[92.32569,24.12995],[92.32627,24.12931],[92.32786,24.12933],[92.33079,24.12814],[92.32806,24.12646],[92.32753,24.12521],[92.32534,24.12335],[92.32603,24.12217],[92.32828,24.12195],[92.32736,24.12084],[92.32647,24.11691],[92.32806,24.11519],[92.32973,24.11498],[92.33069,24.11418],[92.33194,24.11444],[92.33224,24.11408],[92.32744,24.11075],[92.32751,24.10976],[92.32819,24.10915],[92.32988,24.1092],[92.3312,24.10847],[92.33135,24.10702],[92.33023,24.10638],[92.33034,24.10515],[92.32892,24.10351],[92.32707,24.10351],[92.32801,24.10177],[92.32629,24.10079],[92.32708,24.10004],[92.32619,24.09893],[92.32651,24.0983],[92.32799,24.09844],[92.32761,24.09929],[92.32814,24.09961],[92.32913,24.09935],[92.32967,24.09843],[92.32878,24.09721],[92.32558,24.09505],[92.32582,24.09416],[92.32862,24.09154],[92.32774,24.08909],[92.32825,24.08744],[92.32524,24.08565],[92.32696,24.08302],[92.32229,24.07858],[92.32142,24.07667],[92.32177,24.07623],[92.32304,24.07616],[92.3261,24.07769],[92.32712,24.07741],[92.32734,24.07672],[92.3263,24.07527],[92.32276,24.07513],[92.32195,24.07468],[92.32191,24.07387],[92.32435,24.06934],[92.3238,24.06832],[92.32246,24.06837],[92.3193,24.07103],[92.31654,24.0721],[92.31629,24.07097],[92.31735,24.06899],[92.31499,24.06693],[92.31829,24.06464],[92.31844,24.06135],[92.32083,24.05934],[92.32271,24.05882],[92.32125,24.05679],[92.31953,24.05814],[92.31848,24.05784],[92.31854,24.05673],[92.32024,24.05465],[92.32096,24.05282],[92.31976,24.05046],[92.31859,24.04989],[92.31813,24.05143],[92.31751,24.05172],[92.3144,24.04923],[92.31429,24.04717],[92.3177,24.04296],[92.31809,24.04162],[92.31709,24.03525],[92.31677,24.03508],[92.31599,24.03642],[92.31557,24.03639],[92.3148,24.03407],[92.31563,24.03367],[92.31867,24.03439],[92.31954,24.03395],[92.31982,24.03309],[92.31922,24.03026],[92.31879,24.02977],[92.31748,24.03023],[92.31682,24.02908],[92.32024,24.02887],[92.32138,24.02771],[92.31991,24.02516],[92.31834,24.02415],[92.31806,24.02346],[92.32034,24.02267],[92.32155,24.02018],[92.32327,24.02077],[92.32394,24.01989],[92.32297,24.01793],[92.32155,24.01724],[92.31922,24.02201],[92.31852,24.02227],[92.31799,24.02143],[92.31862,24.01913],[92.31719,24.01796],[92.31779,24.01739],[92.3202,24.01712],[92.3215,24.01652],[92.32179,24.01564],[92.32083,24.0138],[92.32116,24.01314],[92.32424,24.01299],[92.32315,24.01134],[92.32461,24.00943],[92.32537,24.00665],[92.32802,24.00693],[92.32929,24.00545],[92.32955,24.00395],[92.32844,24.00313],[92.32808,24.00078],[92.33091,23.99829],[92.33043,23.99436],[92.32947,23.99259],[92.33073,23.99025],[92.33023,23.98737],[92.3291,23.98684],[92.32786,23.98722],[92.32727,23.98666],[92.32743,23.98584],[92.32912,23.98521],[92.32965,23.98332],[92.3272,23.98328],[92.32623,23.98253],[92.32595,23.97768],[92.32549,23.97748],[92.32367,23.97822],[92.32291,23.97797],[92.32274,23.97722],[92.32372,23.97438],[92.32317,23.97275],[92.32204,23.97263],[92.32116,23.97387],[92.32025,23.97361],[92.31876,23.97257],[92.31914,23.97044],[92.3169,23.97021],[92.31541,23.97054],[92.31472,23.96801],[92.3133,23.96816],[92.31405,23.96357],[92.31413,23.95915],[92.31368,23.95872],[92.31188,23.95898],[92.31128,23.9581],[92.31247,23.95656],[92.31316,23.95403],[92.31143,23.95388],[92.31125,23.95287],[92.3115,23.95248],[92.31383,23.95209],[92.31398,23.95152],[92.31318,23.94529],[92.31216,23.942],[92.31255,23.94112],[92.31384,23.94202],[92.31416,23.9416],[92.31192,23.93867],[92.31219,23.9383],[92.31346,23.93873],[92.31458,23.9327],[92.31431,23.93228],[92.31275,23.93203],[92.31243,23.93132],[92.31491,23.93034],[92.31698,23.92841],[92.31981,23.92909],[92.31936,23.92653],[92.32098,23.92496],[92.32217,23.9251],[92.32383,23.92358],[92.32633,23.92311],[92.32712,23.92163],[92.3295,23.92098],[92.32962,23.92024],[92.33074,23.92085],[92.33118,23.9206],[92.33044,23.91911],[92.33072,23.91767],[92.32962,23.91732],[92.32908,23.91631],[92.32871,23.9133],[92.32905,23.91213],[92.33207,23.90948],[92.33188,23.90906],[92.33064,23.90934],[92.33017,23.90901],[92.33127,23.9066],[92.33021,23.90583],[92.33012,23.90427],[92.32956,23.90378],[92.32679,23.90416],[92.32541,23.90183],[92.32249,23.90231],[92.32199,23.90194],[92.32354,23.90014],[92.32365,23.89882],[92.32421,23.89846],[92.32305,23.897],[92.32302,23.89523],[92.32201,23.89373],[92.32206,23.89197],[92.32058,23.89116],[92.32154,23.88878],[92.32017,23.88841],[92.31764,23.88872],[92.31755,23.88828],[92.31914,23.88684],[92.31642,23.88521],[92.32083,23.88293],[92.3189,23.88256],[92.31769,23.88087],[92.31594,23.88136],[92.31538,23.88092],[92.31675,23.87872],[92.31757,23.87533],[92.31834,23.87521],[92.3194,23.87629],[92.32098,23.87676],[92.3214,23.87529],[92.32415,23.87478],[92.3253,23.87399],[92.32469,23.8724],[92.32528,23.86972],[92.32261,23.86661],[92.31778,23.86565],[92.31817,23.86501],[92.32022,23.86433],[92.31694,23.86378],[92.31617,23.86205],[92.31372,23.8622],[92.31162,23.86114],[92.30828,23.86079],[92.30699,23.86198],[92.30466,23.8627],[92.30366,23.86229],[92.29995,23.86557],[92.29846,23.86468],[92.29761,23.86549],[92.29649,23.86555],[92.29592,23.86644],[92.2944,23.86719],[92.29461,23.86781],[92.29377,23.86816],[92.29493,23.86842],[92.29454,23.86993],[92.29255,23.87016],[92.28954,23.86872],[92.28969,23.86733],[92.28866,23.86643],[92.28862,23.86446],[92.28808,23.86325],[92.28718,23.86265],[92.2875,23.86165],[92.28536,23.86119],[92.28621,23.85996],[92.28508,23.85944],[92.2856,23.8585],[92.28406,23.85818],[92.2822,23.85618],[92.28175,23.85496],[92.27647,23.8524],[92.27434,23.84887],[92.27345,23.84408],[92.27485,23.83809],[92.27596,23.83685],[92.27651,23.83504],[92.27971,23.83274],[92.28096,23.83074],[92.28211,23.83042],[92.28203,23.82968],[92.28264,23.82889],[92.28129,23.82836],[92.28234,23.82772],[92.2819,23.82557],[92.28271,23.8233],[92.28319,23.82256],[92.28571,23.82234],[92.28653,23.81921],[92.28578,23.81875],[92.28593,23.81794],[92.28527,23.81726],[92.28584,23.8158],[92.28493,23.81499],[92.28158,23.81455],[92.2798,23.81586],[92.27821,23.81603],[92.27727,23.81528],[92.27565,23.81497],[92.27445,23.8155],[92.2738,23.81706],[92.27263,23.81815],[92.26771,23.81687],[92.26522,23.81704],[92.26228,23.81551],[92.2603,23.81338],[92.26072,23.80648],[92.26298,23.79688],[92.26432,23.7931],[92.26347,23.78534],[92.26385,23.78359],[92.26572,23.78061],[92.26643,23.77474],[92.26866,23.76847],[92.26684,23.76178],[92.26726,23.75778],[92.26876,23.75437],[92.26732,23.74972],[92.26665,23.7429],[92.2674,23.73719],[92.26657,23.72964],[92.26548,23.72477],[92.26431,23.72481],[92.26323,23.72358],[92.26164,23.72344],[92.2604,23.7247],[92.25826,23.72524],[92.25469,23.72504],[92.25097,23.72412],[92.24915,23.72437],[92.24797,23.72285],[92.24586,23.72281],[92.24561,23.72221],[92.24403,23.72234],[92.24242,23.72093],[92.241,23.72071],[92.24084,23.71987],[92.23917,23.71843],[92.23841,23.71552],[92.23769,23.71536],[92.23738,23.71408],[92.23634,23.71362],[92.23635,23.71209],[92.23895,23.7095],[92.23879,23.70877],[92.23951,23.70819],[92.2392,23.70705],[92.23983,23.70678],[92.24008,23.70487],[92.2396,23.70262],[92.2404,23.70244],[92.24058,23.70087],[92.24241,23.69916],[92.24203,23.69475],[92.24038,23.69291],[92.23639,23.69286],[92.23453,23.68947],[92.23482,23.68663],[92.23203,23.68475],[92.23181,23.68263],[92.23334,23.68123],[92.2315,23.67769],[92.2316,23.67652],[92.23065,23.67528],[92.23166,23.67336],[92.23171,23.67111],[92.23305,23.66744],[92.23155,23.66623],[92.22953,23.66612],[92.22908,23.6634],[92.22815,23.66238],[92.22593,23.65776],[92.22558,23.6551],[92.22319,23.65447],[92.22262,23.65283],[92.22157,23.65305],[92.21937,23.6519],[92.21631,23.65194],[92.21576,23.65274],[92.21145,23.65277],[92.21034,23.65367],[92.21055,23.6551],[92.21119,23.65544],[92.21086,23.65884],[92.2066,23.661],[92.20672,23.66644],[92.20749,23.6671],[92.20607,23.6695],[92.20633,23.67162],[92.20569,23.6724],[92.20614,23.67293],[92.20632,23.67519],[92.2073,23.67761],[92.2083,23.67723],[92.20863,23.67797],[92.21035,23.67866],[92.21218,23.68084],[92.21277,23.68424],[92.21366,23.68495],[92.21319,23.68625],[92.21255,23.68636],[92.21237,23.68717],[92.21092,23.68857],[92.21142,23.69054],[92.20983,23.69145],[92.21005,23.69246],[92.20933,23.69335],[92.20916,23.6958],[92.20744,23.69858],[92.20703,23.70062],[92.20575,23.70173],[92.20513,23.70146],[92.20411,23.7019],[92.20407,23.70383],[92.20309,23.70458],[92.20284,23.70581],[92.20156,23.70571],[92.20025,23.70673],[92.19819,23.7072],[92.19659,23.70667],[92.19354,23.70677],[92.19005,23.70839],[92.18855,23.71017],[92.18664,23.71033],[92.18609,23.71098],[92.1853,23.70953],[92.1844,23.70932],[92.18495,23.70911],[92.18472,23.70809],[92.18325,23.70798],[92.18294,23.7075],[92.17849,23.70802],[92.17771,23.70756],[92.17701,23.70916],[92.1775,23.71028],[92.1767,23.71068],[92.17631,23.71235],[92.1768,23.71318],[92.17655,23.71641],[92.17445,23.71766],[92.17311,23.71773],[92.17129,23.72065],[92.1708,23.72254],[92.1696,23.72319],[92.16951,23.7247],[92.17072,23.72492],[92.17154,23.7266],[92.17079,23.73285],[92.17196,23.73371],[92.17291,23.73574],[92.17259,23.73691],[92.1718,23.73736],[92.17188,23.73856],[92.17097,23.73924],[92.17242,23.74511],[92.17203,23.7473],[92.17335,23.75233],[92.17273,23.75512],[92.16982,23.75509],[92.16771,23.75448],[92.16277,23.76385],[92.1614,23.76915],[92.16051,23.77039],[92.1582,23.77718],[92.1582,23.78136],[92.15776,23.7839],[92.15742,23.78381],[92.15798,23.79067],[92.15617,23.7934],[92.15667,23.79595],[92.15604,23.7971],[92.15736,23.80797],[92.15694,23.81016],[92.15745,23.8105],[92.15763,23.8126],[92.15753,23.8133],[92.15588,23.81336],[92.15603,23.81492],[92.15696,23.81569],[92.15843,23.82904],[92.15667,23.84221],[92.15605,23.85109],[92.15545,23.85213],[92.15488,23.85589],[92.15217,23.86033],[92.15068,23.85976],[92.15055,23.86172],[92.14995,23.86218],[92.14891,23.86211],[92.15045,23.86299],[92.15025,23.86519],[92.151,23.86897],[92.14669,23.8802],[92.14551,23.88116],[92.14158,23.88739],[92.13788,23.89928],[92.13798,23.90224],[92.1364,23.9049],[92.13538,23.90956],[92.13716,23.90933],[92.13485,23.91432],[92.13376,23.91808],[92.13395,23.91895],[92.13209,23.9216],[92.12453,23.93043],[92.12383,23.92921],[92.12004,23.92757],[92.1124,23.92589],[92.10566,23.92976],[92.10142,23.92876],[92.09989,23.92929],[92.09323,23.9367],[92.09301,23.94369],[92.09376,23.94772],[92.09355,23.95586],[92.09258,23.9648],[92.09549,23.96885],[92.09293,23.97162],[92.09198,23.97853],[92.09158,23.97855],[92.09174,23.98074],[92.09237,23.98145],[92.09159,23.98814],[92.09827,23.99031],[92.10118,23.9888],[92.10194,23.9859],[92.10361,23.98595],[92.10529,23.98754],[92.10724,23.98711],[92.10814,23.98627],[92.10962,23.98728],[92.10888,23.9878],[92.10918,23.98835],[92.1105,23.98835],[92.11168,23.98935],[92.11269,23.98872],[92.11329,23.98915],[92.1137,23.98877],[92.11515,23.98998],[92.11641,23.99003],[92.11863,23.99109],[92.11793,23.9919],[92.11913,23.99172],[92.1187,23.99234],[92.1174,23.99252],[92.11688,23.99357],[92.11879,23.99369],[92.11865,23.99461],[92.11963,23.99527],[92.11919,23.99614],[92.11954,23.9964],[92.11987,23.99586],[92.1202,23.99601],[92.11986,23.99673],[92.12035,23.99845],[92.12159,24.00058],[92.12035,24.00047],[92.12029,24.00163],[92.11808,24.00344],[92.11711,24.00328],[92.11671,24.00264],[92.11657,24.00318],[92.11513,24.00263],[92.11466,24.00326],[92.11331,24.00357],[92.11193,24.00482],[92.1114,24.00646],[92.1088,24.00854],[92.1108,24.0109],[92.11006,24.01466],[92.11048,24.01627],[92.11102,24.01725],[92.11207,24.01738],[92.11259,24.01835],[92.11402,24.01866],[92.11445,24.01936],[92.11413,24.02108],[92.11308,24.02168],[92.11318,24.02301],[92.11801,24.02324],[92.11934,24.02542],[92.11945,24.03411],[92.12163,24.03565],[92.12344,24.03624],[92.12445,24.03882],[92.13045,24.03606],[92.13697,24.0321],[92.13697,24.03476],[92.14209,24.03839],[92.14203,24.03939],[92.14442,24.0422],[92.1443,24.04455],[92.14314,24.04536],[92.14348,24.04559],[92.13975,24.04677],[92.14272,24.04976],[92.1446,24.05273],[92.1455,24.0532],[92.14534,24.05526],[92.14837,24.06016],[92.14805,24.06032],[92.1506,24.06659],[92.15709,24.06993],[92.15724,24.07107],[92.15855,24.07207],[92.15845,24.07433],[92.15963,24.07658],[92.16168,24.07762],[92.16259,24.0805],[92.16306,24.08078],[92.16359,24.08495],[92.162,24.08947],[92.16439,24.09622],[92.1641,24.09887],[92.16551,24.10142],[92.16509,24.10213],[92.16592,24.10303],[92.16736,24.10321],[92.16742,24.10423],[92.16912,24.10468],[92.16862,24.10563],[92.16778,24.10566],[92.16843,24.10609],[92.16774,24.10647],[92.16825,24.10706],[92.16748,24.1071],[92.16752,24.10805],[92.16642,24.10793],[92.1662,24.10912],[92.16677,24.10931],[92.16646,24.11044],[92.16577,24.10971],[92.16552,24.11058],[92.16451,24.11023],[92.1644,24.11144],[92.16348,24.11126],[92.16277,24.11198],[92.1613,24.11577],[92.15918,24.11728],[92.15744,24.11803],[92.15428,24.11815],[92.15375,24.11598],[92.14745,24.11802],[92.14641,24.11727],[92.14633,24.1186],[92.14494,24.11905],[92.14471,24.11953],[92.14543,24.12038],[92.14864,24.11882],[92.15018,24.11865],[92.15092,24.11919],[92.15424,24.12328],[92.15787,24.12673],[92.15717,24.12799],[92.15939,24.12946],[92.16045,24.12956],[92.16198,24.13179],[92.16167,24.1326],[92.16333,24.13261],[92.16359,24.13333],[92.16567,24.13344],[92.16696,24.13416],[92.16635,24.13554],[92.16829,24.13447],[92.16923,24.13515],[92.16983,24.13709],[92.17004,24.1354],[92.17103,24.13547],[92.17095,24.13611],[92.17176,24.13533],[92.17214,24.13571],[92.17459,24.13534],[92.17494,24.13594],[92.17705,24.13684],[92.17726,24.13871],[92.17906,24.13832],[92.18082,24.13994],[92.18331,24.14018],[92.18308,24.14159],[92.18407,24.14229],[92.18395,24.14319],[92.1848,24.14322],[92.18602,24.14506],[92.18713,24.14449],[92.18816,24.14533],[92.19002,24.14535],[92.19044,24.14694],[92.19137,24.14737],[92.19268,24.14953],[92.19204,24.15039],[92.19831,24.15687],[92.20156,24.15914],[92.20192,24.16203],[92.20161,24.16687],[92.20197,24.16738],[92.20161,24.16809],[92.20202,24.16865],[92.20153,24.17051],[92.20249,24.17676],[92.20219,24.18057],[92.20279,24.18152],[92.20197,24.18516],[92.20257,24.18707],[92.20197,24.18799],[92.20219,24.19174],[92.20179,24.19273],[92.19923,24.19108],[92.19702,24.1913],[92.19617,24.19206],[92.19334,24.19131],[92.19135,24.18985],[92.18844,24.1896],[92.18746,24.19132],[92.18387,24.19288],[92.18301,24.19402],[92.18088,24.19447],[92.18146,24.19966],[92.17991,24.19977],[92.17695,24.20096],[92.17238,24.20129],[92.17084,24.19928],[92.17022,24.19759],[92.16824,24.19786],[92.1642,24.20891],[92.1636,24.21402],[92.16035,24.22463],[92.15443,24.22878],[92.15183,24.2273],[92.15249,24.22639],[92.15198,24.22565],[92.15266,24.22404],[92.15098,24.22345],[92.14671,24.22742],[92.14717,24.2305],[92.14646,24.23157],[92.14632,24.23364],[92.14313,24.23666],[92.14243,24.23702],[92.13989,24.23702],[92.13611,24.23942],[92.13644,24.24079],[92.13495,24.24053],[92.1346,24.24152],[92.13379,24.24182],[92.13164,24.24179],[92.1313,24.2426],[92.12875,24.24226],[92.12802,24.24333],[92.12596,24.24248],[92.12396,24.24272],[92.12308,24.24537],[92.11931,24.24899],[92.11908,24.25054],[92.12029,24.25215],[92.11927,24.25215],[92.11662,24.25407],[92.11649,24.25564],[92.11705,24.25608],[92.11813,24.26236],[92.11357,24.26823],[92.11047,24.26922],[92.10681,24.26639],[92.10465,24.26557],[92.10186,24.26665],[92.09936,24.26881],[92.08263,24.27428],[92.08224,24.27477],[92.08223,24.27439],[92.0809,24.27474],[92.08071,24.29283],[92.08222,24.30504],[92.0773,24.30779],[92.07658,24.30899],[92.07685,24.30972],[92.07616,24.31199],[92.07542,24.31266],[92.074,24.3126],[92.07237,24.31433],[92.07336,24.31855],[92.07424,24.31967],[92.07429,24.33302],[92.07603,24.33738],[92.07634,24.35292],[92.07503,24.3563],[92.07638,24.37223],[92.07702,24.3751],[92.07785,24.37535],[92.08023,24.37463],[92.08527,24.37559],[92.0862,24.37435],[92.08626,24.37327],[92.09042,24.37162],[92.09199,24.37276],[92.09308,24.37247],[92.09315,24.37295],[92.09365,24.37275],[92.09394,24.37312],[92.0947,24.37257],[92.09491,24.37316],[92.09535,24.37284],[92.09581,24.37328],[92.09623,24.37277],[92.09695,24.37347],[92.09646,24.37425],[92.09732,24.37446],[92.09648,24.375],[92.0976,24.37528],[92.09742,24.37631],[92.09807,24.37573],[92.10016,24.37585],[92.10049,24.37647],[92.09978,24.37716],[92.10113,24.37763],[92.10161,24.37893],[92.10093,24.38054],[92.1001,24.38064],[92.10203,24.38186],[92.10168,24.38242],[92.10231,24.38295],[92.10374,24.38256],[92.10426,24.38105],[92.10577,24.38213],[92.10743,24.38201],[92.10904,24.38083],[92.10907,24.38035],[92.10962,24.3808],[92.1096,24.3803],[92.11037,24.37981],[92.11156,24.38099],[92.11195,24.38047],[92.11249,24.38108],[92.11358,24.3807],[92.11333,24.38224],[92.11456,24.38177],[92.11534,24.38251],[92.1158,24.3815],[92.11628,24.38151],[92.11616,24.38079],[92.11759,24.38107],[92.11806,24.38054],[92.11863,24.3813],[92.11855,24.38211],[92.11799,24.38174],[92.11795,24.38227],[92.11901,24.38227],[92.11928,24.38156],[92.11975,24.3824],[92.12045,24.38135],[92.11996,24.38289],[92.1206,24.3834],[92.12103,24.38228],[92.1219,24.38224],[92.12194,24.38294],[92.12135,24.38355],[92.12222,24.38372],[92.12218,24.38412],[92.12295,24.38401],[92.12365,24.38468],[92.1223,24.38442],[92.12176,24.38478],[92.12287,24.3851],[92.12175,24.38611],[92.12148,24.38693],[92.12197,24.38703],[92.12099,24.38721],[92.12055,24.38777],[92.12016,24.38744],[92.12021,24.38855],[92.1192,24.38859],[92.11996,24.3894],[92.12059,24.38916],[92.12078,24.3895],[92.12018,24.38987],[92.11962,24.38949],[92.11891,24.39],[92.11984,24.39051],[92.11971,24.39136],[92.12032,24.39175],[92.11985,24.39211],[92.12115,24.39233],[92.12181,24.39313],[92.12257,24.39594],[92.1237,24.39665],[92.12465,24.39609],[92.12643,24.3968],[92.12618,24.39707],[92.12744,24.39835],[92.12699,24.39979],[92.12822,24.3996],[92.12846,24.40009],[92.12738,24.40165],[92.12885,24.40254],[92.1297,24.40409],[92.13047,24.40389],[92.13022,24.40458],[92.13172,24.40615],[92.13159,24.40665],[92.13216,24.4068],[92.13242,24.40595],[92.13275,24.40673],[92.13323,24.40661],[92.13308,24.40734],[92.1338,24.40657],[92.13437,24.40714],[92.1348,24.40668],[92.13516,24.40716],[92.13475,24.4094],[92.13428,24.40947],[92.1345,24.41008],[92.1338,24.41085],[92.13304,24.41065],[92.13262,24.411],[92.13268,24.41135],[92.13336,24.41132],[92.13371,24.41256],[92.13284,24.41434],[92.1335,24.4159],[92.13335,24.41694],[92.13669,24.42006],[92.13608,24.42321],[92.13701,24.42404],[92.1368,24.42496],[92.13865,24.42514],[92.13979,24.42372],[92.14128,24.42358],[92.14411,24.42208],[92.14545,24.42337],[92.14619,24.42214],[92.14775,24.42104],[92.14885,24.42191],[92.14996,24.42176],[92.15041,24.42293],[92.15301,24.42429],[92.15325,24.42548],[92.15369,24.42557],[92.15545,24.4242],[92.15533,24.42364],[92.15642,24.42263],[92.15808,24.42217],[92.16041,24.42252],[92.16053,24.4217],[92.15991,24.42122],[92.16378,24.41891],[92.16337,24.41853],[92.16372,24.41836],[92.16458,24.41888],[92.16435,24.41951],[92.16536,24.42005],[92.16581,24.4214],[92.16651,24.42168],[92.16582,24.42246],[92.16668,24.4226],[92.16673,24.42346],[92.16776,24.42487],[92.16751,24.42711],[92.16913,24.42777],[92.16775,24.42829],[92.16601,24.42812],[92.16709,24.43138],[92.166,24.43329],[92.16746,24.43381],[92.16745,24.43455],[92.16632,24.43678],[92.16492,24.43624],[92.16389,24.43657],[92.16442,24.43884],[92.1626,24.4399],[92.16447,24.44077],[92.16362,24.44322],[92.16446,24.44399],[92.16444,24.44463],[92.1621,24.44706],[92.16207,24.44832],[92.16101,24.44872],[92.16096,24.44954],[92.1624,24.45093],[92.16167,24.45264],[92.15955,24.45326],[92.1605,24.45549],[92.16119,24.45594],[92.16074,24.45754],[92.16116,24.45873],[92.15854,24.45872],[92.15808,24.45965],[92.15821,24.46021],[92.15958,24.46053],[92.1589,24.46237],[92.16043,24.46298],[92.16008,24.4636],[92.15841,24.46378],[92.15865,24.46528],[92.15797,24.46629],[92.15632,24.46531],[92.15561,24.46567],[92.15649,24.46858],[92.15726,24.46875],[92.15771,24.46744],[92.1582,24.46751],[92.1582,24.4696],[92.15763,24.47011],[92.1561,24.46951],[92.15542,24.46967],[92.15566,24.47112],[92.15427,24.47209],[92.15541,24.47388],[92.15587,24.47375],[92.15564,24.47289],[92.15602,24.47239],[92.15718,24.47299],[92.15724,24.47407],[92.15589,24.47517],[92.15608,24.47714],[92.15374,24.47868],[92.15378,24.48031],[92.1527,24.48147],[92.15331,24.48289],[92.15319,24.48389],[92.15394,24.48453],[92.15298,24.48593],[92.15359,24.48724],[92.15195,24.48722],[92.15177,24.48971],[92.1523,24.49045],[92.15129,24.49115],[92.15369,24.49164],[92.15233,24.49339],[92.1522,24.49464],[92.1505,24.49522],[92.15145,24.49605],[92.15184,24.49944],[92.15271,24.50014],[92.15389,24.49984],[92.15231,24.50227],[92.15279,24.50278],[92.15466,24.50294],[92.15534,24.50401],[92.15661,24.50457],[92.15715,24.50624],[92.15911,24.50717],[92.15649,24.50971],[92.1548,24.51065],[92.15464,24.51192],[92.15372,24.51164],[92.15348,24.51202],[92.15533,24.51273],[92.15612,24.51362],[92.1566,24.51249],[92.157,24.51249],[92.15688,24.514],[92.1582,24.51517],[92.15638,24.51591],[92.15543,24.51803],[92.1564,24.51875],[92.15567,24.51987],[92.15771,24.52004],[92.15776,24.52188],[92.15697,24.5224],[92.15526,24.52253],[92.15496,24.52297],[92.1586,24.5232],[92.16019,24.52532],[92.15882,24.52746],[92.15979,24.52932],[92.16001,24.52891],[92.16137,24.52876],[92.16188,24.52749],[92.16248,24.52824],[92.16379,24.5282],[92.16474,24.52911],[92.1657,24.5291],[92.16569,24.53141],[92.16727,24.53187],[92.16732,24.5309],[92.16791,24.53074],[92.16943,24.53177]]]}},{"id":"6","type":"Feature","properties":{"state":"TRIPURA","state_lgd":"16","district":"SEPAHIJALA","district_lgd":"699"},"geometry":{"type":"Polygon","coordinates":[[[91.56758,23.77111],[91.56374,23.76361],[91.56295,23.76295],[91.56106,23.75875],[91.56053,23.75846],[91.56085,23.7574],[91.55905,23.75613],[91.5587,23.75511],[91.55758,23.75476],[91.55771,23.75353],[91.55482,23.74237],[91.56574,23.73844],[91.56651,23.73874],[91.56684,23.73808],[91.56569,23.72974],[91.55462,23.72164],[91.55213,23.72145],[91.55204,23.72176],[91.55195,23.72057],[91.55243,23.72023],[91.55303,23.71775],[91.55257,23.71705],[91.55187,23.71669],[91.55102,23.71694],[91.55078,23.71638],[91.5493,23.71594],[91.54721,23.71742],[91.54613,23.71648],[91.54508,23.71656],[91.54471,23.71567],[91.54493,23.71384],[91.54388,23.71126],[91.5411,23.7109],[91.54048,23.70989],[91.54077,23.70952],[91.54027,23.70798],[91.53821,23.70719],[91.53633,23.70555],[91.5344,23.70584],[91.53273,23.7051],[91.53414,23.70421],[91.53469,23.70329],[91.53532,23.70057],[91.53927,23.69808],[91.53989,23.69557],[91.54045,23.69545],[91.54012,23.6953],[91.54036,23.6937],[91.54085,23.69344],[91.54065,23.69249],[91.54169,23.69127],[91.54135,23.69076],[91.54245,23.69021],[91.54425,23.6869],[91.54498,23.68658],[91.54859,23.68237],[91.54915,23.68279],[91.55384,23.67811],[91.55358,23.67666],[91.54505,23.67783],[91.5431,23.67708],[91.54246,23.67747],[91.54282,23.67655],[91.54246,23.67463],[91.53821,23.67076],[91.53702,23.67064],[91.5368,23.66998],[91.53472,23.66884],[91.5347,23.66774],[91.53163,23.66801],[91.53031,23.66717],[91.52894,23.66695],[91.52877,23.66642],[91.52724,23.66665],[91.52559,23.66514],[91.52417,23.6647],[91.5239,23.66382],[91.52284,23.66345],[91.51624,23.66362],[91.51438,23.66444],[91.51196,23.66387],[91.51164,23.66336],[91.50966,23.66335],[91.50828,23.66128],[91.50832,23.66009],[91.50747,23.65886],[91.50771,23.65713],[91.50694,23.65718],[91.50666,23.65779],[91.50598,23.65737],[91.50579,23.65587],[91.50627,23.6566],[91.50666,23.65643],[91.50664,23.6557],[91.50602,23.6553],[91.50619,23.65472],[91.50714,23.65499],[91.5078,23.65427],[91.50778,23.65313],[91.50709,23.65321],[91.50683,23.6518],[91.50559,23.65221],[91.50565,23.6529],[91.50428,23.65355],[91.50403,23.65451],[91.50268,23.65444],[91.50194,23.65496],[91.50184,23.65413],[91.50135,23.65428],[91.50107,23.65363],[91.50088,23.65436],[91.49999,23.65393],[91.49954,23.65617],[91.50007,23.65717],[91.49942,23.65809],[91.49724,23.65743],[91.49528,23.65836],[91.49554,23.65719],[91.49519,23.65712],[91.49486,23.65798],[91.4938,23.65631],[91.49282,23.6561],[91.49377,23.65583],[91.49256,23.65557],[91.49231,23.65592],[91.49158,23.65542],[91.49236,23.6552],[91.49243,23.65476],[91.49101,23.65491],[91.49105,23.65407],[91.49056,23.6538],[91.48805,23.65358],[91.48538,23.65088],[91.48479,23.65145],[91.48381,23.65118],[91.48285,23.6516],[91.4817,23.65307],[91.48072,23.65316],[91.48013,23.65463],[91.4807,23.65506],[91.47954,23.65524],[91.48069,23.65845],[91.47968,23.65919],[91.48175,23.65944],[91.483,23.66031],[91.48331,23.6623],[91.48554,23.66175],[91.4857,23.66287],[91.48678,23.66401],[91.48768,23.66606],[91.48659,23.67187],[91.48592,23.67225],[91.48707,23.67433],[91.48972,23.67377],[91.48611,23.6765],[91.48193,23.67278],[91.47779,23.67251],[91.47757,23.67118],[91.47669,23.67047],[91.4763,23.66939],[91.47454,23.66875],[91.47389,23.66698],[91.46887,23.66198],[91.46501,23.66116],[91.46198,23.66111],[91.46075,23.65296],[91.45883,23.64985],[91.45813,23.64758],[91.45646,23.64689],[91.45359,23.64687],[91.45193,23.64226],[91.44956,23.6408],[91.44827,23.63926],[91.44793,23.63574],[91.44733,23.63525],[91.44791,23.63375],[91.44743,23.63306],[91.44543,23.63145],[91.44156,23.62948],[91.44112,23.62721],[91.43833,23.62358],[91.4373,23.62336],[91.43717,23.61819],[91.43605,23.61635],[91.43654,23.61419],[91.4339,23.61011],[91.43255,23.60946],[91.43012,23.61047],[91.42617,23.6078],[91.42701,23.6058],[91.42519,23.60283],[91.42163,23.60222],[91.42048,23.60099],[91.41764,23.60035],[91.41568,23.59928],[91.41582,23.59891],[91.41533,23.59917],[91.41377,23.59831],[91.41342,23.59711],[91.41375,23.59687],[91.41337,23.59687],[91.4124,23.59385],[91.41086,23.5943],[91.40837,23.59387],[91.40745,23.59221],[91.40457,23.59008],[91.40093,23.58557],[91.39898,23.58539],[91.39665,23.58426],[91.39736,23.58082],[91.39699,23.58038],[91.39793,23.577],[91.39735,23.57603],[91.39836,23.57553],[91.39898,23.57337],[91.39795,23.56935],[91.39946,23.56833],[91.39992,23.56469],[91.3997,23.56403],[91.39861,23.56347],[91.39777,23.56128],[91.39791,23.56031],[91.39711,23.56035],[91.39719,23.55892],[91.39507,23.55834],[91.39405,23.5572],[91.39486,23.55717],[91.39458,23.55679],[91.39598,23.55498],[91.39545,23.55377],[91.39577,23.55406],[91.39624,23.55348],[91.39675,23.55358],[91.39807,23.55106],[91.39885,23.54719],[91.39852,23.54477],[91.39919,23.54377],[91.39717,23.54366],[91.39654,23.54208],[91.39507,23.54192],[91.39502,23.54137],[91.39375,23.54083],[91.39362,23.54029],[91.39506,23.53948],[91.39542,23.53836],[91.39678,23.53682],[91.39634,23.53268],[91.39514,23.53047],[91.39511,23.52921],[91.39276,23.52804],[91.39045,23.52877],[91.38984,23.52853],[91.38909,23.52808],[91.38844,23.52601],[91.38766,23.52513],[91.38725,23.5255],[91.38362,23.52484],[91.38217,23.52367],[91.38174,23.52427],[91.38009,23.52287],[91.38066,23.5222],[91.38016,23.52159],[91.38075,23.52205],[91.38099,23.52156],[91.37987,23.52115],[91.37972,23.52027],[91.37784,23.51901],[91.37892,23.51429],[91.3802,23.5126],[91.37942,23.51084],[91.37921,23.50764],[91.37967,23.50422],[91.37939,23.50318],[91.38024,23.50139],[91.38001,23.50029],[91.38041,23.4994],[91.37951,23.4976],[91.38048,23.49695],[91.38092,23.49586],[91.38278,23.49606],[91.38437,23.49332],[91.38387,23.49158],[91.38505,23.4915],[91.38598,23.49084],[91.38596,23.49049],[91.38395,23.49035],[91.38315,23.48887],[91.38121,23.48872],[91.38036,23.487],[91.3878,23.4827],[91.39158,23.47897],[91.39135,23.47795],[91.39184,23.47723],[91.3916,23.47696],[91.39053,23.47765],[91.38976,23.4774],[91.39032,23.47686],[91.39017,23.47611],[91.38877,23.47632],[91.38857,23.47577],[91.38816,23.47617],[91.38638,23.47533],[91.38563,23.47334],[91.38443,23.47273],[91.38515,23.47147],[91.38422,23.47097],[91.38355,23.46957],[91.38271,23.46905],[91.38238,23.46936],[91.38164,23.46815],[91.38098,23.46826],[91.38067,23.46769],[91.38079,23.46537],[91.38001,23.46529],[91.37937,23.46367],[91.37859,23.46335],[91.37902,23.46293],[91.37869,23.46195],[91.3793,23.46039],[91.3802,23.46006],[91.37842,23.45685],[91.37952,23.45601],[91.37959,23.45426],[91.37828,23.45363],[91.37826,23.45157],[91.37795,23.4517],[91.37688,23.44683],[91.38203,23.44005],[91.38501,23.43528],[91.38931,23.4314],[91.38759,23.42446],[91.39094,23.42192],[91.38847,23.41733],[91.39112,23.40925],[91.39171,23.40897],[91.39422,23.41066],[91.39727,23.41168],[91.3981,23.40869],[91.40002,23.4047],[91.40438,23.40104],[91.40386,23.40103],[91.40532,23.39916],[91.40572,23.39544],[91.40777,23.39179],[91.40827,23.38955],[91.4096,23.39036],[91.41033,23.38994],[91.41129,23.39029],[91.41348,23.3896],[91.41376,23.38843],[91.41838,23.38965],[91.41888,23.38848],[91.41828,23.38656],[91.42059,23.38557],[91.42101,23.38252],[91.42345,23.38158],[91.42395,23.37743],[91.42299,23.37675],[91.42295,23.37616],[91.41989,23.37414],[91.41929,23.37433],[91.41756,23.37366],[91.416,23.37424],[91.41243,23.37364],[91.41042,23.37246],[91.41019,23.37182],[91.41108,23.36876],[91.40948,23.36727],[91.40795,23.36762],[91.40616,23.36917],[91.40499,23.36854],[91.40556,23.36599],[91.40447,23.36259],[91.39946,23.36079],[91.39918,23.36022],[91.39716,23.35937],[91.39388,23.3592],[91.3894,23.36011],[91.38741,23.35949],[91.3903,23.35647],[91.38827,23.35058],[91.38774,23.34951],[91.38229,23.34886],[91.38211,23.34747],[91.37962,23.34191],[91.37941,23.33984],[91.37862,23.33908],[91.37744,23.33437],[91.37801,23.3343],[91.37712,23.3336],[91.37769,23.33091],[91.37871,23.32895],[91.37847,23.32772],[91.37891,23.32628],[91.3785,23.32605],[91.37772,23.327],[91.37775,23.32636],[91.37533,23.3222],[91.37314,23.3201],[91.37078,23.31375],[91.36771,23.31298],[91.3656,23.30753],[91.36271,23.30772],[91.36239,23.30691],[91.36159,23.30723],[91.36091,23.30693],[91.36003,23.30752],[91.35986,23.30861],[91.35923,23.30914],[91.35748,23.30895],[91.35667,23.30837],[91.35612,23.30672],[91.35783,23.30463],[91.3581,23.30351],[91.35748,23.30286],[91.35723,23.30134],[91.35337,23.29981],[91.35147,23.29976],[91.34839,23.29838],[91.34463,23.29801],[91.34354,23.29744],[91.34467,23.29752],[91.34479,23.29709],[91.34657,23.29673],[91.34657,23.29618],[91.34792,23.29547],[91.34725,23.29493],[91.34968,23.29461],[91.35076,23.29354],[91.35076,23.29252],[91.3499,23.29154],[91.3493,23.29151],[91.3489,23.28868],[91.3478,23.28826],[91.34965,23.28676],[91.3486,23.28579],[91.34878,23.28503],[91.34739,23.28422],[91.34817,23.28304],[91.34632,23.28345],[91.34461,23.28322],[91.34416,23.27972],[91.34242,23.27912],[91.34011,23.2799],[91.33894,23.27984],[91.33776,23.28083],[91.33654,23.28078],[91.33535,23.27975],[91.33118,23.2786],[91.32494,23.27886],[91.32356,23.27842],[91.32242,23.27885],[91.32031,23.27783],[91.31705,23.27796],[91.3165,23.27742],[91.31434,23.2773],[91.31153,23.27594],[91.31137,23.27646],[91.30979,23.27637],[91.31578,23.27943],[91.31679,23.28127],[91.31667,23.28188],[91.30234,23.28634],[91.30022,23.29245],[91.30721,23.29978],[91.31496,23.29661],[91.31316,23.3063],[91.31119,23.31053],[91.30953,23.31385],[91.29624,23.3134],[91.28985,23.31852],[91.29236,23.32464],[91.29617,23.34089],[91.30512,23.34339],[91.31079,23.34238],[91.31014,23.34578],[91.31105,23.35266],[91.31261,23.35391],[91.31432,23.35262],[91.31623,23.35324],[91.31801,23.35297],[91.32009,23.36009],[91.3149,23.36093],[91.30108,23.35159],[91.29107,23.35066],[91.2949,23.36119],[91.28616,23.36309],[91.28424,23.37108],[91.29375,23.37125],[91.29433,23.37468],[91.29337,23.37566],[91.29324,23.37778],[91.29214,23.37811],[91.29122,23.37785],[91.28968,23.37583],[91.28854,23.37538],[91.28759,23.37606],[91.28574,23.37635],[91.28515,23.37701],[91.28283,23.37648],[91.28209,23.37582],[91.27975,23.3766],[91.27644,23.4147],[91.26343,23.42372],[91.27065,23.4298],[91.25646,23.44155],[91.25578,23.44736],[91.25155,23.45364],[91.2535,23.45801],[91.25341,23.4614],[91.25107,23.46277],[91.25082,23.46433],[91.25163,23.46646],[91.25147,23.46868],[91.25078,23.46963],[91.25156,23.4729],[91.25224,23.48101],[91.25016,23.48625],[91.24934,23.49017],[91.24126,23.49031],[91.23638,23.48899],[91.23723,23.49512],[91.23444,23.49614],[91.23557,23.50179],[91.22969,23.49909],[91.22346,23.49731],[91.22269,23.49728],[91.21798,23.4995],[91.2236,23.51402],[91.21386,23.51375],[91.20784,23.51205],[91.20076,23.52002],[91.20068,23.52303],[91.20525,23.53385],[91.20816,23.54304],[91.21301,23.54511],[91.21295,23.55041],[91.20976,23.54852],[91.20952,23.54787],[91.21078,23.54729],[91.21047,23.54654],[91.20867,23.54573],[91.20785,23.54589],[91.20747,23.54536],[91.20534,23.54526],[91.20199,23.55006],[91.19896,23.54793],[91.19903,23.54733],[91.19445,23.54718],[91.19515,23.56248],[91.18727,23.57314],[91.1873,23.57753],[91.18597,23.57758],[91.17828,23.58383],[91.17691,23.58402],[91.17527,23.58551],[91.17529,23.58641],[91.17657,23.58769],[91.17612,23.58882],[91.17809,23.59175],[91.17713,23.5932],[91.17424,23.59334],[91.16875,23.59259],[91.1625,23.59504],[91.16217,23.59868],[91.16375,23.60104],[91.15968,23.61129],[91.16103,23.61393],[91.16043,23.61579],[91.15915,23.61718],[91.15814,23.62178],[91.15838,23.62594],[91.15921,23.62599],[91.15871,23.62893],[91.16101,23.63123],[91.15918,23.63694],[91.1587,23.64136],[91.15974,23.6432],[91.15968,23.64555],[91.16101,23.64878],[91.16081,23.65234],[91.16137,23.65431],[91.15979,23.65726],[91.1563,23.67072],[91.15859,23.66921],[91.15999,23.66745],[91.16152,23.66707],[91.16156,23.66652],[91.16073,23.66631],[91.16124,23.66575],[91.16125,23.66385],[91.16646,23.66348],[91.17039,23.65754],[91.17383,23.65635],[91.17397,23.65762],[91.17534,23.65761],[91.17604,23.65959],[91.1761,23.65797],[91.17651,23.65764],[91.17777,23.65854],[91.17857,23.65756],[91.18194,23.65638],[91.18287,23.65687],[91.18202,23.65718],[91.18243,23.65958],[91.18286,23.65966],[91.18506,23.65664],[91.19295,23.65443],[91.19073,23.64695],[91.19381,23.64604],[91.19942,23.64658],[91.19969,23.64969],[91.20459,23.6504],[91.2025,23.65391],[91.20513,23.65389],[91.20501,23.65499],[91.20148,23.65597],[91.20367,23.65827],[91.20238,23.66289],[91.20499,23.67975],[91.20328,23.68011],[91.20459,23.68233],[91.20599,23.68255],[91.20646,23.68475],[91.20768,23.68486],[91.20853,23.6864],[91.20367,23.6854],[91.20209,23.68749],[91.19552,23.69214],[91.19382,23.6899],[91.1685,23.68929],[91.15424,23.68839],[91.15353,23.68922],[91.15213,23.69791],[91.15161,23.70545],[91.15076,23.70579],[91.15011,23.71031],[91.1492,23.71153],[91.15021,23.71365],[91.15098,23.71722],[91.15288,23.72108],[91.15291,23.72457],[91.15524,23.7305],[91.15514,23.7323],[91.15621,23.73605],[91.15808,23.73926],[91.15643,23.73978],[91.15708,23.74202],[91.15884,23.74165],[91.16428,23.74755],[91.16764,23.74964],[91.183,23.74883],[91.18621,23.75067],[91.19663,23.75109],[91.21037,23.74916],[91.21196,23.74461],[91.21776,23.73987],[91.21903,23.73643],[91.22079,23.74128],[91.22137,23.74194],[91.22366,23.74247],[91.22463,23.7377],[91.22518,23.73725],[91.22519,23.73645],[91.22559,23.73644],[91.22546,23.73588],[91.2247,23.7365],[91.22438,23.73601],[91.22408,23.73383],[91.22477,23.73305],[91.22424,23.73201],[91.22763,23.73027],[91.22923,23.73027],[91.22922,23.72942],[91.23022,23.72917],[91.23193,23.72971],[91.23256,23.73072],[91.23331,23.73054],[91.23347,23.7311],[91.23459,23.73138],[91.2353,23.73502],[91.23718,23.73535],[91.23729,23.73585],[91.23867,23.73589],[91.23912,23.73834],[91.24035,23.73738],[91.24558,23.73769],[91.24663,23.73646],[91.24653,23.73587],[91.24968,23.73251],[91.24958,23.73199],[91.24899,23.73201],[91.248,23.73095],[91.24885,23.72899],[91.25026,23.72862],[91.25244,23.72888],[91.25347,23.7279],[91.25412,23.72876],[91.25394,23.72798],[91.25548,23.72777],[91.25655,23.72862],[91.25652,23.72922],[91.25757,23.72933],[91.25758,23.73226],[91.26098,23.73127],[91.2603,23.72987],[91.26099,23.726],[91.26208,23.72403],[91.26336,23.72351],[91.26755,23.72363],[91.26755,23.72412],[91.27058,23.72371],[91.27068,23.72273],[91.26979,23.72028],[91.2713,23.71953],[91.27403,23.72059],[91.27727,23.72031],[91.27814,23.7209],[91.27797,23.72389],[91.27898,23.72404],[91.28179,23.72234],[91.28258,23.72265],[91.28281,23.729],[91.2821,23.73086],[91.28346,23.73148],[91.28428,23.73114],[91.28497,23.72971],[91.28621,23.73005],[91.28661,23.73119],[91.28648,23.73212],[91.28585,23.73246],[91.28625,23.7329],[91.28567,23.7366],[91.28984,23.73824],[91.29192,23.73785],[91.2923,23.73861],[91.2934,23.73894],[91.29333,23.7384],[91.29442,23.73756],[91.29786,23.73626],[91.29701,23.73283],[91.29751,23.73009],[91.29882,23.7297],[91.29859,23.72798],[91.29948,23.72854],[91.29995,23.72705],[91.30139,23.7266],[91.30215,23.72476],[91.30284,23.72464],[91.30263,23.72261],[91.30357,23.72338],[91.30681,23.72347],[91.30601,23.72244],[91.30778,23.72058],[91.30756,23.71791],[91.31276,23.71426],[91.3131,23.71247],[91.31134,23.71016],[91.31256,23.70943],[91.3116,23.70882],[91.31294,23.70931],[91.31496,23.71268],[91.3137,23.71642],[91.31443,23.71771],[91.31615,23.71838],[91.3151,23.72153],[91.31687,23.72161],[91.31841,23.72241],[91.31883,23.72564],[91.31851,23.72608],[91.31765,23.72489],[91.31693,23.72538],[91.31614,23.72512],[91.31613,23.72577],[91.31557,23.72564],[91.31514,23.7265],[91.31379,23.72548],[91.31322,23.72552],[91.313,23.72616],[91.31215,23.72575],[91.31073,23.72747],[91.31137,23.72711],[91.31366,23.72815],[91.31514,23.72781],[91.31565,23.72979],[91.31528,23.73064],[91.31576,23.73157],[91.3164,23.73161],[91.31694,23.73229],[91.31728,23.73395],[91.31658,23.73702],[91.31532,23.73813],[91.31524,23.74046],[91.31589,23.74137],[91.31569,23.74512],[91.31411,23.74672],[91.31453,23.74784],[91.31422,23.74818],[91.31527,23.75002],[91.31472,23.75051],[91.31567,23.75492],[91.31761,23.75425],[91.31823,23.75347],[91.32008,23.75396],[91.32126,23.75488],[91.32233,23.75361],[91.3247,23.75373],[91.32507,23.75329],[91.3258,23.75381],[91.32809,23.75398],[91.32867,23.75354],[91.33068,23.75455],[91.33298,23.75431],[91.33394,23.75102],[91.33547,23.74887],[91.33789,23.74922],[91.33833,23.74869],[91.34249,23.75005],[91.34561,23.74985],[91.34684,23.74785],[91.34662,23.74635],[91.34804,23.74514],[91.34903,23.74214],[91.35274,23.74243],[91.35396,23.74328],[91.3551,23.74301],[91.35553,23.74193],[91.35519,23.73834],[91.35675,23.73752],[91.35803,23.73556],[91.35982,23.73519],[91.36268,23.73635],[91.36375,23.73619],[91.36422,23.73733],[91.36545,23.73688],[91.36851,23.73793],[91.37169,23.73534],[91.37253,23.73647],[91.37307,23.73639],[91.3731,23.73809],[91.37363,23.7391],[91.37492,23.7396],[91.37475,23.74005],[91.37593,23.74098],[91.37796,23.74179],[91.3787,23.74314],[91.38077,23.7431],[91.38256,23.74217],[91.38299,23.74108],[91.38476,23.73996],[91.38568,23.74186],[91.38572,23.74365],[91.38552,23.74436],[91.38433,23.74529],[91.38383,23.74676],[91.38451,23.7494],[91.38419,23.75033],[91.38473,23.75125],[91.38398,23.75258],[91.38496,23.75585],[91.38641,23.7572],[91.3857,23.75863],[91.38559,23.7607],[91.38643,23.7629],[91.38569,23.76489],[91.38629,23.76566],[91.38734,23.76579],[91.38831,23.76808],[91.38981,23.76924],[91.39039,23.76741],[91.39184,23.76614],[91.39492,23.76639],[91.39652,23.76521],[91.39808,23.76268],[91.39899,23.76231],[91.39934,23.76028],[91.39904,23.75881],[91.39968,23.75816],[91.40301,23.75779],[91.40338,23.75844],[91.40665,23.76023],[91.40709,23.76115],[91.41033,23.76182],[91.41306,23.76165],[91.41499,23.76237],[91.41791,23.76177],[91.42017,23.76272],[91.42097,23.76213],[91.42376,23.76155],[91.42712,23.76224],[91.42929,23.76078],[91.43037,23.75945],[91.43203,23.75996],[91.43751,23.75945],[91.4381,23.75823],[91.43814,23.75565],[91.44024,23.7504],[91.43944,23.74803],[91.44156,23.74557],[91.4474,23.74412],[91.44771,23.74483],[91.45118,23.7458],[91.45362,23.74483],[91.45437,23.74315],[91.45713,23.74175],[91.45947,23.74245],[91.46049,23.74212],[91.4613,23.7428],[91.46212,23.7427],[91.46225,23.74337],[91.46282,23.74347],[91.46452,23.74109],[91.46659,23.74147],[91.46848,23.74283],[91.46996,23.74312],[91.47098,23.74245],[91.47199,23.74313],[91.47328,23.74312],[91.47434,23.74255],[91.47421,23.74107],[91.47543,23.73991],[91.47681,23.73997],[91.47706,23.74083],[91.47997,23.74368],[91.48098,23.74294],[91.48191,23.7435],[91.484,23.74349],[91.48556,23.74453],[91.48794,23.74405],[91.48912,23.74457],[91.49005,23.74572],[91.49156,23.74588],[91.49176,23.74656],[91.49505,23.74735],[91.49559,23.747],[91.49677,23.74786],[91.49725,23.74924],[91.4977,23.74937],[91.5023,23.74871],[91.50372,23.74904],[91.5049,23.75],[91.50627,23.74891],[91.50687,23.74892],[91.50737,23.74957],[91.50875,23.74948],[91.50916,23.74873],[91.51105,23.74802],[91.51281,23.7511],[91.51844,23.7546],[91.52044,23.75473],[91.52369,23.75629],[91.52308,23.75695],[91.52348,23.75906],[91.5254,23.75835],[91.52671,23.7585],[91.52599,23.76043],[91.52653,23.76142],[91.52742,23.76157],[91.52757,23.76278],[91.52943,23.76359],[91.53391,23.76263],[91.53479,23.76327],[91.53462,23.76385],[91.53739,23.7662],[91.53689,23.76791],[91.5374,23.76898],[91.54962,23.76808],[91.55296,23.77441],[91.55761,23.78053],[91.56458,23.78396],[91.56741,23.78367],[91.56643,23.77701],[91.56758,23.77111]]]}},{"id":"7","type":"Feature","properties":{"state":"TRIPURA","state_lgd":"16","district":"GOMTI","district_lgd":"725"},"geometry":{"type":"Polygon","coordinates":[[[91.72083,23.7572],[91.72102,23.75215],[91.7245,23.74676],[91.73006,23.74458],[91.73579,23.7416],[91.73828,23.73653],[91.73793,23.73525],[91.73884,23.73349],[91.74283,23.72953],[91.7432,23.72347],[91.74242,23.7163],[91.7303,23.70572],[91.73605,23.6962],[91.73888,23.69498],[91.73908,23.69632],[91.7465,23.69407],[91.74936,23.69148],[91.75452,23.67909],[91.76248,23.68518],[91.76288,23.68768],[91.76821,23.68676],[91.76856,23.68722],[91.7727,23.68772],[91.7693,23.68483],[91.77017,23.68426],[91.77047,23.68265],[91.76842,23.67991],[91.7687,23.67772],[91.76799,23.6768],[91.76858,23.67591],[91.76838,23.6755],[91.76946,23.67488],[91.77029,23.67293],[91.77008,23.67246],[91.771,23.67104],[91.77081,23.66888],[91.77163,23.66839],[91.77235,23.66612],[91.77184,23.66586],[91.77307,23.66381],[91.77265,23.66325],[91.77313,23.66258],[91.77283,23.66165],[91.77222,23.66168],[91.77125,23.66064],[91.77126,23.65991],[91.77286,23.65855],[91.7725,23.65815],[91.77338,23.65711],[91.7743,23.65727],[91.77539,23.65646],[91.77588,23.65479],[91.77558,23.65179],[91.77652,23.65068],[91.77662,23.64903],[91.77016,23.65299],[91.76799,23.65218],[91.76832,23.65063],[91.76797,23.64797],[91.76808,23.64721],[91.76909,23.64697],[91.76923,23.64605],[91.77001,23.64552],[91.7695,23.64483],[91.77254,23.64302],[91.77293,23.64007],[91.77381,23.63943],[91.77242,23.63838],[91.77335,23.63788],[91.7738,23.63875],[91.77443,23.63875],[91.77365,23.63757],[91.7738,23.6367],[91.77284,23.63612],[91.77396,23.63533],[91.77312,23.63501],[91.77304,23.63427],[91.77461,23.63419],[91.77474,23.63333],[91.77625,23.63238],[91.77629,23.63131],[91.77552,23.63133],[91.77525,23.63038],[91.77432,23.63034],[91.7744,23.62988],[91.77356,23.63016],[91.77284,23.62979],[91.77251,23.63013],[91.77285,23.63057],[91.77225,23.63058],[91.77219,23.63096],[91.77041,23.63086],[91.76941,23.63172],[91.76652,23.63161],[91.76726,23.63028],[91.76597,23.62363],[91.76066,23.61716],[91.76318,23.61753],[91.76571,23.6148],[91.76798,23.6141],[91.76987,23.61098],[91.77135,23.61019],[91.77128,23.60857],[91.77178,23.60788],[91.77148,23.60726],[91.77209,23.60704],[91.7713,23.60637],[91.77137,23.60574],[91.77221,23.60427],[91.77273,23.60442],[91.77348,23.60391],[91.77268,23.60337],[91.77333,23.6025],[91.77237,23.60181],[91.7722,23.60104],[91.7732,23.60053],[91.77284,23.59994],[91.77386,23.59976],[91.77416,23.59846],[91.77403,23.59313],[91.77471,23.58872],[91.77236,23.58564],[91.77168,23.58264],[91.77227,23.58023],[91.77377,23.57724],[91.77362,23.57531],[91.775,23.57332],[91.77463,23.57288],[91.77567,23.57297],[91.77593,23.57174],[91.77722,23.56996],[91.77707,23.56833],[91.77864,23.56713],[91.7778,23.56671],[91.77839,23.56645],[91.77815,23.56541],[91.7793,23.56207],[91.77874,23.56132],[91.778,23.56137],[91.77762,23.56041],[91.77819,23.55996],[91.77788,23.55928],[91.77923,23.55919],[91.7788,23.55821],[91.78029,23.5575],[91.78081,23.55641],[91.78054,23.55588],[91.77933,23.55599],[91.77889,23.55535],[91.78048,23.55375],[91.78209,23.55429],[91.78139,23.55206],[91.78042,23.55228],[91.78005,23.55108],[91.78025,23.55023],[91.78201,23.54946],[91.78174,23.54882],[91.7826,23.54825],[91.7819,23.5466],[91.78285,23.5462],[91.78341,23.54675],[91.78406,23.54644],[91.78417,23.54539],[91.7862,23.54338],[91.78568,23.54294],[91.78635,23.54166],[91.78708,23.54216],[91.78772,23.54179],[91.78756,23.53969],[91.78862,23.53913],[91.78826,23.54015],[91.78865,23.54028],[91.79053,23.53663],[91.792,23.53613],[91.79311,23.53643],[91.79604,23.53392],[91.79591,23.53535],[91.7989,23.5361],[91.79903,23.53718],[91.80014,23.5382],[91.79931,23.53917],[91.8004,23.53971],[91.80158,23.53905],[91.802,23.54111],[91.80369,23.53986],[91.80427,23.53682],[91.80558,23.53604],[91.80437,23.53551],[91.80338,23.53259],[91.80364,23.52852],[91.80634,23.52741],[91.80734,23.52595],[91.80752,23.52324],[91.80649,23.52171],[91.8068,23.51564],[91.80315,23.51148],[91.80354,23.5115],[91.80259,23.51004],[91.79987,23.5082],[91.79924,23.50609],[91.7982,23.50608],[91.79738,23.50525],[91.79924,23.50513],[91.80041,23.5041],[91.80098,23.50447],[91.80125,23.50357],[91.8026,23.50419],[91.80258,23.50335],[91.80374,23.50281],[91.80394,23.50206],[91.80642,23.50231],[91.80666,23.50142],[91.80578,23.50015],[91.80741,23.49945],[91.80751,23.49983],[91.80666,23.50029],[91.80705,23.50099],[91.80934,23.5022],[91.80865,23.5031],[91.80954,23.50306],[91.8104,23.50372],[91.81145,23.50328],[91.81162,23.5023],[91.81263,23.5022],[91.81314,23.49962],[91.8144,23.49949],[91.81493,23.49828],[91.81565,23.49911],[91.81666,23.49861],[91.81754,23.49688],[91.81829,23.49692],[91.81936,23.49443],[91.82024,23.49393],[91.82151,23.49197],[91.82174,23.48946],[91.82078,23.4887],[91.82033,23.48604],[91.82076,23.48427],[91.82188,23.48403],[91.82138,23.48641],[91.82209,23.48718],[91.82422,23.48585],[91.82459,23.48481],[91.82539,23.48473],[91.82615,23.484],[91.82604,23.48229],[91.82723,23.48265],[91.82774,23.4823],[91.82786,23.47959],[91.82957,23.47835],[91.82909,23.47725],[91.82988,23.47629],[91.82782,23.47506],[91.82894,23.47396],[91.82928,23.47276],[91.82961,23.4736],[91.83067,23.47395],[91.83246,23.47391],[91.83275,23.47307],[91.83375,23.47331],[91.83454,23.47288],[91.83401,23.47494],[91.83448,23.47533],[91.83528,23.47492],[91.83613,23.47524],[91.83687,23.47409],[91.83781,23.47426],[91.83852,23.47371],[91.83815,23.47275],[91.83882,23.46761],[91.84053,23.46566],[91.84204,23.46564],[91.84329,23.4642],[91.84443,23.46381],[91.84485,23.46503],[91.84701,23.46606],[91.84889,23.4658],[91.84962,23.46504],[91.8497,23.46673],[91.85065,23.46731],[91.85226,23.46381],[91.85324,23.46484],[91.85208,23.46548],[91.85171,23.46648],[91.85293,23.46683],[91.85504,23.46515],[91.85597,23.46513],[91.85609,23.46414],[91.85697,23.46361],[91.85734,23.4624],[91.8606,23.46031],[91.86259,23.45856],[91.86263,23.45784],[91.86389,23.45722],[91.86417,23.45584],[91.86303,23.45518],[91.86381,23.45318],[91.86372,23.45169],[91.86265,23.44977],[91.86324,23.44609],[91.86363,23.44534],[91.86404,23.44552],[91.86404,23.44297],[91.86359,23.44276],[91.86403,23.44173],[91.86292,23.44039],[91.85952,23.43831],[91.8573,23.43362],[91.85761,23.43219],[91.85727,23.43122],[91.85527,23.42888],[91.85392,23.42827],[91.85282,23.42641],[91.85125,23.42506],[91.85461,23.42559],[91.85478,23.42637],[91.85547,23.42676],[91.85688,23.42654],[91.85678,23.42752],[91.8589,23.42696],[91.85847,23.42777],[91.85958,23.42777],[91.85993,23.42931],[91.86057,23.42926],[91.86122,23.42844],[91.86233,23.42914],[91.86372,23.42893],[91.86396,23.42839],[91.86493,23.42886],[91.86677,23.42755],[91.86807,23.42723],[91.86949,23.42793],[91.87167,23.4271],[91.87363,23.42727],[91.87582,23.42604],[91.87811,23.42637],[91.88027,23.42806],[91.88245,23.42514],[91.88192,23.42384],[91.88052,23.42382],[91.87991,23.42293],[91.87879,23.42282],[91.87836,23.42216],[91.87654,23.42232],[91.8759,23.42039],[91.8739,23.41898],[91.87318,23.41497],[91.87376,23.41404],[91.87143,23.41403],[91.87036,23.41285],[91.86944,23.41268],[91.86901,23.41316],[91.86859,23.41231],[91.86729,23.41249],[91.86559,23.4096],[91.86428,23.40989],[91.86347,23.40798],[91.86219,23.40766],[91.86037,23.40618],[91.86064,23.40517],[91.85854,23.405],[91.85768,23.40578],[91.85685,23.40511],[91.85474,23.40667],[91.85294,23.40626],[91.85289,23.40547],[91.85107,23.40406],[91.85073,23.40506],[91.85041,23.40474],[91.8496,23.40543],[91.84499,23.40469],[91.8454,23.40056],[91.84314,23.40016],[91.84306,23.39915],[91.84113,23.39964],[91.8407,23.39887],[91.84136,23.3971],[91.84187,23.38839],[91.83854,23.38698],[91.83689,23.38731],[91.83703,23.38682],[91.83619,23.38644],[91.83688,23.38049],[91.83787,23.37865],[91.83737,23.37839],[91.83712,23.37521],[91.83757,23.37505],[91.83797,23.37296],[91.83757,23.37062],[91.83283,23.36937],[91.83242,23.36972],[91.83161,23.36506],[91.83045,23.36403],[91.82914,23.36591],[91.82846,23.36604],[91.82825,23.36499],[91.82701,23.36477],[91.82631,23.36339],[91.8256,23.36311],[91.8259,23.36267],[91.8254,23.35911],[91.82575,23.35804],[91.82491,23.35599],[91.82559,23.35499],[91.82503,23.35409],[91.82514,23.35234],[91.82236,23.35138],[91.82107,23.35166],[91.81927,23.35108],[91.81858,23.35033],[91.81855,23.34869],[91.81775,23.3486],[91.81733,23.34756],[91.81794,23.34739],[91.8173,23.34706],[91.81807,23.34643],[91.81636,23.34512],[91.8165,23.34474],[91.81537,23.34438],[91.81533,23.34382],[91.81306,23.34516],[91.81344,23.34563],[91.81315,23.34584],[91.81264,23.34533],[91.81215,23.34555],[91.81163,23.34463],[91.81047,23.3448],[91.80943,23.34395],[91.80967,23.342],[91.80836,23.34139],[91.80889,23.34092],[91.80835,23.34041],[91.8079,23.34076],[91.80763,23.33969],[91.8068,23.33979],[91.8074,23.33705],[91.80825,23.33704],[91.80718,23.33631],[91.80658,23.3347],[91.8056,23.33445],[91.80646,23.3338],[91.80458,23.33227],[91.79967,23.33291],[91.79675,23.33086],[91.79341,23.3298],[91.79282,23.32913],[91.79319,23.32792],[91.79125,23.32608],[91.79067,23.3262],[91.78975,23.32551],[91.78896,23.32582],[91.78838,23.32524],[91.78646,23.32569],[91.78555,23.32449],[91.78328,23.32443],[91.78252,23.32356],[91.78276,23.32276],[91.78202,23.3204],[91.77933,23.31746],[91.77684,23.31676],[91.77412,23.31521],[91.77338,23.31587],[91.77246,23.31436],[91.77163,23.31416],[91.77131,23.31301],[91.77197,23.31207],[91.77144,23.31155],[91.76999,23.31236],[91.76984,23.31175],[91.76826,23.31109],[91.76765,23.31131],[91.76657,23.30917],[91.76435,23.30926],[91.76418,23.30707],[91.76521,23.30499],[91.76431,23.30443],[91.76411,23.30323],[91.76241,23.30294],[91.76272,23.30073],[91.762,23.29988],[91.76297,23.29886],[91.76241,23.29771],[91.76271,23.29646],[91.76367,23.29617],[91.76322,23.29503],[91.76353,23.29457],[91.76286,23.29222],[91.76239,23.2924],[91.76152,23.29147],[91.7606,23.29127],[91.76202,23.28965],[91.76082,23.28787],[91.76099,23.28699],[91.76061,23.28668],[91.76075,23.28629],[91.76175,23.28657],[91.7613,23.28565],[91.76218,23.2849],[91.76063,23.28442],[91.7606,23.2839],[91.75995,23.28392],[91.75983,23.28349],[91.7606,23.28166],[91.76126,23.28174],[91.76108,23.28108],[91.76198,23.28087],[91.76257,23.28136],[91.76277,23.28083],[91.7622,23.27895],[91.76254,23.27879],[91.7615,23.27813],[91.76136,23.27705],[91.76212,23.2768],[91.76335,23.27716],[91.76407,23.27608],[91.76356,23.2748],[91.76391,23.27456],[91.76345,23.2744],[91.76395,23.27409],[91.76456,23.27447],[91.7648,23.27365],[91.76593,23.27358],[91.76601,23.27311],[91.76546,23.27339],[91.76497,23.27261],[91.76542,23.27242],[91.76569,23.27305],[91.76669,23.27145],[91.76739,23.27161],[91.76743,23.27243],[91.76857,23.27162],[91.7686,23.27207],[91.76763,23.27273],[91.76871,23.27256],[91.76901,23.27319],[91.76922,23.2725],[91.76987,23.27251],[91.76992,23.27173],[91.77077,23.27147],[91.77029,23.27094],[91.77196,23.27006],[91.7727,23.27017],[91.773,23.26974],[91.7739,23.27002],[91.77437,23.26922],[91.77598,23.27003],[91.77709,23.26923],[91.77609,23.2668],[91.7767,23.26631],[91.77615,23.26513],[91.7768,23.26341],[91.77585,23.26286],[91.77618,23.26216],[91.77538,23.26195],[91.77564,23.26127],[91.77709,23.26072],[91.77755,23.25993],[91.77729,23.25944],[91.77671,23.25965],[91.77638,23.25874],[91.77691,23.25731],[91.77579,23.25749],[91.77497,23.25669],[91.77525,23.25551],[91.77702,23.25501],[91.77818,23.25643],[91.77835,23.25472],[91.77981,23.25371],[91.77851,23.25174],[91.77945,23.25161],[91.7796,23.25014],[91.77911,23.24966],[91.77948,23.24786],[91.78046,23.24697],[91.77995,23.24653],[91.77879,23.24661],[91.77782,23.24516],[91.77796,23.24442],[91.77631,23.24398],[91.77619,23.24317],[91.77715,23.24268],[91.77675,23.24223],[91.77708,23.24145],[91.77887,23.24098],[91.77983,23.24011],[91.77929,23.23956],[91.77972,23.23929],[91.78134,23.24148],[91.78027,23.24212],[91.7806,23.24332],[91.78181,23.24319],[91.78214,23.24365],[91.78247,23.24311],[91.78362,23.24327],[91.78313,23.24257],[91.78455,23.24119],[91.78424,23.24017],[91.7854,23.23899],[91.78422,23.23883],[91.78459,23.23698],[91.78398,23.23546],[91.78504,23.23451],[91.78414,23.23406],[91.78502,23.23341],[91.78419,23.23254],[91.78652,23.22947],[91.78835,23.22875],[91.78775,23.22755],[91.78911,23.22732],[91.79004,23.22649],[91.79108,23.22679],[91.78984,23.22509],[91.79072,23.22477],[91.79123,23.22558],[91.79089,23.22371],[91.79165,23.22325],[91.7904,23.22268],[91.79022,23.22125],[91.79171,23.21921],[91.79192,23.21814],[91.7884,23.21675],[91.7879,23.21511],[91.7903,23.21392],[91.79163,23.21235],[91.79079,23.21158],[91.79198,23.21071],[91.79118,23.20939],[91.7919,23.20903],[91.79201,23.21],[91.79262,23.20925],[91.79179,23.20863],[91.79167,23.20762],[91.78978,23.20737],[91.78857,23.20776],[91.78887,23.20444],[91.78956,23.20274],[91.79149,23.20031],[91.79224,23.19989],[91.79304,23.20008],[91.79282,23.19903],[91.79426,23.19811],[91.79605,23.19772],[91.79581,23.19729],[91.79472,23.19724],[91.79593,23.19637],[91.79596,23.19557],[91.79653,23.19531],[91.79721,23.1959],[91.79786,23.19568],[91.79806,23.19392],[91.79887,23.19361],[91.79774,23.19202],[91.79869,23.19161],[91.79747,23.1901],[91.79825,23.18939],[91.79661,23.18887],[91.79671,23.1879],[91.79556,23.18807],[91.79462,23.18669],[91.79534,23.18618],[91.79674,23.1866],[91.7975,23.18403],[91.79835,23.1847],[91.7991,23.1839],[91.80085,23.18392],[91.80167,23.1824],[91.80528,23.18051],[91.80553,23.17955],[91.80627,23.17905],[91.80462,23.17821],[91.8043,23.17678],[91.80318,23.17668],[91.80448,23.17555],[91.8042,23.17447],[91.80504,23.17472],[91.80515,23.17572],[91.80672,23.17528],[91.80635,23.17454],[91.80511,23.17412],[91.80611,23.17376],[91.80609,23.17254],[91.80693,23.17255],[91.80699,23.17184],[91.80575,23.17216],[91.80633,23.17029],[91.80502,23.16903],[91.80487,23.16805],[91.80593,23.16659],[91.81009,23.16507],[91.80934,23.16341],[91.80695,23.16241],[91.80768,23.16155],[91.80608,23.15733],[91.80838,23.15578],[91.81061,23.15349],[91.81083,23.15257],[91.81018,23.15204],[91.81076,23.15142],[91.81013,23.15018],[91.81319,23.14743],[91.81372,23.14631],[91.81323,23.1456],[91.81424,23.1451],[91.81308,23.14371],[91.81228,23.14447],[91.81108,23.14462],[91.81096,23.1436],[91.80816,23.13904],[91.80924,23.13643],[91.8081,23.1355],[91.80898,23.13391],[91.81044,23.13369],[91.81092,23.13418],[91.81116,23.13691],[91.81161,23.13418],[91.81361,23.13409],[91.81477,23.13332],[91.81481,23.13145],[91.81233,23.1307],[91.81389,23.12881],[91.81242,23.1281],[91.81314,23.12614],[91.81153,23.12506],[91.81262,23.12265],[91.81089,23.12165],[91.81294,23.11913],[91.81562,23.11904],[91.81574,23.11768],[91.81696,23.11554],[91.81651,23.11368],[91.81809,23.11204],[91.81791,23.11119],[91.81631,23.10997],[91.81734,23.10936],[91.8178,23.10845],[91.81761,23.10201],[91.81723,23.10101],[91.81493,23.1004],[91.81346,23.0992],[91.82068,23.09737],[91.82057,23.09936],[91.82093,23.09972],[91.82191,23.0991],[91.82505,23.09892],[91.83119,23.09674],[91.8321,23.09474],[91.83372,23.09549],[91.83581,23.09332],[91.8352,23.09238],[91.83309,23.09257],[91.83348,23.09099],[91.8316,23.09098],[91.83139,23.08979],[91.82993,23.0916],[91.82937,23.09147],[91.82793,23.08868],[91.82278,23.08659],[91.82231,23.08556],[91.82417,23.08408],[91.82437,23.08343],[91.81959,23.07974],[91.81778,23.08548],[91.81689,23.08649],[91.81636,23.08614],[91.81596,23.08671],[91.8149,23.0862],[91.81379,23.08658],[91.81327,23.08778],[91.81233,23.08794],[91.81194,23.08895],[91.80957,23.08942],[91.81021,23.09017],[91.80929,23.09059],[91.8102,23.09083],[91.8095,23.09121],[91.8093,23.09236],[91.8064,23.09432],[91.80235,23.09215],[91.80018,23.09863],[91.80075,23.10461],[91.79312,23.10979],[91.78835,23.11815],[91.78778,23.12035],[91.78503,23.1226],[91.78498,23.12679],[91.78437,23.12661],[91.78404,23.12722],[91.78326,23.12728],[91.78136,23.1234],[91.78258,23.1208],[91.78045,23.11771],[91.77924,23.11881],[91.77738,23.11789],[91.77702,23.11827],[91.77775,23.11875],[91.77684,23.12021],[91.77569,23.1194],[91.77493,23.12036],[91.7748,23.12086],[91.7757,23.12142],[91.7754,23.12207],[91.77424,23.12248],[91.77223,23.12223],[91.77384,23.12428],[91.77359,23.12549],[91.77497,23.12655],[91.77505,23.12795],[91.77457,23.12867],[91.77214,23.12959],[91.7723,23.13078],[91.77343,23.13107],[91.77333,23.13253],[91.77072,23.13196],[91.77074,23.13325],[91.76891,23.13341],[91.76863,23.13439],[91.767,23.1348],[91.76764,23.13575],[91.76685,23.13714],[91.764,23.13665],[91.76506,23.1385],[91.76431,23.13904],[91.76464,23.13972],[91.76313,23.13945],[91.76191,23.14104],[91.75978,23.13554],[91.76012,23.13324],[91.75919,23.13215],[91.75822,23.13203],[91.75513,23.13313],[91.75084,23.13645],[91.7476,23.13698],[91.74499,23.1403],[91.7423,23.1396],[91.74209,23.13894],[91.73707,23.13769],[91.73613,23.13811],[91.73508,23.13974],[91.73416,23.13959],[91.73403,23.13895],[91.73197,23.1395],[91.73218,23.14068],[91.73148,23.14099],[91.73046,23.14293],[91.7312,23.14271],[91.73129,23.14322],[91.72974,23.14395],[91.7292,23.14584],[91.72812,23.14741],[91.72916,23.14807],[91.72932,23.14936],[91.72884,23.14923],[91.72799,23.15028],[91.7279,23.152],[91.72855,23.15267],[91.72727,23.15551],[91.72675,23.15554],[91.72733,23.15658],[91.72562,23.15795],[91.7252,23.15905],[91.72534,23.16083],[91.72467,23.16216],[91.72487,23.16444],[91.72517,23.16407],[91.7258,23.16413],[91.72462,23.16477],[91.72474,23.1651],[91.72316,23.16557],[91.72399,23.16671],[91.72384,23.16933],[91.72356,23.17178],[91.72304,23.17267],[91.72245,23.17253],[91.72291,23.17327],[91.72221,23.17356],[91.72247,23.1748],[91.7217,23.17841],[91.72307,23.1809],[91.72443,23.1815],[91.72497,23.18306],[91.72443,23.18482],[91.72314,23.18466],[91.71928,23.18543],[91.71924,23.1873],[91.71854,23.18894],[91.71669,23.18861],[91.71648,23.189],[91.71619,23.18835],[91.71561,23.18857],[91.71572,23.18829],[91.7145,23.1879],[91.7124,23.1878],[91.71212,23.18864],[91.71244,23.18819],[91.71449,23.18872],[91.71385,23.18836],[91.71429,23.18801],[91.7151,23.18887],[91.72267,23.19083],[91.7264,23.19361],[91.72831,23.19756],[91.7335,23.19578],[91.73947,23.1968],[91.75384,23.19631],[91.75263,23.19511],[91.75599,23.19305],[91.75848,23.19286],[91.75975,23.19631],[91.75944,23.19906],[91.755,23.19961],[91.7495,23.2141],[91.7468,23.21756],[91.7507,23.22883],[91.7481,23.23281],[91.74898,23.23592],[91.74867,23.23683],[91.74726,23.23734],[91.74671,23.23697],[91.74136,23.24014],[91.73743,23.24571],[91.73801,23.24761],[91.73951,23.24915],[91.7366,23.25038],[91.73911,23.25615],[91.74074,23.257],[91.74152,23.25686],[91.74094,23.26097],[91.73999,23.26338],[91.73254,23.27392],[91.73185,23.27413],[91.72971,23.27704],[91.72346,23.28093],[91.72301,23.28557],[91.72057,23.29058],[91.72402,23.29305],[91.72926,23.30181],[91.72907,23.30468],[91.73052,23.31454],[91.73008,23.31428],[91.72999,23.31449],[91.73537,23.31813],[91.73491,23.31868],[91.72091,23.32524],[91.71759,23.32785],[91.71062,23.33506],[91.70557,23.3375],[91.69978,23.345],[91.69826,23.34595],[91.69721,23.34587],[91.69681,23.34649],[91.6991,23.3521],[91.69685,23.35791],[91.69463,23.36114],[91.6858,23.37049],[91.68075,23.37082],[91.6779,23.37022],[91.67692,23.37049],[91.67552,23.36878],[91.66979,23.36531],[91.65097,23.35969],[91.64416,23.37295],[91.64044,23.37665],[91.63653,23.38704],[91.63733,23.39197],[91.63542,23.41161],[91.63595,23.41719],[91.63116,23.4235],[91.62925,23.42394],[91.63076,23.41932],[91.6324,23.41803],[91.62951,23.41012],[91.62656,23.40871],[91.62295,23.41007],[91.62061,23.41044],[91.61908,23.40977],[91.60557,23.40729],[91.59885,23.40669],[91.59548,23.40367],[91.59565,23.40099],[91.5926,23.39922],[91.58524,23.40281],[91.5837,23.4029],[91.58251,23.40392],[91.58142,23.40385],[91.58207,23.40564],[91.58155,23.40639],[91.58151,23.40777],[91.58027,23.40824],[91.58085,23.41019],[91.58017,23.41087],[91.58082,23.41193],[91.57975,23.41214],[91.57914,23.41328],[91.5776,23.41418],[91.57626,23.42071],[91.5756,23.42155],[91.57249,23.42204],[91.56926,23.41895],[91.56896,23.41923],[91.56802,23.41767],[91.5668,23.41789],[91.5624,23.42115],[91.55811,23.4221],[91.55751,23.42011],[91.55664,23.41946],[91.55571,23.41761],[91.55411,23.41664],[91.55328,23.417],[91.55376,23.41661],[91.55143,23.41494],[91.54968,23.41714],[91.54925,23.41712],[91.54857,23.41861],[91.54463,23.42077],[91.54248,23.41925],[91.54198,23.41665],[91.54062,23.41553],[91.53777,23.41673],[91.5371,23.41888],[91.53536,23.42042],[91.5335,23.41964],[91.52927,23.42017],[91.52689,23.41962],[91.52565,23.41768],[91.52509,23.418],[91.52432,23.41634],[91.52309,23.41574],[91.52316,23.41466],[91.52087,23.41168],[91.52089,23.41015],[91.51755,23.40843],[91.51747,23.40782],[91.51629,23.40692],[91.5137,23.40821],[91.51217,23.41028],[91.51042,23.41107],[91.51035,23.41034],[91.50923,23.40935],[91.50783,23.40894],[91.50601,23.40917],[91.50189,23.40761],[91.49991,23.40807],[91.49793,23.40778],[91.49747,23.40691],[91.49497,23.40645],[91.49336,23.40757],[91.49174,23.40774],[91.48996,23.41007],[91.48728,23.41012],[91.48657,23.41077],[91.48567,23.40989],[91.484,23.40932],[91.4843,23.40767],[91.48296,23.40677],[91.48288,23.40578],[91.48161,23.40629],[91.4813,23.40583],[91.48034,23.40628],[91.47538,23.4065],[91.47293,23.40561],[91.47116,23.40588],[91.46832,23.40388],[91.46882,23.40337],[91.46875,23.40231],[91.46957,23.40179],[91.46985,23.40078],[91.47075,23.40036],[91.4712,23.39858],[91.47298,23.39965],[91.47431,23.39867],[91.47398,23.39733],[91.47557,23.39575],[91.47577,23.39447],[91.47521,23.39366],[91.47367,23.39337],[91.4717,23.39164],[91.46891,23.3908],[91.46667,23.39136],[91.46574,23.39052],[91.46497,23.38857],[91.4618,23.38913],[91.46058,23.38872],[91.4601,23.38699],[91.46129,23.38421],[91.46063,23.38368],[91.46111,23.38235],[91.46049,23.38164],[91.46174,23.37985],[91.45984,23.37885],[91.46056,23.37807],[91.45937,23.3765],[91.45814,23.37628],[91.45735,23.37683],[91.45576,23.37539],[91.45133,23.37676],[91.44711,23.37626],[91.44595,23.37574],[91.44497,23.37633],[91.44424,23.37623],[91.44359,23.37802],[91.4446,23.37885],[91.44403,23.37963],[91.4448,23.38199],[91.44416,23.38338],[91.44375,23.38317],[91.44313,23.3839],[91.44349,23.3842],[91.4428,23.3851],[91.44307,23.386],[91.44175,23.38692],[91.44166,23.38638],[91.43989,23.38566],[91.4374,23.38338],[91.43606,23.38153],[91.43643,23.38075],[91.43577,23.38128],[91.43489,23.38051],[91.43453,23.3808],[91.42884,23.37806],[91.42912,23.37705],[91.42829,23.37661],[91.4276,23.37747],[91.42338,23.37544],[91.42302,23.37579],[91.42114,23.37307],[91.41912,23.37379],[91.42295,23.37616],[91.42299,23.37675],[91.42395,23.37743],[91.4238,23.3806],[91.42345,23.38158],[91.42101,23.38252],[91.42059,23.38557],[91.41828,23.38656],[91.41888,23.38848],[91.41838,23.38965],[91.41376,23.38843],[91.41348,23.3896],[91.41129,23.39029],[91.41033,23.38994],[91.4096,23.39036],[91.40827,23.38955],[91.40777,23.39179],[91.40572,23.39544],[91.40532,23.39916],[91.40386,23.40103],[91.40438,23.40104],[91.40002,23.4047],[91.3981,23.40869],[91.39727,23.41168],[91.39422,23.41066],[91.39171,23.40897],[91.39112,23.40925],[91.38847,23.41733],[91.39094,23.42192],[91.38759,23.42446],[91.38931,23.4314],[91.38501,23.43528],[91.38203,23.44005],[91.37688,23.44683],[91.37795,23.4517],[91.37826,23.45157],[91.37828,23.45363],[91.37959,23.45426],[91.37952,23.45601],[91.37842,23.45685],[91.3802,23.46006],[91.3793,23.46039],[91.37869,23.46195],[91.37902,23.46293],[91.37859,23.46335],[91.37937,23.46367],[91.38001,23.46529],[91.38079,23.46537],[91.38067,23.46769],[91.38098,23.46826],[91.38164,23.46815],[91.38238,23.46936],[91.38271,23.46905],[91.38355,23.46957],[91.38422,23.47097],[91.38515,23.47147],[91.38443,23.47273],[91.38563,23.47334],[91.38638,23.47533],[91.38816,23.47617],[91.38857,23.47577],[91.38877,23.47632],[91.39017,23.47611],[91.39032,23.47686],[91.38976,23.4774],[91.39053,23.47765],[91.3916,23.47696],[91.39184,23.47723],[91.39135,23.47795],[91.39158,23.47897],[91.3878,23.4827],[91.38036,23.487],[91.38121,23.48872],[91.38315,23.48887],[91.38395,23.49035],[91.38596,23.49049],[91.38598,23.49084],[91.38505,23.4915],[91.38387,23.49158],[91.38437,23.49332],[91.38278,23.49606],[91.38092,23.49586],[91.38048,23.49695],[91.37951,23.4976],[91.38041,23.4994],[91.38001,23.50029],[91.38024,23.50139],[91.37939,23.50318],[91.37967,23.50422],[91.37921,23.50764],[91.37942,23.51084],[91.3802,23.5126],[91.37892,23.51429],[91.37784,23.51901],[91.37972,23.52027],[91.37987,23.52115],[91.38099,23.52156],[91.38075,23.52205],[91.38016,23.52159],[91.38066,23.5222],[91.38009,23.52287],[91.38174,23.52427],[91.38217,23.52367],[91.38362,23.52484],[91.38725,23.5255],[91.38766,23.52513],[91.38844,23.52601],[91.38909,23.52808],[91.38984,23.52853],[91.39045,23.52877],[91.39276,23.52804],[91.39511,23.52921],[91.39514,23.53047],[91.39634,23.53268],[91.39678,23.53682],[91.39542,23.53836],[91.39506,23.53948],[91.39362,23.54029],[91.39375,23.54083],[91.39502,23.54137],[91.39507,23.54192],[91.39654,23.54208],[91.39717,23.54366],[91.39919,23.54377],[91.39852,23.54477],[91.39885,23.54719],[91.39807,23.55106],[91.39675,23.55358],[91.39624,23.55348],[91.39577,23.55406],[91.39545,23.55377],[91.39598,23.55498],[91.39458,23.55679],[91.39486,23.55717],[91.39405,23.5572],[91.39507,23.55834],[91.39719,23.55892],[91.39711,23.56035],[91.39791,23.56031],[91.39777,23.56128],[91.39861,23.56347],[91.3997,23.56403],[91.39992,23.56469],[91.39946,23.56833],[91.39795,23.56935],[91.39898,23.57337],[91.39836,23.57553],[91.39735,23.57603],[91.39793,23.577],[91.39699,23.58038],[91.39736,23.58082],[91.39665,23.58426],[91.39898,23.58539],[91.40093,23.58557],[91.40457,23.59008],[91.40745,23.59221],[91.40837,23.59387],[91.41086,23.5943],[91.4124,23.59385],[91.41337,23.59687],[91.41375,23.59687],[91.41342,23.59711],[91.41377,23.59831],[91.41533,23.59917],[91.41582,23.59891],[91.41568,23.59928],[91.41764,23.60035],[91.42048,23.60099],[91.42163,23.60222],[91.42519,23.60283],[91.42701,23.6058],[91.42617,23.6078],[91.43012,23.61047],[91.43255,23.60946],[91.4339,23.61011],[91.43654,23.61419],[91.43605,23.61635],[91.43717,23.61819],[91.4373,23.62336],[91.43833,23.62358],[91.44112,23.62721],[91.44156,23.62948],[91.44543,23.63145],[91.44743,23.63306],[91.44791,23.63375],[91.44733,23.63525],[91.44793,23.63574],[91.44827,23.63926],[91.44956,23.6408],[91.45193,23.64226],[91.45359,23.64687],[91.45646,23.64689],[91.45813,23.64758],[91.45883,23.64985],[91.46075,23.65296],[91.46198,23.66111],[91.46501,23.66116],[91.46887,23.66198],[91.47389,23.66698],[91.47454,23.66875],[91.4763,23.66939],[91.47669,23.67047],[91.47757,23.67118],[91.47779,23.67251],[91.48193,23.67278],[91.48611,23.6765],[91.48972,23.67377],[91.48707,23.67433],[91.48592,23.67225],[91.48659,23.67187],[91.48768,23.66606],[91.48678,23.66401],[91.4857,23.66287],[91.48554,23.66175],[91.48331,23.6623],[91.483,23.66031],[91.48175,23.65944],[91.47968,23.65919],[91.48069,23.65845],[91.47954,23.65524],[91.4807,23.65506],[91.48013,23.65463],[91.48072,23.65316],[91.4817,23.65307],[91.48285,23.6516],[91.48381,23.65118],[91.48479,23.65145],[91.48538,23.65088],[91.48805,23.65358],[91.49056,23.6538],[91.49105,23.65407],[91.49101,23.65491],[91.49243,23.65476],[91.49236,23.6552],[91.49158,23.65542],[91.49231,23.65592],[91.49256,23.65557],[91.49377,23.65583],[91.49282,23.6561],[91.4938,23.65631],[91.49486,23.65798],[91.49519,23.65712],[91.49554,23.65719],[91.49528,23.65836],[91.49724,23.65743],[91.49942,23.65809],[91.50007,23.65717],[91.49954,23.65617],[91.49999,23.65393],[91.50088,23.65436],[91.50107,23.65363],[91.50135,23.65428],[91.50184,23.65413],[91.50194,23.65496],[91.50268,23.65444],[91.50403,23.65451],[91.50428,23.65355],[91.50565,23.6529],[91.50559,23.65221],[91.50683,23.6518],[91.50709,23.65321],[91.50778,23.65313],[91.5078,23.65427],[91.50714,23.65499],[91.50619,23.65472],[91.50602,23.6553],[91.50664,23.6557],[91.50666,23.65643],[91.50627,23.6566],[91.50579,23.65587],[91.50598,23.65737],[91.50666,23.65779],[91.50694,23.65718],[91.50771,23.65713],[91.50747,23.65886],[91.50832,23.66009],[91.50828,23.66128],[91.50966,23.66335],[91.51164,23.66336],[91.51196,23.66387],[91.51438,23.66444],[91.51624,23.66362],[91.52284,23.66345],[91.5239,23.66382],[91.52417,23.6647],[91.52559,23.66514],[91.52724,23.66665],[91.52877,23.66642],[91.52894,23.66695],[91.53031,23.66717],[91.53163,23.66801],[91.5347,23.66774],[91.53472,23.66884],[91.5368,23.66998],[91.53702,23.67064],[91.53821,23.67076],[91.54246,23.67463],[91.54282,23.67655],[91.54246,23.67747],[91.5431,23.67708],[91.54505,23.67783],[91.55358,23.67666],[91.55384,23.67811],[91.54915,23.68279],[91.54859,23.68237],[91.54498,23.68658],[91.54425,23.6869],[91.54245,23.69021],[91.54135,23.69076],[91.54169,23.69127],[91.54065,23.69249],[91.54085,23.69344],[91.54036,23.6937],[91.54012,23.6953],[91.54045,23.69545],[91.53989,23.69557],[91.53927,23.69808],[91.53532,23.70057],[91.53469,23.70329],[91.53414,23.70421],[91.53273,23.7051],[91.5344,23.70584],[91.53633,23.70555],[91.53821,23.70719],[91.54027,23.70798],[91.54077,23.70952],[91.54048,23.70989],[91.5411,23.7109],[91.54388,23.71126],[91.54493,23.71384],[91.54471,23.71567],[91.54508,23.71656],[91.54613,23.71648],[91.54721,23.71742],[91.5493,23.71594],[91.55078,23.71638],[91.55102,23.71694],[91.55187,23.71669],[91.55257,23.71705],[91.55303,23.71775],[91.55243,23.72023],[91.55195,23.72057],[91.55204,23.72176],[91.55213,23.72145],[91.55462,23.72164],[91.56569,23.72974],[91.56684,23.73808],[91.56651,23.73874],[91.56574,23.73844],[91.55482,23.74237],[91.55771,23.75353],[91.55758,23.75476],[91.5587,23.75511],[91.55905,23.75613],[91.56085,23.7574],[91.56053,23.75846],[91.56106,23.75875],[91.56295,23.76295],[91.56528,23.76492],[91.57012,23.76651],[91.58184,23.7673],[91.58209,23.7668],[91.5824,23.76728],[91.58378,23.76708],[91.58576,23.76602],[91.58718,23.7628],[91.58801,23.76256],[91.58886,23.76154],[91.59486,23.75965],[91.59921,23.76003],[91.59969,23.76049],[91.60206,23.76011],[91.60278,23.75949],[91.60617,23.7592],[91.60738,23.76088],[91.61008,23.76137],[91.61358,23.7645],[91.61422,23.76615],[91.61694,23.76852],[91.62131,23.77017],[91.62507,23.76942],[91.62407,23.76899],[91.62854,23.76837],[91.62933,23.76769],[91.63137,23.76899],[91.63571,23.76719],[91.6391,23.76481],[91.64062,23.76436],[91.64249,23.76546],[91.6488,23.76372],[91.65169,23.76329],[91.65249,23.76391],[91.65425,23.76366],[91.65528,23.7624],[91.66331,23.75695],[91.67648,23.75976],[91.67701,23.76074],[91.67849,23.7605],[91.67877,23.76096],[91.68073,23.7615],[91.70427,23.75763],[91.70515,23.76273],[91.70738,23.76403],[91.70849,23.76558],[91.7159,23.76858],[91.71536,23.76535],[91.71668,23.75916],[91.71728,23.758],[91.72083,23.7572]]]}}]}